
-- === LOTE: Popular - Page 3 (2026-02-06T11:01:14.308Z) ===
INSERT OR IGNORE INTO Actor (id_actor, nombre, foto_path) VALUES (144279, 'Arden Cho', 'https://image.tmdb.org/t/p/original/uPtfAFoEYeNGRl6n0GdxLPxdM9u.jpg');
INSERT OR IGNORE INTO Actor (id_actor, nombre, foto_path) VALUES (1948606, 'May Hong', 'https://image.tmdb.org/t/p/original/aJh1EKFeqDJeLt5CI5D05c19VRM.jpg');
INSERT OR IGNORE INTO Actor (id_actor, nombre, foto_path) VALUES (2983147, 'Ji-young Yoo', 'https://image.tmdb.org/t/p/original/4jgtqpNWhMx8XOKQ9qQJvDdzbxG.jpg');
INSERT OR IGNORE INTO Actor (id_actor, nombre, foto_path) VALUES (1571598, 'Ahn Hyo Seop', 'https://image.tmdb.org/t/p/original/ynu1x6RQnpKvsOLTvB2WhDo26D9.jpg');
INSERT OR IGNORE INTO Actor (id_actor, nombre, foto_path) VALUES (28662, '김윤진', 'https://image.tmdb.org/t/p/original/xS7eco56mUiZGJGWDZ0pwzrUAei.jpg');
INSERT OR REPLACE INTO Pelicula (id_pelicula, titulo, descripcion, poster_path, backdrop_path, trailer, anio_estreno, duracion) VALUES (803796, 'Las guerreras k-pop', 'Cuando no están llenando estadios, las superestrellas del K-pop Rumi, Mira y Zoey usan sus poderes secretos para proteger a sus fans de una amenaza sobrenatural.', 'https://image.tmdb.org/t/p/original/6EQMqEmdG5HoGe2zT1WwWUMvVhv.jpg', 'https://image.tmdb.org/t/p/original/w3Bi0wygeFQctn6AqFTwhGNXRwL.jpg', 'https://www.youtube.com/watch?v=UQfYUYyhw1c', 2025, 96);
INSERT OR REPLACE INTO Pelicula_Actor (id_pelicula, id_actor, personaje) VALUES (803796, 144279, 'Rumi (voice)');
INSERT OR REPLACE INTO Pelicula_Actor (id_pelicula, id_actor, personaje) VALUES (803796, 1948606, 'Mira (voice)');
INSERT OR REPLACE INTO Pelicula_Actor (id_pelicula, id_actor, personaje) VALUES (803796, 2983147, 'Zoey (voice)');
INSERT OR REPLACE INTO Pelicula_Actor (id_pelicula, id_actor, personaje) VALUES (803796, 1571598, 'Jinu (voice)');
INSERT OR REPLACE INTO Pelicula_Actor (id_pelicula, id_actor, personaje) VALUES (803796, 28662, 'Celine (voice)');
INSERT OR IGNORE INTO Pelicula_Categoria (id_pelicula, id_categoria) VALUES (803796, 3);
INSERT OR IGNORE INTO Pelicula_Categoria (id_pelicula, id_categoria) VALUES (803796, 11);
INSERT OR IGNORE INTO Pelicula_Categoria (id_pelicula, id_categoria) VALUES (803796, 12);
INSERT OR IGNORE INTO Pelicula_Categoria (id_pelicula, id_categoria) VALUES (803796, 5);
INSERT OR IGNORE INTO Pelicula_Compania (id_pelicula, id_compania) VALUES (803796, undefined);
-- Fin película: Las guerreras k-pop --
INSERT OR IGNORE INTO Actor (id_actor, nombre, foto_path) VALUES (135651, 'Michael B. Jordan', 'https://image.tmdb.org/t/p/original/515xNvaMC6xOEOlo0sFqW69ZqUH.jpg');
INSERT OR IGNORE INTO Actor (id_actor, nombre, foto_path) VALUES (130640, 'Hailee Steinfeld', 'https://image.tmdb.org/t/p/original/jiClUr3gaySWAyfXAHiCgmmtvij.jpg');
INSERT OR IGNORE INTO Actor (id_actor, nombre, foto_path) VALUES (4688032, 'Miles Caton', 'https://image.tmdb.org/t/p/original/yff2DK1Sc2baRGHbSfcmwMwX8HW.jpg');
INSERT OR IGNORE INTO Actor (id_actor, nombre, foto_path) VALUES (85065, 'Jack O''Connell', 'https://image.tmdb.org/t/p/original/9RrqnB1BRaWWHEjlWVVAna0sdBB.jpg');
INSERT OR IGNORE INTO Actor (id_actor, nombre, foto_path) VALUES (134774, 'Wunmi Mosaku', 'https://image.tmdb.org/t/p/original/mWDsVCo9sBcekrsjUTsoCFLhtYt.jpg');
INSERT OR REPLACE INTO Pelicula (id_pelicula, titulo, descripcion, poster_path, backdrop_path, trailer, anio_estreno, duracion) VALUES (1233413, 'Los pecadores', 'Tratando de dejar atrás sus problemáticas vidas, dos hermanos gemelos regresan a su pueblo natal para empezar de nuevo, solo para descubrir que un mal aún mayor les espera para darles la bienvenida.', 'https://image.tmdb.org/t/p/original/zdClwqpYQXBSCGGDMdtvsuggwec.jpg', 'https://image.tmdb.org/t/p/original/nAxGnGHOsfzufThz20zgmRwKur3.jpg', 'https://www.youtube.com/watch?v=XufPTI4PDLg', 2025, 137);
INSERT OR REPLACE INTO Pelicula_Actor (id_pelicula, id_actor, personaje) VALUES (1233413, 135651, 'Smoke / Stack');
INSERT OR REPLACE INTO Pelicula_Actor (id_pelicula, id_actor, personaje) VALUES (1233413, 130640, 'Mary');
INSERT OR REPLACE INTO Pelicula_Actor (id_pelicula, id_actor, personaje) VALUES (1233413, 4688032, 'Sammie Moore');
INSERT OR REPLACE INTO Pelicula_Actor (id_pelicula, id_actor, personaje) VALUES (1233413, 85065, 'Remmick');
INSERT OR REPLACE INTO Pelicula_Actor (id_pelicula, id_actor, personaje) VALUES (1233413, 134774, 'Annie');
INSERT OR IGNORE INTO Pelicula_Categoria (id_pelicula, id_categoria) VALUES (1233413, 4);
INSERT OR IGNORE INTO Pelicula_Categoria (id_pelicula, id_categoria) VALUES (1233413, 5);
INSERT OR IGNORE INTO Pelicula_Categoria (id_pelicula, id_categoria) VALUES (1233413, 6);
INSERT OR IGNORE INTO Pelicula_Compania (id_pelicula, id_compania) VALUES (1233413, undefined);
-- Fin película: Los pecadores --
INSERT OR IGNORE INTO Actor (id_actor, nombre, foto_path) VALUES (6193, 'Leonardo DiCaprio', 'https://image.tmdb.org/t/p/original/wo2hJpn04vbtmh0B9utCFdsQhxM.jpg');
INSERT OR IGNORE INTO Actor (id_actor, nombre, foto_path) VALUES (2228, 'Sean Penn', 'https://image.tmdb.org/t/p/original/9glqNTVpFpdN1nFklKaHPUyCwR6.jpg');
INSERT OR IGNORE INTO Actor (id_actor, nombre, foto_path) VALUES (3914706, 'Chase Infiniti', 'https://image.tmdb.org/t/p/original/2goENGgg9OCz7qjMmm0HNxV9Kjj.jpg');
INSERT OR IGNORE INTO Actor (id_actor, nombre, foto_path) VALUES (1121, 'Benicio del Toro', 'https://image.tmdb.org/t/p/original/aYomJWx0B2B8ra6Rmgt8lr0XCrw.jpg');
INSERT OR IGNORE INTO Actor (id_actor, nombre, foto_path) VALUES (35705, 'Regina Hall', 'https://image.tmdb.org/t/p/original/jiFZ4xNrvUUZLBHnJu71CvdN4kj.jpg');
INSERT OR REPLACE INTO Pelicula (id_pelicula, titulo, descripcion, poster_path, backdrop_path, trailer, anio_estreno, duracion) VALUES (1054867, 'Una batalla tras otra', 'Un ex revolucionario, tras años apartado de la lucha, se ve obligado a volver a la acción para enfrentar a viejos enemigos en un ambiente cargado de tensión política, racismo y violencia militar... Adaptación modernizada de la novela ''Vineland'', de Thomas Pynchon (1990), sobre los movimientos radicales de los años sesenta.', 'https://image.tmdb.org/t/p/original/iZ1499F6hYxDxiqioy8oSUaxipG.jpg', 'https://image.tmdb.org/t/p/original/si68lkhkMfIospVeLEBtl7HWKDh.jpg', 'https://www.youtube.com/watch?v=U_wQ_20g8Jw', 2025, 162);
INSERT OR REPLACE INTO Pelicula_Actor (id_pelicula, id_actor, personaje) VALUES (1054867, 6193, 'Bob');
INSERT OR REPLACE INTO Pelicula_Actor (id_pelicula, id_actor, personaje) VALUES (1054867, 2228, 'Col. Steven J. Lockjaw');
INSERT OR REPLACE INTO Pelicula_Actor (id_pelicula, id_actor, personaje) VALUES (1054867, 3914706, 'Willa');
INSERT OR REPLACE INTO Pelicula_Actor (id_pelicula, id_actor, personaje) VALUES (1054867, 1121, 'Sensei Sergio St. Carlos');
INSERT OR REPLACE INTO Pelicula_Actor (id_pelicula, id_actor, personaje) VALUES (1054867, 35705, 'Deandra');
INSERT OR IGNORE INTO Pelicula_Categoria (id_pelicula, id_categoria) VALUES (1054867, 6);
INSERT OR IGNORE INTO Pelicula_Categoria (id_pelicula, id_categoria) VALUES (1054867, 9);
INSERT OR IGNORE INTO Pelicula_Categoria (id_pelicula, id_categoria) VALUES (1054867, 5);
INSERT OR IGNORE INTO Pelicula_Compania (id_pelicula, id_compania) VALUES (1054867, undefined);
-- Fin película: Una batalla tras otra --
INSERT OR IGNORE INTO Actor (id_actor, nombre, foto_path) VALUES (3223, 'Robert Downey Jr.', 'https://image.tmdb.org/t/p/original/5qHNjhtjMD4YWH3UP0rm4tKwxCL.jpg');
INSERT OR IGNORE INTO Actor (id_actor, nombre, foto_path) VALUES (16828, 'Chris Evans', 'https://image.tmdb.org/t/p/original/3bOGNsHlrswhyW79uvIHH1V43JI.jpg');
INSERT OR IGNORE INTO Actor (id_actor, nombre, foto_path) VALUES (103, 'Mark Ruffalo', 'https://image.tmdb.org/t/p/original/5GilHMOt5PAQh6rlUKZzGmaKEI7.jpg');
INSERT OR IGNORE INTO Actor (id_actor, nombre, foto_path) VALUES (74568, 'Chris Hemsworth', 'https://image.tmdb.org/t/p/original/piQGdoIQOF3C1EI5cbYZLAW1gfj.jpg');
INSERT OR IGNORE INTO Actor (id_actor, nombre, foto_path) VALUES (1245, 'Scarlett Johansson', 'https://image.tmdb.org/t/p/original/sRjg0DbiA5DElSr3g3SSR4EArL8.jpg');
INSERT OR REPLACE INTO Pelicula (id_pelicula, titulo, descripcion, poster_path, backdrop_path, trailer, anio_estreno, duracion) VALUES (24428, 'Los Vengadores', 'Cuando un enemigo inesperado surge como una gran amenaza para la seguridad mundial, Nick Fury, director de la Agencia SHIELD, decide reclutar a un equipo para salvar al mundo de un desastre casi seguro.', 'https://image.tmdb.org/t/p/original/ugX4WZJO3jEvTOerctAWJLinujo.jpg', 'https://image.tmdb.org/t/p/original/9BBTo63ANSmhC4e6r62OJFuK2GL.jpg', 'https://www.youtube.com/watch?v=HQIiYqOVTWo', 2012, 142);
INSERT OR REPLACE INTO Pelicula_Actor (id_pelicula, id_actor, personaje) VALUES (24428, 3223, 'Tony Stark / Iron Man');
INSERT OR REPLACE INTO Pelicula_Actor (id_pelicula, id_actor, personaje) VALUES (24428, 16828, 'Steve Rogers / Captain America');
INSERT OR REPLACE INTO Pelicula_Actor (id_pelicula, id_actor, personaje) VALUES (24428, 103, 'Bruce Banner / The Hulk');
INSERT OR REPLACE INTO Pelicula_Actor (id_pelicula, id_actor, personaje) VALUES (24428, 74568, 'Thor');
INSERT OR REPLACE INTO Pelicula_Actor (id_pelicula, id_actor, personaje) VALUES (24428, 1245, 'Natasha Romanoff / Black Widow');
INSERT OR IGNORE INTO Pelicula_Categoria (id_pelicula, id_categoria) VALUES (24428, 3);
INSERT OR IGNORE INTO Pelicula_Categoria (id_pelicula, id_categoria) VALUES (24428, 5);
INSERT OR IGNORE INTO Pelicula_Categoria (id_pelicula, id_categoria) VALUES (24428, 1);
INSERT OR IGNORE INTO Pelicula_Compania (id_pelicula, id_compania) VALUES (24428, undefined);
INSERT OR IGNORE INTO Pelicula_Coleccion (id_pelicula, id_coleccion) VALUES (24428, 86311);
-- Fin película: Los Vengadores --
INSERT OR IGNORE INTO Actor (id_actor, nombre, foto_path) VALUES (102920, 'Arch Hall Jr.', 'https://image.tmdb.org/t/p/original/ks89oTWSBKou1SJDPF8JqHiCQxv.jpg');
INSERT OR IGNORE INTO Actor (id_actor, nombre, foto_path) VALUES (1002686, 'Nancy Czar', '');
INSERT OR IGNORE INTO Actor (id_actor, nombre, foto_path) VALUES (99121, 'Arch Hall Sr.', 'https://image.tmdb.org/t/p/original/4Q1JPCa1pndTUnEYnrW7bwevjeJ.jpg');
INSERT OR IGNORE INTO Actor (id_actor, nombre, foto_path) VALUES (138076, 'Ray Dennis Steckler', 'https://image.tmdb.org/t/p/original/nxiSAPnGzSdX26edlGlQRKTbNEw.jpg');
INSERT OR IGNORE INTO Actor (id_actor, nombre, foto_path) VALUES (98528, 'Marie Denn', 'https://image.tmdb.org/t/p/original/9P10wbnG9K7YGBi3zxZ4hMRIuDD.jpg');
INSERT OR REPLACE INTO Pelicula (id_pelicula, titulo, descripcion, poster_path, backdrop_path, trailer, anio_estreno, duracion) VALUES (89924, 'Wild Guitar', '', 'https://image.tmdb.org/t/p/original/wH5KslajuatYp9XOwm0tgUeBfJl.jpg', 'https://image.tmdb.org/t/p/original/uCvu5UgkP1VMicA54QzzNXqFzWF.jpg', '', 1962, 92);
INSERT OR REPLACE INTO Pelicula_Actor (id_pelicula, id_actor, personaje) VALUES (89924, 102920, 'Bud Eagle');
INSERT OR REPLACE INTO Pelicula_Actor (id_pelicula, id_actor, personaje) VALUES (89924, 1002686, 'Vickie Wills');
INSERT OR REPLACE INTO Pelicula_Actor (id_pelicula, id_actor, personaje) VALUES (89924, 99121, 'Mike McCauley (as William Watters)');
INSERT OR REPLACE INTO Pelicula_Actor (id_pelicula, id_actor, personaje) VALUES (89924, 138076, 'Steak (as Cash Flagg)');
INSERT OR REPLACE INTO Pelicula_Actor (id_pelicula, id_actor, personaje) VALUES (89924, 98528, 'Marge');
INSERT OR IGNORE INTO Pelicula_Categoria (id_pelicula, id_categoria) VALUES (89924, 7);
INSERT OR IGNORE INTO Pelicula_Categoria (id_pelicula, id_categoria) VALUES (89924, 11);
INSERT OR IGNORE INTO Pelicula_Categoria (id_pelicula, id_categoria) VALUES (89924, 12);
INSERT OR IGNORE INTO Pelicula_Compania (id_pelicula, id_compania) VALUES (89924, undefined);
-- Fin película: Wild Guitar --
INSERT OR IGNORE INTO Actor (id_actor, nombre, foto_path) VALUES (27972, 'Josh Hutcherson', 'https://image.tmdb.org/t/p/original/f0eosZ1Fx0VBUyspq8K2f8sUSBn.jpg');
INSERT OR IGNORE INTO Actor (id_actor, nombre, foto_path) VALUES (2283930, 'Piper Rubio', 'https://image.tmdb.org/t/p/original/kIg9VvVBi1H8Bl9B697f2GE9rPo.jpg');
INSERT OR IGNORE INTO Actor (id_actor, nombre, foto_path) VALUES (1368507, 'Elizabeth Lail', 'https://image.tmdb.org/t/p/original/lDYjEyqojUs2sF3CgdsOZ9vr2KL.jpg');
INSERT OR IGNORE INTO Actor (id_actor, nombre, foto_path) VALUES (26457, 'Matthew Lillard', 'https://image.tmdb.org/t/p/original/auUbijDzR9xpSgQtLsYDvNatloj.jpg');
INSERT OR IGNORE INTO Actor (id_actor, nombre, foto_path) VALUES (1824301, 'Freddy Carter', 'https://image.tmdb.org/t/p/original/u4Ibhf8LnRzfuR2IUx6ZQWdWaVv.jpg');
INSERT OR REPLACE INTO Pelicula (id_pelicula, titulo, descripcion, poster_path, backdrop_path, trailer, anio_estreno, duracion) VALUES (1228246, 'Five Nights at Freddy''s 2', 'Un año después de la pesadilla sobrenatural en Freddy Fazbear''s Pizza, las historias sobre lo ocurrido allí se han convertido en una leyenda local extravagante, inspirando el primer Fazfest del pueblo. Con la verdad oculta, Abby se escapa para reencontrarse con Freddy, Bonnie, Chica y Foxy, desencadenando una serie de eventos aterradores que revelarán oscuros secretos sobre el verdadero origen de Freddy''s y desatarán un horror oculto durante décadas.', 'https://image.tmdb.org/t/p/original/egHOFSRXrAaugFUD7VMEnXlTnzJ.jpg', 'https://image.tmdb.org/t/p/original/54BOXpX2ieTXMDzHymdDMnUIzYG.jpg', 'https://www.youtube.com/watch?v=d_St1yVHIsI', 2025, 104);
INSERT OR REPLACE INTO Pelicula_Actor (id_pelicula, id_actor, personaje) VALUES (1228246, 27972, 'Mike');
INSERT OR REPLACE INTO Pelicula_Actor (id_pelicula, id_actor, personaje) VALUES (1228246, 2283930, 'Abby');
INSERT OR REPLACE INTO Pelicula_Actor (id_pelicula, id_actor, personaje) VALUES (1228246, 1368507, 'Vanessa');
INSERT OR REPLACE INTO Pelicula_Actor (id_pelicula, id_actor, personaje) VALUES (1228246, 26457, 'William Afton / Yellow Rabbit');
INSERT OR REPLACE INTO Pelicula_Actor (id_pelicula, id_actor, personaje) VALUES (1228246, 1824301, 'Michael');
INSERT OR IGNORE INTO Pelicula_Categoria (id_pelicula, id_categoria) VALUES (1228246, 4);
INSERT OR IGNORE INTO Pelicula_Categoria (id_pelicula, id_categoria) VALUES (1228246, 6);
INSERT OR IGNORE INTO Pelicula_Compania (id_pelicula, id_compania) VALUES (1228246, undefined);
INSERT OR IGNORE INTO Pelicula_Coleccion (id_pelicula, id_coleccion) VALUES (1228246, 1240438);
-- Fin película: Five Nights at Freddy''s 2 --
INSERT OR IGNORE INTO Actor (id_actor, nombre, foto_path) VALUES (2201315, 'Emma Mackey', 'https://image.tmdb.org/t/p/original/l4JOGnGOAeZr3BQvAerFyvakrU0.jpg');
INSERT OR IGNORE INTO Actor (id_actor, nombre, foto_path) VALUES (8944, 'Jamie Lee Curtis', 'https://image.tmdb.org/t/p/original/eb0lIt32WwrjtCULe5z6l9eBf06.jpg');
INSERT OR IGNORE INTO Actor (id_actor, nombre, foto_path) VALUES (2304140, 'Spike Fearn', 'https://image.tmdb.org/t/p/original/o1WcXkDdlN5wdL5WIuGXNpNouZ9.jpg');
INSERT OR IGNORE INTO Actor (id_actor, nombre, foto_path) VALUES (13, 'Albert Brooks', 'https://image.tmdb.org/t/p/original/8iDSGu5l93N7benjf6b3AysBore.jpg');
INSERT OR IGNORE INTO Actor (id_actor, nombre, foto_path) VALUES (1334638, 'Jack Lowden', 'https://image.tmdb.org/t/p/original/3wSE6uHLkslE9xvRiMbnphuI0VK.jpg');
INSERT OR REPLACE INTO Pelicula (id_pelicula, titulo, descripcion, poster_path, backdrop_path, trailer, anio_estreno, duracion) VALUES (1206008, 'Ella McCay', 'Una joven política idealista hace malabarismos con sus problemas familiares y su estresante vida laboral mientras se prepara para ocupar nada menos que el puesto de gobernadora de su estado, ocupando el puesto de su mentor.', 'https://image.tmdb.org/t/p/original/kuAObOLDIBnWgGE3vk9wBsrM54.jpg', 'https://image.tmdb.org/t/p/original/9cd1zsxcOAcBW01WDOWz8EODTS0.jpg', 'https://www.youtube.com/watch?v=OwgayXGF3uM', 2025, 115);
INSERT OR REPLACE INTO Pelicula_Actor (id_pelicula, id_actor, personaje) VALUES (1206008, 2201315, 'Ella McCay');
INSERT OR REPLACE INTO Pelicula_Actor (id_pelicula, id_actor, personaje) VALUES (1206008, 8944, 'Helen McCay');
INSERT OR REPLACE INTO Pelicula_Actor (id_pelicula, id_actor, personaje) VALUES (1206008, 2304140, 'Casey McCay');
INSERT OR REPLACE INTO Pelicula_Actor (id_pelicula, id_actor, personaje) VALUES (1206008, 13, 'Governor Bill');
INSERT OR REPLACE INTO Pelicula_Actor (id_pelicula, id_actor, personaje) VALUES (1206008, 1334638, 'Ryan Newell');
INSERT OR IGNORE INTO Pelicula_Categoria (id_pelicula, id_categoria) VALUES (1206008, 12);
INSERT OR IGNORE INTO Pelicula_Categoria (id_pelicula, id_categoria) VALUES (1206008, 7);
INSERT OR IGNORE INTO Pelicula_Compania (id_pelicula, id_compania) VALUES (1206008, undefined);
-- Fin película: Ella McCay --
INSERT OR IGNORE INTO Actor (id_actor, nombre, foto_path) VALUES (1245, 'Scarlett Johansson', 'https://image.tmdb.org/t/p/original/sRjg0DbiA5DElSr3g3SSR4EArL8.jpg');
INSERT OR IGNORE INTO Actor (id_actor, nombre, foto_path) VALUES (932967, 'Mahershala Ali', 'https://image.tmdb.org/t/p/original/9ZmSejm5lnUVY5IJ1iNx2QEjnHb.jpg');
INSERT OR IGNORE INTO Actor (id_actor, nombre, foto_path) VALUES (80860, 'Jonathan Bailey', 'https://image.tmdb.org/t/p/original/mZNzekZo8eaHMuXKgDTNLp0EvYM.jpg');
INSERT OR IGNORE INTO Actor (id_actor, nombre, foto_path) VALUES (36669, 'Rupert Friend', 'https://image.tmdb.org/t/p/original/a3HeMHmlXnoRlHLX9h31ZdZgCXM.jpg');
INSERT OR IGNORE INTO Actor (id_actor, nombre, foto_path) VALUES (1168097, 'Manuel Garcia-Rulfo', 'https://image.tmdb.org/t/p/original/54Rk1hKfNdNKGHQMnONDGmNtUv3.jpg');
INSERT OR REPLACE INTO Pelicula (id_pelicula, titulo, descripcion, poster_path, backdrop_path, trailer, anio_estreno, duracion) VALUES (1234821, 'Jurassic World: El renacer', 'Cinco años después de los eventos de "Dominion", la ecología del planeta ha demostrado ser insoportable para los dinosaurios, donde los pocos que quedan viven aislados en las regiones ecuatoriales. Zora Bennett es contratada para dirigir a un equipo de especialistas cuyo objetivo es conseguir el material genético de las tres criaturas más grandes, las cuales tienen en su ADN la clave para fabricar un medicamento que aportará grandes beneficios a la humanidad. Pero la operación se cruzará con una familia cuyo barco volcó y todos acabarán en una isla prohibida ocupada por dinosaurios de numerosas especies, donde tendrán que hacer lo imposible para sobrevivir.', 'https://image.tmdb.org/t/p/original/2sbGd7kDhMicDkT097FR9a2JyGU.jpg', 'https://image.tmdb.org/t/p/original/xCoF56oOLjKqzwWkwlC8gsrx18h.jpg', 'https://www.youtube.com/watch?v=1R3LTANp7hw', 2025, 133);
INSERT OR REPLACE INTO Pelicula_Actor (id_pelicula, id_actor, personaje) VALUES (1234821, 1245, 'Zora Bennett');
INSERT OR REPLACE INTO Pelicula_Actor (id_pelicula, id_actor, personaje) VALUES (1234821, 932967, 'Duncan Kincaid');
INSERT OR REPLACE INTO Pelicula_Actor (id_pelicula, id_actor, personaje) VALUES (1234821, 80860, 'Dr. Henry Loomis');
INSERT OR REPLACE INTO Pelicula_Actor (id_pelicula, id_actor, personaje) VALUES (1234821, 36669, 'Martin Krebs');
INSERT OR REPLACE INTO Pelicula_Actor (id_pelicula, id_actor, personaje) VALUES (1234821, 1168097, 'Reuben Delgado');
INSERT OR IGNORE INTO Pelicula_Categoria (id_pelicula, id_categoria) VALUES (1234821, 3);
INSERT OR IGNORE INTO Pelicula_Categoria (id_pelicula, id_categoria) VALUES (1234821, 1);
INSERT OR IGNORE INTO Pelicula_Categoria (id_pelicula, id_categoria) VALUES (1234821, 5);
INSERT OR IGNORE INTO Pelicula_Compania (id_pelicula, id_compania) VALUES (1234821, undefined);
INSERT OR IGNORE INTO Pelicula_Coleccion (id_pelicula, id_coleccion) VALUES (1234821, 328);
-- Fin película: Jurassic World: El renacer --
INSERT OR IGNORE INTO Actor (id_actor, nombre, foto_path) VALUES (1482313, 'Bea Santos', 'https://image.tmdb.org/t/p/original/OdkauzwhAU5VVFgUW01PahvW1K.jpg');
INSERT OR IGNORE INTO Actor (id_actor, nombre, foto_path) VALUES (1431050, 'Oluniké Adeliyi', 'https://image.tmdb.org/t/p/original/mhyvUy5d9ZaEXfziSnKBEnDxJKh.jpg');
INSERT OR IGNORE INTO Actor (id_actor, nombre, foto_path) VALUES (1359997, 'Ari Millen', 'https://image.tmdb.org/t/p/original/x2hFdgnrJ1er0VpteRcqTr8aWTT.jpg');
INSERT OR IGNORE INTO Actor (id_actor, nombre, foto_path) VALUES (43310, 'Christine Horne', 'https://image.tmdb.org/t/p/original/lMkvMd3Z1RzTzkqbaJYcrrQVuNE.jpg');
INSERT OR IGNORE INTO Actor (id_actor, nombre, foto_path) VALUES (29878, 'Dmitry Chepovetsky', 'https://image.tmdb.org/t/p/original/3zOGDMl55RzdeGuJAkQTP9MoYHb.jpg');
INSERT OR REPLACE INTO Pelicula (id_pelicula, titulo, descripcion, poster_path, backdrop_path, trailer, anio_estreno, duracion) VALUES (460952, 'Darken', 'Una enfermera se encuentra en un mundo oscuro y misterioso.', 'https://image.tmdb.org/t/p/original/cRI8vg9WfYguw6cI8urjCc6Myjk.jpg', 'https://image.tmdb.org/t/p/original/zhoYj0OCQtuOFsFhRx7ivcjM8C.jpg', '', 2017, 82);
INSERT OR REPLACE INTO Pelicula_Actor (id_pelicula, id_actor, personaje) VALUES (460952, 1482313, 'Eve');
INSERT OR REPLACE INTO Pelicula_Actor (id_pelicula, id_actor, personaje) VALUES (460952, 1431050, 'Kali');
INSERT OR REPLACE INTO Pelicula_Actor (id_pelicula, id_actor, personaje) VALUES (460952, 1359997, 'Martin');
INSERT OR REPLACE INTO Pelicula_Actor (id_pelicula, id_actor, personaje) VALUES (460952, 43310, 'Clarity');
INSERT OR REPLACE INTO Pelicula_Actor (id_pelicula, id_actor, personaje) VALUES (460952, 29878, 'Ralston');
INSERT OR IGNORE INTO Pelicula_Categoria (id_pelicula, id_categoria) VALUES (460952, 3);
INSERT OR IGNORE INTO Pelicula_Categoria (id_pelicula, id_categoria) VALUES (460952, 3);
INSERT OR IGNORE INTO Pelicula_Categoria (id_pelicula, id_categoria) VALUES (460952, 4);
INSERT OR IGNORE INTO Pelicula_Compania (id_pelicula, id_compania) VALUES (460952, undefined);
-- Fin película: Darken --
INSERT OR IGNORE INTO Actor (id_actor, nombre, foto_path) VALUES (2959217, '추영우', 'https://image.tmdb.org/t/p/original/tMAj8u6siRrMC2YFd4Al3NI7CZJ.jpg');
INSERT OR IGNORE INTO Actor (id_actor, nombre, foto_path) VALUES (2896274, '신시아', 'https://image.tmdb.org/t/p/original/6acKN3HgVwV2dT771EgYYilp7I9.jpg');
INSERT OR IGNORE INTO Actor (id_actor, nombre, foto_path) VALUES (3128211, 'Cho Yu-jung', 'https://image.tmdb.org/t/p/original/nYx2YyBlirpJ6cG4eTq1oiI8Ilj.jpg');
INSERT OR IGNORE INTO Actor (id_actor, nombre, foto_path) VALUES (2595111, '진호은', 'https://image.tmdb.org/t/p/original/qUbjtCCnltqTXaK4hZUHOdUBDMl.jpg');
INSERT OR IGNORE INTO Actor (id_actor, nombre, foto_path) VALUES (1203792, '조한철', 'https://image.tmdb.org/t/p/original/58DGEXFyWfaFdqL7yKKW0VdEg3R.jpg');
INSERT OR REPLACE INTO Pelicula (id_pelicula, titulo, descripcion, poster_path, backdrop_path, trailer, anio_estreno, duracion) VALUES (1466115, 'Aunque nuestro amor se desvanezca esta noche', 'Una alumna de instituto despierta cada día sin recuerdos del día anterior. Al empezar a salir con un compañero tímido, su historia de amor se renueva con cada amanecer.', 'https://image.tmdb.org/t/p/original/lawtchSE4FQch7kNTA5OiMTZ4F3.jpg', 'https://image.tmdb.org/t/p/original/iL5eGI9ctHdUOV4yG6dyGKctSEX.jpg', '', 2025, 106);
INSERT OR REPLACE INTO Pelicula_Actor (id_pelicula, id_actor, personaje) VALUES (1466115, 2959217, 'Kim Jae-won');
INSERT OR REPLACE INTO Pelicula_Actor (id_pelicula, id_actor, personaje) VALUES (1466115, 2896274, 'Han Seo-yoon');
INSERT OR REPLACE INTO Pelicula_Actor (id_pelicula, id_actor, personaje) VALUES (1466115, 3128211, 'Choi Ji-min');
INSERT OR REPLACE INTO Pelicula_Actor (id_pelicula, id_actor, personaje) VALUES (1466115, 2595111, 'Jeong Tae-hoon');
INSERT OR REPLACE INTO Pelicula_Actor (id_pelicula, id_actor, personaje) VALUES (1466115, 1203792, 'Kim Seong-hyeon');
INSERT OR IGNORE INTO Pelicula_Categoria (id_pelicula, id_categoria) VALUES (1466115, 10);
INSERT OR IGNORE INTO Pelicula_Categoria (id_pelicula, id_categoria) VALUES (1466115, 7);
INSERT OR IGNORE INTO Pelicula_Compania (id_pelicula, id_compania) VALUES (1466115, undefined);
-- Fin película: Aunque nuestro amor se desvanezca esta noche --
INSERT OR IGNORE INTO Actor (id_actor, nombre, foto_path) VALUES (5469, 'Ralph Fiennes', 'https://image.tmdb.org/t/p/original/u29BOqiV5GCQ8k8WUJM50i9xlBf.jpg');
INSERT OR IGNORE INTO Actor (id_actor, nombre, foto_path) VALUES (85065, 'Jack O''Connell', 'https://image.tmdb.org/t/p/original/9RrqnB1BRaWWHEjlWVVAna0sdBB.jpg');
INSERT OR IGNORE INTO Actor (id_actor, nombre, foto_path) VALUES (5107934, 'Alfie Williams', 'https://image.tmdb.org/t/p/original/wqfyAhZH6uCu5J4THsz2gJxsizB.jpg');
INSERT OR IGNORE INTO Actor (id_actor, nombre, foto_path) VALUES (1672504, 'Erin Kellyman', 'https://image.tmdb.org/t/p/original/f7XXomAaSRxE3h5NT0sAlcQTjPL.jpg');
INSERT OR IGNORE INTO Actor (id_actor, nombre, foto_path) VALUES (1344320, 'Chi Lewis-Parry', 'https://image.tmdb.org/t/p/original/yFE1xHcKn9Gww9DCUYQmBlZ3HVx.jpg');
INSERT OR REPLACE INTO Pelicula (id_pelicula, titulo, descripcion, poster_path, backdrop_path, trailer, anio_estreno, duracion) VALUES (1272837, '28 años después: El templo de los huesos', 'El Dr. Kelson (Ralph Fiennes) se ve envuelto en una nueva y sorprendente relación, cuyas consecuencias podrían cambiar el mundo tal y como se conoce. Por otra parte, el encuentro de Spike (Alfie Williams) con el Gran Lord Jimmy Crystal (Jack O''Connell) se convierte en una pesadilla de la que el chico no puede escapar. En este mundo, los infectados ya no son la mayor amenaza para la supervivencia, ya que la inhumanidad de los supervivientes puede ser aún más extraña y aterradora.', 'https://image.tmdb.org/t/p/original/9qlqDX3lo7CiFCDZV1Qwopwm5rz.jpg', 'https://image.tmdb.org/t/p/original/cwX1koqx0UsN0naDGxKFMs3raUZ.jpg', 'https://www.youtube.com/watch?v=RcnPIyUI53Q', 2026, 109);
INSERT OR REPLACE INTO Pelicula_Actor (id_pelicula, id_actor, personaje) VALUES (1272837, 5469, 'Dr. Ian Kelson');
INSERT OR REPLACE INTO Pelicula_Actor (id_pelicula, id_actor, personaje) VALUES (1272837, 85065, 'Sir Lord Jimmy Crystal');
INSERT OR REPLACE INTO Pelicula_Actor (id_pelicula, id_actor, personaje) VALUES (1272837, 5107934, 'Spike / Jimmy');
INSERT OR REPLACE INTO Pelicula_Actor (id_pelicula, id_actor, personaje) VALUES (1272837, 1672504, 'Jimmy Ink');
INSERT OR REPLACE INTO Pelicula_Actor (id_pelicula, id_actor, personaje) VALUES (1272837, 1344320, 'Samson');
INSERT OR IGNORE INTO Pelicula_Categoria (id_pelicula, id_categoria) VALUES (1272837, 4);
INSERT OR IGNORE INTO Pelicula_Categoria (id_pelicula, id_categoria) VALUES (1272837, 6);
INSERT OR IGNORE INTO Pelicula_Categoria (id_pelicula, id_categoria) VALUES (1272837, 3);
INSERT OR IGNORE INTO Pelicula_Compania (id_pelicula, id_compania) VALUES (1272837, undefined);
INSERT OR IGNORE INTO Pelicula_Coleccion (id_pelicula, id_coleccion) VALUES (1272837, 1565);
-- Fin película: 28 años después: El templo de los huesos --
INSERT OR IGNORE INTO Actor (id_actor, nombre, foto_path) VALUES (63, 'Milla Jovovich', 'https://image.tmdb.org/t/p/original/usWnHCzbADijULREZYSJ0qfM00y.jpg');
INSERT OR IGNORE INTO Actor (id_actor, nombre, foto_path) VALUES (114019, 'Luke Evans', 'https://image.tmdb.org/t/p/original/qUkYJcrDc4M0LHNYASs30luFvw0.jpg');
INSERT OR IGNORE INTO Actor (id_actor, nombre, foto_path) VALUES (2667928, 'Billie Boullet', 'https://image.tmdb.org/t/p/original/x6Xs4CFBiYzBP6zP7uElmtyx1b5.jpg');
INSERT OR IGNORE INTO Actor (id_actor, nombre, foto_path) VALUES (956385, 'Meadow Williams', 'https://image.tmdb.org/t/p/original/iECIpEM4BWt94kvOMKFJqv5uJEU.jpg');
INSERT OR IGNORE INTO Actor (id_actor, nombre, foto_path) VALUES (3214361, 'Mila Harris', 'https://image.tmdb.org/t/p/original/10BSVhLPqosSBsOgp0L7qaU0Uhi.jpg');
INSERT OR REPLACE INTO Pelicula (id_pelicula, titulo, descripcion, poster_path, backdrop_path, trailer, anio_estreno, duracion) VALUES (1196067, 'Worldbreaker', 'Un padre esconde a su hija en una isla para mantenerla a salvo mientras la equipa para la supervivencia y las batallas que se avecinan.', 'https://image.tmdb.org/t/p/original/7K8w6mdrJp0oaSoKWGyjSZ4Zv2z.jpg', 'https://image.tmdb.org/t/p/original/4mZ06VpfpAPuaUPn1SEV0brbbxe.jpg', '', 2025, 95);
INSERT OR REPLACE INTO Pelicula_Actor (id_pelicula, id_actor, personaje) VALUES (1196067, 63, 'Mom');
INSERT OR REPLACE INTO Pelicula_Actor (id_pelicula, id_actor, personaje) VALUES (1196067, 114019, 'Dad');
INSERT OR REPLACE INTO Pelicula_Actor (id_pelicula, id_actor, personaje) VALUES (1196067, 2667928, 'Willa');
INSERT OR REPLACE INTO Pelicula_Actor (id_pelicula, id_actor, personaje) VALUES (1196067, 956385, 'Soldier #1');
INSERT OR REPLACE INTO Pelicula_Actor (id_pelicula, id_actor, personaje) VALUES (1196067, 3214361, 'Rosie');
INSERT OR IGNORE INTO Pelicula_Categoria (id_pelicula, id_categoria) VALUES (1196067, 3);
INSERT OR IGNORE INTO Pelicula_Categoria (id_pelicula, id_categoria) VALUES (1196067, 5);
INSERT OR IGNORE INTO Pelicula_Categoria (id_pelicula, id_categoria) VALUES (1196067, 4);
INSERT OR IGNORE INTO Pelicula_Compania (id_pelicula, id_compania) VALUES (1196067, undefined);
-- Fin película: Worldbreaker --
INSERT OR IGNORE INTO Actor (id_actor, nombre, foto_path) VALUES (17276, 'Gerard Butler', 'https://image.tmdb.org/t/p/original/rTO5opVC3Gs6hPYAxWSP9eEjogi.jpg');
INSERT OR IGNORE INTO Actor (id_actor, nombre, foto_path) VALUES (54882, 'Morena Baccarin', 'https://image.tmdb.org/t/p/original/kBSKKaOtsqIzZPhtEeHfCBmhWl9.jpg');
INSERT OR IGNORE INTO Actor (id_actor, nombre, foto_path) VALUES (62562, 'David Denman', 'https://image.tmdb.org/t/p/original/bY3YssOOP0yTnaPZx2EWVjeCXc2.jpg');
INSERT OR IGNORE INTO Actor (id_actor, nombre, foto_path) VALUES (15250, 'Hope Davis', 'https://image.tmdb.org/t/p/original/dJb76YQDFmfJ6ptlvBvx0ZBP44C.jpg');
INSERT OR IGNORE INTO Actor (id_actor, nombre, foto_path) VALUES (2077869, 'Roger Dale Floyd', 'https://image.tmdb.org/t/p/original/qys24ezlOgRom93mq0Gk1vRY5uf.jpg');
INSERT OR REPLACE INTO Pelicula (id_pelicula, titulo, descripcion, poster_path, backdrop_path, trailer, anio_estreno, duracion) VALUES (524047, 'Greenland: El último refugio', 'Cuando el mundo es consciente de que el asteroide más grande de la historia va a impactar en la Tierra y aniquilar todo rastro de vida, los gobiernos de todo el mundo realizan un sorteo en el cual los afortunados podrán sobrevivir en refugios secretos. Esta decisión desata un caos a nivel mundial. Muchos tendrán que emprender un peligroso viaje donde se enfrentarán a los más imponentes peligros de la naturaleza, lo que les obligará a encontrar la manera de mantenerse unidos mientras encuentran la forma de sobrevivir.', 'https://image.tmdb.org/t/p/original/9iFkwShRf5M29yLABAdsEZyr9w6.jpg', 'https://image.tmdb.org/t/p/original/2Fk3AB8E9dYIBc2ywJkxk8BTyhc.jpg', 'https://www.youtube.com/watch?v=KCRkwUGjJfE', 2020, 120);
INSERT OR REPLACE INTO Pelicula_Actor (id_pelicula, id_actor, personaje) VALUES (524047, 17276, 'John Garrity');
INSERT OR REPLACE INTO Pelicula_Actor (id_pelicula, id_actor, personaje) VALUES (524047, 54882, 'Allison Garrity');
INSERT OR REPLACE INTO Pelicula_Actor (id_pelicula, id_actor, personaje) VALUES (524047, 62562, 'Ralph Vento');
INSERT OR REPLACE INTO Pelicula_Actor (id_pelicula, id_actor, personaje) VALUES (524047, 15250, 'Judy Vento');
INSERT OR REPLACE INTO Pelicula_Actor (id_pelicula, id_actor, personaje) VALUES (524047, 2077869, 'Nathan Garrity');
INSERT OR IGNORE INTO Pelicula_Categoria (id_pelicula, id_categoria) VALUES (524047, 5);
INSERT OR IGNORE INTO Pelicula_Categoria (id_pelicula, id_categoria) VALUES (524047, 1);
INSERT OR IGNORE INTO Pelicula_Categoria (id_pelicula, id_categoria) VALUES (524047, 6);
INSERT OR IGNORE INTO Pelicula_Categoria (id_pelicula, id_categoria) VALUES (524047, 3);
INSERT OR IGNORE INTO Pelicula_Compania (id_pelicula, id_compania) VALUES (524047, undefined);
INSERT OR IGNORE INTO Pelicula_Coleccion (id_pelicula, id_coleccion) VALUES (524047, 840465);
-- Fin película: Greenland: El último refugio --
INSERT OR IGNORE INTO Actor (id_actor, nombre, foto_path) VALUES (2053219, '김다미', 'https://image.tmdb.org/t/p/original/tpb0eZLDvIaBVNLXFpxXAdPxooo.jpg');
INSERT OR IGNORE INTO Actor (id_actor, nombre, foto_path) VALUES (1593672, '박해수', 'https://image.tmdb.org/t/p/original/hFt7Cj8sx1VYIwm18lYmq5kS7Pw.jpg');
INSERT OR IGNORE INTO Actor (id_actor, nombre, foto_path) VALUES (3957235, '권은성', 'https://image.tmdb.org/t/p/original/sao2dAm3LGAg25fp9YxjFoNGLtb.jpg');
INSERT OR IGNORE INTO Actor (id_actor, nombre, foto_path) VALUES (150126, '전혜진', 'https://image.tmdb.org/t/p/original/7PliJIOzUei41vyE9FaIWvFMNzC.jpg');
INSERT OR IGNORE INTO Actor (id_actor, nombre, foto_path) VALUES (564844, '박병은', 'https://image.tmdb.org/t/p/original/8lDiEHjbBxPD8VNu1kGifMXhPUn.jpg');
INSERT OR REPLACE INTO Pelicula (id_pelicula, titulo, descripcion, poster_path, backdrop_path, trailer, anio_estreno, duracion) VALUES (982843, 'El gran diluvio', 'En el que podría ser el último día en la Tierra, una lucha a vida o muerte en un piso inundado se convierte en la única esperanza de supervivencia de la humanidad.', 'https://image.tmdb.org/t/p/original/qIzSyT2AmDxkcQ0zOAeTbtZR9EQ.jpg', 'https://image.tmdb.org/t/p/original/8vLt9TYFZdAwYtqImvggTM5yFnF.jpg', '', 2025, 107);
INSERT OR REPLACE INTO Pelicula_Actor (id_pelicula, id_actor, personaje) VALUES (982843, 2053219, 'Koo An-na');
INSERT OR REPLACE INTO Pelicula_Actor (id_pelicula, id_actor, personaje) VALUES (982843, 1593672, 'Son Hee-jo');
INSERT OR REPLACE INTO Pelicula_Actor (id_pelicula, id_actor, personaje) VALUES (982843, 3957235, 'Shin Ja-in');
INSERT OR REPLACE INTO Pelicula_Actor (id_pelicula, id_actor, personaje) VALUES (982843, 150126, 'Lim Hyeon-mo');
INSERT OR REPLACE INTO Pelicula_Actor (id_pelicula, id_actor, personaje) VALUES (982843, 564844, 'Lee Hwi-so');
INSERT OR IGNORE INTO Pelicula_Categoria (id_pelicula, id_categoria) VALUES (982843, 3);
INSERT OR IGNORE INTO Pelicula_Categoria (id_pelicula, id_categoria) VALUES (982843, 1);
INSERT OR IGNORE INTO Pelicula_Categoria (id_pelicula, id_categoria) VALUES (982843, 7);
INSERT OR IGNORE INTO Pelicula_Compania (id_pelicula, id_compania) VALUES (982843, undefined);
-- Fin película: El gran diluvio --
INSERT OR IGNORE INTO Actor (id_actor, nombre, foto_path) VALUES (73457, 'Chris Pratt', 'https://image.tmdb.org/t/p/original/cRH6HPAQ98PlOwwEvhYO4CM9lwu.jpg');
INSERT OR IGNORE INTO Actor (id_actor, nombre, foto_path) VALUES (933238, 'Rebecca Ferguson', 'https://image.tmdb.org/t/p/original/lJloTOheuQSirSLXNA3JHsrMNfH.jpg');
INSERT OR IGNORE INTO Actor (id_actor, nombre, foto_path) VALUES (3119545, 'Kali Reis', 'https://image.tmdb.org/t/p/original/qJcXQKgaq11aNNPPok0m4yfP2Og.jpg');
INSERT OR IGNORE INTO Actor (id_actor, nombre, foto_path) VALUES (82809, 'Annabelle Wallis', 'https://image.tmdb.org/t/p/original/b6PltW1e18BdmRz3nKZ7ID9uZ24.jpg');
INSERT OR IGNORE INTO Actor (id_actor, nombre, foto_path) VALUES (1293892, 'Chris Sullivan', 'https://image.tmdb.org/t/p/original/gKZ9xSFrDzUPv27iAkMpH6Qf0Sk.jpg');
INSERT OR REPLACE INTO Pelicula (id_pelicula, titulo, descripcion, poster_path, backdrop_path, trailer, anio_estreno, duracion) VALUES (1236153, 'Sin piedad', 'Tras ser acusado de un crimen, un detective deberá demostrar su inocencia.', 'https://image.tmdb.org/t/p/original/9zBNg8koM3fjUTPT7QeJHuGG2r9.jpg', 'https://image.tmdb.org/t/p/original/mHC8tSRYfAKGh2jaSNQMSzGdbOW.jpg', 'https://www.youtube.com/watch?v=vvkKYJCQEk0', 2026, 100);
INSERT OR REPLACE INTO Pelicula_Actor (id_pelicula, id_actor, personaje) VALUES (1236153, 73457, 'Chris Raven');
INSERT OR REPLACE INTO Pelicula_Actor (id_pelicula, id_actor, personaje) VALUES (1236153, 933238, 'Judge Maddox');
INSERT OR REPLACE INTO Pelicula_Actor (id_pelicula, id_actor, personaje) VALUES (1236153, 3119545, 'Jacqueline 'Jaq' Diallo');
INSERT OR REPLACE INTO Pelicula_Actor (id_pelicula, id_actor, personaje) VALUES (1236153, 82809, 'Nicole Raven (née Martin)');
INSERT OR REPLACE INTO Pelicula_Actor (id_pelicula, id_actor, personaje) VALUES (1236153, 1293892, 'Robert 'Rob' Nelson');
INSERT OR IGNORE INTO Pelicula_Categoria (id_pelicula, id_categoria) VALUES (1236153, 3);
INSERT OR IGNORE INTO Pelicula_Categoria (id_pelicula, id_categoria) VALUES (1236153, 5);
INSERT OR IGNORE INTO Pelicula_Categoria (id_pelicula, id_categoria) VALUES (1236153, 6);
INSERT OR IGNORE INTO Pelicula_Compania (id_pelicula, id_compania) VALUES (1236153, undefined);
-- Fin película: Sin piedad --
INSERT OR IGNORE INTO Actor (id_actor, nombre, foto_path) VALUES (25072, 'Oscar Isaac', 'https://image.tmdb.org/t/p/original/dW5U5yrIIPmMjRThR9KT2xH6nTz.jpg');
INSERT OR IGNORE INTO Actor (id_actor, nombre, foto_path) VALUES (2034418, 'Jacob Elordi', 'https://image.tmdb.org/t/p/original/qZNRPWCP2c5d0YaYLTzHXU9Rdoe.jpg');
INSERT OR IGNORE INTO Actor (id_actor, nombre, foto_path) VALUES (27319, 'Christoph Waltz', 'https://image.tmdb.org/t/p/original/jMvLGCVXLaBqjRLf5olyvEucZob.jpg');
INSERT OR IGNORE INTO Actor (id_actor, nombre, foto_path) VALUES (1137824, 'Mia Goth', 'https://image.tmdb.org/t/p/original/rwko7XVaKFcJH1dtAIIsrgLMzHb.jpg');
INSERT OR IGNORE INTO Actor (id_actor, nombre, foto_path) VALUES (3631223, 'Felix Kammerer', 'https://image.tmdb.org/t/p/original/T12faHW0QXunSZbv6YNmDWG7bC.jpg');
INSERT OR REPLACE INTO Pelicula (id_pelicula, titulo, descripcion, poster_path, backdrop_path, trailer, anio_estreno, duracion) VALUES (1062722, 'Frankenstein', 'Un científico brillante y obsesivo, Victor Frankenstein, en su ambición por desafiar a la muerte, da vida a una criatura ensamblada con partes de cadáveres. Pese a tratarse de una proeza científica, Frankenstein considera que la criatura carece de inteligencia y la rechaza. Dolida, esta se rebela contra su creador.', 'https://image.tmdb.org/t/p/original/hTj8x0ElKldJyAjTYvaqxkQNxxN.jpg', 'https://image.tmdb.org/t/p/original/ceyakefyCRAgyeFhefa2bz6d9QO.jpg', 'https://www.youtube.com/watch?v=lEQ5TNTZvVk', 2025, 149);
INSERT OR REPLACE INTO Pelicula_Actor (id_pelicula, id_actor, personaje) VALUES (1062722, 25072, 'Victor Frankenstein');
INSERT OR REPLACE INTO Pelicula_Actor (id_pelicula, id_actor, personaje) VALUES (1062722, 2034418, 'The Creature');
INSERT OR REPLACE INTO Pelicula_Actor (id_pelicula, id_actor, personaje) VALUES (1062722, 27319, 'Harlander');
INSERT OR REPLACE INTO Pelicula_Actor (id_pelicula, id_actor, personaje) VALUES (1062722, 1137824, 'Elizabeth / Claire Frankenstein');
INSERT OR REPLACE INTO Pelicula_Actor (id_pelicula, id_actor, personaje) VALUES (1062722, 3631223, 'William Frankenstein');
INSERT OR IGNORE INTO Pelicula_Categoria (id_pelicula, id_categoria) VALUES (1062722, 7);
INSERT OR IGNORE INTO Pelicula_Categoria (id_pelicula, id_categoria) VALUES (1062722, 3);
INSERT OR IGNORE INTO Pelicula_Categoria (id_pelicula, id_categoria) VALUES (1062722, 4);
INSERT OR IGNORE INTO Pelicula_Compania (id_pelicula, id_compania) VALUES (1062722, undefined);
-- Fin película: Frankenstein --
INSERT OR IGNORE INTO Actor (id_actor, nombre, foto_path) VALUES (237045, 'Prabhas', 'https://image.tmdb.org/t/p/original/u6RVP8ukgLaymeoi5VmX0JRAcCn.jpg');
INSERT OR IGNORE INTO Actor (id_actor, nombre, foto_path) VALUES (215910, 'Rana Daggubati', 'https://image.tmdb.org/t/p/original/dCQE1CoWWc6RoXUTxOKjAXO8KDr.jpg');
INSERT OR IGNORE INTO Actor (id_actor, nombre, foto_path) VALUES (88167, 'Anushka Shetty', 'https://image.tmdb.org/t/p/original/zpe6Es8kdNOXuPdXiJvqxzsmN6z.jpg');
INSERT OR IGNORE INTO Actor (id_actor, nombre, foto_path) VALUES (141701, 'Ramya Krishnan', 'https://image.tmdb.org/t/p/original/kZvSnBTgsMgTsUE5o1yFQnDR3dl.jpg');
INSERT OR IGNORE INTO Actor (id_actor, nombre, foto_path) VALUES (581895, 'Sathyaraj', 'https://image.tmdb.org/t/p/original/lnlBZ7V3K3Z3OIsjCd0zkKx26L3.jpg');
INSERT OR REPLACE INTO Pelicula (id_pelicula, titulo, descripcion, poster_path, backdrop_path, trailer, anio_estreno, duracion) VALUES (1511417, 'Baahubali: The Epic', 'Cuando una pareja tribal encuentra a un niño misterioso cerca de una estruendosa cascada, lo crían como si fuera suyo. A medida que crece, Sivudu se siente atraído por el mundo más allá de los acantilados, donde descubre el antiguo reino de Mahishmati, gobernado por un tirano cruel, asolado por la rebelión y ligado a su propio pasado. Lo que comienza como una búsqueda por amor, pronto desentraña un legado de traición, sacrificio y un príncipe olvidado.', 'https://image.tmdb.org/t/p/original/z9YIo2qscyaXYgRqIdRJtND3bw8.jpg', 'https://image.tmdb.org/t/p/original/wCwZ4ljSsWyZyTiyk1tGQtBHTDx.jpg', '', 2025, 224);
INSERT OR REPLACE INTO Pelicula_Actor (id_pelicula, id_actor, personaje) VALUES (1511417, 237045, 'Mahendra Bahubali / Amarendra Bahubali / Maharaja Veerendra Vikramadeva');
INSERT OR REPLACE INTO Pelicula_Actor (id_pelicula, id_actor, personaje) VALUES (1511417, 215910, 'Bhallaladeva');
INSERT OR REPLACE INTO Pelicula_Actor (id_pelicula, id_actor, personaje) VALUES (1511417, 88167, 'Devasena');
INSERT OR REPLACE INTO Pelicula_Actor (id_pelicula, id_actor, personaje) VALUES (1511417, 141701, 'Sivagami');
INSERT OR REPLACE INTO Pelicula_Actor (id_pelicula, id_actor, personaje) VALUES (1511417, 581895, 'Karikala Kattappa Nadar');
INSERT OR IGNORE INTO Pelicula_Categoria (id_pelicula, id_categoria) VALUES (1511417, 5);
INSERT OR IGNORE INTO Pelicula_Categoria (id_pelicula, id_categoria) VALUES (1511417, 7);
INSERT OR IGNORE INTO Pelicula_Compania (id_pelicula, id_compania) VALUES (1511417, undefined);
-- Fin película: Baahubali: The Epic --
INSERT OR IGNORE INTO Actor (id_actor, nombre, foto_path) VALUES (1606164, 'Junya Enoki', 'https://image.tmdb.org/t/p/original/vBnNL3Jqy0zkS3ZgsXZmvDM9Dfz.jpg');
INSERT OR IGNORE INTO Actor (id_actor, nombre, foto_path) VALUES (77927, '緒方恵美', 'https://image.tmdb.org/t/p/original/eNdfMUyZgG5P4TNIZpbTAu8gBs9.jpg');
INSERT OR IGNORE INTO Actor (id_actor, nombre, foto_path) VALUES (555099, 'Koji Yusa', 'https://image.tmdb.org/t/p/original/vBo8dHvZvbG4kax0LcaWvrXUZuX.jpg');
INSERT OR IGNORE INTO Actor (id_actor, nombre, foto_path) VALUES (110665, 'Daisuke Namikawa', 'https://image.tmdb.org/t/p/original/iw0X8oDutxaBAri3Ifga8nhdUJK.jpg');
INSERT OR IGNORE INTO Actor (id_actor, nombre, foto_path) VALUES (1492992, 'Yuma Uchida', 'https://image.tmdb.org/t/p/original/2otstbLfQ7MXuFt1X8MFOb4OIgd.jpg');
INSERT OR REPLACE INTO Pelicula (id_pelicula, titulo, descripcion, poster_path, backdrop_path, trailer, anio_estreno, duracion) VALUES (1539104, 'JUJUTSU KAISEN: Ejecución', 'Durante Halloween en Shibuya, un misterioso velo atrapa a la multitud dentro del distrito. Como consecuencia, diez colonias japonesas se convierten en zonas dominadas por maldiciones.', 'https://image.tmdb.org/t/p/original/a4QuZ6oW71zCpwVW08u3fHBxc6E.jpg', 'https://image.tmdb.org/t/p/original/gtKglOSEq3d4MgQE4VsrT1sRkd0.jpg', 'https://www.youtube.com/watch?v=Okh4Zt1UfvI', 2025, 88);
INSERT OR REPLACE INTO Pelicula_Actor (id_pelicula, id_actor, personaje) VALUES (1539104, 1606164, 'Yuji Itadori (voice)');
INSERT OR REPLACE INTO Pelicula_Actor (id_pelicula, id_actor, personaje) VALUES (1539104, 77927, 'Yuta Okkotsu (voice)');
INSERT OR REPLACE INTO Pelicula_Actor (id_pelicula, id_actor, personaje) VALUES (1539104, 555099, 'Naoya Zenin (voice)');
INSERT OR REPLACE INTO Pelicula_Actor (id_pelicula, id_actor, personaje) VALUES (1539104, 110665, 'Choso (voice)');
INSERT OR REPLACE INTO Pelicula_Actor (id_pelicula, id_actor, personaje) VALUES (1539104, 1492992, 'Megumi Fushiguro (voice)');
INSERT OR IGNORE INTO Pelicula_Categoria (id_pelicula, id_categoria) VALUES (1539104, 5);
INSERT OR IGNORE INTO Pelicula_Categoria (id_pelicula, id_categoria) VALUES (1539104, 5);
INSERT OR IGNORE INTO Pelicula_Compania (id_pelicula, id_compania) VALUES (1539104, undefined);
INSERT OR IGNORE INTO Pelicula_Coleccion (id_pelicula, id_coleccion) VALUES (1539104, 1529614);
-- Fin película: JUJUTSU KAISEN: Ejecución --
INSERT OR IGNORE INTO Actor (id_actor, nombre, foto_path) VALUES (10297, 'Matthew McConaughey', 'https://image.tmdb.org/t/p/original/lCySuYjhXix3FzQdS4oceDDrXKI.jpg');
INSERT OR IGNORE INTO Actor (id_actor, nombre, foto_path) VALUES (1813, 'Anne Hathaway', 'https://image.tmdb.org/t/p/original/nbccV2pMoyLTCeg5DQip24Eq0Jp.jpg');
INSERT OR IGNORE INTO Actor (id_actor, nombre, foto_path) VALUES (3895, 'Michael Caine', 'https://image.tmdb.org/t/p/original/bVZRMlpjTAO2pJK6v90buFgVbSW.jpg');
INSERT OR IGNORE INTO Actor (id_actor, nombre, foto_path) VALUES (83002, 'Jessica Chastain', 'https://image.tmdb.org/t/p/original/bXFXSlfCzoE5Py7KBP9P0Y0Ot1v.jpg');
INSERT OR IGNORE INTO Actor (id_actor, nombre, foto_path) VALUES (1893, 'Casey Affleck', 'https://image.tmdb.org/t/p/original/304ilSygaCRWykoBWAL67TOw8g9.jpg');
INSERT OR REPLACE INTO Pelicula (id_pelicula, titulo, descripcion, poster_path, backdrop_path, trailer, anio_estreno, duracion) VALUES (157336, 'Interstellar', 'Un grupo de exploradores hacen uso de un agujero de gusano recientemente descubierto para superar las limitaciones de los viajes espaciales tripulados y vencer las inmensas distancias que tiene un viaje interestelar.', 'https://image.tmdb.org/t/p/original/fbUwSqYIP0isCiJXey3staY3DNn.jpg', 'https://image.tmdb.org/t/p/original/5XNQBqnBwPA9yT0jZ0p3s8bbLh0.jpg', 'https://www.youtube.com/watch?v=UoSSbmD9vqc', 2014, 169);
INSERT OR REPLACE INTO Pelicula_Actor (id_pelicula, id_actor, personaje) VALUES (157336, 10297, 'Cooper');
INSERT OR REPLACE INTO Pelicula_Actor (id_pelicula, id_actor, personaje) VALUES (157336, 1813, 'Brand');
INSERT OR REPLACE INTO Pelicula_Actor (id_pelicula, id_actor, personaje) VALUES (157336, 3895, 'Professor Brand');
INSERT OR REPLACE INTO Pelicula_Actor (id_pelicula, id_actor, personaje) VALUES (157336, 83002, 'Murph');
INSERT OR REPLACE INTO Pelicula_Actor (id_pelicula, id_actor, personaje) VALUES (157336, 1893, 'Tom');
INSERT OR IGNORE INTO Pelicula_Categoria (id_pelicula, id_categoria) VALUES (157336, 1);
INSERT OR IGNORE INTO Pelicula_Categoria (id_pelicula, id_categoria) VALUES (157336, 7);
INSERT OR IGNORE INTO Pelicula_Categoria (id_pelicula, id_categoria) VALUES (157336, 3);
INSERT OR IGNORE INTO Pelicula_Compania (id_pelicula, id_compania) VALUES (157336, undefined);
-- Fin película: Interstellar --
INSERT OR IGNORE INTO Actor (id_actor, nombre, foto_path) VALUES (500, 'Tom Cruise', 'https://image.tmdb.org/t/p/original/maf8PhSvDCdEwjEMbYfGpojR5RP.jpg');
INSERT OR IGNORE INTO Actor (id_actor, nombre, foto_path) VALUES (39459, 'Hayley Atwell', 'https://image.tmdb.org/t/p/original/x57wXHexIjD2ywly9cRA4rov7cu.jpg');
INSERT OR IGNORE INTO Actor (id_actor, nombre, foto_path) VALUES (10182, 'Ving Rhames', 'https://image.tmdb.org/t/p/original/rqPdVVIdt45wNDsXuREu2M6PApU.jpg');
INSERT OR IGNORE INTO Actor (id_actor, nombre, foto_path) VALUES (11108, 'Simon Pegg', 'https://image.tmdb.org/t/p/original/jw8bEEoTOithyNf0qxu4Zt1yaKp.jpg');
INSERT OR IGNORE INTO Actor (id_actor, nombre, foto_path) VALUES (65344, 'Esai Morales', 'https://image.tmdb.org/t/p/original/cNYciYzUzxraGlw0BPql1QePi5H.jpg');
INSERT OR REPLACE INTO Pelicula (id_pelicula, titulo, descripcion, poster_path, backdrop_path, trailer, anio_estreno, duracion) VALUES (575265, 'Misión: Imposible - Sentencia final', 'El agente Ethan Hunt continúa su misión de impedir que Gabriel controle el tecnológicamente omnipotente programa de IA conocido como "the Entity".', 'https://image.tmdb.org/t/p/original/haOjJGUV00dKlZaJWgjM1UD1cJV.jpg', 'https://image.tmdb.org/t/p/original/xPNDRM50a58uvv1il2GVZrtWjkZ.jpg', 'https://www.youtube.com/watch?v=YqtdLeJSM6o', 2025, 169);
INSERT OR REPLACE INTO Pelicula_Actor (id_pelicula, id_actor, personaje) VALUES (575265, 500, 'Ethan Hunt');
INSERT OR REPLACE INTO Pelicula_Actor (id_pelicula, id_actor, personaje) VALUES (575265, 39459, 'Grace');
INSERT OR REPLACE INTO Pelicula_Actor (id_pelicula, id_actor, personaje) VALUES (575265, 10182, 'Luther Stickell');
INSERT OR REPLACE INTO Pelicula_Actor (id_pelicula, id_actor, personaje) VALUES (575265, 11108, 'Benji Dunn');
INSERT OR REPLACE INTO Pelicula_Actor (id_pelicula, id_actor, personaje) VALUES (575265, 65344, 'Gabriel');
INSERT OR IGNORE INTO Pelicula_Categoria (id_pelicula, id_categoria) VALUES (575265, 5);
INSERT OR IGNORE INTO Pelicula_Categoria (id_pelicula, id_categoria) VALUES (575265, 6);
INSERT OR IGNORE INTO Pelicula_Categoria (id_pelicula, id_categoria) VALUES (575265, 1);
INSERT OR IGNORE INTO Pelicula_Compania (id_pelicula, id_compania) VALUES (575265, undefined);
INSERT OR IGNORE INTO Pelicula_Coleccion (id_pelicula, id_coleccion) VALUES (575265, 87359);
-- Fin película: Misión: Imposible - Sentencia final --
