
-- === LOTE: Top Rated - Page 5 (2026-02-06T11:04:45.662Z) ===
INSERT OR IGNORE INTO Actor (id_actor, nombre, foto_path) VALUES (4756, 'Matthew Broderick', 'https://image.tmdb.org/t/p/original/2Pq8pwOX5ZFfT2p5pNLGfvUi9Pp.jpg');
INSERT OR IGNORE INTO Actor (id_actor, nombre, foto_path) VALUES (20005, 'Moira Kelly', 'https://image.tmdb.org/t/p/original/3yQRnGSfbPWQDInZHTzzXsrAhUR.jpg');
INSERT OR IGNORE INTO Actor (id_actor, nombre, foto_path) VALUES (78729, 'Nathan Lane', 'https://image.tmdb.org/t/p/original/nEYS0KO1qVO3y0RAt8V8pFxnPb7.jpg');
INSERT OR IGNORE INTO Actor (id_actor, nombre, foto_path) VALUES (69415, 'Ernie Sabella', 'https://image.tmdb.org/t/p/original/dBit6gkZfxXqdxO0Ic8CsnLpxyQ.jpg');
INSERT OR IGNORE INTO Actor (id_actor, nombre, foto_path) VALUES (15152, 'James Earl Jones', 'https://image.tmdb.org/t/p/original/oqMPIsXrl9SZkRfIKN08eFROmH6.jpg');
INSERT OR REPLACE INTO Pelicula (id_pelicula, titulo, descripcion, poster_path, backdrop_path, trailer, anio_estreno, duracion) VALUES (8587, 'El rey león', 'La sabana africana es el escenario en el que tienen lugar las aventuras de Simba, un pequeño león que es el heredero del trono. Sin embargo, se ve forzado a exiliarse al ser injustamente acusado de la muerte de su padre. Durante su destierro, hará buenas amistades y, finalmente, regresará para recuperar lo que legítimamente le corresponde.', 'https://image.tmdb.org/t/p/original/b0MxU37dNmMwKtoPVYPKOZSIrIn.jpg', 'https://image.tmdb.org/t/p/original/q00H8EqULYSK74lgevMkhmGGLHn.jpg', 'https://www.youtube.com/watch?v=bjJvvrKl83M', 1994, 85);
INSERT OR REPLACE INTO Pelicula_Actor (id_pelicula, id_actor, personaje) VALUES (8587, 4756, 'Simba (voice)');
INSERT OR REPLACE INTO Pelicula_Actor (id_pelicula, id_actor, personaje) VALUES (8587, 20005, 'Nala (voice)');
INSERT OR REPLACE INTO Pelicula_Actor (id_pelicula, id_actor, personaje) VALUES (8587, 78729, 'Timon (voice)');
INSERT OR REPLACE INTO Pelicula_Actor (id_pelicula, id_actor, personaje) VALUES (8587, 69415, 'Pumbaa (voice)');
INSERT OR REPLACE INTO Pelicula_Actor (id_pelicula, id_actor, personaje) VALUES (8587, 15152, 'Mufasa (voice)');
INSERT OR IGNORE INTO Pelicula_Categoria (id_pelicula, id_categoria) VALUES (8587, 12);
INSERT OR IGNORE INTO Pelicula_Categoria (id_pelicula, id_categoria) VALUES (8587, 5);
INSERT OR IGNORE INTO Pelicula_Categoria (id_pelicula, id_categoria) VALUES (8587, 7);
INSERT OR IGNORE INTO Pelicula_Categoria (id_pelicula, id_categoria) VALUES (8587, 1);
INSERT OR IGNORE INTO Pelicula_Compania (id_pelicula, id_compania) VALUES (8587, undefined);
INSERT OR IGNORE INTO Pelicula_Coleccion (id_pelicula, id_coleccion) VALUES (8587, 94032);
-- Fin película: El rey león --
INSERT OR IGNORE INTO Actor (id_actor, nombre, foto_path) VALUES (1163030, 'Aras Bulut İynemli', 'https://image.tmdb.org/t/p/original/bAWgmcF26tPZv4gcwc9jmaNB9py.jpg');
INSERT OR IGNORE INTO Actor (id_actor, nombre, foto_path) VALUES (1985311, 'Nisa Sofiya Aksongur', 'https://image.tmdb.org/t/p/original/rGdkhirqwprZAJDlPTZiQgFY5rk.jpg');
INSERT OR IGNORE INTO Actor (id_actor, nombre, foto_path) VALUES (556113, 'İlker Aksum', 'https://image.tmdb.org/t/p/original/xb77wBCVcLJCmytM031xzXS7KWt.jpg');
INSERT OR IGNORE INTO Actor (id_actor, nombre, foto_path) VALUES (935344, 'Mesut Akusta', 'https://image.tmdb.org/t/p/original/6YIczTLrwCiohfQB6cSBcWxX57H.jpg');
INSERT OR IGNORE INTO Actor (id_actor, nombre, foto_path) VALUES (1948853, 'Yıldıray Şahinler', 'https://image.tmdb.org/t/p/original/4RVOox9vz1q9y0n6Cevw7klkH5t.jpg');
INSERT OR REPLACE INTO Pelicula (id_pelicula, titulo, descripcion, poster_path, backdrop_path, trailer, anio_estreno, duracion) VALUES (637920, 'Milagro en la celda 7', 'Un hombre con discapacidad intelectual es injustamente encarcelado por la muerte de una niña, y debe demostrar su inocencia para poder estar de nuevo con su hija.', 'https://image.tmdb.org/t/p/original/scxBIHaT1ZiPDPJu3vKd9Yn5gBA.jpg', 'https://image.tmdb.org/t/p/original/inEy3A5OPgeYW4rjRiGycfEeQzA.jpg', 'https://www.youtube.com/watch?v=W2CKOn6UPh8', 2019, 132);
INSERT OR REPLACE INTO Pelicula_Actor (id_pelicula, id_actor, personaje) VALUES (637920, 1163030, 'Memo');
INSERT OR REPLACE INTO Pelicula_Actor (id_pelicula, id_actor, personaje) VALUES (637920, 1985311, 'Ova');
INSERT OR REPLACE INTO Pelicula_Actor (id_pelicula, id_actor, personaje) VALUES (637920, 556113, 'Askorozlu');
INSERT OR REPLACE INTO Pelicula_Actor (id_pelicula, id_actor, personaje) VALUES (637920, 935344, 'Yusuf');
INSERT OR REPLACE INTO Pelicula_Actor (id_pelicula, id_actor, personaje) VALUES (637920, 1948853, 'Hafız');
INSERT OR IGNORE INTO Pelicula_Categoria (id_pelicula, id_categoria) VALUES (637920, 7);
INSERT OR IGNORE INTO Pelicula_Compania (id_pelicula, id_compania) VALUES (637920, undefined);
-- Fin película: Milagro en la celda 7 --
INSERT OR IGNORE INTO Actor (id_actor, nombre, foto_path) VALUES (1248374, 'Takuya Eguchi', 'https://image.tmdb.org/t/p/original/hPPhUp0mM65Lc87Q8WXUEmGQAXx.jpg');
INSERT OR IGNORE INTO Actor (id_actor, nombre, foto_path) VALUES (2019916, 'Masatomo Nakazawa', 'https://image.tmdb.org/t/p/original/3pezOVWCMKWdqAzwSo0eKNtso95.jpg');
INSERT OR IGNORE INTO Actor (id_actor, nombre, foto_path) VALUES (2157589, 'Shogo Yano', 'https://image.tmdb.org/t/p/original/kKN7qwnPCheARPuLZLYTUUj9A7Q.jpg');
INSERT OR IGNORE INTO Actor (id_actor, nombre, foto_path) VALUES (1492992, 'Yuma Uchida', 'https://image.tmdb.org/t/p/original/2otstbLfQ7MXuFt1X8MFOb4OIgd.jpg');
INSERT OR IGNORE INTO Actor (id_actor, nombre, foto_path) VALUES (1247778, 'Shintaro Asanuma', 'https://image.tmdb.org/t/p/original/5D2YC0c4zg9TXyOi0PpIXRugvzb.jpg');
INSERT OR REPLACE INTO Pelicula (id_pelicula, titulo, descripcion, poster_path, backdrop_path, trailer, anio_estreno, duracion) VALUES (632632, 'Given: The Movie', 'Después de la emisión del episodio final de la adaptación de anime de Given, la cuenta oficial de Twitter anunció que se lanzará una adaptación de largometraje en 2020, retomando directamente donde se detuvo la serie de televisión.  La historia se centra en Ritsuka, un guitarrista que ha perdido el interés por tocar. Un día, conoce a Mafuyu, que tiene una guitarra rota, y Ritsuka de mala gana comienza a enseñarle a Mafuyu a tocar la guitarra, pero cuando escucha la voz de Mafuyu, las cosas comienzan a cambiar de repente para Ritsuka.', 'https://image.tmdb.org/t/p/original/fsEq2LddodaHvhs4mTZAaqOV6sR.jpg', 'https://image.tmdb.org/t/p/original/9Xz0bzUFTVgDZd4WZz1cJDQjLkB.jpg', 'https://www.youtube.com/watch?v=dRReDgxaE74', 2020, 59);
INSERT OR REPLACE INTO Pelicula_Actor (id_pelicula, id_actor, personaje) VALUES (632632, 1248374, 'Akihiko Kaji (voice)');
INSERT OR REPLACE INTO Pelicula_Actor (id_pelicula, id_actor, personaje) VALUES (632632, 2019916, 'Haruki Nakayama (voice)');
INSERT OR REPLACE INTO Pelicula_Actor (id_pelicula, id_actor, personaje) VALUES (632632, 2157589, 'Mafuyu Satou (voice)');
INSERT OR REPLACE INTO Pelicula_Actor (id_pelicula, id_actor, personaje) VALUES (632632, 1492992, 'Ritsuka Uenoyama (voice)');
INSERT OR REPLACE INTO Pelicula_Actor (id_pelicula, id_actor, personaje) VALUES (632632, 1247778, 'Ugetsu Murata (voice)');
INSERT OR IGNORE INTO Pelicula_Categoria (id_pelicula, id_categoria) VALUES (632632, 5);
INSERT OR IGNORE INTO Pelicula_Categoria (id_pelicula, id_categoria) VALUES (632632, 7);
INSERT OR IGNORE INTO Pelicula_Categoria (id_pelicula, id_categoria) VALUES (632632, 11);
INSERT OR IGNORE INTO Pelicula_Categoria (id_pelicula, id_categoria) VALUES (632632, 10);
INSERT OR IGNORE INTO Pelicula_Compania (id_pelicula, id_compania) VALUES (632632, undefined);
INSERT OR IGNORE INTO Pelicula_Coleccion (id_pelicula, id_coleccion) VALUES (632632, 1389956);
-- Fin película: Given: The Movie --
INSERT OR IGNORE INTO Actor (id_actor, nombre, foto_path) VALUES (24495, 'Michel Constantin', 'https://image.tmdb.org/t/p/original/i0l8JqZVbQYILWSOTFDnlFyXiP7.jpg');
INSERT OR IGNORE INTO Actor (id_actor, nombre, foto_path) VALUES (103397, 'Jean Keraudy', 'https://image.tmdb.org/t/p/original/bb4FBj9koEbGCfFYzykw9TLIQ8N.jpg');
INSERT OR IGNORE INTO Actor (id_actor, nombre, foto_path) VALUES (25333, 'Philippe Leroy', 'https://image.tmdb.org/t/p/original/d4hTg6vJpsUuzDz8iByBXs6B3Mv.jpg');
INSERT OR IGNORE INTO Actor (id_actor, nombre, foto_path) VALUES (103398, 'Raymond Meunier', 'https://image.tmdb.org/t/p/original/vwtlx1ot45fduxnyRInhiMxnnvK.jpg');
INSERT OR IGNORE INTO Actor (id_actor, nombre, foto_path) VALUES (46936, 'Marc Michel', 'https://image.tmdb.org/t/p/original/b7QbG4DDom3uPv6FMaVgV9HlAAc.jpg');
INSERT OR REPLACE INTO Pelicula (id_pelicula, titulo, descripcion, poster_path, backdrop_path, trailer, anio_estreno, duracion) VALUES (29259, 'La evasión', 'Francia, 1947. Gaspard Claude ha sido acusado del intento de asesinato de su mujer, pero es inocente. Una vez en la cárcel, comparte celda con cuatro duros criminales que han decidido escapar de la prisión construyendo un laborioso túnel. A duras penas, convencen al joven para que se una al plan de fuga y participe en la construcción del túnel.', 'https://image.tmdb.org/t/p/original/Al1F9o6fDkOBRngeG2FTJ0f9xTv.jpg', 'https://image.tmdb.org/t/p/original/f72GEQF2lKsdmEULSI9bWCbQylH.jpg', '', 1960, 132);
INSERT OR REPLACE INTO Pelicula_Actor (id_pelicula, id_actor, personaje) VALUES (29259, 24495, 'Geo Cassine');
INSERT OR REPLACE INTO Pelicula_Actor (id_pelicula, id_actor, personaje) VALUES (29259, 103397, 'Roland Darban');
INSERT OR REPLACE INTO Pelicula_Actor (id_pelicula, id_actor, personaje) VALUES (29259, 25333, 'Manu Borelli');
INSERT OR REPLACE INTO Pelicula_Actor (id_pelicula, id_actor, personaje) VALUES (29259, 103398, 'Vossellin / Monseigneur');
INSERT OR REPLACE INTO Pelicula_Actor (id_pelicula, id_actor, personaje) VALUES (29259, 46936, 'Claude Gaspard');
INSERT OR IGNORE INTO Pelicula_Categoria (id_pelicula, id_categoria) VALUES (29259, 7);
INSERT OR IGNORE INTO Pelicula_Categoria (id_pelicula, id_categoria) VALUES (29259, 6);
INSERT OR IGNORE INTO Pelicula_Categoria (id_pelicula, id_categoria) VALUES (29259, 9);
INSERT OR IGNORE INTO Pelicula_Compania (id_pelicula, id_compania) VALUES (29259, undefined);
-- Fin película: La evasión --
INSERT OR IGNORE INTO Actor (id_actor, nombre, foto_path) VALUES (82702, 'Michael Jackson', 'https://image.tmdb.org/t/p/original/el5TjhUbhRMt20n1pXpObToxWMo.jpg');
INSERT OR IGNORE INTO Actor (id_actor, nombre, foto_path) VALUES (926, 'Ola Ray', 'https://image.tmdb.org/t/p/original/ii6baCrYqNXBMFmPuGaCiUYlwdM.jpg');
INSERT OR IGNORE INTO Actor (id_actor, nombre, foto_path) VALUES (1905, 'Vincent Price', 'https://image.tmdb.org/t/p/original/7JIv7U5kwveryP7hrPYgHlKea4d.jpg');
INSERT OR IGNORE INTO Actor (id_actor, nombre, foto_path) VALUES (99914, 'Cynthia Garris', 'https://image.tmdb.org/t/p/original/uAys5RtdP3e2cAGFZ0sL7ACAbdf.jpg');
INSERT OR IGNORE INTO Actor (id_actor, nombre, foto_path) VALUES (61824, 'Mick Garris', 'https://image.tmdb.org/t/p/original/tLozPAv9qM0hSpgbUF0Gt9T3Kqc.jpg');
INSERT OR REPLACE INTO Pelicula (id_pelicula, titulo, descripcion, poster_path, backdrop_path, trailer, anio_estreno, duracion) VALUES (92060, 'Michael Jackson''s Thriller', 'Tras asistir a la proyección de una película, una pareja es atacada por una horda de zombies hambrientos de sangre. Legendario videoclip musical, uno de los más influyentes jamás realizados, que contó con una versión corta y otra larga, de 13 min, y que cuenta con una historia narrativa además del número musical de Jackson. En 2009 fue seleccionado por la Biblioteca del Congreso de los Estados Unidos como una de las obras cinematográficas más relevantes de la historia, y en 2017 fue restaurado en 3D y proyectado en el Festival de Cine de Venecia, en una versión supervisada por el propio John Landis.', 'https://image.tmdb.org/t/p/original/dYHGoPMkZMVuBA4EydmDQMo1EEv.jpg', 'https://image.tmdb.org/t/p/original/aVefEnQsfNPUrgsuMszTDt165P0.jpg', '', 1983, 13);
INSERT OR REPLACE INTO Pelicula_Actor (id_pelicula, id_actor, personaje) VALUES (92060, 82702, 'Michael Jackson');
INSERT OR REPLACE INTO Pelicula_Actor (id_pelicula, id_actor, personaje) VALUES (92060, 926, 'Michael s Girlfriend');
INSERT OR REPLACE INTO Pelicula_Actor (id_pelicula, id_actor, personaje) VALUES (92060, 1905, 'Narrator (voice)');
INSERT OR REPLACE INTO Pelicula_Actor (id_pelicula, id_actor, personaje) VALUES (92060, 99914, 'Zombie (uncredited)');
INSERT OR REPLACE INTO Pelicula_Actor (id_pelicula, id_actor, personaje) VALUES (92060, 61824, 'Zombie (uncredited)');
INSERT OR IGNORE INTO Pelicula_Categoria (id_pelicula, id_categoria) VALUES (92060, 4);
INSERT OR IGNORE INTO Pelicula_Categoria (id_pelicula, id_categoria) VALUES (92060, 6);
INSERT OR IGNORE INTO Pelicula_Categoria (id_pelicula, id_categoria) VALUES (92060, 11);
INSERT OR IGNORE INTO Pelicula_Compania (id_pelicula, id_compania) VALUES (92060, undefined);
-- Fin película: Michael Jackson''s Thriller --
INSERT OR IGNORE INTO Actor (id_actor, nombre, foto_path) VALUES (1324666, 'Kaito Ishikawa', 'https://image.tmdb.org/t/p/original/fzjIkotjUHHs3wgftM9tqdsG8ph.jpg');
INSERT OR IGNORE INTO Actor (id_actor, nombre, foto_path) VALUES (1254672, 'Asami Seto', 'https://image.tmdb.org/t/p/original/iKKCPgKrNd4pJ0iBOC1SBZy2Y4Y.jpg');
INSERT OR IGNORE INTO Actor (id_actor, nombre, foto_path) VALUES (1325949, 'Inori Minase', 'https://image.tmdb.org/t/p/original/cqOrQDUbbQLKpujzcK47YqjFdNp.jpg');
INSERT OR IGNORE INTO Actor (id_actor, nombre, foto_path) VALUES (1168909, 'Nao Toyama', 'https://image.tmdb.org/t/p/original/6WJDd1z946yFfZBgpC7dWi0FyQw.jpg');
INSERT OR IGNORE INTO Actor (id_actor, nombre, foto_path) VALUES (1588597, 'Atsumi Tanezaki', 'https://image.tmdb.org/t/p/original/6tM8GU7QvrdUCvR4kxqVUZivtvO.jpg');
INSERT OR REPLACE INTO Pelicula (id_pelicula, titulo, descripcion, poster_path, backdrop_path, trailer, anio_estreno, duracion) VALUES (572154, 'Seishun Buta Yarou wa Yumemiru Shoujo no Yume wo Minai', 'En Fujisawa, donde los cielos son brillantes y los mares brillan, Sakuta Azusagawa está en su segundo año de secundaria. Sus días felices con su novia y estudiante de último año, Mai Sakurajima, se ven interrumpidos con la aparición de su primer amor, Shouko Makinohara. Por razones desconocidas, se encuentra con dos Shouko: una en la escuela secundaria y otra que se ha convertido en una adulta.  Cuando Sakuta se encuentra impotente viviendo con las dos Shouko, la versión adulta causa una gran grieta en su relación con Mai.  En medio de todo esto, descubre que la otra Shouko de escuela secundaria sufre de una enfermedad grave y su cicatriz comienza a latir ...', 'https://image.tmdb.org/t/p/original/2Tpyv4cwwyE2xV9bqx7DOWnUCZ5.jpg', 'https://image.tmdb.org/t/p/original/5MgMCnslrxQfOfaq6T5ndkLlcCk.jpg', '', 2019, 90);
INSERT OR REPLACE INTO Pelicula_Actor (id_pelicula, id_actor, personaje) VALUES (572154, 1324666, 'Sakuta Azusagawa (voice)');
INSERT OR REPLACE INTO Pelicula_Actor (id_pelicula, id_actor, personaje) VALUES (572154, 1254672, 'Mai Sakurajima (voice)');
INSERT OR REPLACE INTO Pelicula_Actor (id_pelicula, id_actor, personaje) VALUES (572154, 1325949, 'Shoko Makinohara (voice)');
INSERT OR REPLACE INTO Pelicula_Actor (id_pelicula, id_actor, personaje) VALUES (572154, 1168909, 'Tomoe Koga (voice)');
INSERT OR REPLACE INTO Pelicula_Actor (id_pelicula, id_actor, personaje) VALUES (572154, 1588597, 'Rio Futaba (voice)');
INSERT OR IGNORE INTO Pelicula_Categoria (id_pelicula, id_categoria) VALUES (572154, 5);
INSERT OR IGNORE INTO Pelicula_Categoria (id_pelicula, id_categoria) VALUES (572154, 10);
INSERT OR IGNORE INTO Pelicula_Categoria (id_pelicula, id_categoria) VALUES (572154, 7);
INSERT OR IGNORE INTO Pelicula_Categoria (id_pelicula, id_categoria) VALUES (572154, 3);
INSERT OR IGNORE INTO Pelicula_Compania (id_pelicula, id_compania) VALUES (572154, undefined);
INSERT OR IGNORE INTO Pelicula_Coleccion (id_pelicula, id_coleccion) VALUES (572154, 1073290);
-- Fin película: Seishun Buta Yarou wa Yumemiru Shoujo no Yume wo Minai --
INSERT OR IGNORE INTO Actor (id_actor, nombre, foto_path) VALUES (3129, 'Tim Roth', 'https://image.tmdb.org/t/p/original/qSizF2i9gz6c6DbAC5RoIq8sVqX.jpg');
INSERT OR IGNORE INTO Actor (id_actor, nombre, foto_path) VALUES (3201, 'Pruitt Taylor Vince', 'https://image.tmdb.org/t/p/original/jqC1v8tF92QcmkQycnaLSuJiQfl.jpg');
INSERT OR IGNORE INTO Actor (id_actor, nombre, foto_path) VALUES (59373, 'Mélanie Thierry', 'https://image.tmdb.org/t/p/original/bNXGy4D6PpDthKjjrzxwTbcHIeT.jpg');
INSERT OR IGNORE INTO Actor (id_actor, nombre, foto_path) VALUES (5502, 'Bill Nunn', 'https://image.tmdb.org/t/p/original/trxNvS6g5yvwbXzx2LK6JqutE5z.jpg');
INSERT OR IGNORE INTO Actor (id_actor, nombre, foto_path) VALUES (80503, 'Gabriele Lavia', 'https://image.tmdb.org/t/p/original/xjLiYd6fHszM8w5NiGBcSKd1mk9.jpg');
INSERT OR REPLACE INTO Pelicula (id_pelicula, titulo, descripcion, poster_path, backdrop_path, trailer, anio_estreno, duracion) VALUES (10376, 'La leyenda del pianista en el océano', 'Historia de un niño que fue abandonado sobre el piano del Virginia, un enorme trasatlántico. El niño es adoptado por un maquinista y le pone por nombre "Novecento", ya que lo encuentra justo en el cambio de siglo. Novecento se convertirá en un fabuloso pianista y amenizará las noches del Virginia. Pero nunca pisará tierra firme, ni tan sólo tras las súplicas de su amigo Max.', 'https://image.tmdb.org/t/p/original/td38NLfhvwotZhKKHGXd71BKiox.jpg', 'https://image.tmdb.org/t/p/original/muSeX7fnNw0pv4zHK7RSwZln6Hk.jpg', '', 1998, 125);
INSERT OR REPLACE INTO Pelicula_Actor (id_pelicula, id_actor, personaje) VALUES (10376, 3129, 'Danny Boodmann T.D. Lemon Nineteen Hundred '1900'');
INSERT OR REPLACE INTO Pelicula_Actor (id_pelicula, id_actor, personaje) VALUES (10376, 3201, 'Max Tooney');
INSERT OR REPLACE INTO Pelicula_Actor (id_pelicula, id_actor, personaje) VALUES (10376, 59373, 'The Girl');
INSERT OR REPLACE INTO Pelicula_Actor (id_pelicula, id_actor, personaje) VALUES (10376, 5502, 'Danny Boodmann');
INSERT OR REPLACE INTO Pelicula_Actor (id_pelicula, id_actor, personaje) VALUES (10376, 80503, 'Farmer');
INSERT OR IGNORE INTO Pelicula_Categoria (id_pelicula, id_categoria) VALUES (10376, 7);
INSERT OR IGNORE INTO Pelicula_Categoria (id_pelicula, id_categoria) VALUES (10376, 11);
INSERT OR IGNORE INTO Pelicula_Compania (id_pelicula, id_compania) VALUES (10376, undefined);
-- Fin película: La leyenda del pianista en el océano --
INSERT OR IGNORE INTO Actor (id_actor, nombre, foto_path) VALUES (1887455, 'Fin Argus', 'https://image.tmdb.org/t/p/original/3aDbVpQga0Bhcx7GGh3jKVaeJN6.jpg');
INSERT OR IGNORE INTO Actor (id_actor, nombre, foto_path) VALUES (1152083, 'Sabrina Carpenter', 'https://image.tmdb.org/t/p/original/uMY51wKvGLYulzqYUAfVyNcRvGh.jpg');
INSERT OR IGNORE INTO Actor (id_actor, nombre, foto_path) VALUES (1597855, 'Madison Iseman', 'https://image.tmdb.org/t/p/original/5JVhacnNhqLcWpGPH1fqL7Ovq7g.jpg');
INSERT OR IGNORE INTO Actor (id_actor, nombre, foto_path) VALUES (9206, 'Neve Campbell', 'https://image.tmdb.org/t/p/original/eojcMcfl7fZbvElRSg89r7zyFfY.jpg');
INSERT OR IGNORE INTO Actor (id_actor, nombre, foto_path) VALUES (16857, 'Tom Everett Scott', 'https://image.tmdb.org/t/p/original/nVDihOvsSm7kmeyHLtAcEzrrSYC.jpg');
INSERT OR REPLACE INTO Pelicula (id_pelicula, titulo, descripcion, poster_path, backdrop_path, trailer, anio_estreno, duracion) VALUES (630566, 'Clouds', 'En esta inspiradora historia basada en hechos reales, el joven músico Zach Sobiech descubre que su cáncer se ha extendido y que le quedan pocos meses de vida. A pesar de eso, decide cumplir su sueño de grabar un álbum, sin saber que pronto se convertirá en un fenómeno viral. Al final, la música le da un nuevo sentido a la vida de Zach y le ayuda a despedirse de todos... con una canción que acabará escuchándose en todo el mundo.', 'https://image.tmdb.org/t/p/original/d0OdD1I8qAfETvE9Rp9Voq7R8LR.jpg', 'https://image.tmdb.org/t/p/original/L7DIiAdP8DnNqOh7454ZrTYspR.jpg', 'https://www.youtube.com/watch?v=F4L06-CfxVs', 2020, 121);
INSERT OR REPLACE INTO Pelicula_Actor (id_pelicula, id_actor, personaje) VALUES (630566, 1887455, 'Zach Sobiech');
INSERT OR REPLACE INTO Pelicula_Actor (id_pelicula, id_actor, personaje) VALUES (630566, 1152083, 'Sammy');
INSERT OR REPLACE INTO Pelicula_Actor (id_pelicula, id_actor, personaje) VALUES (630566, 1597855, 'Amy');
INSERT OR REPLACE INTO Pelicula_Actor (id_pelicula, id_actor, personaje) VALUES (630566, 9206, 'Laura Sobiech');
INSERT OR REPLACE INTO Pelicula_Actor (id_pelicula, id_actor, personaje) VALUES (630566, 16857, 'Rob Sobiech');
INSERT OR IGNORE INTO Pelicula_Categoria (id_pelicula, id_categoria) VALUES (630566, 11);
INSERT OR IGNORE INTO Pelicula_Categoria (id_pelicula, id_categoria) VALUES (630566, 7);
INSERT OR IGNORE INTO Pelicula_Categoria (id_pelicula, id_categoria) VALUES (630566, 10);
INSERT OR IGNORE INTO Pelicula_Compania (id_pelicula, id_compania) VALUES (630566, undefined);
-- Fin película: Clouds --
INSERT OR IGNORE INTO Actor (id_actor, nombre, foto_path) VALUES (212208, 'Taylor Swift', 'https://image.tmdb.org/t/p/original/nLTQ6yuYDQAKExQtE4pbI84YiYl.jpg');
INSERT OR IGNORE INTO Actor (id_actor, nombre, foto_path) VALUES (1529997, 'Charli xcx', 'https://image.tmdb.org/t/p/original/mUGMrA4PZg5QEBNtj5BfTsTJM8g.jpg');
INSERT OR IGNORE INTO Actor (id_actor, nombre, foto_path) VALUES (1911673, 'Camila Cabello', 'https://image.tmdb.org/t/p/original/A2ydvwkjE6d85kU9J2xFXpP2RQC.jpg');
INSERT OR IGNORE INTO Actor (id_actor, nombre, foto_path) VALUES (96092, 'David Cook', 'https://image.tmdb.org/t/p/original/4CqNf3EZ58ro3S8vKmbaPEsSJaz.jpg');
INSERT OR IGNORE INTO Actor (id_actor, nombre, foto_path) VALUES (1448505, 'Amos Heller', 'https://image.tmdb.org/t/p/original/eovE2w7vdl2NoNhc4JIhKgQwKD1.jpg');
INSERT OR REPLACE INTO Pelicula (id_pelicula, titulo, descripcion, poster_path, backdrop_path, trailer, anio_estreno, duracion) VALUES (568332, 'Taylor Swift: Gira de estadios Reputation', 'Taylor Swift se sube al escenario en Dallas durante su Reputation Stadium Tour y festeja una gran noche de música, recuerdos y magia visual.', 'https://image.tmdb.org/t/p/original/u6oXUTtOuJRPdUgUuPAVVJPSKCo.jpg', 'https://image.tmdb.org/t/p/original/4uMrZS7XEHRNKwHr5wSOxROanPF.jpg', '', 2018, 125);
INSERT OR REPLACE INTO Pelicula_Actor (id_pelicula, id_actor, personaje) VALUES (568332, 212208, 'Self');
INSERT OR REPLACE INTO Pelicula_Actor (id_pelicula, id_actor, personaje) VALUES (568332, 1529997, 'Self');
INSERT OR REPLACE INTO Pelicula_Actor (id_pelicula, id_actor, personaje) VALUES (568332, 1911673, 'Self');
INSERT OR REPLACE INTO Pelicula_Actor (id_pelicula, id_actor, personaje) VALUES (568332, 96092, 'Self');
INSERT OR REPLACE INTO Pelicula_Actor (id_pelicula, id_actor, personaje) VALUES (568332, 1448505, 'Self');
INSERT OR IGNORE INTO Pelicula_Categoria (id_pelicula, id_categoria) VALUES (568332, 11);
INSERT OR IGNORE INTO Pelicula_Compania (id_pelicula, id_compania) VALUES (568332, undefined);
-- Fin película: Taylor Swift: Gira de estadios Reputation --
INSERT OR IGNORE INTO Actor (id_actor, nombre, foto_path) VALUES (120724, 'Jaden Smith', 'https://image.tmdb.org/t/p/original/1SL4I3yUvIjzeBzURzyMlQZgN2o.jpg');
INSERT OR IGNORE INTO Actor (id_actor, nombre, foto_path) VALUES (1289968, 'Cara Delevingne', 'https://image.tmdb.org/t/p/original/izZ8IbsIjNpjZ5S0HIYreVwVRzn.jpg');
INSERT OR IGNORE INTO Actor (id_actor, nombre, foto_path) VALUES (9777, 'Cuba Gooding Jr.', 'https://image.tmdb.org/t/p/original/2JguzbpOXoTGzSmLbWFlulKyyAe.jpg');
INSERT OR IGNORE INTO Actor (id_actor, nombre, foto_path) VALUES (1260036, 'Chris D''Elia', 'https://image.tmdb.org/t/p/original/hfstFQUoIeOidHTHX9UHIGRTrmc.jpg');
INSERT OR IGNORE INTO Actor (id_actor, nombre, foto_path) VALUES (1795840, 'JT Neal', 'https://image.tmdb.org/t/p/original/619XoheJeeajNAUQd9hwnPSoUCB.jpg');
INSERT OR REPLACE INTO Pelicula (id_pelicula, titulo, descripcion, poster_path, backdrop_path, trailer, anio_estreno, duracion) VALUES (447362, 'Toda una vida en un año', 'Sigue a Daryn, un adolescente de 17 años que tras descubrir que su novia se está muriendo, decide entregarse por completo a ella en lo que le reste de vida.', 'https://image.tmdb.org/t/p/original/xGDbQI7Gtgurt9W5ez6Tim2lpS2.jpg', 'https://image.tmdb.org/t/p/original/u6aGN71Hx39iX8Uv4ILRRKHmAXc.jpg', 'https://www.youtube.com/watch?v=xvFYsCp4r94', 2020, 107);
INSERT OR REPLACE INTO Pelicula_Actor (id_pelicula, id_actor, personaje) VALUES (447362, 120724, 'Daryn');
INSERT OR REPLACE INTO Pelicula_Actor (id_pelicula, id_actor, personaje) VALUES (447362, 1289968, 'Isabelle');
INSERT OR REPLACE INTO Pelicula_Actor (id_pelicula, id_actor, personaje) VALUES (447362, 9777, 'Xavier');
INSERT OR REPLACE INTO Pelicula_Actor (id_pelicula, id_actor, personaje) VALUES (447362, 1260036, 'Phil');
INSERT OR REPLACE INTO Pelicula_Actor (id_pelicula, id_actor, personaje) VALUES (447362, 1795840, 'Sammy');
INSERT OR IGNORE INTO Pelicula_Categoria (id_pelicula, id_categoria) VALUES (447362, 7);
INSERT OR IGNORE INTO Pelicula_Categoria (id_pelicula, id_categoria) VALUES (447362, 10);
INSERT OR IGNORE INTO Pelicula_Compania (id_pelicula, id_compania) VALUES (447362, undefined);
-- Fin película: Toda una vida en un año --
INSERT OR IGNORE INTO Actor (id_actor, nombre, foto_path) VALUES (64880, '최민식', 'https://image.tmdb.org/t/p/original/sd7gIA6nEkq6zumkDCfxSE0YSSV.jpg');
INSERT OR IGNORE INTO Actor (id_actor, nombre, foto_path) VALUES (10112, '유지태', 'https://image.tmdb.org/t/p/original/gGGV2gc0orgssYJ0Q9MSomdYo2I.jpg');
INSERT OR IGNORE INTO Actor (id_actor, nombre, foto_path) VALUES (1299317, '강혜정', 'https://image.tmdb.org/t/p/original/5YxhugLcecdEvnxmHTFRdafbywX.jpg');
INSERT OR IGNORE INTO Actor (id_actor, nombre, foto_path) VALUES (77182, '김병옥', 'https://image.tmdb.org/t/p/original/oGVs2OmYTyXR0KT9xvzVWCAKx8t.jpg');
INSERT OR IGNORE INTO Actor (id_actor, nombre, foto_path) VALUES (77180, '지대한', 'https://image.tmdb.org/t/p/original/9aoOX8p2oxUAwOaT8jT6GWfjs01.jpg');
INSERT OR REPLACE INTO Pelicula (id_pelicula, titulo, descripcion, poster_path, backdrop_path, trailer, anio_estreno, duracion) VALUES (670, 'Old Boy', 'Sin tener idea de cómo llegó a ser encarcelado, drogado y torturado durante 15 años, un hombre desesperado busca vengarse de sus captores.', 'https://image.tmdb.org/t/p/original/45kRW1xgTq3QrZltL9mY9e9iYkH.jpg', 'https://image.tmdb.org/t/p/original/sdwjQEM869JFwMytTmvr6ggvaUl.jpg', 'https://www.youtube.com/watch?v=-W8cPij0HgA', 2003, 119);
INSERT OR REPLACE INTO Pelicula_Actor (id_pelicula, id_actor, personaje) VALUES (670, 64880, 'Oh Dae-Su');
INSERT OR REPLACE INTO Pelicula_Actor (id_pelicula, id_actor, personaje) VALUES (670, 10112, 'Lee Woo-jin');
INSERT OR REPLACE INTO Pelicula_Actor (id_pelicula, id_actor, personaje) VALUES (670, 1299317, 'Mi-do');
INSERT OR REPLACE INTO Pelicula_Actor (id_pelicula, id_actor, personaje) VALUES (670, 77182, 'Mr. Han');
INSERT OR REPLACE INTO Pelicula_Actor (id_pelicula, id_actor, personaje) VALUES (670, 77180, 'No Joo-hwan');
INSERT OR IGNORE INTO Pelicula_Categoria (id_pelicula, id_categoria) VALUES (670, 7);
INSERT OR IGNORE INTO Pelicula_Categoria (id_pelicula, id_categoria) VALUES (670, 6);
INSERT OR IGNORE INTO Pelicula_Categoria (id_pelicula, id_categoria) VALUES (670, 1);
INSERT OR IGNORE INTO Pelicula_Categoria (id_pelicula, id_categoria) VALUES (670, 5);
INSERT OR IGNORE INTO Pelicula_Compania (id_pelicula, id_compania) VALUES (670, undefined);
-- Fin película: Old Boy --
INSERT OR IGNORE INTO Actor (id_actor, nombre, foto_path) VALUES (1318732, '高杉真宙', 'https://image.tmdb.org/t/p/original/gP5lShrAl4ovliqAqJQTgrTeEwz.jpg');
INSERT OR IGNORE INTO Actor (id_actor, nombre, foto_path) VALUES (1691384, 'Lynn', 'https://image.tmdb.org/t/p/original/eJ2NqgzpnzNbT6Nt9EpDfzqNeZM.jpg');
INSERT OR IGNORE INTO Actor (id_actor, nombre, foto_path) VALUES (1287794, 'Yukiyo Fujii', 'https://image.tmdb.org/t/p/original/tLG4K1iix3QNHFexf98mrZ25jT6.jpg');
INSERT OR IGNORE INTO Actor (id_actor, nombre, foto_path) VALUES (1492992, 'Yuma Uchida', 'https://image.tmdb.org/t/p/original/2otstbLfQ7MXuFt1X8MFOb4OIgd.jpg');
INSERT OR IGNORE INTO Actor (id_actor, nombre, foto_path) VALUES (115301, 'Jun Fukushima', 'https://image.tmdb.org/t/p/original/xo2A4cr8TnhC9rLFxSQvhwCbIOw.jpg');
INSERT OR REPLACE INTO Pelicula (id_pelicula, titulo, descripcion, poster_path, backdrop_path, trailer, anio_estreno, duracion) VALUES (504253, 'Quiero comerme tu páncreas', 'Un estudiante descubre el diario de su compañera Sakura, quien padece una enfermedad terminal. Al ser el único fuera de su familia que lo sabe, decide apoyarla y compartir tiempo con ella en sus últimos meses.', 'https://image.tmdb.org/t/p/original/1rgR2oMVFuk4ltx6tYXYskPaA6Y.jpg', 'https://image.tmdb.org/t/p/original/YLyORLsYIjC0d1TFBSpJKk7piP.jpg', 'https://www.youtube.com/watch?v=52zzjLsb2Bo', 2018, 109);
INSERT OR REPLACE INTO Pelicula_Actor (id_pelicula, id_actor, personaje) VALUES (504253, 1318732, 'Haruki Shiga (voice)');
INSERT OR REPLACE INTO Pelicula_Actor (id_pelicula, id_actor, personaje) VALUES (504253, 1691384, 'Sakura Yamauchi (voice)');
INSERT OR REPLACE INTO Pelicula_Actor (id_pelicula, id_actor, personaje) VALUES (504253, 1287794, 'Kyoko Takimoto (voice)');
INSERT OR REPLACE INTO Pelicula_Actor (id_pelicula, id_actor, personaje) VALUES (504253, 1492992, 'Takahiro (voice)');
INSERT OR REPLACE INTO Pelicula_Actor (id_pelicula, id_actor, personaje) VALUES (504253, 115301, 'Issei Miyata (voice)');
INSERT OR IGNORE INTO Pelicula_Categoria (id_pelicula, id_categoria) VALUES (504253, 5);
INSERT OR IGNORE INTO Pelicula_Categoria (id_pelicula, id_categoria) VALUES (504253, 7);
INSERT OR IGNORE INTO Pelicula_Categoria (id_pelicula, id_categoria) VALUES (504253, 10);
INSERT OR IGNORE INTO Pelicula_Compania (id_pelicula, id_compania) VALUES (504253, undefined);
-- Fin película: Quiero comerme tu páncreas --
INSERT OR IGNORE INTO Actor (id_actor, nombre, foto_path) VALUES (6384, 'Keanu Reeves', 'https://image.tmdb.org/t/p/original/8RZLOyYGsoRe9p44q3xin9QkMHv.jpg');
INSERT OR IGNORE INTO Actor (id_actor, nombre, foto_path) VALUES (2975, 'Laurence Fishburne', 'https://image.tmdb.org/t/p/original/2GbXERENPpl5MmlqOLlPVaVtifD.jpg');
INSERT OR IGNORE INTO Actor (id_actor, nombre, foto_path) VALUES (530, 'Carrie-Anne Moss', 'https://image.tmdb.org/t/p/original/xD4jTA3KmVp5Rq3aHcymL9DUGjD.jpg');
INSERT OR IGNORE INTO Actor (id_actor, nombre, foto_path) VALUES (1331, 'Hugo Weaving', 'https://image.tmdb.org/t/p/original/t4ScpYIHlXVD41scEyiGdQDYflX.jpg');
INSERT OR IGNORE INTO Actor (id_actor, nombre, foto_path) VALUES (9364, 'Gloria Foster', 'https://image.tmdb.org/t/p/original/AriGXtC9fjBOia9Zr8CZjn4o3rx.jpg');
INSERT OR REPLACE INTO Pelicula (id_pelicula, titulo, descripcion, poster_path, backdrop_path, trailer, anio_estreno, duracion) VALUES (603, 'Matrix', 'Thomas Anderson lleva una doble vida: por el día es programador en una importante empresa de software, y por la noche un hacker informático llamado Neo. Su vida no volverá a ser igual cuando unos misteriosos personajes le inviten a descubrir la respuesta a la pregunta que no le deja dormir: ¿qué es Matrix?', 'https://image.tmdb.org/t/p/original/ejmTPNAkgZaVJ4AI9zb9SehAYU0.jpg', 'https://image.tmdb.org/t/p/original/tlm8UkiQsitc8rSuIAscQDCnP8d.jpg', 'https://www.youtube.com/watch?v=Zd8Jw1Z_j4w', 1999, 138);
INSERT OR REPLACE INTO Pelicula_Actor (id_pelicula, id_actor, personaje) VALUES (603, 6384, 'Neo');
INSERT OR REPLACE INTO Pelicula_Actor (id_pelicula, id_actor, personaje) VALUES (603, 2975, 'Morpheus');
INSERT OR REPLACE INTO Pelicula_Actor (id_pelicula, id_actor, personaje) VALUES (603, 530, 'Trinity');
INSERT OR REPLACE INTO Pelicula_Actor (id_pelicula, id_actor, personaje) VALUES (603, 1331, 'Agent Smith');
INSERT OR REPLACE INTO Pelicula_Actor (id_pelicula, id_actor, personaje) VALUES (603, 9364, 'Oracle');
INSERT OR IGNORE INTO Pelicula_Categoria (id_pelicula, id_categoria) VALUES (603, 5);
INSERT OR IGNORE INTO Pelicula_Categoria (id_pelicula, id_categoria) VALUES (603, 3);
INSERT OR IGNORE INTO Pelicula_Compania (id_pelicula, id_compania) VALUES (603, undefined);
INSERT OR IGNORE INTO Pelicula_Coleccion (id_pelicula, id_coleccion) VALUES (603, 2344);
-- Fin película: Matrix --
INSERT OR IGNORE INTO Actor (id_actor, nombre, foto_path) VALUES (3223, 'Robert Downey Jr.', 'https://image.tmdb.org/t/p/original/5qHNjhtjMD4YWH3UP0rm4tKwxCL.jpg');
INSERT OR IGNORE INTO Actor (id_actor, nombre, foto_path) VALUES (16828, 'Chris Evans', 'https://image.tmdb.org/t/p/original/3bOGNsHlrswhyW79uvIHH1V43JI.jpg');
INSERT OR IGNORE INTO Actor (id_actor, nombre, foto_path) VALUES (103, 'Mark Ruffalo', 'https://image.tmdb.org/t/p/original/5GilHMOt5PAQh6rlUKZzGmaKEI7.jpg');
INSERT OR IGNORE INTO Actor (id_actor, nombre, foto_path) VALUES (74568, 'Chris Hemsworth', 'https://image.tmdb.org/t/p/original/piQGdoIQOF3C1EI5cbYZLAW1gfj.jpg');
INSERT OR IGNORE INTO Actor (id_actor, nombre, foto_path) VALUES (1245, 'Scarlett Johansson', 'https://image.tmdb.org/t/p/original/sRjg0DbiA5DElSr3g3SSR4EArL8.jpg');
INSERT OR REPLACE INTO Pelicula (id_pelicula, titulo, descripcion, poster_path, backdrop_path, trailer, anio_estreno, duracion) VALUES (299534, 'Vengadores: Endgame', 'Tras el chasquido de Thanos que eliminó a la mitad de la vida en el universo, los Vengadores supervivientes quedan devastados y divididos. Cinco años después, una inesperada oportunidad les permite intentar revertir la catástrofe. Reuniéndose una vez más, los héroes emprenden una misión extrema que los obliga a viajar al pasado, enfrentarse a sus propias pérdidas y hacer sacrificios definitivos para restaurar el equilibrio del universo.', 'https://image.tmdb.org/t/p/original/br6krBFpaYmCSglLBWRuhui7tPc.jpg', 'https://image.tmdb.org/t/p/original/7RyHsO4yDXtBv1zUU3mTpHeQ0d5.jpg', 'https://www.youtube.com/watch?v=UQ3bqYKnyhM', 2019, 181);
INSERT OR REPLACE INTO Pelicula_Actor (id_pelicula, id_actor, personaje) VALUES (299534, 3223, 'Tony Stark / Iron Man');
INSERT OR REPLACE INTO Pelicula_Actor (id_pelicula, id_actor, personaje) VALUES (299534, 16828, 'Steve Rogers / Captain America');
INSERT OR REPLACE INTO Pelicula_Actor (id_pelicula, id_actor, personaje) VALUES (299534, 103, 'Bruce Banner / Hulk');
INSERT OR REPLACE INTO Pelicula_Actor (id_pelicula, id_actor, personaje) VALUES (299534, 74568, 'Thor');
INSERT OR REPLACE INTO Pelicula_Actor (id_pelicula, id_actor, personaje) VALUES (299534, 1245, 'Natasha Romanoff / Black Widow');
INSERT OR IGNORE INTO Pelicula_Categoria (id_pelicula, id_categoria) VALUES (299534, 1);
INSERT OR IGNORE INTO Pelicula_Categoria (id_pelicula, id_categoria) VALUES (299534, 3);
INSERT OR IGNORE INTO Pelicula_Categoria (id_pelicula, id_categoria) VALUES (299534, 5);
INSERT OR IGNORE INTO Pelicula_Compania (id_pelicula, id_compania) VALUES (299534, undefined);
INSERT OR IGNORE INTO Pelicula_Coleccion (id_pelicula, id_coleccion) VALUES (299534, 86311);
-- Fin película: Vengadores: Endgame --
INSERT OR IGNORE INTO Actor (id_actor, nombre, foto_path) VALUES (3223, 'Robert Downey Jr.', 'https://image.tmdb.org/t/p/original/5qHNjhtjMD4YWH3UP0rm4tKwxCL.jpg');
INSERT OR IGNORE INTO Actor (id_actor, nombre, foto_path) VALUES (16828, 'Chris Evans', 'https://image.tmdb.org/t/p/original/3bOGNsHlrswhyW79uvIHH1V43JI.jpg');
INSERT OR IGNORE INTO Actor (id_actor, nombre, foto_path) VALUES (74568, 'Chris Hemsworth', 'https://image.tmdb.org/t/p/original/piQGdoIQOF3C1EI5cbYZLAW1gfj.jpg');
INSERT OR IGNORE INTO Actor (id_actor, nombre, foto_path) VALUES (16851, 'Josh Brolin', 'https://image.tmdb.org/t/p/original/sX2etBbIkxRaCsATyw5ZpOVMPTD.jpg');
INSERT OR IGNORE INTO Actor (id_actor, nombre, foto_path) VALUES (103, 'Mark Ruffalo', 'https://image.tmdb.org/t/p/original/5GilHMOt5PAQh6rlUKZzGmaKEI7.jpg');
INSERT OR REPLACE INTO Pelicula (id_pelicula, titulo, descripcion, poster_path, backdrop_path, trailer, anio_estreno, duracion) VALUES (299536, 'Vengadores: Infinity War', 'El todopoderoso Thanos ha despertado con la promesa de arrasar con todo a su paso, portando el Guantelete del Infinito, que le confiere un poder incalculable. Los únicos capaces de pararle los pies son los Vengadores y el resto de superhéroes de la galaxia, que deberán estar dispuestos a sacrificarlo todo por un bien mayor. Capitán América e Ironman deberán limar sus diferencias, Black Panther apoyará con sus tropas desde Wakanda, Thor y los Guardianes de la Galaxia e incluso Spider-Man se unirán antes de que los planes de devastación y ruina pongan fin al universo. ¿Serán capaces de frenar el avance del titán del caos?', 'https://image.tmdb.org/t/p/original/ksBQ4oHQDdJwND8H90ay8CbMihU.jpg', 'https://image.tmdb.org/t/p/original/mDfJG3LC3Dqb67AZ52x3Z0jU0uB.jpg', 'https://www.youtube.com/watch?v=-f5PwE_Q8Fs', 2018, 149);
INSERT OR REPLACE INTO Pelicula_Actor (id_pelicula, id_actor, personaje) VALUES (299536, 3223, 'Tony Stark / Iron Man');
INSERT OR REPLACE INTO Pelicula_Actor (id_pelicula, id_actor, personaje) VALUES (299536, 16828, 'Steve Rogers / Captain America');
INSERT OR REPLACE INTO Pelicula_Actor (id_pelicula, id_actor, personaje) VALUES (299536, 74568, 'Thor');
INSERT OR REPLACE INTO Pelicula_Actor (id_pelicula, id_actor, personaje) VALUES (299536, 16851, 'Thanos');
INSERT OR REPLACE INTO Pelicula_Actor (id_pelicula, id_actor, personaje) VALUES (299536, 103, 'Bruce Banner / Hulk');
INSERT OR IGNORE INTO Pelicula_Categoria (id_pelicula, id_categoria) VALUES (299536, 1);
INSERT OR IGNORE INTO Pelicula_Categoria (id_pelicula, id_categoria) VALUES (299536, 5);
INSERT OR IGNORE INTO Pelicula_Categoria (id_pelicula, id_categoria) VALUES (299536, 3);
INSERT OR IGNORE INTO Pelicula_Compania (id_pelicula, id_compania) VALUES (299536, undefined);
INSERT OR IGNORE INTO Pelicula_Coleccion (id_pelicula, id_coleccion) VALUES (299536, 86311);
-- Fin película: Vengadores: Infinity War --
INSERT OR IGNORE INTO Actor (id_actor, nombre, foto_path) VALUES (2248083, 'Aspen Kennedy Wilson', 'https://image.tmdb.org/t/p/original/vddgqMB5s47qGQtOXb9gwYGO3k8.jpg');
INSERT OR IGNORE INTO Actor (id_actor, nombre, foto_path) VALUES (1498038, 'Priscilla C. Shirer', 'https://image.tmdb.org/t/p/original/n47Ov2aNybcTssdNAaJaT6B173C.jpg');
INSERT OR IGNORE INTO Actor (id_actor, nombre, foto_path) VALUES (169396, 'Cameron Arnett', 'https://image.tmdb.org/t/p/original/r9JFN7CyYzybehriG8vB0F7280n.jpg');
INSERT OR IGNORE INTO Actor (id_actor, nombre, foto_path) VALUES (167132, 'Karen Abercrombie', 'https://image.tmdb.org/t/p/original/yDTPfrVXge69QZo8hc8GTDPnW9U.jpg');
INSERT OR IGNORE INTO Actor (id_actor, nombre, foto_path) VALUES (525138, 'T.C. Stallings', 'https://image.tmdb.org/t/p/original/wwEICxvAoZkL6WrTl4ABMhlfPEM.jpg');
INSERT OR REPLACE INTO Pelicula (id_pelicula, titulo, descripcion, poster_path, backdrop_path, trailer, anio_estreno, duracion) VALUES (1186532, 'La fragua', 'Isaiah Wright aún tiene que madurar. Tras graduarse en el instituto sin ningún plan para el futuro, Isaiah recibe un empujón para empezar a tomar mejores decisiones en la vida. El plan de Dios para él es mucho mayor de lo que jamás hubiera imaginado.', 'https://image.tmdb.org/t/p/original/loYpxub1ZZVmI4JzPC0jLkerq3g.jpg', 'https://image.tmdb.org/t/p/original/18X5mXS1SpQy5rygEcpbmzUdkVP.jpg', '', 2024, 123);
INSERT OR REPLACE INTO Pelicula_Actor (id_pelicula, id_actor, personaje) VALUES (1186532, 2248083, 'Isaiah Wright');
INSERT OR REPLACE INTO Pelicula_Actor (id_pelicula, id_actor, personaje) VALUES (1186532, 1498038, 'Cynthia Wright');
INSERT OR REPLACE INTO Pelicula_Actor (id_pelicula, id_actor, personaje) VALUES (1186532, 169396, 'Joshua');
INSERT OR REPLACE INTO Pelicula_Actor (id_pelicula, id_actor, personaje) VALUES (1186532, 167132, 'Miss Clara');
INSERT OR REPLACE INTO Pelicula_Actor (id_pelicula, id_actor, personaje) VALUES (1186532, 525138, 'Tony Jordan');
INSERT OR IGNORE INTO Pelicula_Categoria (id_pelicula, id_categoria) VALUES (1186532, 7);
INSERT OR IGNORE INTO Pelicula_Categoria (id_pelicula, id_categoria) VALUES (1186532, 12);
INSERT OR IGNORE INTO Pelicula_Compania (id_pelicula, id_compania) VALUES (1186532, undefined);
-- Fin película: La fragua --
INSERT OR IGNORE INTO Actor (id_actor, nombre, foto_path) VALUES (17881, 'Jason Schwartzman', 'https://image.tmdb.org/t/p/original/gCjMdmW1DiPAClHVl4zHEIffIsE.jpg');
INSERT OR IGNORE INTO Actor (id_actor, nombre, foto_path) VALUES (18999, 'J.K. Simmons', 'https://image.tmdb.org/t/p/original/ScmKoJ9eiSUOthAt1PDNLi8Fkw.jpg');
INSERT OR IGNORE INTO Actor (id_actor, nombre, foto_path) VALUES (80591, 'Rashida Jones', 'https://image.tmdb.org/t/p/original/cgWGm9eYCretBWeljPVtpRV7n6V.jpg');
INSERT OR IGNORE INTO Actor (id_actor, nombre, foto_path) VALUES (3234, 'Joan Cusack', 'https://image.tmdb.org/t/p/original/ytjiXEqnaEYtS7XkYmoUXPrZCm5.jpg');
INSERT OR IGNORE INTO Actor (id_actor, nombre, foto_path) VALUES (77075, 'Norm Macdonald', 'https://image.tmdb.org/t/p/original/pGOpdt9Xy9YO2nUEWgp8G89KC5r.jpg');
INSERT OR REPLACE INTO Pelicula (id_pelicula, titulo, descripcion, poster_path, backdrop_path, trailer, anio_estreno, duracion) VALUES (508965, 'Klaus', 'Un cartero egoísta y un juguetero huraño forjan una amistad muy especial, que sembrará la alegría en un pueblo frío y oscuro.', 'https://image.tmdb.org/t/p/original/aLniylyJlbXEdxvaGSuQkRACWUx.jpg', 'https://image.tmdb.org/t/p/original/cYQvXNPZLow73lhspVQ7CYlT3Mi.jpg', 'https://www.youtube.com/watch?v=F74gWXU5ZXE', 2019, 97);
INSERT OR REPLACE INTO Pelicula_Actor (id_pelicula, id_actor, personaje) VALUES (508965, 17881, 'Jesper (voice)');
INSERT OR REPLACE INTO Pelicula_Actor (id_pelicula, id_actor, personaje) VALUES (508965, 18999, 'Klaus (voice)');
INSERT OR REPLACE INTO Pelicula_Actor (id_pelicula, id_actor, personaje) VALUES (508965, 80591, 'Alva (voice)');
INSERT OR REPLACE INTO Pelicula_Actor (id_pelicula, id_actor, personaje) VALUES (508965, 3234, 'Mrs. Krum (voice)');
INSERT OR REPLACE INTO Pelicula_Actor (id_pelicula, id_actor, personaje) VALUES (508965, 77075, 'Mogens (voice)');
INSERT OR IGNORE INTO Pelicula_Categoria (id_pelicula, id_categoria) VALUES (508965, 5);
INSERT OR IGNORE INTO Pelicula_Categoria (id_pelicula, id_categoria) VALUES (508965, 12);
INSERT OR IGNORE INTO Pelicula_Categoria (id_pelicula, id_categoria) VALUES (508965, 1);
INSERT OR IGNORE INTO Pelicula_Categoria (id_pelicula, id_categoria) VALUES (508965, 12);
INSERT OR IGNORE INTO Pelicula_Categoria (id_pelicula, id_categoria) VALUES (508965, 3);
INSERT OR IGNORE INTO Pelicula_Compania (id_pelicula, id_compania) VALUES (508965, undefined);
-- Fin película: Klaus --
INSERT OR IGNORE INTO Actor (id_actor, nombre, foto_path) VALUES (110, 'Viggo Mortensen', 'https://image.tmdb.org/t/p/original/vH5gVSpHAMhDaFWfh0Q7BG61O1y.jpg');
INSERT OR IGNORE INTO Actor (id_actor, nombre, foto_path) VALUES (932967, 'Mahershala Ali', 'https://image.tmdb.org/t/p/original/9ZmSejm5lnUVY5IJ1iNx2QEjnHb.jpg');
INSERT OR IGNORE INTO Actor (id_actor, nombre, foto_path) VALUES (1817, 'Linda Cardellini', 'https://image.tmdb.org/t/p/original/bcycvynDprC1rrhBNrnBjn5uOUd.jpg');
INSERT OR IGNORE INTO Actor (id_actor, nombre, foto_path) VALUES (299743, 'Sebastian Maniscalco', 'https://image.tmdb.org/t/p/original/8TvA9HEwURJmY9MkkUruB4Sl0lR.jpg');
INSERT OR IGNORE INTO Actor (id_actor, nombre, foto_path) VALUES (1613744, 'Dimiter D. Marinov', 'https://image.tmdb.org/t/p/original/lZwHZ27xqsPsuswcxyx6uWSh5VP.jpg');
INSERT OR REPLACE INTO Pelicula (id_pelicula, titulo, descripcion, poster_path, backdrop_path, trailer, anio_estreno, duracion) VALUES (490132, 'Green Book', 'Años 60. Cuando Tony Lip, un rudo italoamericano del Bronx, es contratado como chófer del virtuoso pianista negro Don Shirley durante una gira de conciertos por el Sur de Estados Unidos, deberá confiar en "El libro verde", una guía de los pocos establecimientos seguros para los afroamericanos, para encontrar alojamiento. Son dos personas que tendrán que hacer frente al racismo y los prejuicios, pero a las que la bondad y el sentido del humor unirán, obligándoles a dejar de lado las diferencias para sobrevivir y prosperar en el viaje de su vida.', 'https://image.tmdb.org/t/p/original/phwmfaEe43uY2OAI2oeSZNlD4A9.jpg', 'https://image.tmdb.org/t/p/original/5En0fmDagt3Pk8d7P3uTwfeQceg.jpg', 'https://www.youtube.com/watch?v=eQQp_tXjP2U', 2018, 130);
INSERT OR REPLACE INTO Pelicula_Actor (id_pelicula, id_actor, personaje) VALUES (490132, 110, 'Tony Lip');
INSERT OR REPLACE INTO Pelicula_Actor (id_pelicula, id_actor, personaje) VALUES (490132, 932967, 'Dr. Don Shirley');
INSERT OR REPLACE INTO Pelicula_Actor (id_pelicula, id_actor, personaje) VALUES (490132, 1817, 'Dolores');
INSERT OR REPLACE INTO Pelicula_Actor (id_pelicula, id_actor, personaje) VALUES (490132, 299743, 'Johnny Venere');
INSERT OR REPLACE INTO Pelicula_Actor (id_pelicula, id_actor, personaje) VALUES (490132, 1613744, 'Oleg');
INSERT OR IGNORE INTO Pelicula_Categoria (id_pelicula, id_categoria) VALUES (490132, 7);
INSERT OR IGNORE INTO Pelicula_Categoria (id_pelicula, id_categoria) VALUES (490132, 12);
INSERT OR IGNORE INTO Pelicula_Categoria (id_pelicula, id_categoria) VALUES (490132, 1);
INSERT OR IGNORE INTO Pelicula_Compania (id_pelicula, id_compania) VALUES (490132, undefined);
-- Fin película: Green Book --
INSERT OR IGNORE INTO Actor (id_actor, nombre, foto_path) VALUES (212208, 'Taylor Swift', 'https://image.tmdb.org/t/p/original/nLTQ6yuYDQAKExQtE4pbI84YiYl.jpg');
INSERT OR IGNORE INTO Actor (id_actor, nombre, foto_path) VALUES (3159951, 'Mike Meadows', 'https://image.tmdb.org/t/p/original/gjo2N7FkUKVQBaX8b2edsWSSWoI.jpg');
INSERT OR IGNORE INTO Actor (id_actor, nombre, foto_path) VALUES (3159948, 'Max Bernstein', 'https://image.tmdb.org/t/p/original/k09iQQgXDJeDdNp2T3kNRWvca8Z.jpg');
INSERT OR IGNORE INTO Actor (id_actor, nombre, foto_path) VALUES (3157265, 'Paul Sidoti', 'https://image.tmdb.org/t/p/original/an7p5Qs3ArA4MMII5IrV6PKtdgP.jpg');
INSERT OR IGNORE INTO Actor (id_actor, nombre, foto_path) VALUES (1448505, 'Amos Heller', 'https://image.tmdb.org/t/p/original/eovE2w7vdl2NoNhc4JIhKgQwKD1.jpg');
INSERT OR REPLACE INTO Pelicula (id_pelicula, titulo, descripcion, poster_path, backdrop_path, trailer, anio_estreno, duracion) VALUES (1160164, 'TAYLOR SWIFT | THE ERAS TOUR', 'El fenómeno cultural de la cantante Taylor Swift continúa en la pantalla grande con este documental que se sumerge en los conciertos de la histórica gira de la artista.', 'https://image.tmdb.org/t/p/original/jf3YO8hOqGHCupsREf5qymYq1n.jpg', 'https://image.tmdb.org/t/p/original/wVJG3u5Ru9tInxYiTCrJr4MpJ7Z.jpg', 'https://www.youtube.com/watch?v=cghkKOgqFTk', 2023, 165);
INSERT OR REPLACE INTO Pelicula_Actor (id_pelicula, id_actor, personaje) VALUES (1160164, 212208, 'Self');
INSERT OR REPLACE INTO Pelicula_Actor (id_pelicula, id_actor, personaje) VALUES (1160164, 3159951, 'Self - Co-Band Leader, Guitar, Keyboards');
INSERT OR REPLACE INTO Pelicula_Actor (id_pelicula, id_actor, personaje) VALUES (1160164, 3159948, 'Self - Co-Band Leader, Guitar, Keyboards');
INSERT OR REPLACE INTO Pelicula_Actor (id_pelicula, id_actor, personaje) VALUES (1160164, 3157265, 'Self - Guitar');
INSERT OR REPLACE INTO Pelicula_Actor (id_pelicula, id_actor, personaje) VALUES (1160164, 1448505, 'Self - Bass, Keyboard Bass');
INSERT OR IGNORE INTO Pelicula_Categoria (id_pelicula, id_categoria) VALUES (1160164, 11);
INSERT OR IGNORE INTO Pelicula_Compania (id_pelicula, id_compania) VALUES (1160164, undefined);
-- Fin película: TAYLOR SWIFT | THE ERAS TOUR --
INSERT OR IGNORE INTO Actor (id_actor, nombre, foto_path) VALUES (12259, 'Vittorio Gassman', 'https://image.tmdb.org/t/p/original/eIcPpL8OlAMlIr9ZMvFTY7ni7LX.jpg');
INSERT OR IGNORE INTO Actor (id_actor, nombre, foto_path) VALUES (1352, 'Jean-Louis Trintignant', 'https://image.tmdb.org/t/p/original/wn6owr4wvkeaEvlsPtwXSldFGEW.jpg');
INSERT OR IGNORE INTO Actor (id_actor, nombre, foto_path) VALUES (70119, 'Catherine Spaak', 'https://image.tmdb.org/t/p/original/5kiWPIlbNrpOCUxoDwrkKQLjqVJ.jpg');
INSERT OR IGNORE INTO Actor (id_actor, nombre, foto_path) VALUES (32677, 'Claudio Gora', 'https://image.tmdb.org/t/p/original/otKGKlrLIP0NnuVehXGaFyyItGm.jpg');
INSERT OR IGNORE INTO Actor (id_actor, nombre, foto_path) VALUES (128245, 'Luciana Angiolillo', 'https://image.tmdb.org/t/p/original/20fcca5HZssMmLbW9QjMjVrATpx.jpg');
INSERT OR REPLACE INTO Pelicula (id_pelicula, titulo, descripcion, poster_path, backdrop_path, trailer, anio_estreno, duracion) VALUES (24188, 'La escapada', 'Bruno Cortona, un simpático juerguista, encuentra casualmente a Roberto, un tímido estudiante, y lo invita a pasar con él un día de vacaciones fuera de Roma. Durante el viaje, el joven se siente cada vez más atraído por la alocada forma de vida de su maduro compañero. Tras permanecer unas horas en compañía de la familia de su nuevo amigo, el viaje continúa hacia un final inesperado.', 'https://image.tmdb.org/t/p/original/dvSRwMYHrIZ8VIHB3NAMseFsoiP.jpg', 'https://image.tmdb.org/t/p/original/uUrV5KSjnZx47Dq7e6STr73iN4N.jpg', '', 1962, 105);
INSERT OR REPLACE INTO Pelicula_Actor (id_pelicula, id_actor, personaje) VALUES (24188, 12259, 'Bruno Cortona');
INSERT OR REPLACE INTO Pelicula_Actor (id_pelicula, id_actor, personaje) VALUES (24188, 1352, 'Roberto Mariani');
INSERT OR REPLACE INTO Pelicula_Actor (id_pelicula, id_actor, personaje) VALUES (24188, 70119, 'Lilli Cortona');
INSERT OR REPLACE INTO Pelicula_Actor (id_pelicula, id_actor, personaje) VALUES (24188, 32677, 'Danilo Borelli 'Bibi'');
INSERT OR REPLACE INTO Pelicula_Actor (id_pelicula, id_actor, personaje) VALUES (24188, 128245, 'Gianna Cortona');
INSERT OR IGNORE INTO Pelicula_Categoria (id_pelicula, id_categoria) VALUES (24188, 7);
INSERT OR IGNORE INTO Pelicula_Categoria (id_pelicula, id_categoria) VALUES (24188, 12);
INSERT OR IGNORE INTO Pelicula_Categoria (id_pelicula, id_categoria) VALUES (24188, 1);
INSERT OR IGNORE INTO Pelicula_Compania (id_pelicula, id_compania) VALUES (24188, undefined);
-- Fin película: La escapada --
