
-- === LOTE: Now Playing - Page 3 (2026-02-06T11:05:59.040Z) ===
INSERT OR IGNORE INTO Actor (id_actor, nombre, foto_path) VALUES (572541, 'Caleb Landry Jones', 'https://image.tmdb.org/t/p/original/8M5lPHrERwAIfWK56RkH30FOjhV.jpg');
INSERT OR IGNORE INTO Actor (id_actor, nombre, foto_path) VALUES (2491204, 'Zoë Bleu Sidel', 'https://image.tmdb.org/t/p/original/1FsS1gMWe11AWmMst2NubiwrxtF.jpg');
INSERT OR IGNORE INTO Actor (id_actor, nombre, foto_path) VALUES (27319, 'Christoph Waltz', 'https://image.tmdb.org/t/p/original/jMvLGCVXLaBqjRLf5olyvEucZob.jpg');
INSERT OR IGNORE INTO Actor (id_actor, nombre, foto_path) VALUES (1589101, 'Matilda De Angelis', 'https://image.tmdb.org/t/p/original/xL6Ky35uDDz9L4qWkMF2cTjGkbn.jpg');
INSERT OR IGNORE INTO Actor (id_actor, nombre, foto_path) VALUES (2802762, 'Ewens Abid', 'https://image.tmdb.org/t/p/original/5zGcQkoSsg1AdkcvYuqnLuslMuv.jpg');
INSERT OR REPLACE INTO Pelicula (id_pelicula, titulo, descripcion, poster_path, backdrop_path, trailer, anio_estreno, duracion) VALUES (1246049, 'Drácula', 'Tras la muerte de su esposa, un príncipe del siglo XV renuncia a Dios y se convierte en vampiro. Siglos más tarde, en el Londres del siglo XIX, ve a una mujer parecida a su difunta esposa y la persigue, sellando así su propio destino.', 'https://image.tmdb.org/t/p/original/ff7fyDdtXM2wu9jsm9gOMYtpvOl.jpg', 'https://image.tmdb.org/t/p/original/8jYyd9mGx5O28FX2OvfcqZfs5tB.jpg', '', 2025, 130);
INSERT OR REPLACE INTO Pelicula_Actor (id_pelicula, id_actor, personaje) VALUES (1246049, 572541, 'Vlad / Dracula');
INSERT OR REPLACE INTO Pelicula_Actor (id_pelicula, id_actor, personaje) VALUES (1246049, 2491204, 'Elisabeta / Mina');
INSERT OR REPLACE INTO Pelicula_Actor (id_pelicula, id_actor, personaje) VALUES (1246049, 27319, 'Priest');
INSERT OR REPLACE INTO Pelicula_Actor (id_pelicula, id_actor, personaje) VALUES (1246049, 1589101, 'Maria');
INSERT OR REPLACE INTO Pelicula_Actor (id_pelicula, id_actor, personaje) VALUES (1246049, 2802762, 'Jonathan Harker');
INSERT OR IGNORE INTO Pelicula_Categoria (id_pelicula, id_categoria) VALUES (1246049, 4);
INSERT OR IGNORE INTO Pelicula_Categoria (id_pelicula, id_categoria) VALUES (1246049, 3);
INSERT OR IGNORE INTO Pelicula_Categoria (id_pelicula, id_categoria) VALUES (1246049, 10);
INSERT OR IGNORE INTO Pelicula_Compania (id_pelicula, id_compania) VALUES (1246049, undefined);
-- Fin película: Drácula --
INSERT OR IGNORE INTO Actor (id_actor, nombre, foto_path) VALUES (18269, 'Brendan Fraser', 'https://image.tmdb.org/t/p/original/tFj5PaWWQbb8rHBBhu1EHklznph.jpg');
INSERT OR IGNORE INTO Actor (id_actor, nombre, foto_path) VALUES (1082509, 'Takehiro Hira', 'https://image.tmdb.org/t/p/original/2N1viBfPY4cRlz6W6YfM2F6UbSH.jpg');
INSERT OR IGNORE INTO Actor (id_actor, nombre, foto_path) VALUES (2210389, 'Mari Yamamoto', 'https://image.tmdb.org/t/p/original/chy8WQgbSfIxp4B1lHzHFFVzsEv.jpg');
INSERT OR IGNORE INTO Actor (id_actor, nombre, foto_path) VALUES (5615231, 'Shannon Mahina Gorman', 'https://image.tmdb.org/t/p/original/8t3tWp0K8eMrnMBrZYTZibaKSPS.jpg');
INSERT OR IGNORE INTO Actor (id_actor, nombre, foto_path) VALUES (13283, '柄本明', 'https://image.tmdb.org/t/p/original/qQHdGgAL7idxy79oWHjYON6bYQm.jpg');
INSERT OR REPLACE INTO Pelicula (id_pelicula, titulo, descripcion, poster_path, backdrop_path, trailer, anio_estreno, duracion) VALUES (1208348, 'Rental Family', 'Ambientada en el Tokio actual, sigue a un actor estadounidense que lucha por encontrar un propósito en la vida hasta que consigue un trabajo inusual: trabajar para una agencia japonesa de "familias de alquiler", interpretando papeles de suplente para desconocidos. A medida que se sumerge en el mundo de sus clientes, comienza a establecer vínculos genuinos que difuminan las líneas entre la actuación y la realidad. Al enfrentarse a las complejidades morales de su trabajo, redescubre el propósito, la pertenencia y la tranquila belleza de las relaciones humanas.', 'https://image.tmdb.org/t/p/original/9z5dHWiX8EjZBRhJ2OzmYZGW7jS.jpg', 'https://image.tmdb.org/t/p/original/ufuabtiOem0kHeYz6b8x8MjBb2L.jpg', 'https://www.youtube.com/watch?v=gtDTQATpSi8', 2025, 110);
INSERT OR REPLACE INTO Pelicula_Actor (id_pelicula, id_actor, personaje) VALUES (1208348, 18269, 'Phillip Vanderploeg');
INSERT OR REPLACE INTO Pelicula_Actor (id_pelicula, id_actor, personaje) VALUES (1208348, 1082509, 'Shinji');
INSERT OR REPLACE INTO Pelicula_Actor (id_pelicula, id_actor, personaje) VALUES (1208348, 2210389, 'Aiko');
INSERT OR REPLACE INTO Pelicula_Actor (id_pelicula, id_actor, personaje) VALUES (1208348, 5615231, 'Mia Kawasaki');
INSERT OR REPLACE INTO Pelicula_Actor (id_pelicula, id_actor, personaje) VALUES (1208348, 13283, 'Kikuo Hasegawa');
INSERT OR IGNORE INTO Pelicula_Categoria (id_pelicula, id_categoria) VALUES (1208348, 12);
INSERT OR IGNORE INTO Pelicula_Categoria (id_pelicula, id_categoria) VALUES (1208348, 7);
INSERT OR IGNORE INTO Pelicula_Compania (id_pelicula, id_compania) VALUES (1208348, undefined);
-- Fin película: Rental Family --
INSERT OR IGNORE INTO Actor (id_actor, nombre, foto_path) VALUES (83271, 'Glen Powell', 'https://image.tmdb.org/t/p/original/fUnIaJkdgvQTztyR1nLeUceSzly.jpg');
INSERT OR IGNORE INTO Actor (id_actor, nombre, foto_path) VALUES (91671, 'Colman Domingo', 'https://image.tmdb.org/t/p/original/2tu6T9ugnf82qIMGVKWSb0dvvq5.jpg');
INSERT OR IGNORE INTO Actor (id_actor, nombre, foto_path) VALUES (16851, 'Josh Brolin', 'https://image.tmdb.org/t/p/original/sX2etBbIkxRaCsATyw5ZpOVMPTD.jpg');
INSERT OR IGNORE INTO Actor (id_actor, nombre, foto_path) VALUES (3905, 'William H. Macy', 'https://image.tmdb.org/t/p/original/hdVEGSrP8qWlJnt0v5vSVcGOjy7.jpg');
INSERT OR IGNORE INTO Actor (id_actor, nombre, foto_path) VALUES (72095, 'Lee Pace', 'https://image.tmdb.org/t/p/original/hePfTi5HwU9X0eX2sOmHj9I1Ryp.jpg');
INSERT OR REPLACE INTO Pelicula (id_pelicula, titulo, descripcion, poster_path, backdrop_path, trailer, anio_estreno, duracion) VALUES (798645, 'The Running Man', 'En una América distópica en el año 2025, Ben Richards participa en el violento reality show "The Running Man" con el fin de ganar suficiente dinero para revivir a su hija gravemente enferma.', 'https://image.tmdb.org/t/p/original/5WYxFamHLqroV0TilEw0RqBPzqG.jpg', 'https://image.tmdb.org/t/p/original/aHj7d7wSLqrg5cjAcgHhiGr97Ih.jpg', 'https://www.youtube.com/watch?v=gDzch_4Mi68', 2025, 133);
INSERT OR REPLACE INTO Pelicula_Actor (id_pelicula, id_actor, personaje) VALUES (798645, 83271, 'Ben Richards');
INSERT OR REPLACE INTO Pelicula_Actor (id_pelicula, id_actor, personaje) VALUES (798645, 91671, 'Bobby Thompson');
INSERT OR REPLACE INTO Pelicula_Actor (id_pelicula, id_actor, personaje) VALUES (798645, 16851, 'Dan Killian');
INSERT OR REPLACE INTO Pelicula_Actor (id_pelicula, id_actor, personaje) VALUES (798645, 3905, 'Molie Jernigan');
INSERT OR REPLACE INTO Pelicula_Actor (id_pelicula, id_actor, personaje) VALUES (798645, 72095, 'Evan McCone');
INSERT OR IGNORE INTO Pelicula_Categoria (id_pelicula, id_categoria) VALUES (798645, 5);
INSERT OR IGNORE INTO Pelicula_Categoria (id_pelicula, id_categoria) VALUES (798645, 6);
INSERT OR IGNORE INTO Pelicula_Categoria (id_pelicula, id_categoria) VALUES (798645, 3);
INSERT OR IGNORE INTO Pelicula_Compania (id_pelicula, id_compania) VALUES (798645, undefined);
-- Fin película: The Running Man --
INSERT OR IGNORE INTO Actor (id_actor, nombre, foto_path) VALUES (5012920, 'Millo Taslim', '');
INSERT OR IGNORE INTO Actor (id_actor, nombre, foto_path) VALUES (3292404, 'Agus Kencrot', '');
INSERT OR IGNORE INTO Actor (id_actor, nombre, foto_path) VALUES (4577653, 'Cleo Haura', 'https://image.tmdb.org/t/p/original/qqGVIBio3mcpctzP8KY114D6XJR.jpg');
INSERT OR IGNORE INTO Actor (id_actor, nombre, foto_path) VALUES (2137612, 'Aqilla Herby', 'https://image.tmdb.org/t/p/original/dIpfVfS9xkdmTMHsE2KfgL8CFhs.jpg');
INSERT OR IGNORE INTO Actor (id_actor, nombre, foto_path) VALUES (3313171, 'Jordan Omar', 'https://image.tmdb.org/t/p/original/qzFyoiXEPu1i0HZX0MCIiYbwKPz.jpg');
INSERT OR REPLACE INTO Pelicula (id_pelicula, titulo, descripcion, poster_path, backdrop_path, trailer, anio_estreno, duracion) VALUES (1602705, 'Una carta a mi juventud', 'Un adolescente rebelde y un reservado educador forjan un vínculo inesperado en un orfanato, mientras intentan pasar página y lidiar con su doloroso pasado.', 'https://image.tmdb.org/t/p/original/lQAEYXhRyOD6OQK0tKt9FAj3Kkx.jpg', 'https://image.tmdb.org/t/p/original/3RaVf9MWpB74kK8AtPJ7DJmfZNA.jpg', '', 2026, 135);
INSERT OR REPLACE INTO Pelicula_Actor (id_pelicula, id_actor, personaje) VALUES (1602705, 5012920, 'Kefas');
INSERT OR REPLACE INTO Pelicula_Actor (id_pelicula, id_actor, personaje) VALUES (1602705, 3292404, 'Simon');
INSERT OR REPLACE INTO Pelicula_Actor (id_pelicula, id_actor, personaje) VALUES (1602705, 4577653, 'Joy');
INSERT OR REPLACE INTO Pelicula_Actor (id_pelicula, id_actor, personaje) VALUES (1602705, 2137612, 'Sabrina');
INSERT OR REPLACE INTO Pelicula_Actor (id_pelicula, id_actor, personaje) VALUES (1602705, 3313171, '');
INSERT OR IGNORE INTO Pelicula_Categoria (id_pelicula, id_categoria) VALUES (1602705, 7);
INSERT OR IGNORE INTO Pelicula_Compania (id_pelicula, id_compania) VALUES (1602705, undefined);
-- Fin película: Una carta a mi juventud --
INSERT OR IGNORE INTO Actor (id_actor, nombre, foto_path) VALUES (225692, 'Jeremy Irvine', 'https://image.tmdb.org/t/p/original/gSEtyKl9InFkaDcAEd25eYrHSNB.jpg');
INSERT OR IGNORE INTO Actor (id_actor, nombre, foto_path) VALUES (1685904, 'Hannah Emily Anderson', 'https://image.tmdb.org/t/p/original/fSyNGF4pZQj9Ne9IKv9kfimECzk.jpg');
INSERT OR IGNORE INTO Actor (id_actor, nombre, foto_path) VALUES (3131371, 'Evie Templeton', 'https://image.tmdb.org/t/p/original/1JV3FEULVnROl4APfkUprqTrFF6.jpg');
INSERT OR IGNORE INTO Actor (id_actor, nombre, foto_path) VALUES (1675328, 'Robert Strange', 'https://image.tmdb.org/t/p/original/4GBjA1itRhsKaPaOrVE1YN9qOqc.jpg');
INSERT OR IGNORE INTO Actor (id_actor, nombre, foto_path) VALUES (2438347, 'Pearse Egan', 'https://image.tmdb.org/t/p/original/bzHkytLIEk4T4arzd7h5BRLufov.jpg');
INSERT OR REPLACE INTO Pelicula (id_pelicula, titulo, descripcion, poster_path, backdrop_path, trailer, anio_estreno, duracion) VALUES (680493, 'Return to Silent Hill', 'Impulsado por las sombras de su pasado, James Sunderland regresa a Silent Hill para encontrar a su amor perdido, Mary Crane. Pero el pequeño pueblo oscuro y deprimente ya no es el lugar de sus recuerdos. James se encuentra con personajes que le parecen demasiado familiares y que intentan distraerlo de su búsqueda de Mary. Cuanto más busca a Mary, más comienza a preguntarse si esto sigue siendo la realidad, o si ha caído en el oscuro inframundo de Jacob Crane.', 'https://image.tmdb.org/t/p/original/5Y2TeCVEnwPbd4FDShGbkKYw6GE.jpg', 'https://image.tmdb.org/t/p/original/nTbO6UF944b0VZrgypMK5rFYRSW.jpg', '', 2026, 106);
INSERT OR REPLACE INTO Pelicula_Actor (id_pelicula, id_actor, personaje) VALUES (680493, 225692, 'James Sunderland');
INSERT OR REPLACE INTO Pelicula_Actor (id_pelicula, id_actor, personaje) VALUES (680493, 1685904, 'Mary Crane  / Angela / Maria / Moth Mary');
INSERT OR REPLACE INTO Pelicula_Actor (id_pelicula, id_actor, personaje) VALUES (680493, 3131371, 'Laura');
INSERT OR REPLACE INTO Pelicula_Actor (id_pelicula, id_actor, personaje) VALUES (680493, 1675328, 'Pyramid Head');
INSERT OR REPLACE INTO Pelicula_Actor (id_pelicula, id_actor, personaje) VALUES (680493, 2438347, 'Eddie');
INSERT OR IGNORE INTO Pelicula_Categoria (id_pelicula, id_categoria) VALUES (680493, 4);
INSERT OR IGNORE INTO Pelicula_Categoria (id_pelicula, id_categoria) VALUES (680493, 1);
INSERT OR IGNORE INTO Pelicula_Compania (id_pelicula, id_compania) VALUES (680493, undefined);
INSERT OR IGNORE INTO Pelicula_Coleccion (id_pelicula, id_coleccion) VALUES (680493, 64748);
-- Fin película: Return to Silent Hill --
INSERT OR IGNORE INTO Actor (id_actor, nombre, foto_path) VALUES (934, 'Russell Crowe', 'https://image.tmdb.org/t/p/original/uxiXuVH4vNWrKlJMVVPG1sxAJFe.jpg');
INSERT OR IGNORE INTO Actor (id_actor, nombre, foto_path) VALUES (17838, 'Rami Malek', 'https://image.tmdb.org/t/p/original/zvBCjFmedqXRqa45jlLf6vBd9Nt.jpg');
INSERT OR IGNORE INTO Actor (id_actor, nombre, foto_path) VALUES (335, 'Michael Shannon', 'https://image.tmdb.org/t/p/original/6mMczfjM8CiS1WuBOgo5Xom1TcR.jpg');
INSERT OR IGNORE INTO Actor (id_actor, nombre, foto_path) VALUES (3477880, 'Leo Woodall', 'https://image.tmdb.org/t/p/original/wK62b76NTxiGfjZa3opvJRyxpb7.jpg');
INSERT OR IGNORE INTO Actor (id_actor, nombre, foto_path) VALUES (21134, 'John Slattery', 'https://image.tmdb.org/t/p/original/tm7g84OWD5gQRoyfG4hduBphP1j.jpg');
INSERT OR REPLACE INTO Pelicula (id_pelicula, titulo, descripcion, poster_path, backdrop_path, trailer, anio_estreno, duracion) VALUES (1214931, 'Núremberg', 'Un psiquiatra estadounidense examina a 22 criminales nazis durante los juicios de Núremberg. Su fascinación por Hermann Göring y su obsesiva búsqueda por entender la naturaleza del mal lo llevan a un oscuro destino.', 'https://image.tmdb.org/t/p/original/7OOQRx9SmkMC3UQfdzj4QsQHtA1.jpg', 'https://image.tmdb.org/t/p/original/xsO1Qgru8sETLTcVla8MrqxOVr0.jpg', 'https://www.youtube.com/watch?v=8caQ0aapFp4', 2025, 150);
INSERT OR REPLACE INTO Pelicula_Actor (id_pelicula, id_actor, personaje) VALUES (1214931, 934, 'Hermann Göring');
INSERT OR REPLACE INTO Pelicula_Actor (id_pelicula, id_actor, personaje) VALUES (1214931, 17838, 'Douglas Kelley');
INSERT OR REPLACE INTO Pelicula_Actor (id_pelicula, id_actor, personaje) VALUES (1214931, 335, 'Justice Robert H. Jackson');
INSERT OR REPLACE INTO Pelicula_Actor (id_pelicula, id_actor, personaje) VALUES (1214931, 3477880, 'Sergeant Howie Triest');
INSERT OR REPLACE INTO Pelicula_Actor (id_pelicula, id_actor, personaje) VALUES (1214931, 21134, 'Colonel Burton Andrus');
INSERT OR IGNORE INTO Pelicula_Categoria (id_pelicula, id_categoria) VALUES (1214931, 1);
INSERT OR IGNORE INTO Pelicula_Categoria (id_pelicula, id_categoria) VALUES (1214931, 7);
INSERT OR IGNORE INTO Pelicula_Compania (id_pelicula, id_compania) VALUES (1214931, undefined);
-- Fin película: Núremberg --
INSERT OR IGNORE INTO Actor (id_actor, nombre, foto_path) VALUES (115440, 'Sydney Sweeney', 'https://image.tmdb.org/t/p/original/uDnIdU4KGjQg7liFvb9wnALvg95.jpg');
INSERT OR IGNORE INTO Actor (id_actor, nombre, foto_path) VALUES (11107, 'Ben Foster', 'https://image.tmdb.org/t/p/original/keBl3i2uHuowNdap0EgdxWxjWmm.jpg');
INSERT OR IGNORE INTO Actor (id_actor, nombre, foto_path) VALUES (28044, 'Merritt Wever', 'https://image.tmdb.org/t/p/original/ldd1WntzQ72DVuNLoko8yMFHH7j.jpg');
INSERT OR IGNORE INTO Actor (id_actor, nombre, foto_path) VALUES (2252989, 'Katy O''Brian', 'https://image.tmdb.org/t/p/original/lEz7WmJPrBGSsIkEiAA10t5nDDM.jpg');
INSERT OR IGNORE INTO Actor (id_actor, nombre, foto_path) VALUES (58019, 'Ethan Embry', 'https://image.tmdb.org/t/p/original/feYnMlTejbHfkhD1akVVXKWG0u1.jpg');
INSERT OR REPLACE INTO Pelicula (id_pelicula, titulo, descripcion, poster_path, backdrop_path, trailer, anio_estreno, duracion) VALUES (1287322, 'Christy', 'Biopic de Christy Martin, la boxeadora de más éxito de los años 90.', 'https://image.tmdb.org/t/p/original/ssy1uHGZkuXLkIWJWrtsBczPvVC.jpg', 'https://image.tmdb.org/t/p/original/d95WgAQXqDVlqbEHdLWfyvRG2ms.jpg', '', 2025, 135);
INSERT OR REPLACE INTO Pelicula_Actor (id_pelicula, id_actor, personaje) VALUES (1287322, 115440, 'Christy Martin');
INSERT OR REPLACE INTO Pelicula_Actor (id_pelicula, id_actor, personaje) VALUES (1287322, 11107, 'Jim V. Martin');
INSERT OR REPLACE INTO Pelicula_Actor (id_pelicula, id_actor, personaje) VALUES (1287322, 28044, 'Joyce Salters');
INSERT OR REPLACE INTO Pelicula_Actor (id_pelicula, id_actor, personaje) VALUES (1287322, 2252989, 'Lisa Holewyne');
INSERT OR REPLACE INTO Pelicula_Actor (id_pelicula, id_actor, personaje) VALUES (1287322, 58019, 'John Salters');
INSERT OR IGNORE INTO Pelicula_Categoria (id_pelicula, id_categoria) VALUES (1287322, 1);
INSERT OR IGNORE INTO Pelicula_Categoria (id_pelicula, id_categoria) VALUES (1287322, 7);
INSERT OR IGNORE INTO Pelicula_Compania (id_pelicula, id_compania) VALUES (1287322, undefined);
-- Fin película: Christy --
INSERT OR IGNORE INTO Actor (id_actor, nombre, foto_path) VALUES (3967, 'Kate Beckinsale', 'https://image.tmdb.org/t/p/original/nUZuC2chd5PVw2tLxePZ6uaLbhx.jpg');
INSERT OR IGNORE INTO Actor (id_actor, nombre, foto_path) VALUES (1610940, 'Lewis Tan', 'https://image.tmdb.org/t/p/original/xSpvbRqscYnDVPDtlXgniltf7eF.jpg');
INSERT OR IGNORE INTO Actor (id_actor, nombre, foto_path) VALUES (2506, 'Alice Krige', 'https://image.tmdb.org/t/p/original/sWyv9fPrZBfuiNIzIs00AMRpbqm.jpg');
INSERT OR IGNORE INTO Actor (id_actor, nombre, foto_path) VALUES (4391, 'Charles Dance', 'https://image.tmdb.org/t/p/original/3xHwq5lchAI6mfW0aGQOEijexv6.jpg');
INSERT OR IGNORE INTO Actor (id_actor, nombre, foto_path) VALUES (205725, 'Rasmus Hardiker', 'https://image.tmdb.org/t/p/original/gDdrt1YXPCxdv5LG8WvVJswPydZ.jpg');
INSERT OR REPLACE INTO Pelicula (id_pelicula, titulo, descripcion, poster_path, backdrop_path, trailer, anio_estreno, duracion) VALUES (1448560, 'Wildcat', 'Un antiguo escuadrón de operaciones especiales se reúne para una última misión: un robo de alto riesgo para rescatar a la hija pequeña de su comandante.', 'https://image.tmdb.org/t/p/original/cv09iyQhL9jqYQ7G0p9KE7ccwCZ.jpg', 'https://image.tmdb.org/t/p/original/pAyImoslSnpMgjRwhaS5ZEdl8UI.jpg', '', 2025, 99);
INSERT OR REPLACE INTO Pelicula_Actor (id_pelicula, id_actor, personaje) VALUES (1448560, 3967, 'Ada');
INSERT OR REPLACE INTO Pelicula_Actor (id_pelicula, id_actor, personaje) VALUES (1448560, 1610940, 'Roman');
INSERT OR REPLACE INTO Pelicula_Actor (id_pelicula, id_actor, personaje) VALUES (1448560, 2506, 'Mrs. Christina Vine');
INSERT OR REPLACE INTO Pelicula_Actor (id_pelicula, id_actor, personaje) VALUES (1448560, 4391, 'Frasier Mahoney');
INSERT OR REPLACE INTO Pelicula_Actor (id_pelicula, id_actor, personaje) VALUES (1448560, 205725, 'Edward');
INSERT OR IGNORE INTO Pelicula_Categoria (id_pelicula, id_categoria) VALUES (1448560, 5);
INSERT OR IGNORE INTO Pelicula_Categoria (id_pelicula, id_categoria) VALUES (1448560, 6);
INSERT OR IGNORE INTO Pelicula_Compania (id_pelicula, id_compania) VALUES (1448560, undefined);
-- Fin película: Wildcat --
INSERT OR IGNORE INTO Actor (id_actor, nombre, foto_path) VALUES (2431907, 'Yuko Natsuyoshi', 'https://image.tmdb.org/t/p/original/62JhZDG70JAzht71e1B0Y7Ny14r.jpg');
INSERT OR IGNORE INTO Actor (id_actor, nombre, foto_path) VALUES (2889712, 'Anna Nagase', 'https://image.tmdb.org/t/p/original/gFKRUlUlqTD7jGdysg5IWIvgoCH.jpg');
INSERT OR IGNORE INTO Actor (id_actor, nombre, foto_path) VALUES (221773, 'Saori Hayami', 'https://image.tmdb.org/t/p/original/gLv9lO7dlUbIsmyJUvgegqAAXki.jpg');
INSERT OR IGNORE INTO Actor (id_actor, nombre, foto_path) VALUES (19588, 'Miyu Irino', 'https://image.tmdb.org/t/p/original/8qEEhHUObNvGQr4e6eqLu5z4qTz.jpg');
INSERT OR IGNORE INTO Actor (id_actor, nombre, foto_path) VALUES (1492992, 'Yuma Uchida', 'https://image.tmdb.org/t/p/original/2otstbLfQ7MXuFt1X8MFOb4OIgd.jpg');
INSERT OR REPLACE INTO Pelicula (id_pelicula, titulo, descripcion, poster_path, backdrop_path, trailer, anio_estreno, duracion) VALUES (1575337, 'La princesa Kaguya del cosmos', 'La vida de Iroha se sale de control cuando Kaguya, una despreocupada fugitiva de la Luna, se muda con ella y la convence para actuar juntas en un mundo virtual.', 'https://image.tmdb.org/t/p/original/9YrbOSKoreS4oIjuwx9YjkAU8KP.jpg', 'https://image.tmdb.org/t/p/original/1jdPUUSy37Wzw3xuc8otI86X2gv.jpg', '', 2026, 143);
INSERT OR REPLACE INTO Pelicula_Actor (id_pelicula, id_actor, personaje) VALUES (1575337, 2431907, 'Kaguya (voice)');
INSERT OR REPLACE INTO Pelicula_Actor (id_pelicula, id_actor, personaje) VALUES (1575337, 2889712, 'Iroha Sakayori (voice)');
INSERT OR REPLACE INTO Pelicula_Actor (id_pelicula, id_actor, personaje) VALUES (1575337, 221773, 'Yachiyo Runami  (voice)');
INSERT OR REPLACE INTO Pelicula_Actor (id_pelicula, id_actor, personaje) VALUES (1575337, 19588, 'Akira Mikado / Asahi Sakayori (voice)');
INSERT OR REPLACE INTO Pelicula_Actor (id_pelicula, id_actor, personaje) VALUES (1575337, 1492992, 'Rai Komazawa (voice)');
INSERT OR IGNORE INTO Pelicula_Categoria (id_pelicula, id_categoria) VALUES (1575337, 5);
INSERT OR IGNORE INTO Pelicula_Categoria (id_pelicula, id_categoria) VALUES (1575337, 3);
INSERT OR IGNORE INTO Pelicula_Categoria (id_pelicula, id_categoria) VALUES (1575337, 11);
INSERT OR IGNORE INTO Pelicula_Categoria (id_pelicula, id_categoria) VALUES (1575337, 3);
INSERT OR IGNORE INTO Pelicula_Compania (id_pelicula, id_compania) VALUES (1575337, undefined);
-- Fin película: La princesa Kaguya del cosmos --
INSERT OR IGNORE INTO Actor (id_actor, nombre, foto_path) VALUES (4577703, 'Everett Blunck', 'https://image.tmdb.org/t/p/original/r2nFAae69Ze9xJcAAQ5sGG13iyO.jpg');
INSERT OR IGNORE INTO Actor (id_actor, nombre, foto_path) VALUES (4998515, 'Kayo Martin', 'https://image.tmdb.org/t/p/original/x2R2EkfYWNd855yGDxzppqAfIBu.jpg');
INSERT OR IGNORE INTO Actor (id_actor, nombre, foto_path) VALUES (33192, 'Joel Edgerton', 'https://image.tmdb.org/t/p/original/2YzeeiYUbI94Ywc7MVMo1NcN6jf.jpg');
INSERT OR IGNORE INTO Actor (id_actor, nombre, foto_path) VALUES (3088912, 'Kenny Rasmussen', 'https://image.tmdb.org/t/p/original/o0lRLMccd3biNskXGmLHn2qZcvh.jpg');
INSERT OR IGNORE INTO Actor (id_actor, nombre, foto_path) VALUES (4998514, 'Lucas Adler', 'https://image.tmdb.org/t/p/original/vfRRVHUOo2T6lTptZuU2putgKJd.jpg');
INSERT OR REPLACE INTO Pelicula (id_pelicula, titulo, descripcion, poster_path, backdrop_path, trailer, anio_estreno, duracion) VALUES (1370814, 'The Plague', 'En un campamento de waterpolo masculino, un preadolescente de doce años con ansiedad social se ve arrastrado a formar parte de una cruel tradición que ataca a un marginado con una enfermedad llamada ''La Plaga''. Pero a medida que se difuminan los límites entre el juego y la realidad, teme que la broma pueda estar ocultando algo real.', 'https://image.tmdb.org/t/p/original/b0RWuqzgvyfiIYU4QfgJHhmxZF4.jpg', 'https://image.tmdb.org/t/p/original/5hx45AVpw6PkVSGUl2GPDDbsUD1.jpg', '', 2025, 98);
INSERT OR REPLACE INTO Pelicula_Actor (id_pelicula, id_actor, personaje) VALUES (1370814, 4577703, 'Ben');
INSERT OR REPLACE INTO Pelicula_Actor (id_pelicula, id_actor, personaje) VALUES (1370814, 4998515, 'Jake');
INSERT OR REPLACE INTO Pelicula_Actor (id_pelicula, id_actor, personaje) VALUES (1370814, 33192, 'Daddy Wags');
INSERT OR REPLACE INTO Pelicula_Actor (id_pelicula, id_actor, personaje) VALUES (1370814, 3088912, 'Eli');
INSERT OR REPLACE INTO Pelicula_Actor (id_pelicula, id_actor, personaje) VALUES (1370814, 4998514, 'Logan');
INSERT OR IGNORE INTO Pelicula_Categoria (id_pelicula, id_categoria) VALUES (1370814, 7);
INSERT OR IGNORE INTO Pelicula_Categoria (id_pelicula, id_categoria) VALUES (1370814, 6);
INSERT OR IGNORE INTO Pelicula_Compania (id_pelicula, id_compania) VALUES (1370814, undefined);
-- Fin película: The Plague --
INSERT OR IGNORE INTO Actor (id_actor, nombre, foto_path) VALUES (2761045, 'Adwaa Fahad', '');
INSERT OR IGNORE INTO Actor (id_actor, nombre, foto_path) VALUES (5955203, 'Aseel Morya', '');
INSERT OR IGNORE INTO Actor (id_actor, nombre, foto_path) VALUES (4029607, 'Aisha Al Rifaie', '');
INSERT OR IGNORE INTO Actor (id_actor, nombre, foto_path) VALUES (5955205, 'Aseel Seraj', '');
INSERT OR IGNORE INTO Actor (id_actor, nombre, foto_path) VALUES (5056728, 'وفاء وافي', 'https://image.tmdb.org/t/p/original/bfWvl1XTlP02I0A2XMXN4HYAdKe.jpg');
INSERT OR REPLACE INTO Pelicula (id_pelicula, titulo, descripcion, poster_path, backdrop_path, trailer, anio_estreno, duracion) VALUES (1608982, 'De las cenizas: Bajo tierra', 'Tres alumnas de un colegio femenino quedan atrapadas en un pozo subterráneo durante una tormenta y, mientras luchan por sobrevivir, deberán enfrentarse a sus propios conflictos.', 'https://image.tmdb.org/t/p/original/jl3reSLwDzDKAdSkMXoUAcwqeMg.jpg', 'https://image.tmdb.org/t/p/original/uiSaYXR0jLLWma0EPA1tcBhX6wT.jpg', '', 2026, 88);
INSERT OR REPLACE INTO Pelicula_Actor (id_pelicula, id_actor, personaje) VALUES (1608982, 2761045, 'Siham Ghalib');
INSERT OR REPLACE INTO Pelicula_Actor (id_pelicula, id_actor, personaje) VALUES (1608982, 5955203, '');
INSERT OR REPLACE INTO Pelicula_Actor (id_pelicula, id_actor, personaje) VALUES (1608982, 4029607, 'Marzouka');
INSERT OR REPLACE INTO Pelicula_Actor (id_pelicula, id_actor, personaje) VALUES (1608982, 5955205, '');
INSERT OR REPLACE INTO Pelicula_Actor (id_pelicula, id_actor, personaje) VALUES (1608982, 5056728, 'Heba');
INSERT OR IGNORE INTO Pelicula_Categoria (id_pelicula, id_categoria) VALUES (1608982, 6);
INSERT OR IGNORE INTO Pelicula_Categoria (id_pelicula, id_categoria) VALUES (1608982, 7);
INSERT OR IGNORE INTO Pelicula_Compania (id_pelicula, id_compania) VALUES (1608982, undefined);
-- Fin película: De las cenizas: Bajo tierra --
INSERT OR IGNORE INTO Actor (id_actor, nombre, foto_path) VALUES (5914919, 'Indy the Dog', 'https://image.tmdb.org/t/p/original/23W9yBlxOvyYx1VbqZGwF9d9GGz.jpg');
INSERT OR IGNORE INTO Actor (id_actor, nombre, foto_path) VALUES (3739081, 'Shane Jensen', 'https://image.tmdb.org/t/p/original/8BNJL3MwvYEUTg187SmhQACVq3Z.jpg');
INSERT OR IGNORE INTO Actor (id_actor, nombre, foto_path) VALUES (31268, 'Larry Fessenden', 'https://image.tmdb.org/t/p/original/imQGskBT7IjqHLVJDQFLR1h1UPH.jpg');
INSERT OR IGNORE INTO Actor (id_actor, nombre, foto_path) VALUES (4747687, 'Arielle Friedman', '');
INSERT OR IGNORE INTO Actor (id_actor, nombre, foto_path) VALUES (94435, 'Stuart Rudin', 'https://image.tmdb.org/t/p/original/2jhEJ2zLnRL0iuG5i3fYw4FObgl.jpg');
INSERT OR REPLACE INTO Pelicula (id_pelicula, titulo, descripcion, poster_path, backdrop_path, trailer, anio_estreno, duracion) VALUES (1422096, 'Good Boy', 'Un perro leal se muda a una casa rural con su dueño Todd. Allí descubre fuerzas sobrenaturales que acechan en las sombras. Mientras oscuras entidades amenazan a su compañero humano, el valiente cachorro debe luchar para proteger a quien más quiere.', 'https://image.tmdb.org/t/p/original/6rZOKB5EhGcTLaSPoyX8La44ZDT.jpg', 'https://image.tmdb.org/t/p/original/mPtPJzBkwksUoMEKpkZqxBrlKpZ.jpg', '', 2025, 73);
INSERT OR REPLACE INTO Pelicula_Actor (id_pelicula, id_actor, personaje) VALUES (1422096, 5914919, 'Indy');
INSERT OR REPLACE INTO Pelicula_Actor (id_pelicula, id_actor, personaje) VALUES (1422096, 3739081, 'Todd');
INSERT OR REPLACE INTO Pelicula_Actor (id_pelicula, id_actor, personaje) VALUES (1422096, 31268, 'Grandpa');
INSERT OR REPLACE INTO Pelicula_Actor (id_pelicula, id_actor, personaje) VALUES (1422096, 4747687, 'Vera');
INSERT OR REPLACE INTO Pelicula_Actor (id_pelicula, id_actor, personaje) VALUES (1422096, 94435, 'Richard');
INSERT OR IGNORE INTO Pelicula_Categoria (id_pelicula, id_categoria) VALUES (1422096, 4);
INSERT OR IGNORE INTO Pelicula_Compania (id_pelicula, id_compania) VALUES (1422096, undefined);
-- Fin película: Good Boy --
INSERT OR IGNORE INTO Actor (id_actor, nombre, foto_path) VALUES (1474123, 'Caleb McLaughlin', 'https://image.tmdb.org/t/p/original/4jVS3EziBn7bf97ErxkW7jsdiLM.jpg');
INSERT OR IGNORE INTO Actor (id_actor, nombre, foto_path) VALUES (17773, 'Gabrielle Union', 'https://image.tmdb.org/t/p/original/toeSCybsYufRKfgz77AKy4C8axD.jpg');
INSERT OR IGNORE INTO Actor (id_actor, nombre, foto_path) VALUES (15899, 'Jenifer Lewis', 'https://image.tmdb.org/t/p/original/bdeUHXY4cXvhOW2nCblNachBYsM.jpg');
INSERT OR IGNORE INTO Actor (id_actor, nombre, foto_path) VALUES (35029, 'David Harbour', 'https://image.tmdb.org/t/p/original/qMFtMWlYVtFVyBoBhX5IoA5sN5a.jpg');
INSERT OR IGNORE INTO Actor (id_actor, nombre, foto_path) VALUES (208519, 'Nick Kroll', 'https://image.tmdb.org/t/p/original/fNiOuEKeBtELGdhKn4lxXq4O7YP.jpg');
INSERT OR REPLACE INTO Pelicula (id_pelicula, titulo, descripcion, poster_path, backdrop_path, trailer, anio_estreno, duracion) VALUES (1297842, 'GOAT: Como cabras', 'Will es una pequeña cabra con grandes sueños que recibe una oportunidad única en la vida para unirse a los profesionales y jugar al rugebol, un deporte de alta intensidad, mixto y de contacto total dominado por los animales más rápidos y feroces del mundo. A los nuevos compañeros de equipo de Will no les entusiasma tener a una cabrita en su plantilla, pero Will está decidido a revolucionar el deporte y demostrar de una vez por todas que «¡los pequeños saben jugar!».', 'https://image.tmdb.org/t/p/original/2yblKPC6ZKEU6iv9sEZ0jktjiTU.jpg', 'https://image.tmdb.org/t/p/original/4lo5yNZrMLPKBh47t2CoZkbAUur.jpg', 'https://www.youtube.com/watch?v=q56pw-zFDP8', 2026, 100);
INSERT OR REPLACE INTO Pelicula_Actor (id_pelicula, id_actor, personaje) VALUES (1297842, 1474123, 'Will Harris (voice)');
INSERT OR REPLACE INTO Pelicula_Actor (id_pelicula, id_actor, personaje) VALUES (1297842, 17773, 'Jett Fillmore  (voice)');
INSERT OR REPLACE INTO Pelicula_Actor (id_pelicula, id_actor, personaje) VALUES (1297842, 15899, 'Florence Everson  (voice)');
INSERT OR REPLACE INTO Pelicula_Actor (id_pelicula, id_actor, personaje) VALUES (1297842, 35029, 'Archie Everhardt  (voice)');
INSERT OR REPLACE INTO Pelicula_Actor (id_pelicula, id_actor, personaje) VALUES (1297842, 208519, 'Modo Olachenko  (voice)');
INSERT OR IGNORE INTO Pelicula_Categoria (id_pelicula, id_categoria) VALUES (1297842, 5);
INSERT OR IGNORE INTO Pelicula_Categoria (id_pelicula, id_categoria) VALUES (1297842, 12);
INSERT OR IGNORE INTO Pelicula_Categoria (id_pelicula, id_categoria) VALUES (1297842, 12);
INSERT OR IGNORE INTO Pelicula_Categoria (id_pelicula, id_categoria) VALUES (1297842, 5);
INSERT OR IGNORE INTO Pelicula_Compania (id_pelicula, id_compania) VALUES (1297842, undefined);
-- Fin película: GOAT: Como cabras --
INSERT OR IGNORE INTO Actor (id_actor, nombre, foto_path) VALUES (1576786, 'Renate Reinsve', 'https://image.tmdb.org/t/p/original/eepHWTjtKRdGcrtchFb3axdp2eL.jpg');
INSERT OR IGNORE INTO Actor (id_actor, nombre, foto_path) VALUES (1640, 'Stellan Skarsgård', 'https://image.tmdb.org/t/p/original/x78BtYHElirO7Iw8bL4m8CnzRDc.jpg');
INSERT OR IGNORE INTO Actor (id_actor, nombre, foto_path) VALUES (1421850, 'Inga Ibsdotter Lilleaas', 'https://image.tmdb.org/t/p/original/wlZPIgnXMpK3Nvvhg0bZzmWxZDH.jpg');
INSERT OR IGNORE INTO Actor (id_actor, nombre, foto_path) VALUES (18050, 'Elle Fanning', 'https://image.tmdb.org/t/p/original/e8CUyxQSE99y5IOfzSLtHC0B0Ch.jpg');
INSERT OR IGNORE INTO Actor (id_actor, nombre, foto_path) VALUES (71610, 'Anders Danielsen Lie', 'https://image.tmdb.org/t/p/original/7qdJdzFFXhoSVvBCi53ryF1wkCn.jpg');
INSERT OR REPLACE INTO Pelicula (id_pelicula, titulo, descripcion, poster_path, backdrop_path, trailer, anio_estreno, duracion) VALUES (1124566, 'Valor sentimental', 'Una exploración íntima y conmovedora de la familia, los recuerdos y el poder reconciliador del arte.', 'https://image.tmdb.org/t/p/original/aRn3NkZEJIZRQyZGexMPBzUJtcp.jpg', 'https://image.tmdb.org/t/p/original/mXlDBIHh9hBkDCMNazGV2fEPr5J.jpg', 'https://www.youtube.com/watch?v=-VVt7SQy9iw', 2025, 133);
INSERT OR REPLACE INTO Pelicula_Actor (id_pelicula, id_actor, personaje) VALUES (1124566, 1576786, 'Nora Borg');
INSERT OR REPLACE INTO Pelicula_Actor (id_pelicula, id_actor, personaje) VALUES (1124566, 1640, 'Gustav Borg');
INSERT OR REPLACE INTO Pelicula_Actor (id_pelicula, id_actor, personaje) VALUES (1124566, 1421850, 'Agnes Borg Pettersen');
INSERT OR REPLACE INTO Pelicula_Actor (id_pelicula, id_actor, personaje) VALUES (1124566, 18050, 'Rachel Kemp');
INSERT OR REPLACE INTO Pelicula_Actor (id_pelicula, id_actor, personaje) VALUES (1124566, 71610, 'Jakob');
INSERT OR IGNORE INTO Pelicula_Categoria (id_pelicula, id_categoria) VALUES (1124566, 7);
INSERT OR IGNORE INTO Pelicula_Compania (id_pelicula, id_compania) VALUES (1124566, undefined);
-- Fin película: Valor sentimental --
INSERT OR IGNORE INTO Actor (id_actor, nombre, foto_path) VALUES (109, 'Elijah Wood', 'https://image.tmdb.org/t/p/original/7UKRbJBNG7mxBl2QQc5XsAh6F8B.jpg');
INSERT OR IGNORE INTO Actor (id_actor, nombre, foto_path) VALUES (1327, 'Ian McKellen', 'https://image.tmdb.org/t/p/original/coWjgMEYJjk2OrNddlXCBm8EIr3.jpg');
INSERT OR IGNORE INTO Actor (id_actor, nombre, foto_path) VALUES (110, 'Viggo Mortensen', 'https://image.tmdb.org/t/p/original/vH5gVSpHAMhDaFWfh0Q7BG61O1y.jpg');
INSERT OR IGNORE INTO Actor (id_actor, nombre, foto_path) VALUES (1328, 'Sean Astin', 'https://image.tmdb.org/t/p/original/As3ctGUtBYmG4zj4Ifyrcqd71HP.jpg');
INSERT OR IGNORE INTO Actor (id_actor, nombre, foto_path) VALUES (1333, 'Andy Serkis', 'https://image.tmdb.org/t/p/original/eNGqhebQ4cDssjVeNFrKtUvweV5.jpg');
INSERT OR REPLACE INTO Pelicula (id_pelicula, titulo, descripcion, poster_path, backdrop_path, trailer, anio_estreno, duracion) VALUES (122, 'El señor de los anillos: El retorno del rey', 'Las fuerzas de Saruman han sido destruidas, y su fortaleza sitiada. Ha llegado el momento de que se decida el destino de la Tierra Media, y por primera vez en mucho tiempo, parece que hay una pequeña esperanza. La atención del señor oscuro Sauron se centra ahora en Gondor, el último reducto de los hombres, y del cual Aragorn tendrá que reclamar el trono para ocupar su puesto de rey. Pero las fuerzas de Sauron ya se preparan para lanzar el último y definitivo ataque contra el reino de Gondor, la batalla que decidirá el destino de todos. Mientras tanto, Frodo y Sam continuan su camino hacia Mordor, a la espera de que Sauron no repare en que dos pequeños Hobbits se acercan cada día más al final de su camino, el Monte del Destino.', 'https://image.tmdb.org/t/p/original/mWuFbQrXyLk2kMBKF9TUPtDwuPx.jpg', 'https://image.tmdb.org/t/p/original/2u7zbn8EudG6kLlBzUYqP8RyFU4.jpg', 'https://www.youtube.com/watch?v=h-9RYiqyqjk', 2003, 202);
INSERT OR REPLACE INTO Pelicula_Actor (id_pelicula, id_actor, personaje) VALUES (122, 109, 'Frodo');
INSERT OR REPLACE INTO Pelicula_Actor (id_pelicula, id_actor, personaje) VALUES (122, 1327, 'Gandalf');
INSERT OR REPLACE INTO Pelicula_Actor (id_pelicula, id_actor, personaje) VALUES (122, 110, 'Aragorn');
INSERT OR REPLACE INTO Pelicula_Actor (id_pelicula, id_actor, personaje) VALUES (122, 1328, 'Sam');
INSERT OR REPLACE INTO Pelicula_Actor (id_pelicula, id_actor, personaje) VALUES (122, 1333, 'Gollum / Smeagol');
INSERT OR IGNORE INTO Pelicula_Categoria (id_pelicula, id_categoria) VALUES (122, 1);
INSERT OR IGNORE INTO Pelicula_Categoria (id_pelicula, id_categoria) VALUES (122, 3);
INSERT OR IGNORE INTO Pelicula_Categoria (id_pelicula, id_categoria) VALUES (122, 5);
INSERT OR IGNORE INTO Pelicula_Compania (id_pelicula, id_compania) VALUES (122, undefined);
INSERT OR IGNORE INTO Pelicula_Coleccion (id_pelicula, id_coleccion) VALUES (122, 119);
-- Fin película: El señor de los anillos: El retorno del rey --
INSERT OR IGNORE INTO Actor (id_actor, nombre, foto_path) VALUES (107800, 'Alex Honnold', 'https://image.tmdb.org/t/p/original/jKpVo1wTFK7VoCULHFKpoxDgHRw.jpg');
INSERT OR IGNORE INTO Actor (id_actor, nombre, foto_path) VALUES (1714705, 'Elle Duncan', 'https://image.tmdb.org/t/p/original/9954Rzshx4Cr914GrcHJRIcwtD3.jpg');
INSERT OR IGNORE INTO Actor (id_actor, nombre, foto_path) VALUES (1403134, 'Emily Harrington', 'https://image.tmdb.org/t/p/original/jQHUiFenq97ZT20E8SMdiT3mJKJ.jpg');
INSERT OR IGNORE INTO Actor (id_actor, nombre, foto_path) VALUES (2791574, 'Mark Rober', 'https://image.tmdb.org/t/p/original/mzMzyHwNxhUiUKbNVvjjv30fHVG.jpg');
INSERT OR IGNORE INTO Actor (id_actor, nombre, foto_path) VALUES (2132377, 'Sanni McCandless', 'https://image.tmdb.org/t/p/original/62nnVlFdGBtp7eSY9xlPzoIrxlz.jpg');
INSERT OR REPLACE INTO Pelicula (id_pelicula, titulo, descripcion, poster_path, backdrop_path, trailer, anio_estreno, duracion) VALUES (1599090, 'Rascacielos en vivo', 'Sin cuerdas. Sin miedo. El legendario escalador en solitario Alex Honnold lo arriesga todo en un ascenso en vivo por uno de los rascacielos más altos del mundo en Taipéi, Taiwán.', 'https://image.tmdb.org/t/p/original/hbURquxQUJXFfeqpjzmHekRmyqb.jpg', 'https://image.tmdb.org/t/p/original/lWBDYoIDA1XlgCvk1aDoUA0cm5z.jpg', '', 2026, 117);
INSERT OR REPLACE INTO Pelicula_Actor (id_pelicula, id_actor, personaje) VALUES (1599090, 107800, 'Self');
INSERT OR REPLACE INTO Pelicula_Actor (id_pelicula, id_actor, personaje) VALUES (1599090, 1714705, 'Self - Host');
INSERT OR REPLACE INTO Pelicula_Actor (id_pelicula, id_actor, personaje) VALUES (1599090, 1403134, 'Self');
INSERT OR REPLACE INTO Pelicula_Actor (id_pelicula, id_actor, personaje) VALUES (1599090, 2791574, 'Self');
INSERT OR REPLACE INTO Pelicula_Actor (id_pelicula, id_actor, personaje) VALUES (1599090, 2132377, 'Self');
INSERT OR IGNORE INTO Pelicula_Categoria (id_pelicula, id_categoria) VALUES (1599090, 1);
INSERT OR IGNORE INTO Pelicula_Categoria (id_pelicula, id_categoria) VALUES (1599090, 4);
INSERT OR IGNORE INTO Pelicula_Compania (id_pelicula, id_compania) VALUES (1599090, undefined);
-- Fin película: Rascacielos en vivo --
INSERT OR IGNORE INTO Actor (id_actor, nombre, foto_path) VALUES (234352, 'Margot Robbie', 'https://image.tmdb.org/t/p/original/8LqG2N6j98lFGMpuYsRUAhOunSd.jpg');
INSERT OR IGNORE INTO Actor (id_actor, nombre, foto_path) VALUES (2034418, 'Jacob Elordi', 'https://image.tmdb.org/t/p/original/qZNRPWCP2c5d0YaYLTzHXU9Rdoe.jpg');
INSERT OR IGNORE INTO Actor (id_actor, nombre, foto_path) VALUES (1360317, 'Hong Chau', 'https://image.tmdb.org/t/p/original/yGEw6uiSUBo838HkiCARs4BR40y.jpg');
INSERT OR IGNORE INTO Actor (id_actor, nombre, foto_path) VALUES (2981449, 'Alison Oliver', 'https://image.tmdb.org/t/p/original/ouHdcq6Tgedx4UnJuT3liROzomq.jpg');
INSERT OR IGNORE INTO Actor (id_actor, nombre, foto_path) VALUES (1370832, 'Shazad Latif', 'https://image.tmdb.org/t/p/original/n8vJ1AHhv294hGqZxhjM95OvpxT.jpg');
INSERT OR REPLACE INTO Pelicula (id_pelicula, titulo, descripcion, poster_path, backdrop_path, trailer, anio_estreno, duracion) VALUES (1316092, 'Cumbres Borrascosas', '', 'https://image.tmdb.org/t/p/original/afGUJcMBJloAUp9uC27MQiqkD7X.jpg', 'https://image.tmdb.org/t/p/original/fIBtlFOodItS39EggIC49OfwQgK.jpg', 'https://www.youtube.com/watch?v=RNynG8dMp5w', 2026, 136);
INSERT OR REPLACE INTO Pelicula_Actor (id_pelicula, id_actor, personaje) VALUES (1316092, 234352, 'Catherine Earnshaw');
INSERT OR REPLACE INTO Pelicula_Actor (id_pelicula, id_actor, personaje) VALUES (1316092, 2034418, 'Heathcliff');
INSERT OR REPLACE INTO Pelicula_Actor (id_pelicula, id_actor, personaje) VALUES (1316092, 1360317, 'Nelly Dean');
INSERT OR REPLACE INTO Pelicula_Actor (id_pelicula, id_actor, personaje) VALUES (1316092, 2981449, 'Isabella Linton');
INSERT OR REPLACE INTO Pelicula_Actor (id_pelicula, id_actor, personaje) VALUES (1316092, 1370832, 'Edgar Linton');
INSERT OR IGNORE INTO Pelicula_Categoria (id_pelicula, id_categoria) VALUES (1316092, 7);
INSERT OR IGNORE INTO Pelicula_Categoria (id_pelicula, id_categoria) VALUES (1316092, 10);
INSERT OR IGNORE INTO Pelicula_Compania (id_pelicula, id_compania) VALUES (1316092, undefined);
-- Fin película: Cumbres Borrascosas --
INSERT OR IGNORE INTO Actor (id_actor, nombre, foto_path) VALUES (976, 'Jason Statham', 'https://image.tmdb.org/t/p/original/o7sfT7EBtzxwiJiKmCafoebJQ2q.jpg');
INSERT OR IGNORE INTO Actor (id_actor, nombre, foto_path) VALUES (973, 'Jason Flemyng', 'https://image.tmdb.org/t/p/original/nYl0180ACnLzVlGbaAfuPtdGr9K.jpg');
INSERT OR IGNORE INTO Actor (id_actor, nombre, foto_path) VALUES (17817, 'Merab Ninidze', 'https://image.tmdb.org/t/p/original/jnJ4lQULt6Ga3lXkIqAhMR7xYdE.jpg');
INSERT OR IGNORE INTO Actor (id_actor, nombre, foto_path) VALUES (1011106, 'Maximilian Osinski', 'https://image.tmdb.org/t/p/original/wMRtFsZSR9FvYj1wzsziKQqpZ0C.jpg');
INSERT OR IGNORE INTO Actor (id_actor, nombre, foto_path) VALUES (950125, 'Cokey Falkow', 'https://image.tmdb.org/t/p/original/2VEMBUOHKZbpypEuso8jyxSo3Yc.jpg');
INSERT OR REPLACE INTO Pelicula (id_pelicula, titulo, descripcion, poster_path, backdrop_path, trailer, anio_estreno, duracion) VALUES (1197306, 'A Working Man', 'Levon Cade dejó atrás una condecorada carrera militar en las operaciones encubiertas para vivir una vida sencilla trabajando en la construcción. Pero cuando la hija de su jefe, que para él es como de la familia, es secuestrada por traficantes de personas, su búsqueda para traerla a casa descubre un mundo de corrupción mucho mayor de lo que jamás podría haber imaginado.', 'https://image.tmdb.org/t/p/original/aG50Ad3UV8cCQWpNWSHHUqgKGNB.jpg', 'https://image.tmdb.org/t/p/original/fTrQsdMS2MUw00RnzH0r3JWHhts.jpg', 'https://www.youtube.com/watch?v=gGOXUdcE6hk', 2025, 116);
INSERT OR REPLACE INTO Pelicula_Actor (id_pelicula, id_actor, personaje) VALUES (1197306, 976, 'Levon Cade');
INSERT OR REPLACE INTO Pelicula_Actor (id_pelicula, id_actor, personaje) VALUES (1197306, 973, 'Wolo Kolisnyk');
INSERT OR REPLACE INTO Pelicula_Actor (id_pelicula, id_actor, personaje) VALUES (1197306, 17817, 'Yuri');
INSERT OR REPLACE INTO Pelicula_Actor (id_pelicula, id_actor, personaje) VALUES (1197306, 1011106, 'Dimi Kolisnyk');
INSERT OR REPLACE INTO Pelicula_Actor (id_pelicula, id_actor, personaje) VALUES (1197306, 950125, 'Dougie');
INSERT OR IGNORE INTO Pelicula_Categoria (id_pelicula, id_categoria) VALUES (1197306, 5);
INSERT OR IGNORE INTO Pelicula_Categoria (id_pelicula, id_categoria) VALUES (1197306, 9);
INSERT OR IGNORE INTO Pelicula_Categoria (id_pelicula, id_categoria) VALUES (1197306, 6);
INSERT OR IGNORE INTO Pelicula_Compania (id_pelicula, id_compania) VALUES (1197306, undefined);
-- Fin película: A Working Man --
INSERT OR IGNORE INTO Actor (id_actor, nombre, foto_path) VALUES (33515, '二宮和也', 'https://image.tmdb.org/t/p/original/4mxogZeEPZiVrnJ4L8ICvOJONfs.jpg');
INSERT OR IGNORE INTO Actor (id_actor, nombre, foto_path) VALUES (3576845, '河内大和', 'https://image.tmdb.org/t/p/original/8CUS41LVMlBH5Am2uZC3F44yyDw.jpg');
INSERT OR IGNORE INTO Actor (id_actor, nombre, foto_path) VALUES (5428351, 'Naru Asanuma', 'https://image.tmdb.org/t/p/original/orV4an2sD7PgLpHCulgCBDgs1bl.jpg');
INSERT OR IGNORE INTO Actor (id_actor, nombre, foto_path) VALUES (3661042, '花瀬琴音', 'https://image.tmdb.org/t/p/original/xSimDM5cdwBtVAa7FJ36gFyMC0p.jpg');
INSERT OR IGNORE INTO Actor (id_actor, nombre, foto_path) VALUES (1287268, '小松菜奈', 'https://image.tmdb.org/t/p/original/sBVCeJ9hLDCdOenLzwzmVtFfws6.jpg');
INSERT OR REPLACE INTO Pelicula (id_pelicula, titulo, descripcion, poster_path, backdrop_path, trailer, anio_estreno, duracion) VALUES (1408208, 'Exit 8', 'Película basada en el videojuego de KOTAKE CREATE "The Exit 8", cuya premisa es que una persona anónima se encuentra en una estación de metro atrapada en un bucle en donde debe avanzar sólo cuando una anomalía no aparezca en su campo de visión... o volverá al inicio sin ser capaz de huir de ese lugar.', 'https://image.tmdb.org/t/p/original/mqlgMvy1d5jIbIE6SPlJq724htT.jpg', 'https://image.tmdb.org/t/p/original/ie827c44beNPNnxIOi8EM9mCI4A.jpg', '', 2025, 95);
INSERT OR REPLACE INTO Pelicula_Actor (id_pelicula, id_actor, personaje) VALUES (1408208, 33515, 'The Lost Man');
INSERT OR REPLACE INTO Pelicula_Actor (id_pelicula, id_actor, personaje) VALUES (1408208, 3576845, 'The Walking Man');
INSERT OR REPLACE INTO Pelicula_Actor (id_pelicula, id_actor, personaje) VALUES (1408208, 5428351, 'The Boy');
INSERT OR REPLACE INTO Pelicula_Actor (id_pelicula, id_actor, personaje) VALUES (1408208, 3661042, 'The Schoolgirl');
INSERT OR REPLACE INTO Pelicula_Actor (id_pelicula, id_actor, personaje) VALUES (1408208, 1287268, 'The Woman');
INSERT OR IGNORE INTO Pelicula_Categoria (id_pelicula, id_categoria) VALUES (1408208, 4);
INSERT OR IGNORE INTO Pelicula_Categoria (id_pelicula, id_categoria) VALUES (1408208, 1);
INSERT OR IGNORE INTO Pelicula_Compania (id_pelicula, id_compania) VALUES (1408208, undefined);
-- Fin película: Exit 8 --
INSERT OR IGNORE INTO Actor (id_actor, nombre, foto_path) VALUES (1902689, 'Emily Bader', 'https://image.tmdb.org/t/p/original/m2AdaaenjGDoWHRO8EInm8xn70h.jpg');
INSERT OR IGNORE INTO Actor (id_actor, nombre, foto_path) VALUES (1524100, 'Tom Blyth', 'https://image.tmdb.org/t/p/original/q8bkN1GvXqjs1ZGFYWViH9o2WDq.jpg');
INSERT OR IGNORE INTO Actor (id_actor, nombre, foto_path) VALUES (2485582, 'Sarah Catherine Hook', 'https://image.tmdb.org/t/p/original/hLXqA5OZYX9I9BTj82KlVYqgE2i.jpg');
INSERT OR IGNORE INTO Actor (id_actor, nombre, foto_path) VALUES (1624816, 'Jameela Jamil', 'https://image.tmdb.org/t/p/original/jDtj84p40xmZ8jAua4wUw0JN6Ih.jpg');
INSERT OR IGNORE INTO Actor (id_actor, nombre, foto_path) VALUES (148096, 'Miles Heizer', 'https://image.tmdb.org/t/p/original/fQeByexqxm2W6u9p1bMRNy12VtH.jpg');
INSERT OR REPLACE INTO Pelicula (id_pelicula, titulo, descripcion, poster_path, backdrop_path, trailer, anio_estreno, duracion) VALUES (1034716, 'Gente que conocemos en vacaciones', 'Poppy es un espíritu libre y a Alex le gusta planificarlo todo. Tras muchas vacaciones juntos, estos amigos tan diferentes se preguntan si serán la pareja perfecta.', 'https://image.tmdb.org/t/p/original/9SUEbyc5OUaNkGPLK3f1w3Ryoyo.jpg', 'https://image.tmdb.org/t/p/original/qth56RA3rkUlhbDRDKGeMJEssdi.jpg', 'https://www.youtube.com/watch?v=BLyjtg8efbA', 2026, 116);
INSERT OR REPLACE INTO Pelicula_Actor (id_pelicula, id_actor, personaje) VALUES (1034716, 1902689, 'Poppy Wright');
INSERT OR REPLACE INTO Pelicula_Actor (id_pelicula, id_actor, personaje) VALUES (1034716, 1524100, 'Alex Nilsen');
INSERT OR REPLACE INTO Pelicula_Actor (id_pelicula, id_actor, personaje) VALUES (1034716, 2485582, 'Sarah');
INSERT OR REPLACE INTO Pelicula_Actor (id_pelicula, id_actor, personaje) VALUES (1034716, 1624816, 'Swapna Bakshi-Highsmith');
INSERT OR REPLACE INTO Pelicula_Actor (id_pelicula, id_actor, personaje) VALUES (1034716, 148096, 'David Nilsen');
INSERT OR IGNORE INTO Pelicula_Categoria (id_pelicula, id_categoria) VALUES (1034716, 10);
INSERT OR IGNORE INTO Pelicula_Categoria (id_pelicula, id_categoria) VALUES (1034716, 12);
INSERT OR IGNORE INTO Pelicula_Categoria (id_pelicula, id_categoria) VALUES (1034716, 7);
INSERT OR IGNORE INTO Pelicula_Compania (id_pelicula, id_compania) VALUES (1034716, undefined);
-- Fin película: Gente que conocemos en vacaciones --
