
-- === LOTE: Upcoming - Page 5 (2026-02-06T11:07:51.279Z) ===
INSERT OR IGNORE INTO Actor (id_actor, nombre, foto_path) VALUES (1724137, 'Anna Baryshnikov', 'https://image.tmdb.org/t/p/original/wFMmvPSSciGgRm5Vm1seX0xPjHE.jpg');
INSERT OR IGNORE INTO Actor (id_actor, nombre, foto_path) VALUES (1721740, 'Camila Mendes', 'https://image.tmdb.org/t/p/original/pZAWRHdJtJlDcWuQHlgIwX12s02.jpg');
INSERT OR IGNORE INTO Actor (id_actor, nombre, foto_path) VALUES (2023314, 'Owen Thiele', 'https://image.tmdb.org/t/p/original/2k7lk6V6lGjbEKlHSUYkeBRu8rj.jpg');
INSERT OR IGNORE INTO Actor (id_actor, nombre, foto_path) VALUES (2949606, 'Benito Skinner', 'https://image.tmdb.org/t/p/original/1MJPITXsYjA2tI1HrK3VOclhvy7.jpg');
INSERT OR IGNORE INTO Actor (id_actor, nombre, foto_path) VALUES (6696, 'Mark Ivanir', 'https://image.tmdb.org/t/p/original/biVPUjq1BbX3YWpvXv5OZjEuJI0.jpg');
INSERT OR REPLACE INTO Pelicula (id_pelicula, titulo, descripcion, poster_path, backdrop_path, trailer, anio_estreno, duracion) VALUES (1430968, 'Idiotka', '', 'https://image.tmdb.org/t/p/original/mxa6MGgZOd1PKlYWNJ1iOQsy9PN.jpg', 'https://image.tmdb.org/t/p/original/oiPQOyHuTA84crxarTkVTObbRz4.jpg', '', 2026, 82);
INSERT OR REPLACE INTO Pelicula_Actor (id_pelicula, id_actor, personaje) VALUES (1430968, 1724137, 'Margarita Levlansky');
INSERT OR REPLACE INTO Pelicula_Actor (id_pelicula, id_actor, personaje) VALUES (1430968, 1721740, 'Nicol Garcia');
INSERT OR REPLACE INTO Pelicula_Actor (id_pelicula, id_actor, personaje) VALUES (1430968, 2023314, 'Oliver Knowles');
INSERT OR REPLACE INTO Pelicula_Actor (id_pelicula, id_actor, personaje) VALUES (1430968, 2949606, 'Jonathan Smith');
INSERT OR REPLACE INTO Pelicula_Actor (id_pelicula, id_actor, personaje) VALUES (1430968, 6696, 'Samuel Levlansky');
INSERT OR IGNORE INTO Pelicula_Categoria (id_pelicula, id_categoria) VALUES (1430968, 12);
INSERT OR IGNORE INTO Pelicula_Categoria (id_pelicula, id_categoria) VALUES (1430968, 12);
INSERT OR IGNORE INTO Pelicula_Compania (id_pelicula, id_compania) VALUES (1430968, undefined);
-- Fin película: Idiotka --
INSERT OR IGNORE INTO Actor (id_actor, nombre, foto_path) VALUES (2887, 'Tom Waits', 'https://image.tmdb.org/t/p/original/uxDkURjzHnaglIH2YRWUMJjoDx.jpg');
INSERT OR IGNORE INTO Actor (id_actor, nombre, foto_path) VALUES (1023139, 'Adam Driver', 'https://image.tmdb.org/t/p/original/me7eifBie8S7gFwhZfkF3jROL99.jpg');
INSERT OR IGNORE INTO Actor (id_actor, nombre, foto_path) VALUES (167640, 'Mayim Bialik', 'https://image.tmdb.org/t/p/original/kPsafWVc5H565iTuwS85LtDvvsf.jpg');
INSERT OR IGNORE INTO Actor (id_actor, nombre, foto_path) VALUES (44079, 'Charlotte Rampling', 'https://image.tmdb.org/t/p/original/Htvl9mN6mlf2a18RAFzNXF3RiG.jpg');
INSERT OR IGNORE INTO Actor (id_actor, nombre, foto_path) VALUES (112, 'Cate Blanchett', 'https://image.tmdb.org/t/p/original/vUuEHiAR0eD3XEJhg2DWIjymUAA.jpg');
INSERT OR REPLACE INTO Pelicula (id_pelicula, titulo, descripcion, poster_path, backdrop_path, trailer, anio_estreno, duracion) VALUES (1159206, 'Father Mother Sister Brother', 'Tres historias separadas sobre relaciones distantes entre hijos adultos y sus padres. Cada una de las tres partes tiene lugar en la actualidad, y en un país diferente. "El Padre" está ambientado en el noreste de EE. UU., "La Madre" en Dublín, Irlanda y "La Hermana Hermano" en París, Francia. La película es una serie de estudios de personajes, tranquilos, observacionales y sin prejuicios. Una comedia, pero entretejida con hilos de melancolía.', 'https://image.tmdb.org/t/p/original/iLwZuafLq8WmM9xJjS2T9YXZvc.jpg', 'https://image.tmdb.org/t/p/original/xxFH8OgUVw5LyJmqBaXeV97mfri.jpg', '', 2025, 111);
INSERT OR REPLACE INTO Pelicula_Actor (id_pelicula, id_actor, personaje) VALUES (1159206, 2887, 'Father');
INSERT OR REPLACE INTO Pelicula_Actor (id_pelicula, id_actor, personaje) VALUES (1159206, 1023139, 'Jeff');
INSERT OR REPLACE INTO Pelicula_Actor (id_pelicula, id_actor, personaje) VALUES (1159206, 167640, 'Emily');
INSERT OR REPLACE INTO Pelicula_Actor (id_pelicula, id_actor, personaje) VALUES (1159206, 44079, 'Mother');
INSERT OR REPLACE INTO Pelicula_Actor (id_pelicula, id_actor, personaje) VALUES (1159206, 112, 'Timothea');
INSERT OR IGNORE INTO Pelicula_Categoria (id_pelicula, id_categoria) VALUES (1159206, 12);
INSERT OR IGNORE INTO Pelicula_Categoria (id_pelicula, id_categoria) VALUES (1159206, 7);
INSERT OR IGNORE INTO Pelicula_Compania (id_pelicula, id_compania) VALUES (1159206, undefined);
-- Fin película: Father Mother Sister Brother --
INSERT OR IGNORE INTO Actor (id_actor, nombre, foto_path) VALUES (1867690, 'Mia Jenkins', 'https://image.tmdb.org/t/p/original/zqmydUyxSQqg6P4mdFX7lqguFiu.jpg');
INSERT OR IGNORE INTO Actor (id_actor, nombre, foto_path) VALUES (3791174, 'Pepe Barroso', 'https://image.tmdb.org/t/p/original/1aclLzISTojUZ9CrKsRcI1eIJls.jpg');
INSERT OR IGNORE INTO Actor (id_actor, nombre, foto_path) VALUES (4529552, 'Luca Melucci', 'https://image.tmdb.org/t/p/original/2lo03n0c384PKsUVrN3L7bYQUuy.jpg');
INSERT OR IGNORE INTO Actor (id_actor, nombre, foto_path) VALUES (1629345, 'Bruno Cabrerizo', 'https://image.tmdb.org/t/p/original/6eLwjlUkaaa4ZqZDbZbAmEVGgPl.jpg');
INSERT OR IGNORE INTO Actor (id_actor, nombre, foto_path) VALUES (3265701, 'Andrea Guo', 'https://image.tmdb.org/t/p/original/xFmzjzxzuMvRAEYs9DQPzUQBx3l.jpg');
INSERT OR REPLACE INTO Pelicula (id_pelicula, titulo, descripcion, poster_path, backdrop_path, trailer, anio_estreno, duracion) VALUES (1317672, 'Love Me, Love Me', 'June se muda a Italia para empezar de cero tras la muerte de su hermano. En su nueva escuela de élite, se siente atraída por James, un peligroso bully involucrado en peleas clandestinas de MMA, pero comienza a salir con su mejor amigo, Will, el estudiante de honor perfecto. Sin embargo, las apariencias engañan, y June pronto descubre que nadie en su escuela es quien parece ser y todos esconden un secreto. A medida que aumenta la tensión y salen a la luz verdades ocultas, June debe decidir adónde pertenece realmente su corazón.', 'https://image.tmdb.org/t/p/original/jfwHKRHRE2X4NTexdzblaioHH51.jpg', 'https://image.tmdb.org/t/p/original/o0jRpVznKXuLvoXQX9UTKVtGjxK.jpg', '', 2026, 0);
INSERT OR REPLACE INTO Pelicula_Actor (id_pelicula, id_actor, personaje) VALUES (1317672, 1867690, 'June');
INSERT OR REPLACE INTO Pelicula_Actor (id_pelicula, id_actor, personaje) VALUES (1317672, 3791174, 'James');
INSERT OR REPLACE INTO Pelicula_Actor (id_pelicula, id_actor, personaje) VALUES (1317672, 4529552, 'Will');
INSERT OR REPLACE INTO Pelicula_Actor (id_pelicula, id_actor, personaje) VALUES (1317672, 1629345, 'Professore Beckett');
INSERT OR REPLACE INTO Pelicula_Actor (id_pelicula, id_actor, personaje) VALUES (1317672, 3265701, '');
INSERT OR IGNORE INTO Pelicula_Categoria (id_pelicula, id_categoria) VALUES (1317672, 10);
INSERT OR IGNORE INTO Pelicula_Categoria (id_pelicula, id_categoria) VALUES (1317672, 7);
INSERT OR IGNORE INTO Pelicula_Compania (id_pelicula, id_compania) VALUES (1317672, undefined);
-- Fin película: Love Me, Love Me --
INSERT OR IGNORE INTO Actor (id_actor, nombre, foto_path) VALUES (1911397, 'Christian Mikkelsen', 'https://image.tmdb.org/t/p/original/fxE4TkpAgmxxE38plZsloNM6yfd.jpg');
INSERT OR IGNORE INTO Actor (id_actor, nombre, foto_path) VALUES (1816217, 'Nasrin Khusrawi', 'https://image.tmdb.org/t/p/original/kD6wHXQnYYiyfc8ksZdtRgmwQNB.jpg');
INSERT OR IGNORE INTO Actor (id_actor, nombre, foto_path) VALUES (76547, 'Aksel Hennie', 'https://image.tmdb.org/t/p/original/sceuNjVXtsHOS3cn0MsLfZRkAQx.jpg');
INSERT OR IGNORE INTO Actor (id_actor, nombre, foto_path) VALUES (1816870, 'Mathilde Storm', 'https://image.tmdb.org/t/p/original/zn3R4uRFvck7cZKPfMrfPpIWFKB.jpg');
INSERT OR IGNORE INTO Actor (id_actor, nombre, foto_path) VALUES (47647, 'Christian Rubeck', 'https://image.tmdb.org/t/p/original/gZ7f4zkmX8hluHkP6OCLpiofQNC.jpg');
INSERT OR REPLACE INTO Pelicula (id_pelicula, titulo, descripcion, poster_path, backdrop_path, trailer, anio_estreno, duracion) VALUES (1064307, 'Spermageddon', 'Los adolescentes Jens y Lisa están a punto de experimentar su primera relación sexual. Dentro del cuerpo de Jens, el Spermageddon se acerca, un evento para el que el espermatozoide Simon el Semen y sus amigos han estado preparándose duramente. En esta carrera donde solo puede ganar uno, deberán sortear todo tipo de obstáculos inesperados que les harán la vida imposible.', 'https://image.tmdb.org/t/p/original/jYJJDtrGBAr1U9WBVuq809FyYQj.jpg', 'https://image.tmdb.org/t/p/original/5OEcsHKZy9TLFz9qXLp5NJN9K8e.jpg', 'https://www.youtube.com/watch?v=Gdm0kJigVkg', 2024, 80);
INSERT OR REPLACE INTO Pelicula_Actor (id_pelicula, id_actor, personaje) VALUES (1064307, 1911397, 'Jens / Alf-Tore / Hjernekjell (voice)');
INSERT OR REPLACE INTO Pelicula_Actor (id_pelicula, id_actor, personaje) VALUES (1064307, 1816217, 'Lisa (voice)');
INSERT OR REPLACE INTO Pelicula_Actor (id_pelicula, id_actor, personaje) VALUES (1064307, 76547, 'Simen Sprut (voice)');
INSERT OR REPLACE INTO Pelicula_Actor (id_pelicula, id_actor, personaje) VALUES (1064307, 1816870, 'Cumilla (voice)');
INSERT OR REPLACE INTO Pelicula_Actor (id_pelicula, id_actor, personaje) VALUES (1064307, 47647, 'Jizzmo (voice)');
INSERT OR IGNORE INTO Pelicula_Categoria (id_pelicula, id_categoria) VALUES (1064307, 5);
INSERT OR IGNORE INTO Pelicula_Categoria (id_pelicula, id_categoria) VALUES (1064307, 1);
INSERT OR IGNORE INTO Pelicula_Categoria (id_pelicula, id_categoria) VALUES (1064307, 3);
INSERT OR IGNORE INTO Pelicula_Categoria (id_pelicula, id_categoria) VALUES (1064307, 12);
INSERT OR IGNORE INTO Pelicula_Compania (id_pelicula, id_compania) VALUES (1064307, undefined);
-- Fin película: Spermageddon --
INSERT OR IGNORE INTO Actor (id_actor, nombre, foto_path) VALUES (1708542, 'Anderson .Paak', 'https://image.tmdb.org/t/p/original/fhoNMocbdaGwuVdDOVJF2rQxNwZ.jpg');
INSERT OR IGNORE INTO Actor (id_actor, nombre, foto_path) VALUES (3538069, 'Soul Rasheed', 'https://image.tmdb.org/t/p/original/oTeLMwtEFEUXTXO2koOVKEpVKda.jpg');
INSERT OR IGNORE INTO Actor (id_actor, nombre, foto_path) VALUES (111513, 'Yvette Nicole Brown', 'https://image.tmdb.org/t/p/original/7cJowCcDPnyXqHJ46GgSNHomUGo.jpg');
INSERT OR IGNORE INTO Actor (id_actor, nombre, foto_path) VALUES (1163979, 'Jee Young Han', 'https://image.tmdb.org/t/p/original/htRg5qDTLaDdrPFsqracWa8ZOy7.jpg');
INSERT OR IGNORE INTO Actor (id_actor, nombre, foto_path) VALUES (1074677, 'Jonnie Park', 'https://image.tmdb.org/t/p/original/lcIPg223TayLkrDvaizIOwSADQY.jpg');
INSERT OR REPLACE INTO Pelicula (id_pelicula, titulo, descripcion, poster_path, backdrop_path, trailer, anio_estreno, duracion) VALUES (972232, 'K-Pops!', '', 'https://image.tmdb.org/t/p/original/72KQHN1xUO6gWHLRRPyJcCQXlve.jpg', 'https://image.tmdb.org/t/p/original/rroo5ANTOLr1JY1JArmpJNQfsEV.jpg', '', 2026, 114);
INSERT OR REPLACE INTO Pelicula_Actor (id_pelicula, id_actor, personaje) VALUES (972232, 1708542, 'BJ');
INSERT OR REPLACE INTO Pelicula_Actor (id_pelicula, id_actor, personaje) VALUES (972232, 3538069, 'Tae Young');
INSERT OR REPLACE INTO Pelicula_Actor (id_pelicula, id_actor, personaje) VALUES (972232, 111513, 'Brenda');
INSERT OR REPLACE INTO Pelicula_Actor (id_pelicula, id_actor, personaje) VALUES (972232, 1163979, 'Yeji');
INSERT OR REPLACE INTO Pelicula_Actor (id_pelicula, id_actor, personaje) VALUES (972232, 1074677, 'Cash');
INSERT OR IGNORE INTO Pelicula_Categoria (id_pelicula, id_categoria) VALUES (972232, 12);
INSERT OR IGNORE INTO Pelicula_Categoria (id_pelicula, id_categoria) VALUES (972232, 7);
INSERT OR IGNORE INTO Pelicula_Categoria (id_pelicula, id_categoria) VALUES (972232, 11);
INSERT OR IGNORE INTO Pelicula_Compania (id_pelicula, id_compania) VALUES (972232, undefined);
-- Fin película: K-Pops! --
INSERT OR IGNORE INTO Actor (id_actor, nombre, foto_path) VALUES (4537244, 'Idan Weiss', 'https://image.tmdb.org/t/p/original/sG1UIfeNSYS1yhlRhbmxXgzYc7V.jpg');
INSERT OR IGNORE INTO Actor (id_actor, nombre, foto_path) VALUES (15486, 'Peter Kurth', 'https://image.tmdb.org/t/p/original/1RQBjJtHiKb6l8S1qp2purktKcg.jpg');
INSERT OR IGNORE INTO Actor (id_actor, nombre, foto_path) VALUES (1682097, 'Katharina Stark', 'https://image.tmdb.org/t/p/original/3cwKbMriYdDDhPwSQTXTdMhG6p6.jpg');
INSERT OR IGNORE INTO Actor (id_actor, nombre, foto_path) VALUES (133262, 'Sebastian Schwarz', 'https://image.tmdb.org/t/p/original/mqj2N2CHlYJDCNIaXAxE1dqUTih.jpg');
INSERT OR IGNORE INTO Actor (id_actor, nombre, foto_path) VALUES (1081003, 'Carol Schuler', 'https://image.tmdb.org/t/p/original/zUTBaFqe8NK8lAAHqSyc4ZEzkfv.jpg');
INSERT OR REPLACE INTO Pelicula (id_pelicula, titulo, descripcion, poster_path, backdrop_path, trailer, anio_estreno, duracion) VALUES (1157322, 'Franz', '', 'https://image.tmdb.org/t/p/original/4bzQ0ka5ru65dEVS6MF3kKWKWvV.jpg', 'https://image.tmdb.org/t/p/original/nXqRGRhFxa3v5rJsJUApYdKdiKu.jpg', '', 2025, 127);
INSERT OR REPLACE INTO Pelicula_Actor (id_pelicula, id_actor, personaje) VALUES (1157322, 4537244, 'Franz Kafka');
INSERT OR REPLACE INTO Pelicula_Actor (id_pelicula, id_actor, personaje) VALUES (1157322, 15486, 'Hermann Kafka');
INSERT OR REPLACE INTO Pelicula_Actor (id_pelicula, id_actor, personaje) VALUES (1157322, 1682097, 'Ottla Kafka');
INSERT OR REPLACE INTO Pelicula_Actor (id_pelicula, id_actor, personaje) VALUES (1157322, 133262, 'Max Brod');
INSERT OR REPLACE INTO Pelicula_Actor (id_pelicula, id_actor, personaje) VALUES (1157322, 1081003, 'Felicie Bauer');
INSERT OR IGNORE INTO Pelicula_Categoria (id_pelicula, id_categoria) VALUES (1157322, 7);
INSERT OR IGNORE INTO Pelicula_Categoria (id_pelicula, id_categoria) VALUES (1157322, 1);
INSERT OR IGNORE INTO Pelicula_Compania (id_pelicula, id_compania) VALUES (1157322, undefined);
-- Fin película: Franz --
INSERT OR IGNORE INTO Actor (id_actor, nombre, foto_path) VALUES (83002, 'Jessica Chastain', 'https://image.tmdb.org/t/p/original/bXFXSlfCzoE5Py7KBP9P0Y0Ot1v.jpg');
INSERT OR IGNORE INTO Actor (id_actor, nombre, foto_path) VALUES (2630093, 'Isaac Hernández', 'https://image.tmdb.org/t/p/original/aJX3oGAmCNCXfgmXcs734H3GloJ.jpg');
INSERT OR IGNORE INTO Actor (id_actor, nombre, foto_path) VALUES (36669, 'Rupert Friend', 'https://image.tmdb.org/t/p/original/a3HeMHmlXnoRlHLX9h31ZdZgCXM.jpg');
INSERT OR IGNORE INTO Actor (id_actor, nombre, foto_path) VALUES (3041, 'Marshall Bell', 'https://image.tmdb.org/t/p/original/3AdZRUFlmV9KvArzqSVEVZVl0Sa.jpg');
INSERT OR IGNORE INTO Actor (id_actor, nombre, foto_path) VALUES (985456, 'Eligio Meléndez', 'https://image.tmdb.org/t/p/original/9fxr0eAMl2DXVv8as4juIGXkD08.jpg');
INSERT OR REPLACE INTO Pelicula (id_pelicula, titulo, descripcion, poster_path, backdrop_path, trailer, anio_estreno, duracion) VALUES (1134463, 'Dreams', '', 'https://image.tmdb.org/t/p/original/taMMxgN8SEvuAYAAdpG0v3BtKv5.jpg', 'https://image.tmdb.org/t/p/original/i1Aa25l2TtKwp528wM5g2MK4ER6.jpg', 'https://www.youtube.com/watch?v=s8VvvlNyRpc', 2025, 98);
INSERT OR REPLACE INTO Pelicula_Actor (id_pelicula, id_actor, personaje) VALUES (1134463, 83002, 'Jennifer McCarthy');
INSERT OR REPLACE INTO Pelicula_Actor (id_pelicula, id_actor, personaje) VALUES (1134463, 2630093, 'Fernando Rodríguez');
INSERT OR REPLACE INTO Pelicula_Actor (id_pelicula, id_actor, personaje) VALUES (1134463, 36669, 'Jake McCarthy');
INSERT OR REPLACE INTO Pelicula_Actor (id_pelicula, id_actor, personaje) VALUES (1134463, 3041, 'Michael McCarthy');
INSERT OR REPLACE INTO Pelicula_Actor (id_pelicula, id_actor, personaje) VALUES (1134463, 985456, 'Fernando s Father');
INSERT OR IGNORE INTO Pelicula_Categoria (id_pelicula, id_categoria) VALUES (1134463, 10);
INSERT OR IGNORE INTO Pelicula_Categoria (id_pelicula, id_categoria) VALUES (1134463, 6);
INSERT OR IGNORE INTO Pelicula_Categoria (id_pelicula, id_categoria) VALUES (1134463, 7);
INSERT OR IGNORE INTO Pelicula_Compania (id_pelicula, id_compania) VALUES (1134463, undefined);
-- Fin película: Dreams --
INSERT OR IGNORE INTO Actor (id_actor, nombre, foto_path) VALUES (83271, 'Glen Powell', 'https://image.tmdb.org/t/p/original/fUnIaJkdgvQTztyR1nLeUceSzly.jpg');
INSERT OR IGNORE INTO Actor (id_actor, nombre, foto_path) VALUES (1392137, 'Margaret Qualley', 'https://image.tmdb.org/t/p/original/jStNyMj3acpLuH48awLVLqqlyaV.jpg');
INSERT OR IGNORE INTO Actor (id_actor, nombre, foto_path) VALUES (1202689, 'Jessica Henwick', 'https://image.tmdb.org/t/p/original/8WxU7ttow0231Oyw1KPXb1BdKo4.jpg');
INSERT OR IGNORE INTO Actor (id_actor, nombre, foto_path) VALUES (121718, 'Bill Camp', 'https://image.tmdb.org/t/p/original/wxYyJSltCHwU0MTg838SllOlvNT.jpg');
INSERT OR IGNORE INTO Actor (id_actor, nombre, foto_path) VALUES (464993, 'Zach Woods', 'https://image.tmdb.org/t/p/original/jolb1uMzDZGTKOKyhgeG3RIsL2W.jpg');
INSERT OR REPLACE INTO Pelicula (id_pelicula, titulo, descripcion, poster_path, backdrop_path, trailer, anio_estreno, duracion) VALUES (467905, 'Jugada Maestra', 'Becket, un potencial heredero de una fortuna millonaria, solo tiene un pequeño problema: que es el octavo en la línea de sucesión. Lo cual, por supuesto, tiene una fácil solución: matarlos a todos hasta que solo quede él.', 'https://image.tmdb.org/t/p/original/yQ7OP2HYxl9YmkWNMkuUA2YaF5.jpg', 'https://image.tmdb.org/t/p/original/vuaPZ4IbsIRr2wDARZT7rFQ5CgP.jpg', '', 2026, 109);
INSERT OR REPLACE INTO Pelicula_Actor (id_pelicula, id_actor, personaje) VALUES (467905, 83271, 'Becket Redfellow');
INSERT OR REPLACE INTO Pelicula_Actor (id_pelicula, id_actor, personaje) VALUES (467905, 1392137, 'Julia');
INSERT OR REPLACE INTO Pelicula_Actor (id_pelicula, id_actor, personaje) VALUES (467905, 1202689, 'Ruth');
INSERT OR REPLACE INTO Pelicula_Actor (id_pelicula, id_actor, personaje) VALUES (467905, 121718, 'Warren Redfellow');
INSERT OR REPLACE INTO Pelicula_Actor (id_pelicula, id_actor, personaje) VALUES (467905, 464993, 'Noah Redfellow');
INSERT OR IGNORE INTO Pelicula_Categoria (id_pelicula, id_categoria) VALUES (467905, 12);
INSERT OR IGNORE INTO Pelicula_Categoria (id_pelicula, id_categoria) VALUES (467905, 6);
INSERT OR IGNORE INTO Pelicula_Categoria (id_pelicula, id_categoria) VALUES (467905, 7);
INSERT OR IGNORE INTO Pelicula_Compania (id_pelicula, id_compania) VALUES (467905, undefined);
-- Fin película: Jugada Maestra --
INSERT OR IGNORE INTO Actor (id_actor, nombre, foto_path) VALUES (1417288, 'Paulette Hernández', '');
INSERT OR IGNORE INTO Actor (id_actor, nombre, foto_path) VALUES (1428678, 'Alan Alarcón', '');
INSERT OR IGNORE INTO Actor (id_actor, nombre, foto_path) VALUES (1481864, 'Lucero Trejo', 'https://image.tmdb.org/t/p/original/xAAo65wE6RddmKjTrNlCGzZKWus.jpg');
INSERT OR IGNORE INTO Actor (id_actor, nombre, foto_path) VALUES (4156713, 'Pilar García Ayala', '');
INSERT OR REPLACE INTO Pelicula (id_pelicula, titulo, descripcion, poster_path, backdrop_path, trailer, anio_estreno, duracion) VALUES (1331344, 'No Voltees', 'Cuando dos hermanos regresan a ver a su madre, se enfrentan por una presencia violenta y ominosa que habita el hogar de su infancia: su padre.', 'https://image.tmdb.org/t/p/original/g3ZeqO6cNvr6cbfUn2FYZ7wAZ6f.jpg', 'https://image.tmdb.org/t/p/original/2qe0Ksqz2qM6IwzG14bILcwyJFz.jpg', '', 2026, 95);
INSERT OR REPLACE INTO Pelicula_Actor (id_pelicula, id_actor, personaje) VALUES (1331344, 1417288, 'Aurora');
INSERT OR REPLACE INTO Pelicula_Actor (id_pelicula, id_actor, personaje) VALUES (1331344, 1428678, 'Martín');
INSERT OR REPLACE INTO Pelicula_Actor (id_pelicula, id_actor, personaje) VALUES (1331344, 1481864, 'Cleotilde');
INSERT OR REPLACE INTO Pelicula_Actor (id_pelicula, id_actor, personaje) VALUES (1331344, 4156713, 'Aurora niña');
INSERT OR IGNORE INTO Pelicula_Categoria (id_pelicula, id_categoria) VALUES (1331344, 4);
INSERT OR IGNORE INTO Pelicula_Compania (id_pelicula, id_compania) VALUES (1331344, undefined);
-- Fin película: No Voltees --
INSERT OR REPLACE INTO Pelicula (id_pelicula, titulo, descripcion, poster_path, backdrop_path, trailer, anio_estreno, duracion) VALUES (1465655, 'Natchez', '', 'https://image.tmdb.org/t/p/original/yPTXiyIML1vz1nbJsoKGeedn3DX.jpg', 'https://image.tmdb.org/t/p/original/mneFxmt58673hcmzPwmAOjuiaJg.jpg', '', 2026, 86);
INSERT OR IGNORE INTO Pelicula_Categoria (id_pelicula, id_categoria) VALUES (1465655, 4);
INSERT OR IGNORE INTO Pelicula_Compania (id_pelicula, id_compania) VALUES (1465655, undefined);
-- Fin película: Natchez --
INSERT OR IGNORE INTO Actor (id_actor, nombre, foto_path) VALUES (1657121, 'Ethan Taylor', 'https://image.tmdb.org/t/p/original/fJ0LqegrsjrSMBEAGUnp9mMIpm.jpg');
INSERT OR IGNORE INTO Actor (id_actor, nombre, foto_path) VALUES (1890542, 'Leona Clarke', 'https://image.tmdb.org/t/p/original/dFinXe44XEDiNKYy8I2ashz1PoZ.jpg');
INSERT OR IGNORE INTO Actor (id_actor, nombre, foto_path) VALUES (1438982, 'Simon Davies', 'https://image.tmdb.org/t/p/original/c0q1u7sbHQkbdSPI7huqFXHg3D5.jpg');
INSERT OR IGNORE INTO Actor (id_actor, nombre, foto_path) VALUES (1662821, 'Michaela Longden', 'https://image.tmdb.org/t/p/original/4nzQJ91bK9pUsTNSpBLSJh29eQD.jpg');
INSERT OR IGNORE INTO Actor (id_actor, nombre, foto_path) VALUES (1364365, 'Luke James', 'https://image.tmdb.org/t/p/original/vESm2pgfZ8cg1VE2vGTEfszFYLR.jpg');
INSERT OR REPLACE INTO Pelicula (id_pelicula, titulo, descripcion, poster_path, backdrop_path, trailer, anio_estreno, duracion) VALUES (1443260, 'Rob1n', 'Cuando un experto en robótica canaliza el dolor de perder a su hijo de 11 años en la construcción de ''Robin'', un muñeco robótico completamente funcional, una serie de eventos horribles deja en claro que Robin hará lo que sea necesario para tener a su creador solo para él.', 'https://image.tmdb.org/t/p/original/xhmtOEWNkW1EC7u1N7sPEc8Rxxw.jpg', 'https://image.tmdb.org/t/p/original/2VGfjnT3RpjOKADbwgbmXCFSbH.jpg', '', 2025, 91);
INSERT OR REPLACE INTO Pelicula_Actor (id_pelicula, id_actor, personaje) VALUES (1443260, 1657121, 'Leo');
INSERT OR REPLACE INTO Pelicula_Actor (id_pelicula, id_actor, personaje) VALUES (1443260, 1890542, 'Lexi');
INSERT OR REPLACE INTO Pelicula_Actor (id_pelicula, id_actor, personaje) VALUES (1443260, 1438982, 'Aiden');
INSERT OR REPLACE INTO Pelicula_Actor (id_pelicula, id_actor, personaje) VALUES (1443260, 1662821, 'Freya');
INSERT OR REPLACE INTO Pelicula_Actor (id_pelicula, id_actor, personaje) VALUES (1443260, 1364365, 'Sam');
INSERT OR IGNORE INTO Pelicula_Categoria (id_pelicula, id_categoria) VALUES (1443260, 4);
INSERT OR IGNORE INTO Pelicula_Categoria (id_pelicula, id_categoria) VALUES (1443260, 6);
INSERT OR IGNORE INTO Pelicula_Categoria (id_pelicula, id_categoria) VALUES (1443260, 7);
INSERT OR IGNORE INTO Pelicula_Compania (id_pelicula, id_compania) VALUES (1443260, undefined);
-- Fin película: Rob1n --
INSERT OR IGNORE INTO Actor (id_actor, nombre, foto_path) VALUES (1893251, 'Vishwak Sen', 'https://image.tmdb.org/t/p/original/ffWsFHwde7M3W2IiIfn01htpALX.jpg');
INSERT OR IGNORE INTO Actor (id_actor, nombre, foto_path) VALUES (2578168, 'Kayadu Lohar', 'https://image.tmdb.org/t/p/original/pHaMPnrfnWvTPZA4IOmZk8BHY0U.jpg');
INSERT OR IGNORE INTO Actor (id_actor, nombre, foto_path) VALUES (736815, 'Naresh', 'https://image.tmdb.org/t/p/original/yT9Sgp7y8h3xhlmgzafUwlIXy1H.jpg');
INSERT OR IGNORE INTO Actor (id_actor, nombre, foto_path) VALUES (1275608, 'ఈశ్వరీ రావు', 'https://image.tmdb.org/t/p/original/fjyvQ45YZcovy2Egj2eux8UiuHU.jpg');
INSERT OR IGNORE INTO Actor (id_actor, nombre, foto_path) VALUES (1999839, 'Muralidhar Goud', 'https://image.tmdb.org/t/p/original/3KldPSnn08WhuwoUR9GhZ9OnsI2.jpg');
INSERT OR REPLACE INTO Pelicula (id_pelicula, titulo, descripcion, poster_path, backdrop_path, trailer, anio_estreno, duracion) VALUES (1403737, 'ఫంకీ', '', 'https://image.tmdb.org/t/p/original/iICU2CBNat7q9tm88SzrUFwR1hA.jpg', 'https://image.tmdb.org/t/p/original/hv1K6dYUg3ddlAQuuyfCIxZnG2K.jpg', '', 2026, 0);
INSERT OR REPLACE INTO Pelicula_Actor (id_pelicula, id_actor, personaje) VALUES (1403737, 1893251, 'Komal');
INSERT OR REPLACE INTO Pelicula_Actor (id_pelicula, id_actor, personaje) VALUES (1403737, 2578168, '');
INSERT OR REPLACE INTO Pelicula_Actor (id_pelicula, id_actor, personaje) VALUES (1403737, 736815, '');
INSERT OR REPLACE INTO Pelicula_Actor (id_pelicula, id_actor, personaje) VALUES (1403737, 1275608, '');
INSERT OR REPLACE INTO Pelicula_Actor (id_pelicula, id_actor, personaje) VALUES (1403737, 1999839, '');
INSERT OR IGNORE INTO Pelicula_Categoria (id_pelicula, id_categoria) VALUES (1403737, 12);
INSERT OR IGNORE INTO Pelicula_Categoria (id_pelicula, id_categoria) VALUES (1403737, 10);
INSERT OR IGNORE INTO Pelicula_Categoria (id_pelicula, id_categoria) VALUES (1403737, 7);
INSERT OR IGNORE INTO Pelicula_Compania (id_pelicula, id_compania) VALUES (1403737, undefined);
-- Fin película: ఫంకీ --
INSERT OR IGNORE INTO Actor (id_actor, nombre, foto_path) VALUES (5207291, 'Leonie Buysse', 'https://image.tmdb.org/t/p/original/saOpefzgBuuNDh3w5SugzYqZDeS.jpg');
INSERT OR IGNORE INTO Actor (id_actor, nombre, foto_path) VALUES (4061789, 'Gorges Ocloo', 'https://image.tmdb.org/t/p/original/vSkDCmaC20Fva62JaAt455gXHAt.jpg');
INSERT OR IGNORE INTO Actor (id_actor, nombre, foto_path) VALUES (1333330, 'Yoann Blanc', 'https://image.tmdb.org/t/p/original/mBed4TQcWd3xhugRUk1yaVNJNP5.jpg');
INSERT OR IGNORE INTO Actor (id_actor, nombre, foto_path) VALUES (233933, 'Karlijn Sileghem', 'https://image.tmdb.org/t/p/original/mJK0Ee9osiOz1mBBWe2vPxhwO3L.jpg');
INSERT OR IGNORE INTO Actor (id_actor, nombre, foto_path) VALUES (3786166, 'Oscar Louis Högström', 'https://image.tmdb.org/t/p/original/xMTTr1ldKvZ0O5MyjRmPDCxvdV5.jpg');
INSERT OR REPLACE INTO Pelicula (id_pelicula, titulo, descripcion, poster_path, backdrop_path, trailer, anio_estreno, duracion) VALUES (1251517, 'Real Faces', 'Julia es una ambiciosa agente de casting que lucha por construir una nueva vida. Enmascara sus inseguridades tras una fachada de éxito. Entonces conoce al microbiólogo Eliott y forja una auténtica amistad que la inspira a liberarse.', 'https://image.tmdb.org/t/p/original/gg11cZdse6dZdAIrug9WZQCtQs2.jpg', 'https://image.tmdb.org/t/p/original/dNuyaOVO6DYjVlc0Dr06Us5ny07.jpg', '', 2026, 92);
INSERT OR REPLACE INTO Pelicula_Actor (id_pelicula, id_actor, personaje) VALUES (1251517, 5207291, 'Julia');
INSERT OR REPLACE INTO Pelicula_Actor (id_pelicula, id_actor, personaje) VALUES (1251517, 4061789, 'Eliott');
INSERT OR REPLACE INTO Pelicula_Actor (id_pelicula, id_actor, personaje) VALUES (1251517, 1333330, '');
INSERT OR REPLACE INTO Pelicula_Actor (id_pelicula, id_actor, personaje) VALUES (1251517, 233933, '');
INSERT OR REPLACE INTO Pelicula_Actor (id_pelicula, id_actor, personaje) VALUES (1251517, 3786166, '');
INSERT OR IGNORE INTO Pelicula_Categoria (id_pelicula, id_categoria) VALUES (1251517, 7);
INSERT OR IGNORE INTO Pelicula_Compania (id_pelicula, id_compania) VALUES (1251517, undefined);
-- Fin película: Real Faces --
INSERT OR IGNORE INTO Actor (id_actor, nombre, foto_path) VALUES (4582206, 'Angeline Aril', 'https://image.tmdb.org/t/p/original/o4MCnB8mdXXTYn6AWPKsik29lxs.jpg');
INSERT OR IGNORE INTO Actor (id_actor, nombre, foto_path) VALUES (3937164, 'Audrey Avila', 'https://image.tmdb.org/t/p/original/9xPDiznkS7MZ3KeGt8NIWbFRbWn.jpg');
INSERT OR IGNORE INTO Actor (id_actor, nombre, foto_path) VALUES (5630018, 'Cheena Dizon', 'https://image.tmdb.org/t/p/original/aNZHynNSy2JBvBxsSEys9cXzALV.jpg');
INSERT OR IGNORE INTO Actor (id_actor, nombre, foto_path) VALUES (2876771, 'VR Relosa', 'https://image.tmdb.org/t/p/original/mbsIqmnrrBsAUb0y4ZHfV7zTfMm.jpg');
INSERT OR IGNORE INTO Actor (id_actor, nombre, foto_path) VALUES (3362447, 'Van Allen Ong', 'https://image.tmdb.org/t/p/original/jfR0mocS2oMV3UqDyKwuIVJrwQc.jpg');
INSERT OR REPLACE INTO Pelicula (id_pelicula, titulo, descripcion, poster_path, backdrop_path, trailer, anio_estreno, duracion) VALUES (1549519, 'Sex Trip', '', 'https://image.tmdb.org/t/p/original/sr4sLilBbPx4TfPnX2zzUxlySgu.jpg', 'https://image.tmdb.org/t/p/original/q2UhJtqp4ONeARofhpIHx4S0ElU.jpg', '', 2026, 0);
INSERT OR REPLACE INTO Pelicula_Actor (id_pelicula, id_actor, personaje) VALUES (1549519, 4582206, '');
INSERT OR REPLACE INTO Pelicula_Actor (id_pelicula, id_actor, personaje) VALUES (1549519, 3937164, '');
INSERT OR REPLACE INTO Pelicula_Actor (id_pelicula, id_actor, personaje) VALUES (1549519, 5630018, '');
INSERT OR REPLACE INTO Pelicula_Actor (id_pelicula, id_actor, personaje) VALUES (1549519, 2876771, '');
INSERT OR REPLACE INTO Pelicula_Actor (id_pelicula, id_actor, personaje) VALUES (1549519, 3362447, '');
INSERT OR IGNORE INTO Pelicula_Categoria (id_pelicula, id_categoria) VALUES (1549519, 7);
INSERT OR IGNORE INTO Pelicula_Compania (id_pelicula, id_compania) VALUES (1549519, undefined);
-- Fin película: Sex Trip --
INSERT OR IGNORE INTO Actor (id_actor, nombre, foto_path) VALUES (38500, 'Bernard-Pierre Donnadieu', 'https://image.tmdb.org/t/p/original/xv53OlQslGjWRJUQck3kNLUrclI.jpg');
INSERT OR IGNORE INTO Actor (id_actor, nombre, foto_path) VALUES (1913732, 'Gene Bervoets', 'https://image.tmdb.org/t/p/original/pPoPK9914Pf3GHyV9Gc9c2RGDPw.jpg');
INSERT OR IGNORE INTO Actor (id_actor, nombre, foto_path) VALUES (55851, 'Johanna ter Steege', 'https://image.tmdb.org/t/p/original/ufMX0nu3F0N25qclKF6UJuDGMGy.jpg');
INSERT OR IGNORE INTO Actor (id_actor, nombre, foto_path) VALUES (55852, 'Gwen Eckhaus', '');
INSERT OR IGNORE INTO Actor (id_actor, nombre, foto_path) VALUES (51948, 'Pierre Forget', 'https://image.tmdb.org/t/p/original/pxUCVqZ9ELoklYIZyhZdlX2l6N9.jpg');
INSERT OR REPLACE INTO Pelicula (id_pelicula, titulo, descripcion, poster_path, backdrop_path, trailer, anio_estreno, duracion) VALUES (8740, 'Desaparecida', 'Rex y Saskia son una pareja de holandeses de vacaciones en Francia. En una gasolinera, Saskia desaparece sin dejar rastro. Rex dedica tres años de su vida a intentar encontrar a su novia sin éxito. Un día empieza a recibir postales de alguien que promete revelarle qué le pasó a Saskia. El supuesto secuestrador, un tipo llamado Raymond Lemorne, es un personaje escalofriante a quien Rex sigue la corriente en su obsesión de conocer la verdad sobre la desaparición de su amada. Y la verdad, quizá, sea más siniestra de lo que él nunca se atrevió a imaginar...', 'https://image.tmdb.org/t/p/original/6pBloz1mwz8S0gYjUao6iUoyCng.jpg', 'https://image.tmdb.org/t/p/original/gcXbxHjkUwLV4HrE2oJcbP7UGTA.jpg', '', 1988, 101);
INSERT OR REPLACE INTO Pelicula_Actor (id_pelicula, id_actor, personaje) VALUES (8740, 38500, 'Raymond Lemorne');
INSERT OR REPLACE INTO Pelicula_Actor (id_pelicula, id_actor, personaje) VALUES (8740, 1913732, 'Rex Hofman');
INSERT OR REPLACE INTO Pelicula_Actor (id_pelicula, id_actor, personaje) VALUES (8740, 55851, 'Saskia Wagter');
INSERT OR REPLACE INTO Pelicula_Actor (id_pelicula, id_actor, personaje) VALUES (8740, 55852, 'Lieneke');
INSERT OR REPLACE INTO Pelicula_Actor (id_pelicula, id_actor, personaje) VALUES (8740, 51948, 'Farmer Laurent');
INSERT OR IGNORE INTO Pelicula_Categoria (id_pelicula, id_categoria) VALUES (8740, 6);
INSERT OR IGNORE INTO Pelicula_Categoria (id_pelicula, id_categoria) VALUES (8740, 1);
INSERT OR IGNORE INTO Pelicula_Compania (id_pelicula, id_compania) VALUES (8740, undefined);
-- Fin película: Desaparecida --
INSERT OR IGNORE INTO Actor (id_actor, nombre, foto_path) VALUES (5403423, 'Banin Ahmad Nayef', 'https://image.tmdb.org/t/p/original/pKxHaeLZwekATKr5AnxyTn4UEnJ.jpg');
INSERT OR IGNORE INTO Actor (id_actor, nombre, foto_path) VALUES (5403424, 'Sajad Mohamad Qasem', '');
INSERT OR IGNORE INTO Actor (id_actor, nombre, foto_path) VALUES (5403425, 'Waheed Thabet Khreibat', '');
INSERT OR IGNORE INTO Actor (id_actor, nombre, foto_path) VALUES (5403427, 'Rahim AlHaj', '');
INSERT OR IGNORE INTO Actor (id_actor, nombre, foto_path) VALUES (5689670, 'Muthanna Malaghi', '');
INSERT OR REPLACE INTO Pelicula (id_pelicula, titulo, descripcion, poster_path, backdrop_path, trailer, anio_estreno, duracion) VALUES (1464883, 'La Tarta del Presidente', 'Mientras la gente lucha a diario por sobrevivir bajo las sanciones en el Iraq de Sadam, Lamia, una niña de nueve años, debe usar su ingenio para reunir los ingredientes de la tarta obligatoria para celebrar el cumpleaños del presidente Sadam Husein o atenerse a las consecuencias: la cárcel o la muerte.', 'https://image.tmdb.org/t/p/original/9zfQ8eanWwkFA6S3YhZWle7jp75.jpg', 'https://image.tmdb.org/t/p/original/1WkCbHamijDjv8hiBZztSLE2ujL.jpg', '', 2025, 105);
INSERT OR REPLACE INTO Pelicula_Actor (id_pelicula, id_actor, personaje) VALUES (1464883, 5403423, 'Lamia');
INSERT OR REPLACE INTO Pelicula_Actor (id_pelicula, id_actor, personaje) VALUES (1464883, 5403424, 'Saeed');
INSERT OR REPLACE INTO Pelicula_Actor (id_pelicula, id_actor, personaje) VALUES (1464883, 5403425, 'Bibi');
INSERT OR REPLACE INTO Pelicula_Actor (id_pelicula, id_actor, personaje) VALUES (1464883, 5403427, 'Jasim');
INSERT OR REPLACE INTO Pelicula_Actor (id_pelicula, id_actor, personaje) VALUES (1464883, 5689670, 'Muthanna');
INSERT OR IGNORE INTO Pelicula_Categoria (id_pelicula, id_categoria) VALUES (1464883, 7);
INSERT OR IGNORE INTO Pelicula_Compania (id_pelicula, id_compania) VALUES (1464883, undefined);
-- Fin película: La Tarta del Presidente --
INSERT OR IGNORE INTO Actor (id_actor, nombre, foto_path) VALUES (2140619, 'Elizabeth Cullen', 'https://image.tmdb.org/t/p/original/1Piix4T41OIpmQzkHONTBx8QWlO.jpg');
INSERT OR IGNORE INTO Actor (id_actor, nombre, foto_path) VALUES (1382755, 'John Harlan Kim', 'https://image.tmdb.org/t/p/original/syCWEzV2zFYdYV6Kk4ebTgjGWFK.jpg');
INSERT OR IGNORE INTO Actor (id_actor, nombre, foto_path) VALUES (2188977, 'Mia Challis', 'https://image.tmdb.org/t/p/original/acNz3DvXxI7VRizZd4m8NAwYEby.jpg');
INSERT OR IGNORE INTO Actor (id_actor, nombre, foto_path) VALUES (217991, 'Genevieve Mooy', 'https://image.tmdb.org/t/p/original/dXfEibGGn3nat4Slue2q5KR3x8e.jpg');
INSERT OR IGNORE INTO Actor (id_actor, nombre, foto_path) VALUES (1734102, 'Robin Goldsworthy', 'https://image.tmdb.org/t/p/original/ntlj2zjfU6WILqihArCQw27fB2L.jpg');
INSERT OR REPLACE INTO Pelicula (id_pelicula, titulo, descripcion, poster_path, backdrop_path, trailer, anio_estreno, duracion) VALUES (1375831, 'Diabolic', '', 'https://image.tmdb.org/t/p/original/4Ep7jV6IlLfCnWe6LCBs7n0n3Q9.jpg', 'https://image.tmdb.org/t/p/original/omSopalzrF7ro6VbWcOE5jqrvfm.jpg', '', 2025, 95);
INSERT OR REPLACE INTO Pelicula_Actor (id_pelicula, id_actor, personaje) VALUES (1375831, 2140619, 'Elise');
INSERT OR REPLACE INTO Pelicula_Actor (id_pelicula, id_actor, personaje) VALUES (1375831, 1382755, 'Adam');
INSERT OR REPLACE INTO Pelicula_Actor (id_pelicula, id_actor, personaje) VALUES (1375831, 2188977, 'Gwen');
INSERT OR REPLACE INTO Pelicula_Actor (id_pelicula, id_actor, personaje) VALUES (1375831, 217991, 'Alma');
INSERT OR REPLACE INTO Pelicula_Actor (id_pelicula, id_actor, personaje) VALUES (1375831, 1734102, 'Hyrum');
INSERT OR IGNORE INTO Pelicula_Categoria (id_pelicula, id_categoria) VALUES (1375831, 4);
INSERT OR IGNORE INTO Pelicula_Compania (id_pelicula, id_compania) VALUES (1375831, undefined);
-- Fin película: Diabolic --
INSERT OR IGNORE INTO Actor (id_actor, nombre, foto_path) VALUES (11701, 'Angelina Jolie', 'https://image.tmdb.org/t/p/original/nXA9vMvskmIDB5NqHCkTQPmemep.jpg');
INSERT OR IGNORE INTO Actor (id_actor, nombre, foto_path) VALUES (1438688, 'Ella Rumpf', 'https://image.tmdb.org/t/p/original/4igT9ZxHs26m6ttyMcZH50NrWgd.jpg');
INSERT OR IGNORE INTO Actor (id_actor, nombre, foto_path) VALUES (5074766, 'Anyier Anei', 'https://image.tmdb.org/t/p/original/3jjM2S7X13ONA4s45nr2o4HkDZE.jpg');
INSERT OR IGNORE INTO Actor (id_actor, nombre, foto_path) VALUES (16269, 'Louis Garrel', 'https://image.tmdb.org/t/p/original/vSRX8QMTrFZ9tSDKpZ9UO4yooqK.jpg');
INSERT OR IGNORE INTO Actor (id_actor, nombre, foto_path) VALUES (1144473, 'Garance Marillier', 'https://image.tmdb.org/t/p/original/gPIOhXZDUYE8wDbL5s12H7i6uzK.jpg');
INSERT OR REPLACE INTO Pelicula (id_pelicula, titulo, descripcion, poster_path, backdrop_path, trailer, anio_estreno, duracion) VALUES (1390382, 'Coutures', '', 'https://image.tmdb.org/t/p/original/zN2hnZzj3DjJH2CzB76kDo1zYFu.jpg', 'https://image.tmdb.org/t/p/original/7MtfQcyAYD8xUtnr2kei9phnt8M.jpg', '', 2026, 106);
INSERT OR REPLACE INTO Pelicula_Actor (id_pelicula, id_actor, personaje) VALUES (1390382, 11701, 'Maxine Walker');
INSERT OR REPLACE INTO Pelicula_Actor (id_pelicula, id_actor, personaje) VALUES (1390382, 1438688, 'Angèle');
INSERT OR REPLACE INTO Pelicula_Actor (id_pelicula, id_actor, personaje) VALUES (1390382, 5074766, 'Ada');
INSERT OR REPLACE INTO Pelicula_Actor (id_pelicula, id_actor, personaje) VALUES (1390382, 16269, '');
INSERT OR REPLACE INTO Pelicula_Actor (id_pelicula, id_actor, personaje) VALUES (1390382, 1144473, '');
INSERT OR IGNORE INTO Pelicula_Categoria (id_pelicula, id_categoria) VALUES (1390382, 7);
INSERT OR IGNORE INTO Pelicula_Compania (id_pelicula, id_compania) VALUES (1390382, undefined);
-- Fin película: Coutures --
INSERT OR IGNORE INTO Actor (id_actor, nombre, foto_path) VALUES (35515, 'June Squibb', 'https://image.tmdb.org/t/p/original/a7vkoLhc8JGkdvDbHvpgKKHUPHH.jpg');
INSERT OR IGNORE INTO Actor (id_actor, nombre, foto_path) VALUES (1672504, 'Erin Kellyman', 'https://image.tmdb.org/t/p/original/f7XXomAaSRxE3h5NT0sAlcQTjPL.jpg');
INSERT OR IGNORE INTO Actor (id_actor, nombre, foto_path) VALUES (5294, 'Chiwetel Ejiofor', 'https://image.tmdb.org/t/p/original/kq5DDnqqofoRI0t6ddtRlsJnNPT.jpg');
INSERT OR IGNORE INTO Actor (id_actor, nombre, foto_path) VALUES (14984, 'Jessica Hecht', 'https://image.tmdb.org/t/p/original/5JVd1ZLnhdZVFInDy8Zut9M1M5C.jpg');
INSERT OR IGNORE INTO Actor (id_actor, nombre, foto_path) VALUES (41741, 'Rita Zohar', 'https://image.tmdb.org/t/p/original/7lLXJOJqQUi2czY5nsf7YmR2XpX.jpg');
INSERT OR REPLACE INTO Pelicula (id_pelicula, titulo, descripcion, poster_path, backdrop_path, trailer, anio_estreno, duracion) VALUES (1212271, 'Eleanor the Great', 'Eleanor Morgenstein, una mujer de 90 años que ha vivido en Florida durante décadas, intentará reconstruir su vida después del fallecimiento de su amiga, lo que la llevará de vuelta a Nueva York. Deseosa de relacionarse, se hace amiga de una estudiante de 19 años.', 'https://image.tmdb.org/t/p/original/9XTM42IJST6lwPxtK2iUwNaFvCT.jpg', 'https://image.tmdb.org/t/p/original/Adg0gp8kGKXUSe8emJByRbvweGk.jpg', '', 2025, 98);
INSERT OR REPLACE INTO Pelicula_Actor (id_pelicula, id_actor, personaje) VALUES (1212271, 35515, 'Eleanor Morgenstein');
INSERT OR REPLACE INTO Pelicula_Actor (id_pelicula, id_actor, personaje) VALUES (1212271, 1672504, 'Nina');
INSERT OR REPLACE INTO Pelicula_Actor (id_pelicula, id_actor, personaje) VALUES (1212271, 5294, 'Roger');
INSERT OR REPLACE INTO Pelicula_Actor (id_pelicula, id_actor, personaje) VALUES (1212271, 14984, 'Lisa');
INSERT OR REPLACE INTO Pelicula_Actor (id_pelicula, id_actor, personaje) VALUES (1212271, 41741, 'Bessie');
INSERT OR IGNORE INTO Pelicula_Categoria (id_pelicula, id_categoria) VALUES (1212271, 7);
INSERT OR IGNORE INTO Pelicula_Compania (id_pelicula, id_compania) VALUES (1212271, undefined);
-- Fin película: Eleanor the Great --
INSERT OR REPLACE INTO Pelicula (id_pelicula, titulo, descripcion, poster_path, backdrop_path, trailer, anio_estreno, duracion) VALUES (1438390, 'Martin', '', '', '', '', 2026, 56);
INSERT OR IGNORE INTO Pelicula_Compania (id_pelicula, id_compania) VALUES (1438390, undefined);
-- Fin película: Martin --
