
-- === LOTE: Upcoming - Page 3 (2026-02-06T11:07:32.801Z) ===
INSERT OR IGNORE INTO Actor (id_actor, nombre, foto_path) VALUES (1643367, 'Damien Ferrette', 'https://image.tmdb.org/t/p/original/iW6zIP5wGMTI4RS4JKn2QjaKcxG.jpg');
INSERT OR IGNORE INTO Actor (id_actor, nombre, foto_path) VALUES (1326512, 'Hervé Jolly', '');
INSERT OR IGNORE INTO Actor (id_actor, nombre, foto_path) VALUES (1643163, 'Kaycie Chase', 'https://image.tmdb.org/t/p/original/tis8Xvy8ALtFc9Kt7JBma0ze3Xp.jpg');
INSERT OR IGNORE INTO Actor (id_actor, nombre, foto_path) VALUES (1872006, 'Frantz Confiac', '');
INSERT OR IGNORE INTO Actor (id_actor, nombre, foto_path) VALUES (1497778, 'Emmanuel Garijo', 'https://image.tmdb.org/t/p/original/ept2JUdN35WonXZgLLkA1Mr4uSL.jpg');
INSERT OR REPLACE INTO Pelicula (id_pelicula, titulo, descripcion, poster_path, backdrop_path, trailer, anio_estreno, duracion) VALUES (1107216, 'Pets on a Train', 'En un tren que está a punto de salir de la estación, suena la alarma que obliga a todos los pasajeros a bajarse. Pero entonces el tren arranca de manera improvista, llevándose a bordo los viajeros que no han tenido tiempo de bajar: los animales de compañía. Asombrados, estos descubren que el tren está bajo el control de Hans, un tejón manipulador y rencoroso, que se quiere vengar de Rex, el perro policía que le puso entre rejas hace años. Como los servicios de rescate no consiguen intervenir en el trayecto montañoso del tren, que circula a toda velocidad, los animales de compañía solo pueden contar con Falcon, un mapache un poco tramposo que hará todo lo posible para salvarles.', 'https://image.tmdb.org/t/p/original/dJZRImFs3jdMV1I2OzgjGz1rZv9.jpg', 'https://image.tmdb.org/t/p/original/3Gjo73aMqNWxNdBa7PeEj7AXJ3E.jpg', '', 2025, 87);
INSERT OR REPLACE INTO Pelicula_Actor (id_pelicula, id_actor, personaje) VALUES (1107216, 1643367, 'Falcon (voice)');
INSERT OR REPLACE INTO Pelicula_Actor (id_pelicula, id_actor, personaje) VALUES (1107216, 1326512, 'Rex (voice)');
INSERT OR REPLACE INTO Pelicula_Actor (id_pelicula, id_actor, personaje) VALUES (1107216, 1643163, 'Maguy (voice)');
INSERT OR REPLACE INTO Pelicula_Actor (id_pelicula, id_actor, personaje) VALUES (1107216, 1872006, 'Hans (voice)');
INSERT OR REPLACE INTO Pelicula_Actor (id_pelicula, id_actor, personaje) VALUES (1107216, 1497778, 'Randy / Jimi (voice)');
INSERT OR IGNORE INTO Pelicula_Categoria (id_pelicula, id_categoria) VALUES (1107216, 5);
INSERT OR IGNORE INTO Pelicula_Categoria (id_pelicula, id_categoria) VALUES (1107216, 12);
INSERT OR IGNORE INTO Pelicula_Categoria (id_pelicula, id_categoria) VALUES (1107216, 1);
INSERT OR IGNORE INTO Pelicula_Categoria (id_pelicula, id_categoria) VALUES (1107216, 6);
INSERT OR IGNORE INTO Pelicula_Compania (id_pelicula, id_compania) VALUES (1107216, undefined);
-- Fin película: Pets on a Train --
INSERT OR IGNORE INTO Actor (id_actor, nombre, foto_path) VALUES (64880, '최민식', 'https://image.tmdb.org/t/p/original/sd7gIA6nEkq6zumkDCfxSE0YSSV.jpg');
INSERT OR IGNORE INTO Actor (id_actor, nombre, foto_path) VALUES (10112, '유지태', 'https://image.tmdb.org/t/p/original/gGGV2gc0orgssYJ0Q9MSomdYo2I.jpg');
INSERT OR IGNORE INTO Actor (id_actor, nombre, foto_path) VALUES (1299317, '강혜정', 'https://image.tmdb.org/t/p/original/5YxhugLcecdEvnxmHTFRdafbywX.jpg');
INSERT OR IGNORE INTO Actor (id_actor, nombre, foto_path) VALUES (77182, '김병옥', 'https://image.tmdb.org/t/p/original/oGVs2OmYTyXR0KT9xvzVWCAKx8t.jpg');
INSERT OR IGNORE INTO Actor (id_actor, nombre, foto_path) VALUES (77180, '지대한', 'https://image.tmdb.org/t/p/original/9aoOX8p2oxUAwOaT8jT6GWfjs01.jpg');
INSERT OR REPLACE INTO Pelicula (id_pelicula, titulo, descripcion, poster_path, backdrop_path, trailer, anio_estreno, duracion) VALUES (670, 'Old Boy', 'Sin tener idea de cómo llegó a ser encarcelado, drogado y torturado durante 15 años, un hombre desesperado busca vengarse de sus captores.', 'https://image.tmdb.org/t/p/original/45kRW1xgTq3QrZltL9mY9e9iYkH.jpg', 'https://image.tmdb.org/t/p/original/sdwjQEM869JFwMytTmvr6ggvaUl.jpg', 'https://www.youtube.com/watch?v=-W8cPij0HgA', 2003, 119);
INSERT OR REPLACE INTO Pelicula_Actor (id_pelicula, id_actor, personaje) VALUES (670, 64880, 'Oh Dae-Su');
INSERT OR REPLACE INTO Pelicula_Actor (id_pelicula, id_actor, personaje) VALUES (670, 10112, 'Lee Woo-jin');
INSERT OR REPLACE INTO Pelicula_Actor (id_pelicula, id_actor, personaje) VALUES (670, 1299317, 'Mi-do');
INSERT OR REPLACE INTO Pelicula_Actor (id_pelicula, id_actor, personaje) VALUES (670, 77182, 'Mr. Han');
INSERT OR REPLACE INTO Pelicula_Actor (id_pelicula, id_actor, personaje) VALUES (670, 77180, 'No Joo-hwan');
INSERT OR IGNORE INTO Pelicula_Categoria (id_pelicula, id_categoria) VALUES (670, 7);
INSERT OR IGNORE INTO Pelicula_Categoria (id_pelicula, id_categoria) VALUES (670, 6);
INSERT OR IGNORE INTO Pelicula_Categoria (id_pelicula, id_categoria) VALUES (670, 1);
INSERT OR IGNORE INTO Pelicula_Categoria (id_pelicula, id_categoria) VALUES (670, 5);
INSERT OR IGNORE INTO Pelicula_Compania (id_pelicula, id_compania) VALUES (670, undefined);
-- Fin película: Old Boy --
INSERT OR IGNORE INTO Actor (id_actor, nombre, foto_path) VALUES (226431, 'Nora Navas', 'https://image.tmdb.org/t/p/original/kTvfxyKoWUoxgsTSIRHs8dgdD3A.jpg');
INSERT OR IGNORE INTO Actor (id_actor, nombre, foto_path) VALUES (18478, 'Rodrigo de la Serna', 'https://image.tmdb.org/t/p/original/hArSCSwj92ItqVMni7D8ehInnU5.jpg');
INSERT OR IGNORE INTO Actor (id_actor, nombre, foto_path) VALUES (36632, 'Juan Diego Botto', 'https://image.tmdb.org/t/p/original/6iu1uNMl511ZmEn0y828ZeLiuox.jpg');
INSERT OR IGNORE INTO Actor (id_actor, nombre, foto_path) VALUES (1032556, 'Àgata Roca', 'https://image.tmdb.org/t/p/original/2Mc7AyIrr8hhhxLhTYRsJF7jM4S.jpg');
INSERT OR IGNORE INTO Actor (id_actor, nombre, foto_path) VALUES (2374729, 'Fernanda Orazi', 'https://image.tmdb.org/t/p/original/wEFrb9anUl2u8DOdo5qhWCRamz0.jpg');
INSERT OR REPLACE INTO Pelicula (id_pelicula, titulo, descripcion, poster_path, backdrop_path, trailer, anio_estreno, duracion) VALUES (1297953, 'Mi amiga Eva', 'Eva acaba de cumplir 50 años. Lleva casada más de 20  y tiene dos hijos adolescentes. Hasta ahora, nada destacable. Pero en un viaje de negocios a Roma, ocurre algo que le da un vuelco a su vida. Conoce a Álex, un guionista que pasa unos días en la ciudad italiana. La atracción instantánea que siente por él, las mariposas en el estómago, la seductora insinuación de una posibilidad... Después de tanto tiempo, recuerda lo que se siente al enamorarse y eso revoluciona su interior. Reaviva una llama que llevaba tiempo extinguida.', 'https://image.tmdb.org/t/p/original/dolwe6cReEg3zRnIAIPr7C17vqx.jpg', 'https://image.tmdb.org/t/p/original/xxU0ttSVJ3iHpMzZNfN1yb09MZt.jpg', '', 2025, 99);
INSERT OR REPLACE INTO Pelicula_Actor (id_pelicula, id_actor, personaje) VALUES (1297953, 226431, 'Eva');
INSERT OR REPLACE INTO Pelicula_Actor (id_pelicula, id_actor, personaje) VALUES (1297953, 18478, 'Álex');
INSERT OR REPLACE INTO Pelicula_Actor (id_pelicula, id_actor, personaje) VALUES (1297953, 36632, 'Víctor');
INSERT OR REPLACE INTO Pelicula_Actor (id_pelicula, id_actor, personaje) VALUES (1297953, 1032556, 'Cris');
INSERT OR REPLACE INTO Pelicula_Actor (id_pelicula, id_actor, personaje) VALUES (1297953, 2374729, 'Raquel');
INSERT OR IGNORE INTO Pelicula_Categoria (id_pelicula, id_categoria) VALUES (1297953, 10);
INSERT OR IGNORE INTO Pelicula_Categoria (id_pelicula, id_categoria) VALUES (1297953, 12);
INSERT OR IGNORE INTO Pelicula_Compania (id_pelicula, id_compania) VALUES (1297953, undefined);
-- Fin película: Mi amiga Eva --
INSERT OR IGNORE INTO Actor (id_actor, nombre, foto_path) VALUES (1498158, 'Jessie Buckley', 'https://image.tmdb.org/t/p/original/i8IlkFbZqKUgkypZKpdhrw00uqw.jpg');
INSERT OR IGNORE INTO Actor (id_actor, nombre, foto_path) VALUES (3894, 'Christian Bale', 'https://image.tmdb.org/t/p/original/7Pxez9J8fuPd2Mn9kex13YALrCQ.jpg');
INSERT OR IGNORE INTO Actor (id_actor, nombre, foto_path) VALUES (131, 'Jake Gyllenhaal', 'https://image.tmdb.org/t/p/original/j2Yahha9C0zN5DRaTDzYA7WtdOT.jpg');
INSERT OR IGNORE INTO Actor (id_actor, nombre, foto_path) VALUES (516, 'Annette Bening', 'https://image.tmdb.org/t/p/original/sBiiRwAVXd0FCRZ87m0I89qGBvy.jpg');
INSERT OR IGNORE INTO Actor (id_actor, nombre, foto_path) VALUES (133, 'Peter Sarsgaard', 'https://image.tmdb.org/t/p/original/5UANyM4co2nwYPgSEmGeNlZRm7V.jpg');
INSERT OR REPLACE INTO Pelicula (id_pelicula, titulo, descripcion, poster_path, backdrop_path, trailer, anio_estreno, duracion) VALUES (1159831, '¡La novia!', 'En el Chicago de los años 30, Frankenstein pide ayuda al Dr. Euphronius para crear una compañera. Dan vida a una mujer asesinada como la Novia, lo que desencadena un romance, el interés de la policía y un cambio social radical.', 'https://image.tmdb.org/t/p/original/w0chELNFPMAxo5nlcDvlYz6r4iz.jpg', 'https://image.tmdb.org/t/p/original/pMlCbasyAqBLV18CLEkDm07VKtn.jpg', 'https://www.youtube.com/watch?v=CuuwDNp5ymw', 2026, 126);
INSERT OR REPLACE INTO Pelicula_Actor (id_pelicula, id_actor, personaje) VALUES (1159831, 1498158, 'The Bride / Ida / Mary Shelley');
INSERT OR REPLACE INTO Pelicula_Actor (id_pelicula, id_actor, personaje) VALUES (1159831, 3894, 'Frank');
INSERT OR REPLACE INTO Pelicula_Actor (id_pelicula, id_actor, personaje) VALUES (1159831, 131, 'Ronnie Reed');
INSERT OR REPLACE INTO Pelicula_Actor (id_pelicula, id_actor, personaje) VALUES (1159831, 516, 'Dr. Euphronious');
INSERT OR REPLACE INTO Pelicula_Actor (id_pelicula, id_actor, personaje) VALUES (1159831, 133, '');
INSERT OR IGNORE INTO Pelicula_Categoria (id_pelicula, id_categoria) VALUES (1159831, 3);
INSERT OR IGNORE INTO Pelicula_Categoria (id_pelicula, id_categoria) VALUES (1159831, 4);
INSERT OR IGNORE INTO Pelicula_Categoria (id_pelicula, id_categoria) VALUES (1159831, 12);
INSERT OR IGNORE INTO Pelicula_Compania (id_pelicula, id_compania) VALUES (1159831, undefined);
-- Fin película: ¡La novia! --
INSERT OR IGNORE INTO Actor (id_actor, nombre, foto_path) VALUES (78875, '古天樂', 'https://image.tmdb.org/t/p/original/yQuDBTzm7xWlJICNvl20OmcJP80.jpg');
INSERT OR IGNORE INTO Actor (id_actor, nombre, foto_path) VALUES (89409, '林峰', 'https://image.tmdb.org/t/p/original/Ak40P6TWthdQ9diRki5RIcJ6r95.jpg');
INSERT OR IGNORE INTO Actor (id_actor, nombre, foto_path) VALUES (588057, '白百何', 'https://image.tmdb.org/t/p/original/4cEIvt6etPrWzXn59W5GgnijNIG.jpg');
INSERT OR IGNORE INTO Actor (id_actor, nombre, foto_path) VALUES (230777, '宣萱', 'https://image.tmdb.org/t/p/original/3hp9D2B1Y7L7imPUHCpHiNgxSY.jpg');
INSERT OR IGNORE INTO Actor (id_actor, nombre, foto_path) VALUES (1223071, '郭羨妮', 'https://image.tmdb.org/t/p/original/2UfGinzUO41ZbshRNepiQBKqg3c.jpg');
INSERT OR REPLACE INTO Pelicula (id_pelicula, titulo, descripcion, poster_path, backdrop_path, trailer, anio_estreno, duracion) VALUES (650524, '尋秦記', '', 'https://image.tmdb.org/t/p/original/h3OUaPfCaFmzwB2eMHik50RsXlP.jpg', 'https://image.tmdb.org/t/p/original/gpJr8wRED8BpBVaxM0eODQEBNwC.jpg', '', 2025, 107);
INSERT OR REPLACE INTO Pelicula_Actor (id_pelicula, id_actor, personaje) VALUES (650524, 78875, 'Hong Siu-lung');
INSERT OR REPLACE INTO Pelicula_Actor (id_pelicula, id_actor, personaje) VALUES (650524, 89409, 'Chiu Poon / Ying Ching/Chun Wong');
INSERT OR REPLACE INTO Pelicula_Actor (id_pelicula, id_actor, personaje) VALUES (650524, 588057, 'Galie');
INSERT OR REPLACE INTO Pelicula_Actor (id_pelicula, id_actor, personaje) VALUES (650524, 230777, 'Wu Ting-fong');
INSERT OR REPLACE INTO Pelicula_Actor (id_pelicula, id_actor, personaje) VALUES (650524, 1223071, 'Chun Ching / Kam Ching');
INSERT OR IGNORE INTO Pelicula_Categoria (id_pelicula, id_categoria) VALUES (650524, 3);
INSERT OR IGNORE INTO Pelicula_Categoria (id_pelicula, id_categoria) VALUES (650524, 5);
INSERT OR IGNORE INTO Pelicula_Categoria (id_pelicula, id_categoria) VALUES (650524, 12);
INSERT OR IGNORE INTO Pelicula_Compania (id_pelicula, id_compania) VALUES (650524, undefined);
-- Fin película: 尋秦記 --
INSERT OR IGNORE INTO Actor (id_actor, nombre, foto_path) VALUES (9827, 'Rose Byrne', 'https://image.tmdb.org/t/p/original/6YauDiiTBwRGC1xnwspPmNvPWUu.jpg');
INSERT OR IGNORE INTO Actor (id_actor, nombre, foto_path) VALUES (81200, 'Conan O''Brien', 'https://image.tmdb.org/t/p/original/zlALLZ3c9BciE85XaKq9RrrEp1E.jpg');
INSERT OR IGNORE INTO Actor (id_actor, nombre, foto_path) VALUES (1521445, 'A$AP Rocky', 'https://image.tmdb.org/t/p/original/5ikO1rEWPrd6kNlnS1vtks7M5wz.jpg');
INSERT OR IGNORE INTO Actor (id_actor, nombre, foto_path) VALUES (1203789, 'Danielle Macdonald', 'https://image.tmdb.org/t/p/original/pPaypOzZ4oldd7KJHvDEfPSynSi.jpg');
INSERT OR IGNORE INTO Actor (id_actor, nombre, foto_path) VALUES (3484285, 'Delaney Quinn', 'https://image.tmdb.org/t/p/original/2CkgPdKVFfgeRCro4Hmvkqo4fB7.jpg');
INSERT OR REPLACE INTO Pelicula (id_pelicula, titulo, descripcion, poster_path, backdrop_path, trailer, anio_estreno, duracion) VALUES (1160360, 'Si pudiera, te daría una patada', 'Con su vida literalmente derrumbándose a su alrededor, Linda intenta lidiar con la misteriosa enfermedad de su hija, su marido ausente, una persona desaparecida y una relación cada vez más hostil con su terapeuta.', 'https://image.tmdb.org/t/p/original/dpXbEKk1eMcXRgl62zWhNcZH4BN.jpg', 'https://image.tmdb.org/t/p/original/hHN4iGAu0sCYvR0oaFmemKXDnVV.jpg', 'https://www.youtube.com/watch?v=JESbh6LLHFc', 2025, 113);
INSERT OR REPLACE INTO Pelicula_Actor (id_pelicula, id_actor, personaje) VALUES (1160360, 9827, 'Linda');
INSERT OR REPLACE INTO Pelicula_Actor (id_pelicula, id_actor, personaje) VALUES (1160360, 81200, 'Therapist');
INSERT OR REPLACE INTO Pelicula_Actor (id_pelicula, id_actor, personaje) VALUES (1160360, 1521445, 'James');
INSERT OR REPLACE INTO Pelicula_Actor (id_pelicula, id_actor, personaje) VALUES (1160360, 1203789, 'Caroline');
INSERT OR REPLACE INTO Pelicula_Actor (id_pelicula, id_actor, personaje) VALUES (1160360, 3484285, 'Child');
INSERT OR IGNORE INTO Pelicula_Categoria (id_pelicula, id_categoria) VALUES (1160360, 7);
INSERT OR IGNORE INTO Pelicula_Compania (id_pelicula, id_compania) VALUES (1160360, undefined);
-- Fin película: Si pudiera, te daría una patada --
INSERT OR IGNORE INTO Actor (id_actor, nombre, foto_path) VALUES (5389673, 'Vahid Mobasseri', 'https://image.tmdb.org/t/p/original/xKi4iv6WdOhwBZvmG4gjyz4i2Bb.jpg');
INSERT OR IGNORE INTO Actor (id_actor, nombre, foto_path) VALUES (5428352, 'Mariam Afshari', 'https://image.tmdb.org/t/p/original/qVNOG4w5dzlKeFAF33ibR0slraK.jpg');
INSERT OR IGNORE INTO Actor (id_actor, nombre, foto_path) VALUES (2393767, 'Ebrahim Azizi', 'https://image.tmdb.org/t/p/original/fEQbxXpEnJ7WMmQb0SWE2TqzFPl.jpg');
INSERT OR IGNORE INTO Actor (id_actor, nombre, foto_path) VALUES (5428353, 'Hadis Pakbaten', 'https://image.tmdb.org/t/p/original/ywC6mkpEjaqGmFtMnO4jh94tIq6.jpg');
INSERT OR IGNORE INTO Actor (id_actor, nombre, foto_path) VALUES (5406499, 'Majid Panahi', 'https://image.tmdb.org/t/p/original/2BUiGI1c50NCBezUSXr3FWxYOQM.jpg');
INSERT OR REPLACE INTO Pelicula (id_pelicula, titulo, descripcion, poster_path, backdrop_path, trailer, anio_estreno, duracion) VALUES (1456349, 'Un simple accidente', 'Un hombre conduce de noche con su esposa embarazada cuando atropella y mata a un perro, lo que le obliga a llevar el coche a un taller dirigido por un hombre que se parece al oficial que lo torturó en prisión.', 'https://image.tmdb.org/t/p/original/qyeTL52iQJQN6FrCaVRkiuzJDDp.jpg', 'https://image.tmdb.org/t/p/original/zhoMwQofjgVec5Sin05hWECJtVQ.jpg', 'https://www.youtube.com/watch?v=S6DC8c3FM4M', 2025, 105);
INSERT OR REPLACE INTO Pelicula_Actor (id_pelicula, id_actor, personaje) VALUES (1456349, 5389673, 'Vahid');
INSERT OR REPLACE INTO Pelicula_Actor (id_pelicula, id_actor, personaje) VALUES (1456349, 5428352, 'Shiva');
INSERT OR REPLACE INTO Pelicula_Actor (id_pelicula, id_actor, personaje) VALUES (1456349, 2393767, 'Eghbal');
INSERT OR REPLACE INTO Pelicula_Actor (id_pelicula, id_actor, personaje) VALUES (1456349, 5428353, 'Golrokh');
INSERT OR REPLACE INTO Pelicula_Actor (id_pelicula, id_actor, personaje) VALUES (1456349, 5406499, 'Ali');
INSERT OR IGNORE INTO Pelicula_Categoria (id_pelicula, id_categoria) VALUES (1456349, 7);
INSERT OR IGNORE INTO Pelicula_Categoria (id_pelicula, id_categoria) VALUES (1456349, 6);
INSERT OR IGNORE INTO Pelicula_Categoria (id_pelicula, id_categoria) VALUES (1456349, 9);
INSERT OR IGNORE INTO Pelicula_Compania (id_pelicula, id_compania) VALUES (1456349, undefined);
-- Fin película: Un simple accidente --
INSERT OR IGNORE INTO Actor (id_actor, nombre, foto_path) VALUES (11856, 'Daniel Day-Lewis', 'https://image.tmdb.org/t/p/original/3kNA9VcmymoEwT0btQ4bvMYxzcP.jpg');
INSERT OR IGNORE INTO Actor (id_actor, nombre, foto_path) VALUES (48, 'Sean Bean', 'https://image.tmdb.org/t/p/original/kTjiABk3TJ3yI0Cto5RsvyT6V3o.jpg');
INSERT OR IGNORE INTO Actor (id_actor, nombre, foto_path) VALUES (2206, 'Samantha Morton', 'https://image.tmdb.org/t/p/original/v84b7MENeD9rwX6xTD7fSdhSOC9.jpg');
INSERT OR IGNORE INTO Actor (id_actor, nombre, foto_path) VALUES (579295, 'Samuel Bottomley', 'https://image.tmdb.org/t/p/original/8ZocaRIa2sqH14LyoIeA2vCVO16.jpg');
INSERT OR IGNORE INTO Actor (id_actor, nombre, foto_path) VALUES (2592839, 'Safia Oakley-Green', 'https://image.tmdb.org/t/p/original/k4JrjdSIfwWF1Qd5KHChDfnXpF2.jpg');
INSERT OR REPLACE INTO Pelicula (id_pelicula, titulo, descripcion, poster_path, backdrop_path, trailer, anio_estreno, duracion) VALUES (1364608, 'Anémona', 'Una exploración de las intrincadas relaciones entre padres, hijos y hermanos, así como de la dinámica de los vínculos familiares.', 'https://image.tmdb.org/t/p/original/mb7yTypzkmM8sWrgi5Dr3kl9Jcx.jpg', 'https://image.tmdb.org/t/p/original/4nExMuYsypZasoX8ri3t0lYLfAF.jpg', 'https://www.youtube.com/watch?v=ZKiFuQRvxJc', 2025, 125);
INSERT OR REPLACE INTO Pelicula_Actor (id_pelicula, id_actor, personaje) VALUES (1364608, 11856, 'Ray Stoker');
INSERT OR REPLACE INTO Pelicula_Actor (id_pelicula, id_actor, personaje) VALUES (1364608, 48, 'Jem Stoker');
INSERT OR REPLACE INTO Pelicula_Actor (id_pelicula, id_actor, personaje) VALUES (1364608, 2206, 'Nessa');
INSERT OR REPLACE INTO Pelicula_Actor (id_pelicula, id_actor, personaje) VALUES (1364608, 579295, 'Brian');
INSERT OR REPLACE INTO Pelicula_Actor (id_pelicula, id_actor, personaje) VALUES (1364608, 2592839, 'Hattie');
INSERT OR IGNORE INTO Pelicula_Categoria (id_pelicula, id_categoria) VALUES (1364608, 7);
INSERT OR IGNORE INTO Pelicula_Compania (id_pelicula, id_compania) VALUES (1364608, undefined);
-- Fin película: Anémona --
INSERT OR IGNORE INTO Actor (id_actor, nombre, foto_path) VALUES (4606127, 'Mélissa Boros', 'https://image.tmdb.org/t/p/original/8N5wVrUIXFeFeachqB49Is83svv.jpg');
INSERT OR IGNORE INTO Actor (id_actor, nombre, foto_path) VALUES (81051, 'Tahar Rahim', 'https://image.tmdb.org/t/p/original/r1SJ9nkG9q4JbPHbtcvcVxmRcHw.jpg');
INSERT OR IGNORE INTO Actor (id_actor, nombre, foto_path) VALUES (229932, 'Golshifteh Farahani', 'https://image.tmdb.org/t/p/original/lbsd2lAIQq4egOUXDIfjhte12vv.jpg');
INSERT OR IGNORE INTO Actor (id_actor, nombre, foto_path) VALUES (2201315, 'Emma Mackey', 'https://image.tmdb.org/t/p/original/l4JOGnGOAeZr3BQvAerFyvakrU0.jpg');
INSERT OR IGNORE INTO Actor (id_actor, nombre, foto_path) VALUES (583853, 'Finnegan Oldfield', 'https://image.tmdb.org/t/p/original/mvc8BnamGxAyU4gfe5K7TvgB9OZ.jpg');
INSERT OR REPLACE INTO Pelicula (id_pelicula, titulo, descripcion, poster_path, backdrop_path, trailer, anio_estreno, duracion) VALUES (1284460, 'Alpha', 'Alpha, de 13 años, es una adolescente con problemas que vive sola con su madre. Su mundo se derrumba el día que llega a casa de la escuela con un tatuaje en el brazo.', 'https://image.tmdb.org/t/p/original/9kPxIXNWUBO5ff98XVVUMecuPlM.jpg', 'https://image.tmdb.org/t/p/original/rakS8RAhKOMIplBi4RbluQg4Xqn.jpg', '', 2025, 128);
INSERT OR REPLACE INTO Pelicula_Actor (id_pelicula, id_actor, personaje) VALUES (1284460, 4606127, 'Alpha');
INSERT OR REPLACE INTO Pelicula_Actor (id_pelicula, id_actor, personaje) VALUES (1284460, 81051, 'Amin');
INSERT OR REPLACE INTO Pelicula_Actor (id_pelicula, id_actor, personaje) VALUES (1284460, 229932, 'Maman');
INSERT OR REPLACE INTO Pelicula_Actor (id_pelicula, id_actor, personaje) VALUES (1284460, 2201315, 'Infirmière');
INSERT OR REPLACE INTO Pelicula_Actor (id_pelicula, id_actor, personaje) VALUES (1284460, 583853, 'Professeur d anglais');
INSERT OR IGNORE INTO Pelicula_Categoria (id_pelicula, id_categoria) VALUES (1284460, 4);
INSERT OR IGNORE INTO Pelicula_Categoria (id_pelicula, id_categoria) VALUES (1284460, 7);
INSERT OR IGNORE INTO Pelicula_Categoria (id_pelicula, id_categoria) VALUES (1284460, 3);
INSERT OR IGNORE INTO Pelicula_Categoria (id_pelicula, id_categoria) VALUES (1284460, 6);
INSERT OR IGNORE INTO Pelicula_Compania (id_pelicula, id_compania) VALUES (1284460, undefined);
-- Fin película: Alpha --
INSERT OR IGNORE INTO Actor (id_actor, nombre, foto_path) VALUES (30614, 'Ryan Gosling', 'https://image.tmdb.org/t/p/original/asoKC7CLCqpZKZDL6iovNurQUdf.jpg');
INSERT OR IGNORE INTO Actor (id_actor, nombre, foto_path) VALUES (54693, 'Emma Stone', 'https://image.tmdb.org/t/p/original/8NwSfyYWIIUE1cI9Xhz92b0w7WD.jpg');
INSERT OR IGNORE INTO Actor (id_actor, nombre, foto_path) VALUES (113461, 'John Legend', 'https://image.tmdb.org/t/p/original/cCv0YBy2YFFWp9h3kvNPmwWwrCD.jpg');
INSERT OR IGNORE INTO Actor (id_actor, nombre, foto_path) VALUES (14892, 'Rosemarie DeWitt', 'https://image.tmdb.org/t/p/original/44sxIdGtYN24R14OmnZbCpcd8J8.jpg');
INSERT OR IGNORE INTO Actor (id_actor, nombre, foto_path) VALUES (168877, 'Finn Wittrock', 'https://image.tmdb.org/t/p/original/gwGMGTmli0uBF7eAhhXePWhYNFJ.jpg');
INSERT OR REPLACE INTO Pelicula (id_pelicula, titulo, descripcion, poster_path, backdrop_path, trailer, anio_estreno, duracion) VALUES (313369, 'La ciudad de las estrellas (La La Land)', 'Mia, una joven aspirante a actriz que compagina los castings con su trabajo de camarera, y Sebastian, un pianista de jazz que se gana la vida tocando en sórdidos tugurios, se enamoran. Pero la gran ambición por llegar a la cima en sus carreras artísticas amenaza con separarlos.', 'https://image.tmdb.org/t/p/original/7pFsAaJmiOppVHcldBzg8JKBHwe.jpg', 'https://image.tmdb.org/t/p/original/nlPCdZlHtRNcF6C9hzUH4ebmV1w.jpg', 'https://www.youtube.com/watch?v=zBRkZZ6K1YU', 2016, 128);
INSERT OR REPLACE INTO Pelicula_Actor (id_pelicula, id_actor, personaje) VALUES (313369, 30614, 'Sebastian');
INSERT OR REPLACE INTO Pelicula_Actor (id_pelicula, id_actor, personaje) VALUES (313369, 54693, 'Mia');
INSERT OR REPLACE INTO Pelicula_Actor (id_pelicula, id_actor, personaje) VALUES (313369, 113461, 'Keith');
INSERT OR REPLACE INTO Pelicula_Actor (id_pelicula, id_actor, personaje) VALUES (313369, 14892, 'Laura');
INSERT OR REPLACE INTO Pelicula_Actor (id_pelicula, id_actor, personaje) VALUES (313369, 168877, 'Greg');
INSERT OR IGNORE INTO Pelicula_Categoria (id_pelicula, id_categoria) VALUES (313369, 12);
INSERT OR IGNORE INTO Pelicula_Categoria (id_pelicula, id_categoria) VALUES (313369, 7);
INSERT OR IGNORE INTO Pelicula_Categoria (id_pelicula, id_categoria) VALUES (313369, 10);
INSERT OR IGNORE INTO Pelicula_Compania (id_pelicula, id_compania) VALUES (313369, undefined);
-- Fin película: La ciudad de las estrellas (La La Land) --
INSERT OR IGNORE INTO Actor (id_actor, nombre, foto_path) VALUES (1592855, 'Madelaine Petsch', 'https://image.tmdb.org/t/p/original/mfZo30YgMx7vhAUajM8OG6I6VM8.jpg');
INSERT OR IGNORE INTO Actor (id_actor, nombre, foto_path) VALUES (3901, 'Richard Brake', 'https://image.tmdb.org/t/p/original/JwsiErANShzPSdYsNoiNYdrSg1.jpg');
INSERT OR IGNORE INTO Actor (id_actor, nombre, foto_path) VALUES (1076119, 'Rachel Shenton', 'https://image.tmdb.org/t/p/original/AuFmd6sNQWA5CHYx8cRbVApBaKs.jpg');
INSERT OR IGNORE INTO Actor (id_actor, nombre, foto_path) VALUES (1144353, 'Kyle Breitkopf', 'https://image.tmdb.org/t/p/original/zAxDr9wdkLYPD3sVnW5Y9gZVgA4.jpg');
INSERT OR IGNORE INTO Actor (id_actor, nombre, foto_path) VALUES (1622199, 'George Young', 'https://image.tmdb.org/t/p/original/dDTtlhWEnqIvBoOljmX2Hoi8IO4.jpg');
INSERT OR REPLACE INTO Pelicula (id_pelicula, titulo, descripcion, poster_path, backdrop_path, trailer, anio_estreno, duracion) VALUES (1010755, 'Strangers: Capítulo 3', 'Los supervivientes se enfrentan a nuevas amenazas de extraños enmascarados. Secretos salen a la luz, poniendo en peligro sus vidas mientras la línea entre realidad y peligro se difumina en su lucha por sobrevivir. Tercera y última de la trilogía de películas basadas en "Los extraños" (2008)', 'https://image.tmdb.org/t/p/original/yPegTig8dQNYiW2UW21LTNChGkK.jpg', 'https://image.tmdb.org/t/p/original/fPfDB0IHOqvmKIzFP9CA51OOS1N.jpg', '', 2026, 92);
INSERT OR REPLACE INTO Pelicula_Actor (id_pelicula, id_actor, personaje) VALUES (1010755, 1592855, 'Maya');
INSERT OR REPLACE INTO Pelicula_Actor (id_pelicula, id_actor, personaje) VALUES (1010755, 3901, 'Sheriff Rotter');
INSERT OR REPLACE INTO Pelicula_Actor (id_pelicula, id_actor, personaje) VALUES (1010755, 1076119, 'Debbie');
INSERT OR REPLACE INTO Pelicula_Actor (id_pelicula, id_actor, personaje) VALUES (1010755, 1144353, 'Teenage Gregory / Scarecrow');
INSERT OR REPLACE INTO Pelicula_Actor (id_pelicula, id_actor, personaje) VALUES (1010755, 1622199, 'Howard');
INSERT OR IGNORE INTO Pelicula_Categoria (id_pelicula, id_categoria) VALUES (1010755, 4);
INSERT OR IGNORE INTO Pelicula_Categoria (id_pelicula, id_categoria) VALUES (1010755, 6);
INSERT OR IGNORE INTO Pelicula_Compania (id_pelicula, id_compania) VALUES (1010755, undefined);
INSERT OR IGNORE INTO Pelicula_Coleccion (id_pelicula, id_coleccion) VALUES (1010755, 1172926);
-- Fin película: Strangers: Capítulo 3 --
INSERT OR IGNORE INTO Actor (id_actor, nombre, foto_path) VALUES (6384, 'Keanu Reeves', 'https://image.tmdb.org/t/p/original/8RZLOyYGsoRe9p44q3xin9QkMHv.jpg');
INSERT OR IGNORE INTO Actor (id_actor, nombre, foto_path) VALUES (86626, 'Aziz Ansari', 'https://image.tmdb.org/t/p/original/yUeQHM4ycUXrUgRWgKVYKNmKxfJ.jpg');
INSERT OR IGNORE INTO Actor (id_actor, nombre, foto_path) VALUES (19274, 'Seth Rogen', 'https://image.tmdb.org/t/p/original/nYl9bvQzaPQLzlf0wf75clLN6Hi.jpg');
INSERT OR IGNORE INTO Actor (id_actor, nombre, foto_path) VALUES (74688, 'Keke Palmer', 'https://image.tmdb.org/t/p/original/f5i3WzdMt02mlfm9I9LHKRJtZ4J.jpg');
INSERT OR IGNORE INTO Actor (id_actor, nombre, foto_path) VALUES (25540, 'Sandra Oh', 'https://image.tmdb.org/t/p/original/zU8vjebHxcP60ESEL5Ok68KWZvj.jpg');
INSERT OR REPLACE INTO Pelicula (id_pelicula, titulo, descripcion, poster_path, backdrop_path, trailer, anio_estreno, duracion) VALUES (1114967, 'Movida celestial', 'Gabriel (Keanu Reeves), un ángel bienintencionado, pero bastante inepto, baja a la Tierra con el propósito de ayudar a Arj (Aziz Ansari), un organizador de conciertos en apuros y Jeff (Seth Rogen), un rico inversor de capital riesgo. Aunque las intenciones del angelical Gabriel son buenas, las consecuencias de sus actos no serán las esperadas…', 'https://image.tmdb.org/t/p/original/kDLQP1bbaFBTpOSM2fuPu3yBqxA.jpg', 'https://image.tmdb.org/t/p/original/nkxtuK4alXlGC87FRNDfAZJIFiB.jpg', '', 2025, 98);
INSERT OR REPLACE INTO Pelicula_Actor (id_pelicula, id_actor, personaje) VALUES (1114967, 6384, 'Gabriel');
INSERT OR REPLACE INTO Pelicula_Actor (id_pelicula, id_actor, personaje) VALUES (1114967, 86626, 'Arj / Delivery Robots (voice)');
INSERT OR REPLACE INTO Pelicula_Actor (id_pelicula, id_actor, personaje) VALUES (1114967, 19274, 'Jeff');
INSERT OR REPLACE INTO Pelicula_Actor (id_pelicula, id_actor, personaje) VALUES (1114967, 74688, 'Elena');
INSERT OR REPLACE INTO Pelicula_Actor (id_pelicula, id_actor, personaje) VALUES (1114967, 25540, 'Martha');
INSERT OR IGNORE INTO Pelicula_Categoria (id_pelicula, id_categoria) VALUES (1114967, 12);
INSERT OR IGNORE INTO Pelicula_Categoria (id_pelicula, id_categoria) VALUES (1114967, 3);
INSERT OR IGNORE INTO Pelicula_Compania (id_pelicula, id_compania) VALUES (1114967, undefined);
-- Fin película: Movida celestial --
INSERT OR IGNORE INTO Actor (id_actor, nombre, foto_path) VALUES (1481440, 'Daniel Stisen', 'https://image.tmdb.org/t/p/original/jhyIFfBnM5nLhHdpFiGIW6qk9x5.jpg');
INSERT OR IGNORE INTO Actor (id_actor, nombre, foto_path) VALUES (53, 'Peter Stormare', 'https://image.tmdb.org/t/p/original/1rtpuUqBV29jDc1huUhtjGDbEwn.jpg');
INSERT OR IGNORE INTO Actor (id_actor, nombre, foto_path) VALUES (21315, 'Eric Roberts', 'https://image.tmdb.org/t/p/original/NiWg1TaUcal7xn1ZQeyA2dLd5F.jpg');
INSERT OR IGNORE INTO Actor (id_actor, nombre, foto_path) VALUES (2437985, 'Adam Basil', 'https://image.tmdb.org/t/p/original/nFacpuhpaOl013z9cUqL1dSFxtj.jpg');
INSERT OR IGNORE INTO Actor (id_actor, nombre, foto_path) VALUES (1322309, 'Akie Kotabe', 'https://image.tmdb.org/t/p/original/89qQru3SueSpKPhAb1MgoIZEnen.jpg');
INSERT OR REPLACE INTO Pelicula (id_pelicula, titulo, descripcion, poster_path, backdrop_path, trailer, anio_estreno, duracion) VALUES (1296504, 'Venganza justificada', 'En 2025, dos amigos se enfrentan a decisiones difíciles mientras luchan por sus ideales en medio de tensiones sociales. Su amistad se pone a prueba y deben aprender a mantenerse firmes, incluso cuando las cosas se complican.', 'https://image.tmdb.org/t/p/original/3kliZ6mw8ZgnhfmHw14Zye6GyPS.jpg', 'https://image.tmdb.org/t/p/original/wE1TZtB5G1fdiln3PPnnLhExuCz.jpg', '', 2025, 100);
INSERT OR REPLACE INTO Pelicula_Actor (id_pelicula, id_actor, personaje) VALUES (1296504, 1481440, 'Jack Johnson');
INSERT OR REPLACE INTO Pelicula_Actor (id_pelicula, id_actor, personaje) VALUES (1296504, 53, 'Bastion');
INSERT OR REPLACE INTO Pelicula_Actor (id_pelicula, id_actor, personaje) VALUES (1296504, 21315, 'Earl');
INSERT OR REPLACE INTO Pelicula_Actor (id_pelicula, id_actor, personaje) VALUES (1296504, 2437985, 'Mouse');
INSERT OR REPLACE INTO Pelicula_Actor (id_pelicula, id_actor, personaje) VALUES (1296504, 1322309, 'Officer Jones');
INSERT OR IGNORE INTO Pelicula_Categoria (id_pelicula, id_categoria) VALUES (1296504, 5);
INSERT OR IGNORE INTO Pelicula_Categoria (id_pelicula, id_categoria) VALUES (1296504, 6);
INSERT OR IGNORE INTO Pelicula_Categoria (id_pelicula, id_categoria) VALUES (1296504, 9);
INSERT OR IGNORE INTO Pelicula_Compania (id_pelicula, id_compania) VALUES (1296504, undefined);
-- Fin película: Venganza justificada --
INSERT OR IGNORE INTO Actor (id_actor, nombre, foto_path) VALUES (32895, 'Kevin James', 'https://image.tmdb.org/t/p/original/3WPW5duZyQcjveefxwLULgIyhM0.jpg');
INSERT OR IGNORE INTO Actor (id_actor, nombre, foto_path) VALUES (21595, 'Alyson Hannigan', 'https://image.tmdb.org/t/p/original/bO16z8rAzZWdjCga8dcbJ2AFAh2.jpg');
INSERT OR IGNORE INTO Actor (id_actor, nombre, foto_path) VALUES (8335, 'Kim Coates', 'https://image.tmdb.org/t/p/original/brhVd2vTTBJNpM2ZrOFc6SnXCAd.jpg');
INSERT OR IGNORE INTO Actor (id_actor, nombre, foto_path) VALUES (1495825, 'Jonathan Roumie', 'https://image.tmdb.org/t/p/original/3YNwBebw2jNzV0FvbhAsDZoOjuQ.jpg');
INSERT OR IGNORE INTO Actor (id_actor, nombre, foto_path) VALUES (55256, 'Julie Ann Emery', 'https://image.tmdb.org/t/p/original/i7sKJ490oQfxnpa6ebqAQRWOaLU.jpg');
INSERT OR REPLACE INTO Pelicula (id_pelicula, titulo, descripcion, poster_path, backdrop_path, trailer, anio_estreno, duracion) VALUES (1291335, 'Solo Mio', '', 'https://image.tmdb.org/t/p/original/fFjCz7pX9gZofqgbEnYxk3C1Ixo.jpg', 'https://image.tmdb.org/t/p/original/fTG8itSb1a4O2BgUMjXdwO64qTz.jpg', '', 2026, 100);
INSERT OR REPLACE INTO Pelicula_Actor (id_pelicula, id_actor, personaje) VALUES (1291335, 32895, 'Matt Taylor');
INSERT OR REPLACE INTO Pelicula_Actor (id_pelicula, id_actor, personaje) VALUES (1291335, 21595, 'Meghan');
INSERT OR REPLACE INTO Pelicula_Actor (id_pelicula, id_actor, personaje) VALUES (1291335, 8335, 'Julian');
INSERT OR REPLACE INTO Pelicula_Actor (id_pelicula, id_actor, personaje) VALUES (1291335, 1495825, 'Neil');
INSERT OR REPLACE INTO Pelicula_Actor (id_pelicula, id_actor, personaje) VALUES (1291335, 55256, 'Heather');
INSERT OR IGNORE INTO Pelicula_Categoria (id_pelicula, id_categoria) VALUES (1291335, 10);
INSERT OR IGNORE INTO Pelicula_Categoria (id_pelicula, id_categoria) VALUES (1291335, 12);
INSERT OR IGNORE INTO Pelicula_Compania (id_pelicula, id_compania) VALUES (1291335, undefined);
-- Fin película: Solo Mio --
INSERT OR IGNORE INTO Actor (id_actor, nombre, foto_path) VALUES (4115114, 'Margot Ringard Oldra', '');
INSERT OR IGNORE INTO Actor (id_actor, nombre, foto_path) VALUES (5443009, 'Oscar Tresanini', 'https://image.tmdb.org/t/p/original/jqjdgri0SA5OdAHay4ZTJqEOhcD.jpg');
INSERT OR IGNORE INTO Actor (id_actor, nombre, foto_path) VALUES (5813796, 'Nathanaël Perrot', '');
INSERT OR IGNORE INTO Actor (id_actor, nombre, foto_path) VALUES (1096167, 'Alma Jodorowsky', 'https://image.tmdb.org/t/p/original/1Uh2MYZmly1nsKHXoveYQlfAANC.jpg');
INSERT OR IGNORE INTO Actor (id_actor, nombre, foto_path) VALUES (145120, 'Swann Arlaud', 'https://image.tmdb.org/t/p/original/4f0uzg6eIekIhCuihvqYeVlxf6B.jpg');
INSERT OR REPLACE INTO Pelicula (id_pelicula, titulo, descripcion, poster_path, backdrop_path, trailer, anio_estreno, duracion) VALUES (804370, 'Arco', 'En el año 2075, Iris, una niña de 10 años, ve caer del cielo a un misterioso niño con un traje de arcoíris. Es Arco. Iris lo acogerá y lo ayudará por todos los medios posibles a volver a su hogar.', 'https://image.tmdb.org/t/p/original/gLw9C4hmoJgE2S2HkQZXuRmVoC.jpg', 'https://image.tmdb.org/t/p/original/jFKbhV0uFZuA3K73UJIq1dzisCi.jpg', 'https://www.youtube.com/watch?v=R9deImfiNZI', 2025, 88);
INSERT OR REPLACE INTO Pelicula_Actor (id_pelicula, id_actor, personaje) VALUES (804370, 4115114, 'Iris (voice)');
INSERT OR REPLACE INTO Pelicula_Actor (id_pelicula, id_actor, personaje) VALUES (804370, 5443009, 'Arco (voice)');
INSERT OR REPLACE INTO Pelicula_Actor (id_pelicula, id_actor, personaje) VALUES (804370, 5813796, 'Clifford (voice)');
INSERT OR REPLACE INTO Pelicula_Actor (id_pelicula, id_actor, personaje) VALUES (804370, 1096167, 'Jeanne / Mikki (voice)');
INSERT OR REPLACE INTO Pelicula_Actor (id_pelicula, id_actor, personaje) VALUES (804370, 145120, 'Tom / Mikki  (voice)');
INSERT OR IGNORE INTO Pelicula_Categoria (id_pelicula, id_categoria) VALUES (804370, 5);
INSERT OR IGNORE INTO Pelicula_Categoria (id_pelicula, id_categoria) VALUES (804370, 1);
INSERT OR IGNORE INTO Pelicula_Categoria (id_pelicula, id_categoria) VALUES (804370, 3);
INSERT OR IGNORE INTO Pelicula_Categoria (id_pelicula, id_categoria) VALUES (804370, 3);
INSERT OR IGNORE INTO Pelicula_Categoria (id_pelicula, id_categoria) VALUES (804370, 12);
INSERT OR IGNORE INTO Pelicula_Compania (id_pelicula, id_compania) VALUES (804370, undefined);
-- Fin película: Arco --
INSERT OR IGNORE INTO Actor (id_actor, nombre, foto_path) VALUES (1059597, 'Zoey Deutch', 'https://image.tmdb.org/t/p/original/i7KQJVFo8isaNOSs1ORvj4e2GXY.jpg');
INSERT OR IGNORE INTO Actor (id_actor, nombre, foto_path) VALUES (1599391, 'Jonah Hauer-King', 'https://image.tmdb.org/t/p/original/yXGsk9UtOV9tprU5ZSuhwdFtaBB.jpg');
INSERT OR IGNORE INTO Actor (id_actor, nombre, foto_path) VALUES (2806036, 'Ruby Cruz', 'https://image.tmdb.org/t/p/original/w8gUTSzEqbwM2LmduXIbY82mKDU.jpg');
INSERT OR IGNORE INTO Actor (id_actor, nombre, foto_path) VALUES (1998733, 'Jaboukie Young-White', 'https://image.tmdb.org/t/p/original/8OYI8OqsMUpBZica4lM2odjgVH6.jpg');
INSERT OR IGNORE INTO Actor (id_actor, nombre, foto_path) VALUES (426216, 'Josh Segarra', 'https://image.tmdb.org/t/p/original/vXhukEBgpI8jmCUCSGcpJCNzXHV.jpg');
INSERT OR REPLACE INTO Pelicula (id_pelicula, titulo, descripcion, poster_path, backdrop_path, trailer, anio_estreno, duracion) VALUES (993708, 'Un juego de tres', 'El eterno enamoramiento de un joven le lleva a un trío inesperado, cree que es su última fantasía hecha realidad. Cuando la fantasía termina, los tres se ven obligados a asumir la responsabilidad de sus actos.', 'https://image.tmdb.org/t/p/original/4Ptyvpmnk9RcxxdK610VtXpHf1w.jpg', 'https://image.tmdb.org/t/p/original/vXYRqIySwaa56quJGRKxXfSaTh0.jpg', '', 2025, 112);
INSERT OR REPLACE INTO Pelicula_Actor (id_pelicula, id_actor, personaje) VALUES (993708, 1059597, 'Olivia Capitano');
INSERT OR REPLACE INTO Pelicula_Actor (id_pelicula, id_actor, personaje) VALUES (993708, 1599391, 'Connor');
INSERT OR REPLACE INTO Pelicula_Actor (id_pelicula, id_actor, personaje) VALUES (993708, 2806036, 'Jenny');
INSERT OR REPLACE INTO Pelicula_Actor (id_pelicula, id_actor, personaje) VALUES (993708, 1998733, 'Greg');
INSERT OR REPLACE INTO Pelicula_Actor (id_pelicula, id_actor, personaje) VALUES (993708, 426216, 'Kevin');
INSERT OR IGNORE INTO Pelicula_Categoria (id_pelicula, id_categoria) VALUES (993708, 12);
INSERT OR IGNORE INTO Pelicula_Categoria (id_pelicula, id_categoria) VALUES (993708, 10);
INSERT OR IGNORE INTO Pelicula_Categoria (id_pelicula, id_categoria) VALUES (993708, 7);
INSERT OR IGNORE INTO Pelicula_Compania (id_pelicula, id_compania) VALUES (993708, undefined);
-- Fin película: Un juego de tres --
INSERT OR IGNORE INTO Actor (id_actor, nombre, foto_path) VALUES (27102, 'Wanda Sykes', 'https://image.tmdb.org/t/p/original/kHC6rgzF1B39mojqhhEbkspdxCS.jpg');
INSERT OR IGNORE INTO Actor (id_actor, nombre, foto_path) VALUES (2481158, 'Bentley Green', 'https://image.tmdb.org/t/p/original/tm8X157E5FAk3WvM048h3kFuo0O.jpg');
INSERT OR IGNORE INTO Actor (id_actor, nombre, foto_path) VALUES (1030204, 'Berto Colon', 'https://image.tmdb.org/t/p/original/21cgPT5bNTVOuhKpU57ZyI32azs.jpg');
INSERT OR IGNORE INTO Actor (id_actor, nombre, foto_path) VALUES (1304336, 'Danny Pardo', 'https://image.tmdb.org/t/p/original/jqJkEdkTna0bXPoOQJgt9IXHHJ0.jpg');
INSERT OR IGNORE INTO Actor (id_actor, nombre, foto_path) VALUES (2024290, 'Arischa Conner', 'https://image.tmdb.org/t/p/original/63Vqb2q4Gwv0jZMPSkGspGmn1NB.jpg');
INSERT OR REPLACE INTO Pelicula (id_pelicula, titulo, descripcion, poster_path, backdrop_path, trailer, anio_estreno, duracion) VALUES (1245084, 'Undercard', '', 'https://image.tmdb.org/t/p/original/5QRH0zH0rCYHuEkwz5vAVORfSji.jpg', 'https://image.tmdb.org/t/p/original/pqfqN3DAjDASlYxqW0R295aXjRW.jpg', '', 2026, 105);
INSERT OR REPLACE INTO Pelicula_Actor (id_pelicula, id_actor, personaje) VALUES (1245084, 27102, 'Cheryl 'No Mercy' Stewart');
INSERT OR REPLACE INTO Pelicula_Actor (id_pelicula, id_actor, personaje) VALUES (1245084, 2481158, 'Keith');
INSERT OR REPLACE INTO Pelicula_Actor (id_pelicula, id_actor, personaje) VALUES (1245084, 1030204, 'Hector');
INSERT OR REPLACE INTO Pelicula_Actor (id_pelicula, id_actor, personaje) VALUES (1245084, 1304336, 'Bob Fox');
INSERT OR REPLACE INTO Pelicula_Actor (id_pelicula, id_actor, personaje) VALUES (1245084, 2024290, 'Anita');
INSERT OR IGNORE INTO Pelicula_Categoria (id_pelicula, id_categoria) VALUES (1245084, 7);
INSERT OR IGNORE INTO Pelicula_Compania (id_pelicula, id_compania) VALUES (1245084, undefined);
-- Fin película: Undercard --
INSERT OR IGNORE INTO Actor (id_actor, nombre, foto_path) VALUES (118545, 'Dakota Johnson', 'https://image.tmdb.org/t/p/original/qFek0KqpaPV5mVyHHNfAapDE9Tj.jpg');
INSERT OR IGNORE INTO Actor (id_actor, nombre, foto_path) VALUES (1371297, 'Adria Arjona', 'https://image.tmdb.org/t/p/original/hzu7OqTmNCT1xdCdmwBSf2yJvaO.jpg');
INSERT OR IGNORE INTO Actor (id_actor, nombre, foto_path) VALUES (1983503, 'Kyle Marvin', 'https://image.tmdb.org/t/p/original/6i3BTrlNjsjZDIDMFnwMPcxzTiq.jpg');
INSERT OR IGNORE INTO Actor (id_actor, nombre, foto_path) VALUES (1175743, 'Michael Angelo Covino', 'https://image.tmdb.org/t/p/original/2cqHckGHSyBSGojJyqRZPTlUDLB.jpg');
INSERT OR IGNORE INTO Actor (id_actor, nombre, foto_path) VALUES (85139, 'Nicholas Braun', 'https://image.tmdb.org/t/p/original/b2I6bZptuld3pjlVkYIy4DtMKGg.jpg');
INSERT OR REPLACE INTO Pelicula (id_pelicula, titulo, descripcion, poster_path, backdrop_path, trailer, anio_estreno, duracion) VALUES (1337562, 'Amores Compartidos', 'Cuando Ashley le pide el divorcio, el bonachón de Carey acude a sus amigos, Julie y Paul, en busca de apoyo. Su secreto para ser felices es un matrimonio abierto, pero Carey cruza la línea y hace que todas sus relaciones se conviertan en un caos.', 'https://image.tmdb.org/t/p/original/q2nkQ0EnHyniqDPfOKYOGR5vSuW.jpg', 'https://image.tmdb.org/t/p/original/8XXIyghvMJQRopPbuz1HRT5ydTp.jpg', '', 2025, 105);
INSERT OR REPLACE INTO Pelicula_Actor (id_pelicula, id_actor, personaje) VALUES (1337562, 118545, 'Julie');
INSERT OR REPLACE INTO Pelicula_Actor (id_pelicula, id_actor, personaje) VALUES (1337562, 1371297, 'Ashley');
INSERT OR REPLACE INTO Pelicula_Actor (id_pelicula, id_actor, personaje) VALUES (1337562, 1983503, 'Carey');
INSERT OR REPLACE INTO Pelicula_Actor (id_pelicula, id_actor, personaje) VALUES (1337562, 1175743, 'Paul');
INSERT OR REPLACE INTO Pelicula_Actor (id_pelicula, id_actor, personaje) VALUES (1337562, 85139, 'Matt');
INSERT OR IGNORE INTO Pelicula_Categoria (id_pelicula, id_categoria) VALUES (1337562, 12);
INSERT OR IGNORE INTO Pelicula_Compania (id_pelicula, id_compania) VALUES (1337562, undefined);
-- Fin película: Amores Compartidos --
INSERT OR IGNORE INTO Actor (id_actor, nombre, foto_path) VALUES (6193, 'Leonardo DiCaprio', 'https://image.tmdb.org/t/p/original/wo2hJpn04vbtmh0B9utCFdsQhxM.jpg');
INSERT OR IGNORE INTO Actor (id_actor, nombre, foto_path) VALUES (2524, 'Tom Hardy', 'https://image.tmdb.org/t/p/original/32pesf3nGyLOQEVrhsFHpdbbMli.jpg');
INSERT OR IGNORE INTO Actor (id_actor, nombre, foto_path) VALUES (93210, 'Domhnall Gleeson', 'https://image.tmdb.org/t/p/original/uDbwncuKlqL0fAuucXSvgakJDrc.jpg');
INSERT OR IGNORE INTO Actor (id_actor, nombre, foto_path) VALUES (93491, 'Will Poulter', 'https://image.tmdb.org/t/p/original/9blYMaj79VGC6BHTLmJp3V5S8r3.jpg');
INSERT OR IGNORE INTO Actor (id_actor, nombre, foto_path) VALUES (1560185, 'Forrest Goodluck', 'https://image.tmdb.org/t/p/original/bJk2atLajV2o4GnwkJgMpq5WPXN.jpg');
INSERT OR REPLACE INTO Pelicula (id_pelicula, titulo, descripcion, poster_path, backdrop_path, trailer, anio_estreno, duracion) VALUES (281957, 'El renacido', 'Durante una expedición en las tierras salvajes americanas, el legendario explorador Hugh Glass es brutalmente atacado por un oso y dado por muerto por los miembros de su propia partida de caza. En su cruzada por sobrevivir, Glass supera inimaginables tribulaciones, además de la traición de su confidente John Fitzgerald. Guiado por la pura determinación y el amor de su familia, Glass deberá superar un duro invierno mientras busca sin descanso un motivo para seguir adelante y encontrar la redención.', 'https://image.tmdb.org/t/p/original/k3Jh7J5GGMx1lmr7qmynRxOvOK5.jpg', 'https://image.tmdb.org/t/p/original/mNQtUJv1F3u0uSKILFrGjIHqkxx.jpg', 'https://www.youtube.com/watch?v=a8HRA49kaok', 2015, 156);
INSERT OR REPLACE INTO Pelicula_Actor (id_pelicula, id_actor, personaje) VALUES (281957, 6193, 'Hugh Glass');
INSERT OR REPLACE INTO Pelicula_Actor (id_pelicula, id_actor, personaje) VALUES (281957, 2524, 'John Fitzgerald');
INSERT OR REPLACE INTO Pelicula_Actor (id_pelicula, id_actor, personaje) VALUES (281957, 93210, 'Captain Andrew Henry');
INSERT OR REPLACE INTO Pelicula_Actor (id_pelicula, id_actor, personaje) VALUES (281957, 93491, 'Jim Bridger');
INSERT OR REPLACE INTO Pelicula_Actor (id_pelicula, id_actor, personaje) VALUES (281957, 1560185, 'Hawk');
INSERT OR IGNORE INTO Pelicula_Categoria (id_pelicula, id_categoria) VALUES (281957, 2);
INSERT OR IGNORE INTO Pelicula_Categoria (id_pelicula, id_categoria) VALUES (281957, 7);
INSERT OR IGNORE INTO Pelicula_Categoria (id_pelicula, id_categoria) VALUES (281957, 1);
INSERT OR IGNORE INTO Pelicula_Compania (id_pelicula, id_compania) VALUES (281957, undefined);
-- Fin película: El renacido --
INSERT OR IGNORE INTO Actor (id_actor, nombre, foto_path) VALUES (37917, 'Kristen Stewart', 'https://image.tmdb.org/t/p/original/ryhCjTGqS6G6OprbR0qUEH355lA.jpg');
INSERT OR IGNORE INTO Actor (id_actor, nombre, foto_path) VALUES (11288, 'Robert Pattinson', 'https://image.tmdb.org/t/p/original/8A4PS5iG7GWEAVFftyqMZKl3qcr.jpg');
INSERT OR IGNORE INTO Actor (id_actor, nombre, foto_path) VALUES (84214, 'Taylor Lautner', 'https://image.tmdb.org/t/p/original/fpaxCUZEpBHtg6HuXjjJPf0tep9.jpg');
INSERT OR IGNORE INTO Actor (id_actor, nombre, foto_path) VALUES (501, 'Dakota Fanning', 'https://image.tmdb.org/t/p/original/hwcO08SVWkelfvgfIa5HsTMxsK8.jpg');
INSERT OR IGNORE INTO Actor (id_actor, nombre, foto_path) VALUES (3968, 'Michael Sheen', 'https://image.tmdb.org/t/p/original/nGxIcIcfJjdPN3k8zFabtA1gRqL.jpg');
INSERT OR REPLACE INTO Pelicula (id_pelicula, titulo, descripcion, poster_path, backdrop_path, trailer, anio_estreno, duracion) VALUES (18239, 'La saga Crepúsculo: Luna nueva', 'Edward Cullen decide abandonar a Bella Swan para mantenerla alejada de los peligros del mundo vampírico. Con la ayuda de Jacob Black, su amigo de la infancia y miembro de la misteriosa tribu quileute, Bella intentará superar el abandono de Edward, que la ha dejado sumida en el mayor de los desconsuelos. Pero los peligros siguen acechando a la joven; nuevas y asombrosas criaturas sobrenaturales se cruzarán en su camino, y Bella sólo contará con el apoyo del cada vez más cercano e irresistible Jacob. Repentinamente, Bella se encuentra inmersa en el mundo de los hombres lobo, ancestrales enemigos de los vampiros, y su lealtad es puesta a prueba...', 'https://image.tmdb.org/t/p/original/l5lF8VHTO5QKObAKE3Wp2QQfGZJ.jpg', 'https://image.tmdb.org/t/p/original/dF2c20sRDgySZLaLS2OUerL07sz.jpg', 'https://www.youtube.com/watch?v=oDu2ifwrQNA', 2009, 131);
INSERT OR REPLACE INTO Pelicula_Actor (id_pelicula, id_actor, personaje) VALUES (18239, 37917, 'Bella Swan');
INSERT OR REPLACE INTO Pelicula_Actor (id_pelicula, id_actor, personaje) VALUES (18239, 11288, 'Edward Cullen');
INSERT OR REPLACE INTO Pelicula_Actor (id_pelicula, id_actor, personaje) VALUES (18239, 84214, 'Jacob Black');
INSERT OR REPLACE INTO Pelicula_Actor (id_pelicula, id_actor, personaje) VALUES (18239, 501, 'Jane');
INSERT OR REPLACE INTO Pelicula_Actor (id_pelicula, id_actor, personaje) VALUES (18239, 3968, 'Aro');
INSERT OR IGNORE INTO Pelicula_Categoria (id_pelicula, id_categoria) VALUES (18239, 1);
INSERT OR IGNORE INTO Pelicula_Categoria (id_pelicula, id_categoria) VALUES (18239, 3);
INSERT OR IGNORE INTO Pelicula_Categoria (id_pelicula, id_categoria) VALUES (18239, 7);
INSERT OR IGNORE INTO Pelicula_Categoria (id_pelicula, id_categoria) VALUES (18239, 10);
INSERT OR IGNORE INTO Pelicula_Compania (id_pelicula, id_compania) VALUES (18239, undefined);
INSERT OR IGNORE INTO Pelicula_Coleccion (id_pelicula, id_coleccion) VALUES (18239, 33514);
-- Fin película: La saga Crepúsculo: Luna nueva --
