
-- === LOTE: Now Playing - Page 5 (2026-02-06T11:05:33.760Z) ===
INSERT OR IGNORE INTO Actor (id_actor, nombre, foto_path) VALUES (1716008, '이선빈', 'https://image.tmdb.org/t/p/original/8YwNd9PhSym4357gCu9RCDdPXqx.jpg');
INSERT OR IGNORE INTO Actor (id_actor, nombre, foto_path) VALUES (1256347, '김민석', 'https://image.tmdb.org/t/p/original/A8POmaPo3zo95dyHQeT4irCAMjn.jpg');
INSERT OR IGNORE INTO Actor (id_actor, nombre, foto_path) VALUES (2431103, '전익령', 'https://image.tmdb.org/t/p/original/aBfBZ4JqmFBoLSDah860sEX5ggE.jpg');
INSERT OR IGNORE INTO Actor (id_actor, nombre, foto_path) VALUES (2239782, '류경수', 'https://image.tmdb.org/t/p/original/4tjiTN3osUTaXE8lFAyK2Sjl8Lw.jpg');
INSERT OR IGNORE INTO Actor (id_actor, nombre, foto_path) VALUES (3652323, '한수아', 'https://image.tmdb.org/t/p/original/gFOoNJK0l3wginNKrsjBpPwVnxf.jpg');
INSERT OR REPLACE INTO Pelicula (id_pelicula, titulo, descripcion, poster_path, backdrop_path, trailer, anio_estreno, duracion) VALUES (1194963, '노이즈', '', 'https://image.tmdb.org/t/p/original/eh6yfJkbdhHnGkQ4EA6owlk6B7J.jpg', 'https://image.tmdb.org/t/p/original/zeMMVjOFwXPfRIW6HzaEr0UQlRY.jpg', '', 2025, 95);
INSERT OR REPLACE INTO Pelicula_Actor (id_pelicula, id_actor, personaje) VALUES (1194963, 1716008, 'Joo-young');
INSERT OR REPLACE INTO Pelicula_Actor (id_pelicula, id_actor, personaje) VALUES (1194963, 1256347, 'Gi-hun');
INSERT OR REPLACE INTO Pelicula_Actor (id_pelicula, id_actor, personaje) VALUES (1194963, 2431103, 'Jeong-in');
INSERT OR REPLACE INTO Pelicula_Actor (id_pelicula, id_actor, personaje) VALUES (1194963, 2239782, 'Park Geun-bae');
INSERT OR REPLACE INTO Pelicula_Actor (id_pelicula, id_actor, personaje) VALUES (1194963, 3652323, 'Joo-hee');
INSERT OR IGNORE INTO Pelicula_Categoria (id_pelicula, id_categoria) VALUES (1194963, 4);
INSERT OR IGNORE INTO Pelicula_Categoria (id_pelicula, id_categoria) VALUES (1194963, 6);
INSERT OR IGNORE INTO Pelicula_Compania (id_pelicula, id_compania) VALUES (1194963, undefined);
-- Fin película: 노이즈 --
INSERT OR IGNORE INTO Actor (id_actor, nombre, foto_path) VALUES (37917, 'Kristen Stewart', 'https://image.tmdb.org/t/p/original/ryhCjTGqS6G6OprbR0qUEH355lA.jpg');
INSERT OR IGNORE INTO Actor (id_actor, nombre, foto_path) VALUES (11288, 'Robert Pattinson', 'https://image.tmdb.org/t/p/original/8A4PS5iG7GWEAVFftyqMZKl3qcr.jpg');
INSERT OR IGNORE INTO Actor (id_actor, nombre, foto_path) VALUES (21029, 'Billy Burke', 'https://image.tmdb.org/t/p/original/AoyN5a1TNRa4OCeylcXusQM1bD4.jpg');
INSERT OR IGNORE INTO Actor (id_actor, nombre, foto_path) VALUES (56857, 'Peter Facinelli', 'https://image.tmdb.org/t/p/original/mmha3A5INmromiCsN8FBSLScVpZ.jpg');
INSERT OR IGNORE INTO Actor (id_actor, nombre, foto_path) VALUES (45827, 'Ashley Greene', 'https://image.tmdb.org/t/p/original/d7UyEB3cm4doT5JgkZb68PmG4sT.jpg');
INSERT OR REPLACE INTO Pelicula (id_pelicula, titulo, descripcion, poster_path, backdrop_path, trailer, anio_estreno, duracion) VALUES (8966, 'Crepúsculo', 'La joven Bella Swan siempre fue una chica muy diferente ya en sus años de niña en Phoenix. Cuando su madre se volvió a casar, la mandó a vivir con su padre, a la pequeña y lluviosa ciudad de Forks, Washington, una población sin ningún aliciente para Bella. Pero entonces conoce en el instituo al misterioso y atractivo Edward Cullen, un joven distinto a los demás que esconde un secreto...', 'https://image.tmdb.org/t/p/original/40ollvfwHaVF85lkkg522SIl3Qc.jpg', 'https://image.tmdb.org/t/p/original/weAYfu6FfrNxEDJ3xH1XpgQcqUv.jpg', 'https://www.youtube.com/watch?v=UBbpGSszXtU', 2008, 122);
INSERT OR REPLACE INTO Pelicula_Actor (id_pelicula, id_actor, personaje) VALUES (8966, 37917, 'Bella Swan');
INSERT OR REPLACE INTO Pelicula_Actor (id_pelicula, id_actor, personaje) VALUES (8966, 11288, 'Edward Cullen');
INSERT OR REPLACE INTO Pelicula_Actor (id_pelicula, id_actor, personaje) VALUES (8966, 21029, 'Charlie Swan');
INSERT OR REPLACE INTO Pelicula_Actor (id_pelicula, id_actor, personaje) VALUES (8966, 56857, 'Dr. Carlisle Cullen');
INSERT OR REPLACE INTO Pelicula_Actor (id_pelicula, id_actor, personaje) VALUES (8966, 45827, 'Alice Cullen');
INSERT OR IGNORE INTO Pelicula_Categoria (id_pelicula, id_categoria) VALUES (8966, 3);
INSERT OR IGNORE INTO Pelicula_Categoria (id_pelicula, id_categoria) VALUES (8966, 7);
INSERT OR IGNORE INTO Pelicula_Categoria (id_pelicula, id_categoria) VALUES (8966, 10);
INSERT OR IGNORE INTO Pelicula_Compania (id_pelicula, id_compania) VALUES (8966, undefined);
INSERT OR IGNORE INTO Pelicula_Coleccion (id_pelicula, id_coleccion) VALUES (8966, 33514);
-- Fin película: Crepúsculo --
INSERT OR IGNORE INTO Actor (id_actor, nombre, foto_path) VALUES (1537084, 'Siena Agudong', 'https://image.tmdb.org/t/p/original/yztIHfFmlKpJnMtFlq5aAfsXQvp.jpg');
INSERT OR IGNORE INTO Actor (id_actor, nombre, foto_path) VALUES (3032312, 'Noah Beck', 'https://image.tmdb.org/t/p/original/krpgJKcm4FWPSq4eRSaI50OBdxD.jpg');
INSERT OR IGNORE INTO Actor (id_actor, nombre, foto_path) VALUES (1475818, 'Drew Ray Tanner', 'https://image.tmdb.org/t/p/original/hEDc4uUmrx0pE93bwYoUWE6jvSB.jpg');
INSERT OR IGNORE INTO Actor (id_actor, nombre, foto_path) VALUES (19210, 'James Van Der Beek', 'https://image.tmdb.org/t/p/original/5CzRqYzRMNevIu6rB8gUFKpsKZL.jpg');
INSERT OR IGNORE INTO Actor (id_actor, nombre, foto_path) VALUES (211458, 'Deborah Cox', 'https://image.tmdb.org/t/p/original/1gP8DmE0Tp2TrbHaE6WUu692pdT.jpg');
INSERT OR REPLACE INTO Pelicula (id_pelicula, titulo, descripcion, poster_path, backdrop_path, trailer, anio_estreno, duracion) VALUES (957119, 'El quaterback y yo', 'Cuando Dallas, una joven y ambiciosa bailarina que sueña con escapar de su pueblo, conoce al quarterback y estrella del equipo, las chispas saltan y la tensión aumenta. Decidida a conseguir una codiciada beca para estudiar danza en una prestigiosa escuela de baile, ella se centra en su futuro, mientras que él se enfrenta a sus propias incertidumbres tras la universidad. A pesar de su innegable química, sus ambiciones enfrentadas y la inminente separación les obligan a enfrentarse a la pregunta más difícil de todas: ¿puede sobrevivir el amor cuando el futuro parece decidido a separarlos?', 'https://image.tmdb.org/t/p/original/sIWv5HtDlUFvacsuA1fRNWZ5GFH.jpg', 'https://image.tmdb.org/t/p/original/wbDkvShcrveXNFsgyujY4kdurVa.jpg', '', 2025, 99);
INSERT OR REPLACE INTO Pelicula_Actor (id_pelicula, id_actor, personaje) VALUES (957119, 1537084, 'Dallas Bryan');
INSERT OR REPLACE INTO Pelicula_Actor (id_pelicula, id_actor, personaje) VALUES (957119, 3032312, 'Drayton Lahey');
INSERT OR REPLACE INTO Pelicula_Actor (id_pelicula, id_actor, personaje) VALUES (957119, 1475818, 'Nathan Bryan');
INSERT OR REPLACE INTO Pelicula_Actor (id_pelicula, id_actor, personaje) VALUES (957119, 19210, 'Leroy Lahey');
INSERT OR REPLACE INTO Pelicula_Actor (id_pelicula, id_actor, personaje) VALUES (957119, 211458, 'Miss Alicia');
INSERT OR IGNORE INTO Pelicula_Categoria (id_pelicula, id_categoria) VALUES (957119, 12);
INSERT OR IGNORE INTO Pelicula_Categoria (id_pelicula, id_categoria) VALUES (957119, 10);
INSERT OR IGNORE INTO Pelicula_Compania (id_pelicula, id_compania) VALUES (957119, undefined);
INSERT OR IGNORE INTO Pelicula_Coleccion (id_pelicula, id_coleccion) VALUES (957119, 1434906);
-- Fin película: El quaterback y yo --
INSERT OR IGNORE INTO Actor (id_actor, nombre, foto_path) VALUES (22970, 'Peter Dinklage', 'https://image.tmdb.org/t/p/original/9CAd7wr8QZyIN0E7nm8v1B6WkGn.jpg');
INSERT OR IGNORE INTO Actor (id_actor, nombre, foto_path) VALUES (1277188, 'Jacob Tremblay', 'https://image.tmdb.org/t/p/original/h8CXDp86Y36CUENF4SXJq5ZRTsf.jpg');
INSERT OR IGNORE INTO Actor (id_actor, nombre, foto_path) VALUES (1335818, 'Taylour Paige', 'https://image.tmdb.org/t/p/original/KTX1trmIfVa7MFkZmES1MVjl79.jpg');
INSERT OR IGNORE INTO Actor (id_actor, nombre, foto_path) VALUES (1836, 'Julia Davis', 'https://image.tmdb.org/t/p/original/wsUNCSKoNQTgSdlr9FIeIR6hRAd.jpg');
INSERT OR IGNORE INTO Actor (id_actor, nombre, foto_path) VALUES (1323612, 'Jonny Coyne', 'https://image.tmdb.org/t/p/original/6PSW0qaoY3KSnWUUv6f54NOuPC0.jpg');
INSERT OR REPLACE INTO Pelicula (id_pelicula, titulo, descripcion, poster_path, backdrop_path, trailer, anio_estreno, duracion) VALUES (338969, 'El Vengador Tóxico', 'Cuando un conserje oprimido, Winston Gooze, sufre un catastrófico accidente tóxico, se transforma en un nuevo tipo de héroe: el Vengador Tóxico. Ahora, Toxie debe pasar de ser un paria a ser un salvador, enfrentándose a despiadados capos corporativos y fuerzas corruptas que amenazan a su hijo, sus amigos y su comunidad.', 'https://image.tmdb.org/t/p/original/41wHrp3eAJlcNogEjLqHoFiSPcg.jpg', 'https://image.tmdb.org/t/p/original/ewxiPfbKklk9FJZ2ECsDyJDQjvX.jpg', '', 2025, 102);
INSERT OR REPLACE INTO Pelicula_Actor (id_pelicula, id_actor, personaje) VALUES (338969, 22970, 'Winston / Toxie, the Hero');
INSERT OR REPLACE INTO Pelicula_Actor (id_pelicula, id_actor, personaje) VALUES (338969, 1277188, 'Wade, the Kid');
INSERT OR REPLACE INTO Pelicula_Actor (id_pelicula, id_actor, personaje) VALUES (338969, 1335818, 'J.J. Doherty, the Wild Card');
INSERT OR REPLACE INTO Pelicula_Actor (id_pelicula, id_actor, personaje) VALUES (338969, 1836, 'Kissy Sturnevan, his Associate');
INSERT OR REPLACE INTO Pelicula_Actor (id_pelicula, id_actor, personaje) VALUES (338969, 1323612, 'Thad Barkabus, the Big Boss');
INSERT OR IGNORE INTO Pelicula_Categoria (id_pelicula, id_categoria) VALUES (338969, 5);
INSERT OR IGNORE INTO Pelicula_Categoria (id_pelicula, id_categoria) VALUES (338969, 12);
INSERT OR IGNORE INTO Pelicula_Categoria (id_pelicula, id_categoria) VALUES (338969, 3);
INSERT OR IGNORE INTO Pelicula_Compania (id_pelicula, id_compania) VALUES (338969, undefined);
-- Fin película: El Vengador Tóxico --
INSERT OR IGNORE INTO Actor (id_actor, nombre, foto_path) VALUES (501, 'Dakota Fanning', 'https://image.tmdb.org/t/p/original/hwcO08SVWkelfvgfIa5HsTMxsK8.jpg');
INSERT OR IGNORE INTO Actor (id_actor, nombre, foto_path) VALUES (10742, 'Teri Hatcher', 'https://image.tmdb.org/t/p/original/3VWdF8ujA3V0WI41YpKdqRv6PNW.jpg');
INSERT OR IGNORE INTO Actor (id_actor, nombre, foto_path) VALUES (12094, 'Jennifer Saunders', 'https://image.tmdb.org/t/p/original/pTgxwHcz9L8SNVYvPJS0o0lgHya.jpg');
INSERT OR IGNORE INTO Actor (id_actor, nombre, foto_path) VALUES (5539, 'Dawn French', 'https://image.tmdb.org/t/p/original/eLFCJSTEeh7CDRw50RzowKz4h7V.jpg');
INSERT OR IGNORE INTO Actor (id_actor, nombre, foto_path) VALUES (65827, 'Keith David', 'https://image.tmdb.org/t/p/original/hwykAZLSIP5Cb2bbauZ4CEEmq0u.jpg');
INSERT OR REPLACE INTO Pelicula (id_pelicula, titulo, descripcion, poster_path, backdrop_path, trailer, anio_estreno, duracion) VALUES (14836, 'Los mundos de Coraline', 'Película de animación en la que se nos cuenta la historia de Coraline, una jovencita que descubre en su nueva casa una puerta secreta y decide abrirla. Al hacerlo, descubre una segunda versión de su vida, una vida paralela a la que ella tiene. A primera vista, la realidad paralela es curiosamente parecida a su vida de verdad, aunque mucho mejor. Pero cuando su increíble y maravillosa aventura empieza a tomar un cariz peligroso, su otra madre intenta mantenerla a su lado para siempre. Coraline deberá recurrir a su determinación y coraje, a la ayuda de los vecinos y a un gato negro con el don del habla para salvar a sus auténticos padres, a unos niños fantasmas y regresar a casa.', 'https://image.tmdb.org/t/p/original/xz1HjxeqpIACyPtJMqv33Z2RjRP.jpg', 'https://image.tmdb.org/t/p/original/hofnlIyF6bePkgQOpcuRWLvzf15.jpg', 'https://www.youtube.com/watch?v=ksOiRS2YO1U', 2009, 101);
INSERT OR REPLACE INTO Pelicula_Actor (id_pelicula, id_actor, personaje) VALUES (14836, 501, 'Coraline Jones (voice)');
INSERT OR REPLACE INTO Pelicula_Actor (id_pelicula, id_actor, personaje) VALUES (14836, 10742, 'Mel Jones / Other Mother (voice)');
INSERT OR REPLACE INTO Pelicula_Actor (id_pelicula, id_actor, personaje) VALUES (14836, 12094, 'Miss April Spink / Other Spink (voice)');
INSERT OR REPLACE INTO Pelicula_Actor (id_pelicula, id_actor, personaje) VALUES (14836, 5539, 'Miss Miriam Forcible / Other Forcible (voice)');
INSERT OR REPLACE INTO Pelicula_Actor (id_pelicula, id_actor, personaje) VALUES (14836, 65827, 'The Cat (voice)');
INSERT OR IGNORE INTO Pelicula_Categoria (id_pelicula, id_categoria) VALUES (14836, 5);
INSERT OR IGNORE INTO Pelicula_Categoria (id_pelicula, id_categoria) VALUES (14836, 12);
INSERT OR IGNORE INTO Pelicula_Categoria (id_pelicula, id_categoria) VALUES (14836, 3);
INSERT OR IGNORE INTO Pelicula_Compania (id_pelicula, id_compania) VALUES (14836, undefined);
-- Fin película: Los mundos de Coraline --
INSERT OR IGNORE INTO Actor (id_actor, nombre, foto_path) VALUES (1648346, 'Robert Aramayo', 'https://image.tmdb.org/t/p/original/1wqSZVvB018H2mZbemMSn6gH4zq.jpg');
INSERT OR IGNORE INTO Actor (id_actor, nombre, foto_path) VALUES (76944, 'Maxine Peake', 'https://image.tmdb.org/t/p/original/uChlrL5WyeXhvGFaNvbzw1KqMgP.jpg');
INSERT OR IGNORE INTO Actor (id_actor, nombre, foto_path) VALUES (1834, 'Shirley Henderson', 'https://image.tmdb.org/t/p/original/dxVvLjGNKVMl5lDXXInJ7xWpCvl.jpg');
INSERT OR IGNORE INTO Actor (id_actor, nombre, foto_path) VALUES (3064, 'Peter Mullan', 'https://image.tmdb.org/t/p/original/dvu5PWJK6Vv4xnYyMzdMvH73Laj.jpg');
INSERT OR IGNORE INTO Actor (id_actor, nombre, foto_path) VALUES (5555425, 'Scott Ellis Watson', '');
INSERT OR REPLACE INTO Pelicula (id_pelicula, titulo, descripcion, poster_path, backdrop_path, trailer, anio_estreno, duracion) VALUES (1317149, 'I Swear', '', 'https://image.tmdb.org/t/p/original/lC4NgQPqyKxNJ3PEgl2HVUxTY1t.jpg', 'https://image.tmdb.org/t/p/original/fe6kkxaxn0mCU2gl1vfU44IYWsy.jpg', '', 2025, 121);
INSERT OR REPLACE INTO Pelicula_Actor (id_pelicula, id_actor, personaje) VALUES (1317149, 1648346, 'John Davidson');
INSERT OR REPLACE INTO Pelicula_Actor (id_pelicula, id_actor, personaje) VALUES (1317149, 76944, 'Dottie Achenbach');
INSERT OR REPLACE INTO Pelicula_Actor (id_pelicula, id_actor, personaje) VALUES (1317149, 1834, 'Heather Davidson');
INSERT OR REPLACE INTO Pelicula_Actor (id_pelicula, id_actor, personaje) VALUES (1317149, 3064, 'Tommy Trotter');
INSERT OR REPLACE INTO Pelicula_Actor (id_pelicula, id_actor, personaje) VALUES (1317149, 5555425, 'Young John Davidson');
INSERT OR IGNORE INTO Pelicula_Categoria (id_pelicula, id_categoria) VALUES (1317149, 7);
INSERT OR IGNORE INTO Pelicula_Categoria (id_pelicula, id_categoria) VALUES (1317149, 1);
INSERT OR IGNORE INTO Pelicula_Compania (id_pelicula, id_compania) VALUES (1317149, undefined);
-- Fin película: I Swear --
INSERT OR IGNORE INTO Actor (id_actor, nombre, foto_path) VALUES (1186076, 'Philippe Lacheau', 'https://image.tmdb.org/t/p/original/2ev0Ip2vNnC5UYe10gJNcApahZ4.jpg');
INSERT OR IGNORE INTO Actor (id_actor, nombre, foto_path) VALUES (2408, 'Jamel Debbouze', 'https://image.tmdb.org/t/p/original/aiqWSWbRJ6rrjxxVE6y2Xb3KdSp.jpg');
INSERT OR IGNORE INTO Actor (id_actor, nombre, foto_path) VALUES (1186075, 'Tarek Boudali', 'https://image.tmdb.org/t/p/original/ubhbt0kZ6TX0t0tBFWe50A4u22y.jpg');
INSERT OR IGNORE INTO Actor (id_actor, nombre, foto_path) VALUES (146630, 'Élodie Fontan', 'https://image.tmdb.org/t/p/original/1uFWqxdrKxBa0utLqf55aq8ASzP.jpg');
INSERT OR IGNORE INTO Actor (id_actor, nombre, foto_path) VALUES (1291810, 'Julien Arruti', 'https://image.tmdb.org/t/p/original/8mW9D3GiTU6KNnNYUM1t7NhKPRY.jpg');
INSERT OR REPLACE INTO Pelicula (id_pelicula, titulo, descripcion, poster_path, backdrop_path, trailer, anio_estreno, duracion) VALUES (1145899, 'Marsupilami', '', 'https://image.tmdb.org/t/p/original/rJNHFa07Id2ylQgw0ttzGwpeczE.jpg', 'https://image.tmdb.org/t/p/original/sd0QuOnKX0aM89nz886aQaixwCx.jpg', '', 2026, 99);
INSERT OR REPLACE INTO Pelicula_Actor (id_pelicula, id_actor, personaje) VALUES (1145899, 1186076, 'David Ticoule');
INSERT OR REPLACE INTO Pelicula_Actor (id_pelicula, id_actor, personaje) VALUES (1145899, 2408, 'Pablito Camaron');
INSERT OR REPLACE INTO Pelicula_Actor (id_pelicula, id_actor, personaje) VALUES (1145899, 1186075, 'Ricky Salsa');
INSERT OR REPLACE INTO Pelicula_Actor (id_pelicula, id_actor, personaje) VALUES (1145899, 146630, 'Tess Ticoule');
INSERT OR REPLACE INTO Pelicula_Actor (id_pelicula, id_actor, personaje) VALUES (1145899, 1291810, 'Stéphane Buisson');
INSERT OR IGNORE INTO Pelicula_Categoria (id_pelicula, id_categoria) VALUES (1145899, 1);
INSERT OR IGNORE INTO Pelicula_Categoria (id_pelicula, id_categoria) VALUES (1145899, 12);
INSERT OR IGNORE INTO Pelicula_Compania (id_pelicula, id_compania) VALUES (1145899, undefined);
-- Fin película: Marsupilami --
INSERT OR IGNORE INTO Actor (id_actor, nombre, foto_path) VALUES (1643367, 'Damien Ferrette', 'https://image.tmdb.org/t/p/original/iW6zIP5wGMTI4RS4JKn2QjaKcxG.jpg');
INSERT OR IGNORE INTO Actor (id_actor, nombre, foto_path) VALUES (1326512, 'Hervé Jolly', '');
INSERT OR IGNORE INTO Actor (id_actor, nombre, foto_path) VALUES (1643163, 'Kaycie Chase', 'https://image.tmdb.org/t/p/original/tis8Xvy8ALtFc9Kt7JBma0ze3Xp.jpg');
INSERT OR IGNORE INTO Actor (id_actor, nombre, foto_path) VALUES (1872006, 'Frantz Confiac', '');
INSERT OR IGNORE INTO Actor (id_actor, nombre, foto_path) VALUES (1497778, 'Emmanuel Garijo', 'https://image.tmdb.org/t/p/original/ept2JUdN35WonXZgLLkA1Mr4uSL.jpg');
INSERT OR REPLACE INTO Pelicula (id_pelicula, titulo, descripcion, poster_path, backdrop_path, trailer, anio_estreno, duracion) VALUES (1107216, 'Pets on a Train', 'En un tren que está a punto de salir de la estación, suena la alarma que obliga a todos los pasajeros a bajarse. Pero entonces el tren arranca de manera improvista, llevándose a bordo los viajeros que no han tenido tiempo de bajar: los animales de compañía. Asombrados, estos descubren que el tren está bajo el control de Hans, un tejón manipulador y rencoroso, que se quiere vengar de Rex, el perro policía que le puso entre rejas hace años. Como los servicios de rescate no consiguen intervenir en el trayecto montañoso del tren, que circula a toda velocidad, los animales de compañía solo pueden contar con Falcon, un mapache un poco tramposo que hará todo lo posible para salvarles.', 'https://image.tmdb.org/t/p/original/dJZRImFs3jdMV1I2OzgjGz1rZv9.jpg', 'https://image.tmdb.org/t/p/original/3Gjo73aMqNWxNdBa7PeEj7AXJ3E.jpg', '', 2025, 87);
INSERT OR REPLACE INTO Pelicula_Actor (id_pelicula, id_actor, personaje) VALUES (1107216, 1643367, 'Falcon (voice)');
INSERT OR REPLACE INTO Pelicula_Actor (id_pelicula, id_actor, personaje) VALUES (1107216, 1326512, 'Rex (voice)');
INSERT OR REPLACE INTO Pelicula_Actor (id_pelicula, id_actor, personaje) VALUES (1107216, 1643163, 'Maguy (voice)');
INSERT OR REPLACE INTO Pelicula_Actor (id_pelicula, id_actor, personaje) VALUES (1107216, 1872006, 'Hans (voice)');
INSERT OR REPLACE INTO Pelicula_Actor (id_pelicula, id_actor, personaje) VALUES (1107216, 1497778, 'Randy / Jimi (voice)');
INSERT OR IGNORE INTO Pelicula_Categoria (id_pelicula, id_categoria) VALUES (1107216, 5);
INSERT OR IGNORE INTO Pelicula_Categoria (id_pelicula, id_categoria) VALUES (1107216, 12);
INSERT OR IGNORE INTO Pelicula_Categoria (id_pelicula, id_categoria) VALUES (1107216, 1);
INSERT OR IGNORE INTO Pelicula_Categoria (id_pelicula, id_categoria) VALUES (1107216, 6);
INSERT OR IGNORE INTO Pelicula_Compania (id_pelicula, id_compania) VALUES (1107216, undefined);
-- Fin película: Pets on a Train --
INSERT OR IGNORE INTO Actor (id_actor, nombre, foto_path) VALUES (99687, '張涵予', 'https://image.tmdb.org/t/p/original/bJUCOfWJexODFVupeoeiL9Q8HK9.jpg');
INSERT OR IGNORE INTO Actor (id_actor, nombre, foto_path) VALUES (2762135, 'Vivienne Tien', 'https://image.tmdb.org/t/p/original/iIMSjySpkMhgxIm1rzMJb089GUG.jpg');
INSERT OR IGNORE INTO Actor (id_actor, nombre, foto_path) VALUES (105727, 'Jake Abel', 'https://image.tmdb.org/t/p/original/ijog1BFmm4BgZGnScwoYJKkwAcO.jpg');
INSERT OR IGNORE INTO Actor (id_actor, nombre, foto_path) VALUES (52415, 'Michael Cudlitz', 'https://image.tmdb.org/t/p/original/1snLOta9L2DAhmOTvNIn7OSxzQC.jpg');
INSERT OR REPLACE INTO Pelicula (id_pelicula, titulo, descripcion, poster_path, backdrop_path, trailer, anio_estreno, duracion) VALUES (1273948, '以父亲之名', '', 'https://image.tmdb.org/t/p/original/gbNgsMkFffZdPvXVnkpEtXlU6C3.jpg', 'https://image.tmdb.org/t/p/original/nrWn0blVlcdsbSrYPgCyQpTE5hn.jpg', '', 2026, 120);
INSERT OR REPLACE INTO Pelicula_Actor (id_pelicula, id_actor, personaje) VALUES (1273948, 99687, 'Xu Jun');
INSERT OR REPLACE INTO Pelicula_Actor (id_pelicula, id_actor, personaje) VALUES (1273948, 2762135, '');
INSERT OR REPLACE INTO Pelicula_Actor (id_pelicula, id_actor, personaje) VALUES (1273948, 105727, '');
INSERT OR REPLACE INTO Pelicula_Actor (id_pelicula, id_actor, personaje) VALUES (1273948, 52415, '');
INSERT OR IGNORE INTO Pelicula_Categoria (id_pelicula, id_categoria) VALUES (1273948, 9);
INSERT OR IGNORE INTO Pelicula_Categoria (id_pelicula, id_categoria) VALUES (1273948, 7);
INSERT OR IGNORE INTO Pelicula_Categoria (id_pelicula, id_categoria) VALUES (1273948, 5);
INSERT OR IGNORE INTO Pelicula_Compania (id_pelicula, id_compania) VALUES (1273948, undefined);
-- Fin película: 以父亲之名 --
INSERT OR IGNORE INTO Actor (id_actor, nombre, foto_path) VALUES (64880, '최민식', 'https://image.tmdb.org/t/p/original/sd7gIA6nEkq6zumkDCfxSE0YSSV.jpg');
INSERT OR IGNORE INTO Actor (id_actor, nombre, foto_path) VALUES (10112, '유지태', 'https://image.tmdb.org/t/p/original/gGGV2gc0orgssYJ0Q9MSomdYo2I.jpg');
INSERT OR IGNORE INTO Actor (id_actor, nombre, foto_path) VALUES (1299317, '강혜정', 'https://image.tmdb.org/t/p/original/5YxhugLcecdEvnxmHTFRdafbywX.jpg');
INSERT OR IGNORE INTO Actor (id_actor, nombre, foto_path) VALUES (77182, '김병옥', 'https://image.tmdb.org/t/p/original/oGVs2OmYTyXR0KT9xvzVWCAKx8t.jpg');
INSERT OR IGNORE INTO Actor (id_actor, nombre, foto_path) VALUES (77180, '지대한', 'https://image.tmdb.org/t/p/original/9aoOX8p2oxUAwOaT8jT6GWfjs01.jpg');
INSERT OR REPLACE INTO Pelicula (id_pelicula, titulo, descripcion, poster_path, backdrop_path, trailer, anio_estreno, duracion) VALUES (670, 'Old Boy', 'Sin tener idea de cómo llegó a ser encarcelado, drogado y torturado durante 15 años, un hombre desesperado busca vengarse de sus captores.', 'https://image.tmdb.org/t/p/original/45kRW1xgTq3QrZltL9mY9e9iYkH.jpg', 'https://image.tmdb.org/t/p/original/sdwjQEM869JFwMytTmvr6ggvaUl.jpg', 'https://www.youtube.com/watch?v=-W8cPij0HgA', 2003, 119);
INSERT OR REPLACE INTO Pelicula_Actor (id_pelicula, id_actor, personaje) VALUES (670, 64880, 'Oh Dae-Su');
INSERT OR REPLACE INTO Pelicula_Actor (id_pelicula, id_actor, personaje) VALUES (670, 10112, 'Lee Woo-jin');
INSERT OR REPLACE INTO Pelicula_Actor (id_pelicula, id_actor, personaje) VALUES (670, 1299317, 'Mi-do');
INSERT OR REPLACE INTO Pelicula_Actor (id_pelicula, id_actor, personaje) VALUES (670, 77182, 'Mr. Han');
INSERT OR REPLACE INTO Pelicula_Actor (id_pelicula, id_actor, personaje) VALUES (670, 77180, 'No Joo-hwan');
INSERT OR IGNORE INTO Pelicula_Categoria (id_pelicula, id_categoria) VALUES (670, 7);
INSERT OR IGNORE INTO Pelicula_Categoria (id_pelicula, id_categoria) VALUES (670, 6);
INSERT OR IGNORE INTO Pelicula_Categoria (id_pelicula, id_categoria) VALUES (670, 1);
INSERT OR IGNORE INTO Pelicula_Categoria (id_pelicula, id_categoria) VALUES (670, 5);
INSERT OR IGNORE INTO Pelicula_Compania (id_pelicula, id_compania) VALUES (670, undefined);
-- Fin película: Old Boy --
INSERT OR IGNORE INTO Actor (id_actor, nombre, foto_path) VALUES (527393, 'Dylan O''Brien', 'https://image.tmdb.org/t/p/original/xN3GdvIlqsR838gDoblhPH0numP.jpg');
INSERT OR IGNORE INTO Actor (id_actor, nombre, foto_path) VALUES (1483302, 'James Sweeney', 'https://image.tmdb.org/t/p/original/gcfvtYBfxCvlBSowwiWlMRwE421.jpg');
INSERT OR IGNORE INTO Actor (id_actor, nombre, foto_path) VALUES (1323109, 'Aisling Franciosi', 'https://image.tmdb.org/t/p/original/pE5GpcsMbFd3ZFGeiaTIvfapV6m.jpg');
INSERT OR IGNORE INTO Actor (id_actor, nombre, foto_path) VALUES (16858, 'Lauren Graham', 'https://image.tmdb.org/t/p/original/l5Xul6KgwjVx9sAtH58e3QKmvlh.jpg');
INSERT OR IGNORE INTO Actor (id_actor, nombre, foto_path) VALUES (1344739, 'Chris Perfetti', 'https://image.tmdb.org/t/p/original/qBTVPc07f3lxqCnM9ou4SOHt9js.jpg');
INSERT OR REPLACE INTO Pelicula (id_pelicula, titulo, descripcion, poster_path, backdrop_path, trailer, anio_estreno, duracion) VALUES (1245347, 'Mi mitad perdida', 'Dos jóvenes se conocen en un grupo de apoyo a gemelos en duelo y forman un inesperado vínculo.', 'https://image.tmdb.org/t/p/original/ld7HHNBXFt5XxO3DW5IBkGUIsLt.jpg', 'https://image.tmdb.org/t/p/original/fnvTC96lA7pf8ZlMKI2FgBZ86AP.jpg', '', 2025, 100);
INSERT OR REPLACE INTO Pelicula_Actor (id_pelicula, id_actor, personaje) VALUES (1245347, 527393, 'Rocky / Roman');
INSERT OR REPLACE INTO Pelicula_Actor (id_pelicula, id_actor, personaje) VALUES (1245347, 1483302, 'Dennis');
INSERT OR REPLACE INTO Pelicula_Actor (id_pelicula, id_actor, personaje) VALUES (1245347, 1323109, 'Marcie');
INSERT OR REPLACE INTO Pelicula_Actor (id_pelicula, id_actor, personaje) VALUES (1245347, 16858, 'Lisa');
INSERT OR REPLACE INTO Pelicula_Actor (id_pelicula, id_actor, personaje) VALUES (1245347, 1344739, 'George');
INSERT OR IGNORE INTO Pelicula_Categoria (id_pelicula, id_categoria) VALUES (1245347, 12);
INSERT OR IGNORE INTO Pelicula_Categoria (id_pelicula, id_categoria) VALUES (1245347, 7);
INSERT OR IGNORE INTO Pelicula_Compania (id_pelicula, id_compania) VALUES (1245347, undefined);
-- Fin película: Mi mitad perdida --
INSERT OR IGNORE INTO Actor (id_actor, nombre, foto_path) VALUES (514, 'Jack Nicholson', 'https://image.tmdb.org/t/p/original/hBHcQIEa6P48HQAlLZkh0eKSSkG.jpg');
INSERT OR IGNORE INTO Actor (id_actor, nombre, foto_path) VALUES (10409, 'Shelley Duvall', 'https://image.tmdb.org/t/p/original/zwscEWl7QLiOsfsvzGXFjAQCVp3.jpg');
INSERT OR IGNORE INTO Actor (id_actor, nombre, foto_path) VALUES (10410, 'Danny Lloyd', 'https://image.tmdb.org/t/p/original/5pEmugZ6m25RB0cXbL4t5D4kZAO.jpg');
INSERT OR IGNORE INTO Actor (id_actor, nombre, foto_path) VALUES (7077, 'Scatman Crothers', 'https://image.tmdb.org/t/p/original/jf2ooubjE5tjBJwDI9Nla0M57m2.jpg');
INSERT OR IGNORE INTO Actor (id_actor, nombre, foto_path) VALUES (10411, 'Barry Nelson', 'https://image.tmdb.org/t/p/original/fSrHmvOxZJbeKpNM0uWGvha1aK9.jpg');
INSERT OR REPLACE INTO Pelicula (id_pelicula, titulo, descripcion, poster_path, backdrop_path, trailer, anio_estreno, duracion) VALUES (694, 'El resplandor', 'Jack Torrance se traslada, junto a su mujer y a su hijo, al impresionante hotel Overlook, en Colorado, para encargarse del mantenimiento del mismo durante la temporada invernal, en la que permanece cerrado y aislado por la nieve. Su idea es escribir su novela al tiempo que cuida de las instalaciones durante esos largos y solitarios meses de invierno, pero desde su llegada al hotel, Jack comienza a padecer inquietantes transtornos de personalidad, al mismo tiempo que en el lugar comienzan a suceder diversos fenómenos paranormales.', 'https://image.tmdb.org/t/p/original/mm003Mj2e9kJRsrxiVdPn2BSBPh.jpg', 'https://image.tmdb.org/t/p/original/mmd1HnuvAzFc4iuVJcnBrhDNEKr.jpg', 'https://www.youtube.com/watch?v=A3q03BBwMp4', 1980, 146);
INSERT OR REPLACE INTO Pelicula_Actor (id_pelicula, id_actor, personaje) VALUES (694, 514, 'Jack Torrance');
INSERT OR REPLACE INTO Pelicula_Actor (id_pelicula, id_actor, personaje) VALUES (694, 10409, 'Wendy Torrance');
INSERT OR REPLACE INTO Pelicula_Actor (id_pelicula, id_actor, personaje) VALUES (694, 10410, 'Danny');
INSERT OR REPLACE INTO Pelicula_Actor (id_pelicula, id_actor, personaje) VALUES (694, 7077, 'Hallorann');
INSERT OR REPLACE INTO Pelicula_Actor (id_pelicula, id_actor, personaje) VALUES (694, 10411, 'Ullman');
INSERT OR IGNORE INTO Pelicula_Categoria (id_pelicula, id_categoria) VALUES (694, 4);
INSERT OR IGNORE INTO Pelicula_Categoria (id_pelicula, id_categoria) VALUES (694, 6);
INSERT OR IGNORE INTO Pelicula_Compania (id_pelicula, id_compania) VALUES (694, undefined);
INSERT OR IGNORE INTO Pelicula_Coleccion (id_pelicula, id_coleccion) VALUES (694, 530064);
-- Fin película: El resplandor --
INSERT OR IGNORE INTO Actor (id_actor, nombre, foto_path) VALUES (112557, 'Camille Sullivan', 'https://image.tmdb.org/t/p/original/yEN22SSD81JR7iUo7ArgOmEEE7B.jpg');
INSERT OR IGNORE INTO Actor (id_actor, nombre, foto_path) VALUES (2839, 'Brendan Sexton III', 'https://image.tmdb.org/t/p/original/36EvFVDqOKzUa91ixgGEAUPgnqA.jpg');
INSERT OR IGNORE INTO Actor (id_actor, nombre, foto_path) VALUES (65827, 'Keith David', 'https://image.tmdb.org/t/p/original/hwykAZLSIP5Cb2bbauZ4CEEmq0u.jpg');
INSERT OR IGNORE INTO Actor (id_actor, nombre, foto_path) VALUES (3468505, 'Sarah Durn', 'https://image.tmdb.org/t/p/original/w5yNf08VaGwRjyxRtUTkZuKIWwv.jpg');
INSERT OR IGNORE INTO Actor (id_actor, nombre, foto_path) VALUES (51300, 'Derek Mears', 'https://image.tmdb.org/t/p/original/2ckpSGUa4EDKWS1KMP0hLtFUWi.jpg');
INSERT OR REPLACE INTO Pelicula (id_pelicula, titulo, descripcion, poster_path, backdrop_path, trailer, anio_estreno, duracion) VALUES (937941, 'Shelby Oaks', 'Cuando un documentalista descubre una nueva pista perturbadora, la búsqueda desesperada de una mujer por su hermana perdida hace mucho tiempo se convierte en obsesión al darse cuenta de que el demonio imaginario de su infancia puede haber sido real.', 'https://image.tmdb.org/t/p/original/w7wsPyClttMEpQhAskpfMiaCSin.jpg', 'https://image.tmdb.org/t/p/original/jOuu4mEBOuJVb6CkkmRDpjnrZed.jpg', '', 2025, 91);
INSERT OR REPLACE INTO Pelicula_Actor (id_pelicula, id_actor, personaje) VALUES (937941, 112557, 'Mia');
INSERT OR REPLACE INTO Pelicula_Actor (id_pelicula, id_actor, personaje) VALUES (937941, 2839, 'Robert');
INSERT OR REPLACE INTO Pelicula_Actor (id_pelicula, id_actor, personaje) VALUES (937941, 65827, 'Morton Jacobson');
INSERT OR REPLACE INTO Pelicula_Actor (id_pelicula, id_actor, personaje) VALUES (937941, 3468505, 'Riley');
INSERT OR REPLACE INTO Pelicula_Actor (id_pelicula, id_actor, personaje) VALUES (937941, 51300, 'Tarion');
INSERT OR IGNORE INTO Pelicula_Categoria (id_pelicula, id_categoria) VALUES (937941, 4);
INSERT OR IGNORE INTO Pelicula_Categoria (id_pelicula, id_categoria) VALUES (937941, 1);
INSERT OR IGNORE INTO Pelicula_Compania (id_pelicula, id_compania) VALUES (937941, undefined);
-- Fin película: Shelby Oaks --
INSERT OR IGNORE INTO Actor (id_actor, nombre, foto_path) VALUES (226431, 'Nora Navas', 'https://image.tmdb.org/t/p/original/kTvfxyKoWUoxgsTSIRHs8dgdD3A.jpg');
INSERT OR IGNORE INTO Actor (id_actor, nombre, foto_path) VALUES (18478, 'Rodrigo de la Serna', 'https://image.tmdb.org/t/p/original/hArSCSwj92ItqVMni7D8ehInnU5.jpg');
INSERT OR IGNORE INTO Actor (id_actor, nombre, foto_path) VALUES (36632, 'Juan Diego Botto', 'https://image.tmdb.org/t/p/original/6iu1uNMl511ZmEn0y828ZeLiuox.jpg');
INSERT OR IGNORE INTO Actor (id_actor, nombre, foto_path) VALUES (1032556, 'Àgata Roca', 'https://image.tmdb.org/t/p/original/2Mc7AyIrr8hhhxLhTYRsJF7jM4S.jpg');
INSERT OR IGNORE INTO Actor (id_actor, nombre, foto_path) VALUES (2374729, 'Fernanda Orazi', 'https://image.tmdb.org/t/p/original/wEFrb9anUl2u8DOdo5qhWCRamz0.jpg');
INSERT OR REPLACE INTO Pelicula (id_pelicula, titulo, descripcion, poster_path, backdrop_path, trailer, anio_estreno, duracion) VALUES (1297953, 'Mi amiga Eva', 'Eva acaba de cumplir 50 años. Lleva casada más de 20  y tiene dos hijos adolescentes. Hasta ahora, nada destacable. Pero en un viaje de negocios a Roma, ocurre algo que le da un vuelco a su vida. Conoce a Álex, un guionista que pasa unos días en la ciudad italiana. La atracción instantánea que siente por él, las mariposas en el estómago, la seductora insinuación de una posibilidad... Después de tanto tiempo, recuerda lo que se siente al enamorarse y eso revoluciona su interior. Reaviva una llama que llevaba tiempo extinguida.', 'https://image.tmdb.org/t/p/original/dolwe6cReEg3zRnIAIPr7C17vqx.jpg', 'https://image.tmdb.org/t/p/original/xxU0ttSVJ3iHpMzZNfN1yb09MZt.jpg', '', 2025, 99);
INSERT OR REPLACE INTO Pelicula_Actor (id_pelicula, id_actor, personaje) VALUES (1297953, 226431, 'Eva');
INSERT OR REPLACE INTO Pelicula_Actor (id_pelicula, id_actor, personaje) VALUES (1297953, 18478, 'Álex');
INSERT OR REPLACE INTO Pelicula_Actor (id_pelicula, id_actor, personaje) VALUES (1297953, 36632, 'Víctor');
INSERT OR REPLACE INTO Pelicula_Actor (id_pelicula, id_actor, personaje) VALUES (1297953, 1032556, 'Cris');
INSERT OR REPLACE INTO Pelicula_Actor (id_pelicula, id_actor, personaje) VALUES (1297953, 2374729, 'Raquel');
INSERT OR IGNORE INTO Pelicula_Categoria (id_pelicula, id_categoria) VALUES (1297953, 10);
INSERT OR IGNORE INTO Pelicula_Categoria (id_pelicula, id_categoria) VALUES (1297953, 12);
INSERT OR IGNORE INTO Pelicula_Compania (id_pelicula, id_compania) VALUES (1297953, undefined);
-- Fin película: Mi amiga Eva --
INSERT OR IGNORE INTO Actor (id_actor, nombre, foto_path) VALUES (1876878, 'Jay Dee', '');
INSERT OR IGNORE INTO Actor (id_actor, nombre, foto_path) VALUES (5311453, 'Cristian E. Gutierrez', '');
INSERT OR IGNORE INTO Actor (id_actor, nombre, foto_path) VALUES (4621871, 'Daniel ''DoKnows'' Lopez', '');
INSERT OR IGNORE INTO Actor (id_actor, nombre, foto_path) VALUES (4231225, 'Laura Lopez', '');
INSERT OR IGNORE INTO Actor (id_actor, nombre, foto_path) VALUES (1712047, 'Nana Ponceleon', '');
INSERT OR REPLACE INTO Pelicula (id_pelicula, titulo, descripcion, poster_path, backdrop_path, trailer, anio_estreno, duracion) VALUES (1450257, 'Clika', '', 'https://image.tmdb.org/t/p/original/82Vh8PSzWtBi0CLWrnJdRhGYxEr.jpg', 'https://image.tmdb.org/t/p/original/yHZpvJEzeBKMPZfNN6OFfMQ9Jf0.jpg', '', 2026, 79);
INSERT OR REPLACE INTO Pelicula_Actor (id_pelicula, id_actor, personaje) VALUES (1450257, 1876878, 'Chito');
INSERT OR REPLACE INTO Pelicula_Actor (id_pelicula, id_actor, personaje) VALUES (1450257, 5311453, 'Alfredo');
INSERT OR REPLACE INTO Pelicula_Actor (id_pelicula, id_actor, personaje) VALUES (1450257, 4621871, 'Blunt');
INSERT OR REPLACE INTO Pelicula_Actor (id_pelicula, id_actor, personaje) VALUES (1450257, 4231225, 'Candy');
INSERT OR REPLACE INTO Pelicula_Actor (id_pelicula, id_actor, personaje) VALUES (1450257, 1712047, 'Mari');
INSERT OR IGNORE INTO Pelicula_Categoria (id_pelicula, id_categoria) VALUES (1450257, 7);
INSERT OR IGNORE INTO Pelicula_Categoria (id_pelicula, id_categoria) VALUES (1450257, 11);
INSERT OR IGNORE INTO Pelicula_Compania (id_pelicula, id_compania) VALUES (1450257, undefined);
-- Fin película: Clika --
INSERT OR IGNORE INTO Actor (id_actor, nombre, foto_path) VALUES (56024, 'Jean Dujardin', 'https://image.tmdb.org/t/p/original/iPtSWWoO8vajj6fIUQLQeuGOCsk.jpg');
INSERT OR IGNORE INTO Actor (id_actor, nombre, foto_path) VALUES (8791, 'Marie-Josée Croze', 'https://image.tmdb.org/t/p/original/d7sRQCDFijXaSnyiZpURknJAQFi.jpg');
INSERT OR IGNORE INTO Actor (id_actor, nombre, foto_path) VALUES (3640440, 'Daphné Richard', 'https://image.tmdb.org/t/p/original/rcjnsdNXwHBKLASwl7exwQYUxNA.jpg');
INSERT OR IGNORE INTO Actor (id_actor, nombre, foto_path) VALUES (1881010, 'Serge Swysen', 'https://image.tmdb.org/t/p/original/160fnVds8O8RYYRh2gzaPdqQlyc.jpg');
INSERT OR IGNORE INTO Actor (id_actor, nombre, foto_path) VALUES (2749304, 'Salim Talbi', 'https://image.tmdb.org/t/p/original/3hqdnBmRK8l6q4M9MGfhwnfMTFW.jpg');
INSERT OR REPLACE INTO Pelicula (id_pelicula, titulo, descripcion, poster_path, backdrop_path, trailer, anio_estreno, duracion) VALUES (1233506, 'El hombre menguante', 'Paul es un padre de familia ejemplar y el dueño de una empresa de construcción naval. Durante uno de sus habituales baños en el mar, es testigo de un extraño suceso meteorológico. A partir de ese momento, Paul empieza a encoger sin explicación científica posible. Por accidente, una mañana queda atrapado en su propio sótano. El hombre deberá luchar si quiere sobrevivir en un entorno cotidiano convertido, repentinamente, en un terreno letal.', 'https://image.tmdb.org/t/p/original/1hRdOzLWpXdNawaNhktTnRoM0w1.jpg', 'https://image.tmdb.org/t/p/original/hjPWg7trJPSZ4tUEZhqGxX1HxUS.jpg', '', 2025, 99);
INSERT OR REPLACE INTO Pelicula_Actor (id_pelicula, id_actor, personaje) VALUES (1233506, 56024, 'Paul');
INSERT OR REPLACE INTO Pelicula_Actor (id_pelicula, id_actor, personaje) VALUES (1233506, 8791, 'Élise');
INSERT OR REPLACE INTO Pelicula_Actor (id_pelicula, id_actor, personaje) VALUES (1233506, 3640440, 'Mia');
INSERT OR REPLACE INTO Pelicula_Actor (id_pelicula, id_actor, personaje) VALUES (1233506, 1881010, 'Dr. Sicre');
INSERT OR REPLACE INTO Pelicula_Actor (id_pelicula, id_actor, personaje) VALUES (1233506, 2749304, 'Karim');
INSERT OR IGNORE INTO Pelicula_Categoria (id_pelicula, id_categoria) VALUES (1233506, 1);
INSERT OR IGNORE INTO Pelicula_Categoria (id_pelicula, id_categoria) VALUES (1233506, 3);
INSERT OR IGNORE INTO Pelicula_Compania (id_pelicula, id_compania) VALUES (1233506, undefined);
-- Fin película: El hombre menguante --
INSERT OR IGNORE INTO Actor (id_actor, nombre, foto_path) VALUES (7399, 'Ben Stiller', 'https://image.tmdb.org/t/p/original/scgpxhI05JpdNXXfmpK6z0rPOWN.jpg');
INSERT OR IGNORE INTO Actor (id_actor, nombre, foto_path) VALUES (2632, 'Chris Rock', 'https://image.tmdb.org/t/p/original/cqI8yQ00GNDV3PAAz5UeLj7vOX0.jpg');
INSERT OR IGNORE INTO Actor (id_actor, nombre, foto_path) VALUES (14409, 'David Schwimmer', 'https://image.tmdb.org/t/p/original/XtKzJ9lM5Xwa7vCmE4xNHy6Owf.jpg');
INSERT OR IGNORE INTO Actor (id_actor, nombre, foto_path) VALUES (9575, 'Jada Pinkett Smith', 'https://image.tmdb.org/t/p/original/3RyvVVSlgRbZANDFkYiAsRMaHW.jpg');
INSERT OR IGNORE INTO Actor (id_actor, nombre, foto_path) VALUES (6730, 'Sacha Baron Cohen', 'https://image.tmdb.org/t/p/original/irirhgOX0siCyqvMrt2hoJpXfOG.jpg');
INSERT OR REPLACE INTO Pelicula (id_pelicula, titulo, descripcion, poster_path, backdrop_path, trailer, anio_estreno, duracion) VALUES (953, 'Madagascar', 'Cuenta la historia de cuatro divertidos animales del zoo de Central Park, Nueva York, (Alex el león, Marty la cebra, Gloria la hipopótamo y Melman la jirafa). Llevan toda su vida encerrados en cautividad sin poder experiemtnar el sabor de la libertad y se han propuesto idear un plan para salir de allí juntos. Un día, una serie de casualidades les llevan a lograr lo que tanto ansiaban y huyen de aquel lugar. Terminan en plena naturaleza, concretamente en la idílica isla de Madagascar. Allí descubrirán, a base de apasionantes aventuras, que la vida salvaje es muy diferente a lo que ellos pensaban y que vivir en libertad no es tan fácil como imaginaban.', 'https://image.tmdb.org/t/p/original/zrV5GnfCcLWzyjrFgYTpjQPRMfl.jpg', 'https://image.tmdb.org/t/p/original/tPaurpIUskVji5vwV0dhy9pq4Vs.jpg', 'https://www.youtube.com/watch?v=RZFaaamXo8A', 2005, 85);
INSERT OR REPLACE INTO Pelicula_Actor (id_pelicula, id_actor, personaje) VALUES (953, 7399, 'Alex (voice)');
INSERT OR REPLACE INTO Pelicula_Actor (id_pelicula, id_actor, personaje) VALUES (953, 2632, 'Marty (voice)');
INSERT OR REPLACE INTO Pelicula_Actor (id_pelicula, id_actor, personaje) VALUES (953, 14409, 'Melman (voice)');
INSERT OR REPLACE INTO Pelicula_Actor (id_pelicula, id_actor, personaje) VALUES (953, 9575, 'Gloria (voice)');
INSERT OR REPLACE INTO Pelicula_Actor (id_pelicula, id_actor, personaje) VALUES (953, 6730, 'Julien (voice)');
INSERT OR IGNORE INTO Pelicula_Categoria (id_pelicula, id_categoria) VALUES (953, 12);
INSERT OR IGNORE INTO Pelicula_Categoria (id_pelicula, id_categoria) VALUES (953, 5);
INSERT OR IGNORE INTO Pelicula_Categoria (id_pelicula, id_categoria) VALUES (953, 1);
INSERT OR IGNORE INTO Pelicula_Categoria (id_pelicula, id_categoria) VALUES (953, 12);
INSERT OR IGNORE INTO Pelicula_Compania (id_pelicula, id_compania) VALUES (953, undefined);
INSERT OR IGNORE INTO Pelicula_Coleccion (id_pelicula, id_coleccion) VALUES (953, 14740);
-- Fin película: Madagascar --
INSERT OR IGNORE INTO Actor (id_actor, nombre, foto_path) VALUES (102222, 'Carmen Machi', 'https://image.tmdb.org/t/p/original/qP3zz6e08UklfmPCf627vwUDVsK.jpg');
INSERT OR IGNORE INTO Actor (id_actor, nombre, foto_path) VALUES (224870, 'Paco León', 'https://image.tmdb.org/t/p/original/dZd0Z3mUgXrE0y21KknLp40Ivuk.jpg');
INSERT OR IGNORE INTO Actor (id_actor, nombre, foto_path) VALUES (976465, 'Melani Olivares', 'https://image.tmdb.org/t/p/original/xca7sTorEeiXCdEarH7f0eXrMai.jpg');
INSERT OR IGNORE INTO Actor (id_actor, nombre, foto_path) VALUES (560247, 'Miren Ibarguren', 'https://image.tmdb.org/t/p/original/ndusbJn7YggtKhz37dIla81c72p.jpg');
INSERT OR IGNORE INTO Actor (id_actor, nombre, foto_path) VALUES (82350, 'David Castillo', 'https://image.tmdb.org/t/p/original/nRzcUnXj5kkrYxgca3G15roZimE.jpg');
INSERT OR REPLACE INTO Pelicula (id_pelicula, titulo, descripcion, poster_path, backdrop_path, trailer, anio_estreno, duracion) VALUES (1370123, 'Aída y vuelta', 'Una película de metaficción centrada en el rodaje de un capítulo de la mítica serie de televisión "Aída".', 'https://image.tmdb.org/t/p/original/3k4FKVgaxUZo1CITvj2nFDyNNKy.jpg', '', 'https://www.youtube.com/watch?v=O82ibLC4bmM', 2026, 98);
INSERT OR REPLACE INTO Pelicula_Actor (id_pelicula, id_actor, personaje) VALUES (1370123, 102222, 'Carmen Machi / Aída');
INSERT OR REPLACE INTO Pelicula_Actor (id_pelicula, id_actor, personaje) VALUES (1370123, 224870, 'Paco León / Luisma');
INSERT OR REPLACE INTO Pelicula_Actor (id_pelicula, id_actor, personaje) VALUES (1370123, 976465, 'Melani Olivares / Paz');
INSERT OR REPLACE INTO Pelicula_Actor (id_pelicula, id_actor, personaje) VALUES (1370123, 560247, 'Miren Ibarguren / Soraya');
INSERT OR REPLACE INTO Pelicula_Actor (id_pelicula, id_actor, personaje) VALUES (1370123, 82350, 'David Castillo / El Johnatan');
INSERT OR IGNORE INTO Pelicula_Categoria (id_pelicula, id_categoria) VALUES (1370123, 12);
INSERT OR IGNORE INTO Pelicula_Compania (id_pelicula, id_compania) VALUES (1370123, undefined);
-- Fin película: Aída y vuelta --
INSERT OR IGNORE INTO Actor (id_actor, nombre, foto_path) VALUES (78875, '古天樂', 'https://image.tmdb.org/t/p/original/yQuDBTzm7xWlJICNvl20OmcJP80.jpg');
INSERT OR IGNORE INTO Actor (id_actor, nombre, foto_path) VALUES (89409, '林峰', 'https://image.tmdb.org/t/p/original/Ak40P6TWthdQ9diRki5RIcJ6r95.jpg');
INSERT OR IGNORE INTO Actor (id_actor, nombre, foto_path) VALUES (588057, '白百何', 'https://image.tmdb.org/t/p/original/4cEIvt6etPrWzXn59W5GgnijNIG.jpg');
INSERT OR IGNORE INTO Actor (id_actor, nombre, foto_path) VALUES (230777, '宣萱', 'https://image.tmdb.org/t/p/original/3hp9D2B1Y7L7imPUHCpHiNgxSY.jpg');
INSERT OR IGNORE INTO Actor (id_actor, nombre, foto_path) VALUES (1223071, '郭羨妮', 'https://image.tmdb.org/t/p/original/2UfGinzUO41ZbshRNepiQBKqg3c.jpg');
INSERT OR REPLACE INTO Pelicula (id_pelicula, titulo, descripcion, poster_path, backdrop_path, trailer, anio_estreno, duracion) VALUES (650524, '尋秦記', '', 'https://image.tmdb.org/t/p/original/h3OUaPfCaFmzwB2eMHik50RsXlP.jpg', 'https://image.tmdb.org/t/p/original/gpJr8wRED8BpBVaxM0eODQEBNwC.jpg', '', 2025, 107);
INSERT OR REPLACE INTO Pelicula_Actor (id_pelicula, id_actor, personaje) VALUES (650524, 78875, 'Hong Siu-lung');
INSERT OR REPLACE INTO Pelicula_Actor (id_pelicula, id_actor, personaje) VALUES (650524, 89409, 'Chiu Poon / Ying Ching/Chun Wong');
INSERT OR REPLACE INTO Pelicula_Actor (id_pelicula, id_actor, personaje) VALUES (650524, 588057, 'Galie');
INSERT OR REPLACE INTO Pelicula_Actor (id_pelicula, id_actor, personaje) VALUES (650524, 230777, 'Wu Ting-fong');
INSERT OR REPLACE INTO Pelicula_Actor (id_pelicula, id_actor, personaje) VALUES (650524, 1223071, 'Chun Ching / Kam Ching');
INSERT OR IGNORE INTO Pelicula_Categoria (id_pelicula, id_categoria) VALUES (650524, 3);
INSERT OR IGNORE INTO Pelicula_Categoria (id_pelicula, id_categoria) VALUES (650524, 5);
INSERT OR IGNORE INTO Pelicula_Categoria (id_pelicula, id_categoria) VALUES (650524, 12);
INSERT OR IGNORE INTO Pelicula_Compania (id_pelicula, id_compania) VALUES (650524, undefined);
-- Fin película: 尋秦記 --
INSERT OR IGNORE INTO Actor (id_actor, nombre, foto_path) VALUES (2963, 'Nicolas Cage', 'https://image.tmdb.org/t/p/original/y1RtezurZYveYkVNRht7CwEgSYY.jpg');
INSERT OR IGNORE INTO Actor (id_actor, nombre, foto_path) VALUES (1590759, 'Noah Jupe', 'https://image.tmdb.org/t/p/original/sOsr4SgcnVqpLofasvy0B6dxPuf.jpg');
INSERT OR IGNORE INTO Actor (id_actor, nombre, foto_path) VALUES (1503200, 'FKA twigs', 'https://image.tmdb.org/t/p/original/8bUUu7jPEY1aQgAtJXM2NyYpfgN.jpg');
INSERT OR IGNORE INTO Actor (id_actor, nombre, foto_path) VALUES (1967058, 'Isla Johnston', 'https://image.tmdb.org/t/p/original/nieq22akK7JWtcnxkJdALNYgnWn.jpg');
INSERT OR IGNORE INTO Actor (id_actor, nombre, foto_path) VALUES (2037046, 'Souheila Yacoub', 'https://image.tmdb.org/t/p/original/zG087seFtSO2duW0ldsfbhFydce.jpg');
INSERT OR REPLACE INTO Pelicula (id_pelicula, titulo, descripcion, poster_path, backdrop_path, trailer, anio_estreno, duracion) VALUES (1286185, 'El Hijo del Carpintero', 'En una aldea en las remotas fronteras del Imperio Romano, un niño bajo la protección de un carpintero comienza a cuestionar la autoridad de su guardián. Su curiosidad y su búsqueda por desentrañar los secretos de su familia despertarán fuerzas sobrenaturales que trascienden la comprensión.', 'https://image.tmdb.org/t/p/original/tXEtdZjoaHqjDjSxZJWwDVjIfx9.jpg', 'https://image.tmdb.org/t/p/original/aP7w2JPEDyIukrYxIGHmTrmYOWJ.jpg', '', 2025, 94);
INSERT OR REPLACE INTO Pelicula_Actor (id_pelicula, id_actor, personaje) VALUES (1286185, 2963, 'The Carpenter');
INSERT OR REPLACE INTO Pelicula_Actor (id_pelicula, id_actor, personaje) VALUES (1286185, 1590759, 'The Boy');
INSERT OR REPLACE INTO Pelicula_Actor (id_pelicula, id_actor, personaje) VALUES (1286185, 1503200, 'The Mother');
INSERT OR REPLACE INTO Pelicula_Actor (id_pelicula, id_actor, personaje) VALUES (1286185, 1967058, 'The Stranger');
INSERT OR REPLACE INTO Pelicula_Actor (id_pelicula, id_actor, personaje) VALUES (1286185, 2037046, 'Lilith');
INSERT OR IGNORE INTO Pelicula_Categoria (id_pelicula, id_categoria) VALUES (1286185, 4);
INSERT OR IGNORE INTO Pelicula_Compania (id_pelicula, id_compania) VALUES (1286185, undefined);
-- Fin película: El Hijo del Carpintero --
