
-- === LOTE: Upcoming - Page 2 (2026-02-06T11:07:21.741Z) ===
INSERT OR IGNORE INTO Actor (id_actor, nombre, foto_path) VALUES (2431907, 'Yuko Natsuyoshi', 'https://image.tmdb.org/t/p/original/62JhZDG70JAzht71e1B0Y7Ny14r.jpg');
INSERT OR IGNORE INTO Actor (id_actor, nombre, foto_path) VALUES (2889712, 'Anna Nagase', 'https://image.tmdb.org/t/p/original/gFKRUlUlqTD7jGdysg5IWIvgoCH.jpg');
INSERT OR IGNORE INTO Actor (id_actor, nombre, foto_path) VALUES (221773, 'Saori Hayami', 'https://image.tmdb.org/t/p/original/gLv9lO7dlUbIsmyJUvgegqAAXki.jpg');
INSERT OR IGNORE INTO Actor (id_actor, nombre, foto_path) VALUES (19588, 'Miyu Irino', 'https://image.tmdb.org/t/p/original/8qEEhHUObNvGQr4e6eqLu5z4qTz.jpg');
INSERT OR IGNORE INTO Actor (id_actor, nombre, foto_path) VALUES (1492992, 'Yuma Uchida', 'https://image.tmdb.org/t/p/original/2otstbLfQ7MXuFt1X8MFOb4OIgd.jpg');
INSERT OR REPLACE INTO Pelicula (id_pelicula, titulo, descripcion, poster_path, backdrop_path, trailer, anio_estreno, duracion) VALUES (1575337, 'La princesa Kaguya del cosmos', 'La vida de Iroha se sale de control cuando Kaguya, una despreocupada fugitiva de la Luna, se muda con ella y la convence para actuar juntas en un mundo virtual.', 'https://image.tmdb.org/t/p/original/9YrbOSKoreS4oIjuwx9YjkAU8KP.jpg', 'https://image.tmdb.org/t/p/original/1jdPUUSy37Wzw3xuc8otI86X2gv.jpg', '', 2026, 143);
INSERT OR REPLACE INTO Pelicula_Actor (id_pelicula, id_actor, personaje) VALUES (1575337, 2431907, 'Kaguya (voice)');
INSERT OR REPLACE INTO Pelicula_Actor (id_pelicula, id_actor, personaje) VALUES (1575337, 2889712, 'Iroha Sakayori (voice)');
INSERT OR REPLACE INTO Pelicula_Actor (id_pelicula, id_actor, personaje) VALUES (1575337, 221773, 'Yachiyo Runami  (voice)');
INSERT OR REPLACE INTO Pelicula_Actor (id_pelicula, id_actor, personaje) VALUES (1575337, 19588, 'Akira Mikado / Asahi Sakayori (voice)');
INSERT OR REPLACE INTO Pelicula_Actor (id_pelicula, id_actor, personaje) VALUES (1575337, 1492992, 'Rai Komazawa (voice)');
INSERT OR IGNORE INTO Pelicula_Categoria (id_pelicula, id_categoria) VALUES (1575337, 5);
INSERT OR IGNORE INTO Pelicula_Categoria (id_pelicula, id_categoria) VALUES (1575337, 3);
INSERT OR IGNORE INTO Pelicula_Categoria (id_pelicula, id_categoria) VALUES (1575337, 11);
INSERT OR IGNORE INTO Pelicula_Categoria (id_pelicula, id_categoria) VALUES (1575337, 3);
INSERT OR IGNORE INTO Pelicula_Compania (id_pelicula, id_compania) VALUES (1575337, undefined);
-- Fin película: La princesa Kaguya del cosmos --
INSERT OR IGNORE INTO Actor (id_actor, nombre, foto_path) VALUES (54693, 'Emma Stone', 'https://image.tmdb.org/t/p/original/8NwSfyYWIIUE1cI9Xhz92b0w7WD.jpg');
INSERT OR IGNORE INTO Actor (id_actor, nombre, foto_path) VALUES (88124, 'Jesse Plemons', 'https://image.tmdb.org/t/p/original/og4I51GsuwohdPgoELOHVMMqMre.jpg');
INSERT OR IGNORE INTO Actor (id_actor, nombre, foto_path) VALUES (5212114, 'Aidan Delbis', 'https://image.tmdb.org/t/p/original/cM1I9bAUlkxSxAvtjnSOu3cICt6.jpg');
INSERT OR IGNORE INTO Actor (id_actor, nombre, foto_path) VALUES (1400595, 'Stavros Halkias', 'https://image.tmdb.org/t/p/original/9QB7YGMk6O7hRgGWvK0OimTVzl7.jpg');
INSERT OR IGNORE INTO Actor (id_actor, nombre, foto_path) VALUES (5588, 'Alicia Silverstone', 'https://image.tmdb.org/t/p/original/pyxqkP4i0ubVdoRe5hoiiiwkHkb.jpg');
INSERT OR REPLACE INTO Pelicula (id_pelicula, titulo, descripcion, poster_path, backdrop_path, trailer, anio_estreno, duracion) VALUES (701387, 'Bugonia', 'Dos jóvenes obsesionados con las conspiraciones secuestran a la directora ejecutiva de una reconocida empresa porque están convencidos de que es un alienígena decidido a destruir la Tierra. Remake del film coreano "Save the Green Planet".', 'https://image.tmdb.org/t/p/original/2C5Vf9VcoXB7SFFcG8vppW5bmtX.jpg', 'https://image.tmdb.org/t/p/original/tN3pTxkQoP96wtaEahYuRVdUWb2.jpg', 'https://www.youtube.com/watch?v=ugTqv5T0-2s', 2025, 119);
INSERT OR REPLACE INTO Pelicula_Actor (id_pelicula, id_actor, personaje) VALUES (701387, 54693, 'Michelle');
INSERT OR REPLACE INTO Pelicula_Actor (id_pelicula, id_actor, personaje) VALUES (701387, 88124, 'Teddy');
INSERT OR REPLACE INTO Pelicula_Actor (id_pelicula, id_actor, personaje) VALUES (701387, 5212114, 'Don');
INSERT OR REPLACE INTO Pelicula_Actor (id_pelicula, id_actor, personaje) VALUES (701387, 1400595, 'Casey');
INSERT OR REPLACE INTO Pelicula_Actor (id_pelicula, id_actor, personaje) VALUES (701387, 5588, 'Sandy');
INSERT OR IGNORE INTO Pelicula_Categoria (id_pelicula, id_categoria) VALUES (701387, 3);
INSERT OR IGNORE INTO Pelicula_Categoria (id_pelicula, id_categoria) VALUES (701387, 6);
INSERT OR IGNORE INTO Pelicula_Categoria (id_pelicula, id_categoria) VALUES (701387, 12);
INSERT OR IGNORE INTO Pelicula_Compania (id_pelicula, id_compania) VALUES (701387, undefined);
-- Fin película: Bugonia --
INSERT OR IGNORE INTO Actor (id_actor, nombre, foto_path) VALUES (1576786, 'Renate Reinsve', 'https://image.tmdb.org/t/p/original/eepHWTjtKRdGcrtchFb3axdp2eL.jpg');
INSERT OR IGNORE INTO Actor (id_actor, nombre, foto_path) VALUES (1640, 'Stellan Skarsgård', 'https://image.tmdb.org/t/p/original/x78BtYHElirO7Iw8bL4m8CnzRDc.jpg');
INSERT OR IGNORE INTO Actor (id_actor, nombre, foto_path) VALUES (1421850, 'Inga Ibsdotter Lilleaas', 'https://image.tmdb.org/t/p/original/wlZPIgnXMpK3Nvvhg0bZzmWxZDH.jpg');
INSERT OR IGNORE INTO Actor (id_actor, nombre, foto_path) VALUES (18050, 'Elle Fanning', 'https://image.tmdb.org/t/p/original/e8CUyxQSE99y5IOfzSLtHC0B0Ch.jpg');
INSERT OR IGNORE INTO Actor (id_actor, nombre, foto_path) VALUES (71610, 'Anders Danielsen Lie', 'https://image.tmdb.org/t/p/original/7qdJdzFFXhoSVvBCi53ryF1wkCn.jpg');
INSERT OR REPLACE INTO Pelicula (id_pelicula, titulo, descripcion, poster_path, backdrop_path, trailer, anio_estreno, duracion) VALUES (1124566, 'Valor sentimental', 'Una exploración íntima y conmovedora de la familia, los recuerdos y el poder reconciliador del arte.', 'https://image.tmdb.org/t/p/original/aRn3NkZEJIZRQyZGexMPBzUJtcp.jpg', 'https://image.tmdb.org/t/p/original/mXlDBIHh9hBkDCMNazGV2fEPr5J.jpg', 'https://www.youtube.com/watch?v=-VVt7SQy9iw', 2025, 133);
INSERT OR REPLACE INTO Pelicula_Actor (id_pelicula, id_actor, personaje) VALUES (1124566, 1576786, 'Nora Borg');
INSERT OR REPLACE INTO Pelicula_Actor (id_pelicula, id_actor, personaje) VALUES (1124566, 1640, 'Gustav Borg');
INSERT OR REPLACE INTO Pelicula_Actor (id_pelicula, id_actor, personaje) VALUES (1124566, 1421850, 'Agnes Borg Pettersen');
INSERT OR REPLACE INTO Pelicula_Actor (id_pelicula, id_actor, personaje) VALUES (1124566, 18050, 'Rachel Kemp');
INSERT OR REPLACE INTO Pelicula_Actor (id_pelicula, id_actor, personaje) VALUES (1124566, 71610, 'Jakob');
INSERT OR IGNORE INTO Pelicula_Categoria (id_pelicula, id_categoria) VALUES (1124566, 7);
INSERT OR IGNORE INTO Pelicula_Compania (id_pelicula, id_compania) VALUES (1124566, undefined);
-- Fin película: Valor sentimental --
INSERT OR IGNORE INTO Actor (id_actor, nombre, foto_path) VALUES (1474123, 'Caleb McLaughlin', 'https://image.tmdb.org/t/p/original/4jVS3EziBn7bf97ErxkW7jsdiLM.jpg');
INSERT OR IGNORE INTO Actor (id_actor, nombre, foto_path) VALUES (17773, 'Gabrielle Union', 'https://image.tmdb.org/t/p/original/toeSCybsYufRKfgz77AKy4C8axD.jpg');
INSERT OR IGNORE INTO Actor (id_actor, nombre, foto_path) VALUES (15899, 'Jenifer Lewis', 'https://image.tmdb.org/t/p/original/bdeUHXY4cXvhOW2nCblNachBYsM.jpg');
INSERT OR IGNORE INTO Actor (id_actor, nombre, foto_path) VALUES (35029, 'David Harbour', 'https://image.tmdb.org/t/p/original/qMFtMWlYVtFVyBoBhX5IoA5sN5a.jpg');
INSERT OR IGNORE INTO Actor (id_actor, nombre, foto_path) VALUES (208519, 'Nick Kroll', 'https://image.tmdb.org/t/p/original/fNiOuEKeBtELGdhKn4lxXq4O7YP.jpg');
INSERT OR REPLACE INTO Pelicula (id_pelicula, titulo, descripcion, poster_path, backdrop_path, trailer, anio_estreno, duracion) VALUES (1297842, 'GOAT: Como cabras', 'Will es una pequeña cabra con grandes sueños que recibe una oportunidad única en la vida para unirse a los profesionales y jugar al rugebol, un deporte de alta intensidad, mixto y de contacto total dominado por los animales más rápidos y feroces del mundo. A los nuevos compañeros de equipo de Will no les entusiasma tener a una cabrita en su plantilla, pero Will está decidido a revolucionar el deporte y demostrar de una vez por todas que «¡los pequeños saben jugar!».', 'https://image.tmdb.org/t/p/original/2yblKPC6ZKEU6iv9sEZ0jktjiTU.jpg', 'https://image.tmdb.org/t/p/original/4lo5yNZrMLPKBh47t2CoZkbAUur.jpg', 'https://www.youtube.com/watch?v=q56pw-zFDP8', 2026, 100);
INSERT OR REPLACE INTO Pelicula_Actor (id_pelicula, id_actor, personaje) VALUES (1297842, 1474123, 'Will Harris (voice)');
INSERT OR REPLACE INTO Pelicula_Actor (id_pelicula, id_actor, personaje) VALUES (1297842, 17773, 'Jett Fillmore  (voice)');
INSERT OR REPLACE INTO Pelicula_Actor (id_pelicula, id_actor, personaje) VALUES (1297842, 15899, 'Florence Everson  (voice)');
INSERT OR REPLACE INTO Pelicula_Actor (id_pelicula, id_actor, personaje) VALUES (1297842, 35029, 'Archie Everhardt  (voice)');
INSERT OR REPLACE INTO Pelicula_Actor (id_pelicula, id_actor, personaje) VALUES (1297842, 208519, 'Modo Olachenko  (voice)');
INSERT OR IGNORE INTO Pelicula_Categoria (id_pelicula, id_categoria) VALUES (1297842, 5);
INSERT OR IGNORE INTO Pelicula_Categoria (id_pelicula, id_categoria) VALUES (1297842, 12);
INSERT OR IGNORE INTO Pelicula_Categoria (id_pelicula, id_categoria) VALUES (1297842, 12);
INSERT OR IGNORE INTO Pelicula_Categoria (id_pelicula, id_categoria) VALUES (1297842, 5);
INSERT OR IGNORE INTO Pelicula_Compania (id_pelicula, id_compania) VALUES (1297842, undefined);
-- Fin película: GOAT: Como cabras --
INSERT OR IGNORE INTO Actor (id_actor, nombre, foto_path) VALUES (9206, 'Neve Campbell', 'https://image.tmdb.org/t/p/original/eojcMcfl7fZbvElRSg89r7zyFfY.jpg');
INSERT OR IGNORE INTO Actor (id_actor, nombre, foto_path) VALUES (14405, 'Courteney Cox', 'https://image.tmdb.org/t/p/original/yA8dicwtcVuxG3gh94QsaRb5gNb.jpg');
INSERT OR IGNORE INTO Actor (id_actor, nombre, foto_path) VALUES (1972974, 'Isabel May', 'https://image.tmdb.org/t/p/original/6vt1jANWRNXQSn9D6hRrfIbCK1S.jpg');
INSERT OR IGNORE INTO Actor (id_actor, nombre, foto_path) VALUES (1508653, 'Jasmin Savoy Brown', 'https://image.tmdb.org/t/p/original/cP774JkEmM2ZqzgMMNPVvlOwTJZ.jpg');
INSERT OR IGNORE INTO Actor (id_actor, nombre, foto_path) VALUES (2174509, 'Mason Gooding', 'https://image.tmdb.org/t/p/original/bmlry1xqBzNgv8Chm783ss93Cvg.jpg');
INSERT OR REPLACE INTO Pelicula (id_pelicula, titulo, descripcion, poster_path, backdrop_path, trailer, anio_estreno, duracion) VALUES (1159559, 'Scream 7', 'Cuando un nuevo asesino Ghostface aparece en el tranquilo pueblo donde Sidney Prescott ha construido una nueva vida, sus peores miedos se hacen realidad cuando su hija se convierte en el siguiente objetivo. Decidida a proteger a su familia, Sidney debe enfrentarse a los horrores de su pasado para poner fin a la masacre de una vez por todas.', 'https://image.tmdb.org/t/p/original/hflipaW7mtfKZM9WFEyzUdFsgSk.jpg', 'https://image.tmdb.org/t/p/original/xXFtetuwZkI3Byl7qmQ8DZXQqY.jpg', 'https://www.youtube.com/watch?v=bK-Sam8baFU', 2026, 114);
INSERT OR REPLACE INTO Pelicula_Actor (id_pelicula, id_actor, personaje) VALUES (1159559, 9206, 'Sidney Evans');
INSERT OR REPLACE INTO Pelicula_Actor (id_pelicula, id_actor, personaje) VALUES (1159559, 14405, 'Gale Weathers');
INSERT OR REPLACE INTO Pelicula_Actor (id_pelicula, id_actor, personaje) VALUES (1159559, 1972974, 'Tatum Evans');
INSERT OR REPLACE INTO Pelicula_Actor (id_pelicula, id_actor, personaje) VALUES (1159559, 1508653, 'Mindy Meeks-Martin');
INSERT OR REPLACE INTO Pelicula_Actor (id_pelicula, id_actor, personaje) VALUES (1159559, 2174509, 'Chad Meeks-Martin');
INSERT OR IGNORE INTO Pelicula_Categoria (id_pelicula, id_categoria) VALUES (1159559, 4);
INSERT OR IGNORE INTO Pelicula_Categoria (id_pelicula, id_categoria) VALUES (1159559, 1);
INSERT OR IGNORE INTO Pelicula_Categoria (id_pelicula, id_categoria) VALUES (1159559, 9);
INSERT OR IGNORE INTO Pelicula_Compania (id_pelicula, id_compania) VALUES (1159559, undefined);
INSERT OR IGNORE INTO Pelicula_Coleccion (id_pelicula, id_coleccion) VALUES (1159559, 2602);
-- Fin película: Scream 7 --
INSERT OR IGNORE INTO Actor (id_actor, nombre, foto_path) VALUES (234352, 'Margot Robbie', 'https://image.tmdb.org/t/p/original/8LqG2N6j98lFGMpuYsRUAhOunSd.jpg');
INSERT OR IGNORE INTO Actor (id_actor, nombre, foto_path) VALUES (2034418, 'Jacob Elordi', 'https://image.tmdb.org/t/p/original/qZNRPWCP2c5d0YaYLTzHXU9Rdoe.jpg');
INSERT OR IGNORE INTO Actor (id_actor, nombre, foto_path) VALUES (1360317, 'Hong Chau', 'https://image.tmdb.org/t/p/original/yGEw6uiSUBo838HkiCARs4BR40y.jpg');
INSERT OR IGNORE INTO Actor (id_actor, nombre, foto_path) VALUES (2981449, 'Alison Oliver', 'https://image.tmdb.org/t/p/original/ouHdcq6Tgedx4UnJuT3liROzomq.jpg');
INSERT OR IGNORE INTO Actor (id_actor, nombre, foto_path) VALUES (1370832, 'Shazad Latif', 'https://image.tmdb.org/t/p/original/n8vJ1AHhv294hGqZxhjM95OvpxT.jpg');
INSERT OR REPLACE INTO Pelicula (id_pelicula, titulo, descripcion, poster_path, backdrop_path, trailer, anio_estreno, duracion) VALUES (1316092, 'Cumbres Borrascosas', '', 'https://image.tmdb.org/t/p/original/afGUJcMBJloAUp9uC27MQiqkD7X.jpg', 'https://image.tmdb.org/t/p/original/fIBtlFOodItS39EggIC49OfwQgK.jpg', 'https://www.youtube.com/watch?v=RNynG8dMp5w', 2026, 136);
INSERT OR REPLACE INTO Pelicula_Actor (id_pelicula, id_actor, personaje) VALUES (1316092, 234352, 'Catherine Earnshaw');
INSERT OR REPLACE INTO Pelicula_Actor (id_pelicula, id_actor, personaje) VALUES (1316092, 2034418, 'Heathcliff');
INSERT OR REPLACE INTO Pelicula_Actor (id_pelicula, id_actor, personaje) VALUES (1316092, 1360317, 'Nelly Dean');
INSERT OR REPLACE INTO Pelicula_Actor (id_pelicula, id_actor, personaje) VALUES (1316092, 2981449, 'Isabella Linton');
INSERT OR REPLACE INTO Pelicula_Actor (id_pelicula, id_actor, personaje) VALUES (1316092, 1370832, 'Edgar Linton');
INSERT OR IGNORE INTO Pelicula_Categoria (id_pelicula, id_categoria) VALUES (1316092, 7);
INSERT OR IGNORE INTO Pelicula_Categoria (id_pelicula, id_categoria) VALUES (1316092, 10);
INSERT OR IGNORE INTO Pelicula_Compania (id_pelicula, id_compania) VALUES (1316092, undefined);
-- Fin película: Cumbres Borrascosas --
INSERT OR IGNORE INTO Actor (id_actor, nombre, foto_path) VALUES (26996, 'Patricia Heaton', 'https://image.tmdb.org/t/p/original/mSQ3DnQ5mdJwtLnIjo93yHqADv7.jpg');
INSERT OR IGNORE INTO Actor (id_actor, nombre, foto_path) VALUES (21246, 'Corbin Bernsen', 'https://image.tmdb.org/t/p/original/zkftLlEO5fmKmcKienRKw9Gx0U9.jpg');
INSERT OR IGNORE INTO Actor (id_actor, nombre, foto_path) VALUES (551462, 'Katie Parker', 'https://image.tmdb.org/t/p/original/9XJpEnFbiwvA8UleAeaZsEbNVDk.jpg');
INSERT OR IGNORE INTO Actor (id_actor, nombre, foto_path) VALUES (1011107, 'Emma Fitzpatrick', 'https://image.tmdb.org/t/p/original/BAzos636qZDfKaRwrZuZFwIFyC.jpg');
INSERT OR IGNORE INTO Actor (id_actor, nombre, foto_path) VALUES (3907199, 'Angela Baumgardner', 'https://image.tmdb.org/t/p/original/yyhyp7RKNaJKLOy1U3wcvxKvxQZ.jpg');
INSERT OR REPLACE INTO Pelicula (id_pelicula, titulo, descripcion, poster_path, backdrop_path, trailer, anio_estreno, duracion) VALUES (1090983, 'La leyenda de Beldham', 'Cuando se quedó embarazada, Harper ya sabía que tener un hijo no iba a ser tarea fácil. Lo que no esperaba es, además, tener que lidiar con una presencia maligna que habita en la granja familiar desde hace generaciones.', 'https://image.tmdb.org/t/p/original/60wDbXGVlOZkEP6hbBjTGWrgmJa.jpg', 'https://image.tmdb.org/t/p/original/13TAaZVv3yrRntxsc01kuPFsAVI.jpg', '', 2025, 85);
INSERT OR REPLACE INTO Pelicula_Actor (id_pelicula, id_actor, personaje) VALUES (1090983, 26996, 'Sadie');
INSERT OR REPLACE INTO Pelicula_Actor (id_pelicula, id_actor, personaje) VALUES (1090983, 21246, '');
INSERT OR REPLACE INTO Pelicula_Actor (id_pelicula, id_actor, personaje) VALUES (1090983, 551462, 'Harper');
INSERT OR REPLACE INTO Pelicula_Actor (id_pelicula, id_actor, personaje) VALUES (1090983, 1011107, 'Bette');
INSERT OR REPLACE INTO Pelicula_Actor (id_pelicula, id_actor, personaje) VALUES (1090983, 3907199, 'Carol');
INSERT OR IGNORE INTO Pelicula_Categoria (id_pelicula, id_categoria) VALUES (1090983, 4);
INSERT OR IGNORE INTO Pelicula_Compania (id_pelicula, id_compania) VALUES (1090983, undefined);
-- Fin película: La leyenda de Beldham --
INSERT OR IGNORE INTO Actor (id_actor, nombre, foto_path) VALUES (61134, 'Tatiana Maslany', 'https://image.tmdb.org/t/p/original/x8lBkm9CBJbIlLpqjEwkQydZ2or.jpg');
INSERT OR IGNORE INTO Actor (id_actor, nombre, foto_path) VALUES (58014, 'Rossif Sutherland', 'https://image.tmdb.org/t/p/original/3ZBXM6CqZutyWWR6vbGvLcm8HDk.jpg');
INSERT OR IGNORE INTO Actor (id_actor, nombre, foto_path) VALUES (110525, 'Birkett Turton', 'https://image.tmdb.org/t/p/original/dsmW4TgzKUcLpWyE3hhZ8POmjS2.jpg');
INSERT OR IGNORE INTO Actor (id_actor, nombre, foto_path) VALUES (5636839, 'Eden Weiss', 'https://image.tmdb.org/t/p/original/11OxhppBdSFxdIJfkeQsLrXRTih.jpg');
INSERT OR IGNORE INTO Actor (id_actor, nombre, foto_path) VALUES (1281629, 'Cassandra Ebner', 'https://image.tmdb.org/t/p/original/ykIe7cvJjrdBgPilC5sCsZkwXCz.jpg');
INSERT OR REPLACE INTO Pelicula (id_pelicula, titulo, descripcion, poster_path, backdrop_path, trailer, anio_estreno, duracion) VALUES (1288072, 'Keeper', 'Una pareja, para celebrar su aniversario, hace una escapada romántica de fin de semana a una cabaña aislada. Cuando Malcolm (Sutherland) regresa repentinamente a la ciudad, Liz (Maslany) se encuentra aislada y en presencia de un mal indescriptible que desvela los horripilantes secretos de la cabaña.', 'https://image.tmdb.org/t/p/original/2sr2n0mZ8cG4VeXG4EHoPBz9QuF.jpg', 'https://image.tmdb.org/t/p/original/8GjH1BU5PtoqAlhMeXQ46eq9z1D.jpg', 'https://www.youtube.com/watch?v=Td4J0xJxmHQ', 2025, 99);
INSERT OR REPLACE INTO Pelicula_Actor (id_pelicula, id_actor, personaje) VALUES (1288072, 61134, 'Liz / Ada');
INSERT OR REPLACE INTO Pelicula_Actor (id_pelicula, id_actor, personaje) VALUES (1288072, 58014, 'Malcolm Westbridge');
INSERT OR REPLACE INTO Pelicula_Actor (id_pelicula, id_actor, personaje) VALUES (1288072, 110525, 'Darren');
INSERT OR REPLACE INTO Pelicula_Actor (id_pelicula, id_actor, personaje) VALUES (1288072, 5636839, 'Minka');
INSERT OR REPLACE INTO Pelicula_Actor (id_pelicula, id_actor, personaje) VALUES (1288072, 1281629, 'Baghead');
INSERT OR IGNORE INTO Pelicula_Categoria (id_pelicula, id_categoria) VALUES (1288072, 4);
INSERT OR IGNORE INTO Pelicula_Categoria (id_pelicula, id_categoria) VALUES (1288072, 1);
INSERT OR IGNORE INTO Pelicula_Compania (id_pelicula, id_compania) VALUES (1288072, undefined);
-- Fin película: Keeper --
INSERT OR IGNORE INTO Actor (id_actor, nombre, foto_path) VALUES (2744, 'Carmen Maura', 'https://image.tmdb.org/t/p/original/sXvr7BvxscBkYpGTcYjpqbzkUSH.jpg');
INSERT OR IGNORE INTO Actor (id_actor, nombre, foto_path) VALUES (131867, 'Daniel Hendler', 'https://image.tmdb.org/t/p/original/8Q36TGfbnm4CjuKVWz1XGmTiZtk.jpg');
INSERT OR IGNORE INTO Actor (id_actor, nombre, foto_path) VALUES (1205006, 'Agustina Liendo', '');
INSERT OR IGNORE INTO Actor (id_actor, nombre, foto_path) VALUES (5055166, 'Emma Cetrángolo', 'https://image.tmdb.org/t/p/original/yJeZGb94F0Z5beuR1nKlh3mNYkP.jpg');
INSERT OR IGNORE INTO Actor (id_actor, nombre, foto_path) VALUES (50928, 'Germán de Silva', 'https://image.tmdb.org/t/p/original/h8VzQUosN3LCPd6vkk7GQOrlapC.jpg');
INSERT OR REPLACE INTO Pelicula (id_pelicula, titulo, descripcion, poster_path, backdrop_path, trailer, anio_estreno, duracion) VALUES (1255674, 'Vieja loca', 'Pedro recibe un mensaje desesperado de una exnovia pidiéndole que cuide de su senil madre, Alicia. Lo que parece una misión sencilla pronto se convierte en su peor pesadilla. Pedro necesita escapar; pero Alicia no lo deja...', 'https://image.tmdb.org/t/p/original/a2EdW8sk22fNCvrpOiaHbR2hOuZ.jpg', 'https://image.tmdb.org/t/p/original/A1prqBBKiwfnahBnNgM1t5y5vmA.jpg', '', 2025, 91);
INSERT OR REPLACE INTO Pelicula_Actor (id_pelicula, id_actor, personaje) VALUES (1255674, 2744, 'Alicia');
INSERT OR REPLACE INTO Pelicula_Actor (id_pelicula, id_actor, personaje) VALUES (1255674, 131867, 'Pedro');
INSERT OR REPLACE INTO Pelicula_Actor (id_pelicula, id_actor, personaje) VALUES (1255674, 1205006, 'Laura');
INSERT OR REPLACE INTO Pelicula_Actor (id_pelicula, id_actor, personaje) VALUES (1255674, 5055166, 'Elena');
INSERT OR REPLACE INTO Pelicula_Actor (id_pelicula, id_actor, personaje) VALUES (1255674, 50928, '');
INSERT OR IGNORE INTO Pelicula_Categoria (id_pelicula, id_categoria) VALUES (1255674, 4);
INSERT OR IGNORE INTO Pelicula_Categoria (id_pelicula, id_categoria) VALUES (1255674, 6);
INSERT OR IGNORE INTO Pelicula_Categoria (id_pelicula, id_categoria) VALUES (1255674, 12);
INSERT OR IGNORE INTO Pelicula_Compania (id_pelicula, id_compania) VALUES (1255674, undefined);
-- Fin película: Vieja loca --
INSERT OR IGNORE INTO Actor (id_actor, nombre, foto_path) VALUES (72129, 'Jennifer Lawrence', 'https://image.tmdb.org/t/p/original/mDKMsjOMytyBiy7MHNZTa7gp7wj.jpg');
INSERT OR IGNORE INTO Actor (id_actor, nombre, foto_path) VALUES (11288, 'Robert Pattinson', 'https://image.tmdb.org/t/p/original/8A4PS5iG7GWEAVFftyqMZKl3qcr.jpg');
INSERT OR IGNORE INTO Actor (id_actor, nombre, foto_path) VALUES (5606, 'Sissy Spacek', 'https://image.tmdb.org/t/p/original/xAxenjxjLNQFq4v1ccS2to3Mnoq.jpg');
INSERT OR IGNORE INTO Actor (id_actor, nombre, foto_path) VALUES (1200864, 'LaKeith Stanfield', 'https://image.tmdb.org/t/p/original/x3k0HCpMNqEtVf2VKQrSCol1ia2.jpg');
INSERT OR IGNORE INTO Actor (id_actor, nombre, foto_path) VALUES (1733, 'Nick Nolte', 'https://image.tmdb.org/t/p/original/jpYzFBi6zfn8CHVaXmqgiOTas4V.jpg');
INSERT OR REPLACE INTO Pelicula (id_pelicula, titulo, descripcion, poster_path, backdrop_path, trailer, anio_estreno, duracion) VALUES (1033148, 'Die My Love', 'Intenso drama psicológico y comedia negra que sigue a Grace (Jennifer Lawrence), una joven madre y escritora que comienza a sufrir una profunda depresión posparto tras mudarse con su esposo Jackson (Robert Pattinson) a la zona rural de Montana, buscando una vida más tranquila. A medida que la salud mental de Grace se deteriora, su matrimonio se ve afectado, transitando territorios de psicosis, tensión y desesperación. La película explora con crudeza y complejidad temas de maternidad, salud mental y el impacto de la depresión en la pareja. Dirigida por Lynne Ramsay, el filme está basado en la novela de Ariana Harwicz y fue aclamado en el Festival de Cannes 2025, destacando las actuaciones poderosas de Lawrence y Pattinson, junto a un elenco que incluye a LaKeith Stanfield, Nick Nolte y Sissy Spacek. Con una narrativa inquietante y una atmósfera absorbente, "Die My Love" invita a una reflexión profunda sobre las luchas internas y el amor en medio del caos emocional.', 'https://image.tmdb.org/t/p/original/8sgIIVQppRC96wHW099xegCrIzw.jpg', 'https://image.tmdb.org/t/p/original/dEkFlZzj2cb5F7SShvqkL54E4lr.jpg', '', 2025, 118);
INSERT OR REPLACE INTO Pelicula_Actor (id_pelicula, id_actor, personaje) VALUES (1033148, 72129, 'Grace');
INSERT OR REPLACE INTO Pelicula_Actor (id_pelicula, id_actor, personaje) VALUES (1033148, 11288, 'Jackson');
INSERT OR REPLACE INTO Pelicula_Actor (id_pelicula, id_actor, personaje) VALUES (1033148, 5606, 'Pam');
INSERT OR REPLACE INTO Pelicula_Actor (id_pelicula, id_actor, personaje) VALUES (1033148, 1200864, 'Karl');
INSERT OR REPLACE INTO Pelicula_Actor (id_pelicula, id_actor, personaje) VALUES (1033148, 1733, 'Harry');
INSERT OR IGNORE INTO Pelicula_Categoria (id_pelicula, id_categoria) VALUES (1033148, 7);
INSERT OR IGNORE INTO Pelicula_Compania (id_pelicula, id_compania) VALUES (1033148, undefined);
-- Fin película: Die My Love --
INSERT OR IGNORE INTO Actor (id_actor, nombre, foto_path) VALUES (1335315, 'Georgina Campbell', 'https://image.tmdb.org/t/p/original/bZBCftcBTqdRwebl2v3tk8L32fr.jpg');
INSERT OR IGNORE INTO Actor (id_actor, nombre, foto_path) VALUES (1467219, 'Joe Keery', 'https://image.tmdb.org/t/p/original/szTqnUbV2uZE08MwREvnNmfx5fO.jpg');
INSERT OR IGNORE INTO Actor (id_actor, nombre, foto_path) VALUES (3896, 'Liam Neeson', 'https://image.tmdb.org/t/p/original/sRLev3wJioBgun3ZoeAUFpkLy0D.jpg');
INSERT OR IGNORE INTO Actor (id_actor, nombre, foto_path) VALUES (72305, 'Lesley Manville', 'https://image.tmdb.org/t/p/original/tioPlSoypjdME3oMu3g7XmgIIKS.jpg');
INSERT OR IGNORE INTO Actor (id_actor, nombre, foto_path) VALUES (1396124, 'Sosie Bacon', 'https://image.tmdb.org/t/p/original/2VyJpDaWrBvR75C6Ccw1fwF164.jpg');
INSERT OR REPLACE INTO Pelicula (id_pelicula, titulo, descripcion, poster_path, backdrop_path, trailer, anio_estreno, duracion) VALUES (696393, 'Alerta extinción', 'Un virus almacenado en una instalación gubernamental sale al exterior y causa estragos en el mundo.', 'https://image.tmdb.org/t/p/original/aioKGmYADqq09GEIY9vPhK5xoza.jpg', 'https://image.tmdb.org/t/p/original/sOLBfzX9hmFxrSMEIk3RKbV9QP6.jpg', '', 2026, 99);
INSERT OR REPLACE INTO Pelicula_Actor (id_pelicula, id_actor, personaje) VALUES (696393, 1335315, 'Naomi Williams');
INSERT OR REPLACE INTO Pelicula_Actor (id_pelicula, id_actor, personaje) VALUES (696393, 1467219, 'Travis 'Teacake' Meacham');
INSERT OR REPLACE INTO Pelicula_Actor (id_pelicula, id_actor, personaje) VALUES (696393, 3896, 'Robert Quinn');
INSERT OR REPLACE INTO Pelicula_Actor (id_pelicula, id_actor, personaje) VALUES (696393, 72305, 'Trini Romano');
INSERT OR REPLACE INTO Pelicula_Actor (id_pelicula, id_actor, personaje) VALUES (696393, 1396124, 'Dr. Hero Martins');
INSERT OR IGNORE INTO Pelicula_Categoria (id_pelicula, id_categoria) VALUES (696393, 12);
INSERT OR IGNORE INTO Pelicula_Categoria (id_pelicula, id_categoria) VALUES (696393, 3);
INSERT OR IGNORE INTO Pelicula_Categoria (id_pelicula, id_categoria) VALUES (696393, 6);
INSERT OR IGNORE INTO Pelicula_Compania (id_pelicula, id_compania) VALUES (696393, undefined);
-- Fin película: Alerta extinción --
INSERT OR IGNORE INTO Actor (id_actor, nombre, foto_path) VALUES (16972, 'Sergi López', 'https://image.tmdb.org/t/p/original/n3HcmUflYYaHUiQmzaayi0yqcRf.jpg');
INSERT OR IGNORE INTO Actor (id_actor, nombre, foto_path) VALUES (4180392, 'Bruno Núñez', 'https://image.tmdb.org/t/p/original/g8jn2IxoDJP7UctHnoxbO8hNsre.jpg');
INSERT OR IGNORE INTO Actor (id_actor, nombre, foto_path) VALUES (5362709, 'Stefania Gadda', 'https://image.tmdb.org/t/p/original/939QjJJZzlGOVDJsrC5D9RMxaBm.jpg');
INSERT OR IGNORE INTO Actor (id_actor, nombre, foto_path) VALUES (5362711, 'Joshua Liam Henderson', 'https://image.tmdb.org/t/p/original/jpijzr5w6WMFry6BTgGTWQ1TXz5.jpg');
INSERT OR IGNORE INTO Actor (id_actor, nombre, foto_path) VALUES (5678639, 'Richard Bellamy', 'https://image.tmdb.org/t/p/original/sGKh5mmADPWXMsCAVNpHHVHM5Ix.jpg');
INSERT OR REPLACE INTO Pelicula (id_pelicula, titulo, descripcion, poster_path, backdrop_path, trailer, anio_estreno, duracion) VALUES (1151272, 'Sirat: Trance en el desierto', 'Un hombre y su hijo que llegan a una rave perdidos en medio de lo que se describen como las áridas y fantasmagóricas montañas del sur de Marruecos.', 'https://image.tmdb.org/t/p/original/edEDZwU3kZerqdylZsyCn7feH23.jpg', 'https://image.tmdb.org/t/p/original/kOUV5WbisWMg56d8eB45ZHEVxYq.jpg', 'https://www.youtube.com/watch?v=MB6SL4gsldc', 2025, 130);
INSERT OR REPLACE INTO Pelicula_Actor (id_pelicula, id_actor, personaje) VALUES (1151272, 16972, 'Luis');
INSERT OR REPLACE INTO Pelicula_Actor (id_pelicula, id_actor, personaje) VALUES (1151272, 4180392, 'Esteban');
INSERT OR REPLACE INTO Pelicula_Actor (id_pelicula, id_actor, personaje) VALUES (1151272, 5362709, 'Steff');
INSERT OR REPLACE INTO Pelicula_Actor (id_pelicula, id_actor, personaje) VALUES (1151272, 5362711, 'Josh');
INSERT OR REPLACE INTO Pelicula_Actor (id_pelicula, id_actor, personaje) VALUES (1151272, 5678639, 'Bigui');
INSERT OR IGNORE INTO Pelicula_Categoria (id_pelicula, id_categoria) VALUES (1151272, 7);
INSERT OR IGNORE INTO Pelicula_Categoria (id_pelicula, id_categoria) VALUES (1151272, 6);
INSERT OR IGNORE INTO Pelicula_Categoria (id_pelicula, id_categoria) VALUES (1151272, 11);
INSERT OR IGNORE INTO Pelicula_Compania (id_pelicula, id_compania) VALUES (1151272, undefined);
-- Fin película: Sirat: Trance en el desierto --
INSERT OR IGNORE INTO Actor (id_actor, nombre, foto_path) VALUES (2764542, 'Cooper Hoffman', 'https://image.tmdb.org/t/p/original/p8Hgy3RJW4r8PwD5SjIAahE2wZu.jpg');
INSERT OR IGNORE INTO Actor (id_actor, nombre, foto_path) VALUES (2761308, 'David Jonsson', 'https://image.tmdb.org/t/p/original/2ZZNGZw57KKMrVIr27g7W16G0jV.jpg');
INSERT OR IGNORE INTO Actor (id_actor, nombre, foto_path) VALUES (1446466, 'Garrett Wareing', 'https://image.tmdb.org/t/p/original/ghJmP5QlDsVSQEF8XlDSciZ4q6x.jpg');
INSERT OR IGNORE INTO Actor (id_actor, nombre, foto_path) VALUES (2362672, 'Tut Nyuot', 'https://image.tmdb.org/t/p/original/nnQCY629iCcf5veJ7pJVG6onMgC.jpg');
INSERT OR IGNORE INTO Actor (id_actor, nombre, foto_path) VALUES (1440574, 'Charlie Plummer', 'https://image.tmdb.org/t/p/original/u2ig0kkgxq36BMbFQ4DEWfu5G3A.jpg');
INSERT OR REPLACE INTO Pelicula (id_pelicula, titulo, descripcion, poster_path, backdrop_path, trailer, anio_estreno, duracion) VALUES (604079, 'La larga marcha', 'En un futuro distópico, cien adolescentes participan en una brutal competición conocida como "La larga marcha", donde deben caminar sin descanso: si se detienen o reducen la velocidad de la marcha, mueren. Solo uno sobrevivirá. Adaptación cinematográfica de la novela de Stephen King.', 'https://image.tmdb.org/t/p/original/izA5U09supDy8J2Z4339Po6PIHU.jpg', 'https://image.tmdb.org/t/p/original/o0Id62Wx3gjYMHunJV96WAOspN.jpg', 'https://www.youtube.com/watch?v=sw48gC8810I', 2025, 108);
INSERT OR REPLACE INTO Pelicula_Actor (id_pelicula, id_actor, personaje) VALUES (604079, 2764542, 'Raymond Garraty #47');
INSERT OR REPLACE INTO Pelicula_Actor (id_pelicula, id_actor, personaje) VALUES (604079, 2761308, 'Peter McVries #23');
INSERT OR REPLACE INTO Pelicula_Actor (id_pelicula, id_actor, personaje) VALUES (604079, 1446466, 'Stebbins #38');
INSERT OR REPLACE INTO Pelicula_Actor (id_pelicula, id_actor, personaje) VALUES (604079, 2362672, 'Arthur Baker #6');
INSERT OR REPLACE INTO Pelicula_Actor (id_pelicula, id_actor, personaje) VALUES (604079, 1440574, 'Gary Barkovitch #5');
INSERT OR IGNORE INTO Pelicula_Categoria (id_pelicula, id_categoria) VALUES (604079, 3);
INSERT OR IGNORE INTO Pelicula_Categoria (id_pelicula, id_categoria) VALUES (604079, 6);
INSERT OR IGNORE INTO Pelicula_Categoria (id_pelicula, id_categoria) VALUES (604079, 4);
INSERT OR IGNORE INTO Pelicula_Compania (id_pelicula, id_compania) VALUES (604079, undefined);
-- Fin película: La larga marcha --
INSERT OR IGNORE INTO Actor (id_actor, nombre, foto_path) VALUES (1564652, 'Maria Naganawa', 'https://image.tmdb.org/t/p/original/tt0j0z34Oq3MyvDA3VeizskWcw4.jpg');
INSERT OR IGNORE INTO Actor (id_actor, nombre, foto_path) VALUES (1253972, 'Mutsumi Tamura', 'https://image.tmdb.org/t/p/original/uvbBIRiBK6GDLEESiYSFWOVlaE4.jpg');
INSERT OR IGNORE INTO Actor (id_actor, nombre, foto_path) VALUES (1763402, 'Yuuki Kuwahara', 'https://image.tmdb.org/t/p/original/n9kLcB2YNl9S2kK6b2rId7cpjdh.jpg');
INSERT OR IGNORE INTO Actor (id_actor, nombre, foto_path) VALUES (1678723, 'Yuuki Takada', 'https://image.tmdb.org/t/p/original/sbe8XOF0JHg6KB96fuqHuXGUQtK.jpg');
INSERT OR IGNORE INTO Actor (id_actor, nombre, foto_path) VALUES (1795137, 'Minami Takahashi', 'https://image.tmdb.org/t/p/original/9SRX6yrHGtGEJxcnLyGFhOZkXSH.jpg');
INSERT OR REPLACE INTO Pelicula (id_pelicula, titulo, descripcion, poster_path, backdrop_path, trailer, anio_estreno, duracion) VALUES (1359607, 'Kobayashi-san Chi no Maid Dragon: Samishigariya no Ryuu', 'La vida pacífica de la señorita Kobayashi, Tohru, Kanna e Iruru se ve truncada cuando el padre de Kanna, Kamun Kamui, líder de las Fuerzas del Caos, llega y la obliga a regresar al Mundo Dragón para enmendar un error del pasado. Con una guerra inminente entre el Caos y la Armonía, Kanna debe encontrar la forma de unir ambos mundos, pero se debate entre su lealtad a sus amigos y las exigencias de su padre. La señorita Kobayashi, sin embargo, se niega a dejarla ir e intenta reparar el vínculo roto entre Kanna y Kamui. Mientras los dragones se enfrentan, Iruru descubre una fuerza oculta que manipula la guerra. ¿Podrán detenerla antes de que consuma ambos mundos?', 'https://image.tmdb.org/t/p/original/udnoedTfNkI01LEZYmU50HJKy2R.jpg', 'https://image.tmdb.org/t/p/original/nBKrBDxNx10SuAKPLRtBXoRku5y.jpg', '', 2025, 105);
INSERT OR REPLACE INTO Pelicula_Actor (id_pelicula, id_actor, personaje) VALUES (1359607, 1564652, 'Kanna (voice)');
INSERT OR REPLACE INTO Pelicula_Actor (id_pelicula, id_actor, personaje) VALUES (1359607, 1253972, 'Kobayashi (voice)');
INSERT OR REPLACE INTO Pelicula_Actor (id_pelicula, id_actor, personaje) VALUES (1359607, 1763402, 'Tohru (voice)');
INSERT OR REPLACE INTO Pelicula_Actor (id_pelicula, id_actor, personaje) VALUES (1359607, 1678723, 'Elma (voice)');
INSERT OR REPLACE INTO Pelicula_Actor (id_pelicula, id_actor, personaje) VALUES (1359607, 1795137, 'Lucoa (voice)');
INSERT OR IGNORE INTO Pelicula_Categoria (id_pelicula, id_categoria) VALUES (1359607, 5);
INSERT OR IGNORE INTO Pelicula_Categoria (id_pelicula, id_categoria) VALUES (1359607, 12);
INSERT OR IGNORE INTO Pelicula_Categoria (id_pelicula, id_categoria) VALUES (1359607, 3);
INSERT OR IGNORE INTO Pelicula_Compania (id_pelicula, id_compania) VALUES (1359607, undefined);
-- Fin película: Kobayashi-san Chi no Maid Dragon: Samishigariya no Ryuu --
INSERT OR IGNORE INTO Actor (id_actor, nombre, foto_path) VALUES (1308818, 'Piper Curda', 'https://image.tmdb.org/t/p/original/iPEnDuW6CYRLaEphS3bD0b8K656.jpg');
INSERT OR IGNORE INTO Actor (id_actor, nombre, foto_path) VALUES (452205, 'Bobby Moynihan', 'https://image.tmdb.org/t/p/original/gOvwNz5joi5yWJ7dAhuF8WA2aas.jpg');
INSERT OR IGNORE INTO Actor (id_actor, nombre, foto_path) VALUES (65717, 'Jon Hamm', 'https://image.tmdb.org/t/p/original/mrXE5fZbEDPc7BEE5G21J6qrwzi.jpg');
INSERT OR IGNORE INTO Actor (id_actor, nombre, foto_path) VALUES (11074, 'Kathy Najimy', 'https://image.tmdb.org/t/p/original/pwzkG00mjA6meR4uyZL0oaT5kbO.jpg');
INSERT OR IGNORE INTO Actor (id_actor, nombre, foto_path) VALUES (54697, 'Dave Franco', 'https://image.tmdb.org/t/p/original/2diSplvpzCE5CrIKvTaplCKvwPq.jpg');
INSERT OR REPLACE INTO Pelicula (id_pelicula, titulo, descripcion, poster_path, backdrop_path, trailer, anio_estreno, duracion) VALUES (1327819, 'Hoppers', 'Una amante de los animales aprovecha la oportunidad de utilizar una tecnología que coloca su conciencia en un castor robótico, descubriendo misterios dentro del mundo animal que van más allá de lo que podría haber imaginado.', 'https://image.tmdb.org/t/p/original/hJtFJ1CedgJyf0BQUxzX1vktQ2x.jpg', 'https://image.tmdb.org/t/p/original/2RrLuIfIzGWWIH8IAEo6o0IYHmx.jpg', 'https://www.youtube.com/watch?v=bv0sKzFvpmo', 2026, 105);
INSERT OR REPLACE INTO Pelicula_Actor (id_pelicula, id_actor, personaje) VALUES (1327819, 1308818, 'Mabel Tanaka / Mabel Beaver (voice)');
INSERT OR REPLACE INTO Pelicula_Actor (id_pelicula, id_actor, personaje) VALUES (1327819, 452205, 'King George (voice)');
INSERT OR REPLACE INTO Pelicula_Actor (id_pelicula, id_actor, personaje) VALUES (1327819, 65717, 'Mayor Jerry Generazzo (voice)');
INSERT OR REPLACE INTO Pelicula_Actor (id_pelicula, id_actor, personaje) VALUES (1327819, 11074, 'Dr. Sam (voice)');
INSERT OR REPLACE INTO Pelicula_Actor (id_pelicula, id_actor, personaje) VALUES (1327819, 54697, 'Titus (voice)');
INSERT OR IGNORE INTO Pelicula_Categoria (id_pelicula, id_categoria) VALUES (1327819, 12);
INSERT OR IGNORE INTO Pelicula_Categoria (id_pelicula, id_categoria) VALUES (1327819, 12);
INSERT OR IGNORE INTO Pelicula_Categoria (id_pelicula, id_categoria) VALUES (1327819, 5);
INSERT OR IGNORE INTO Pelicula_Categoria (id_pelicula, id_categoria) VALUES (1327819, 3);
INSERT OR IGNORE INTO Pelicula_Compania (id_pelicula, id_compania) VALUES (1327819, undefined);
-- Fin película: Hoppers --
INSERT OR IGNORE INTO Actor (id_actor, nombre, foto_path) VALUES (1875636, '예리', 'https://image.tmdb.org/t/p/original/w1FO7BW44TaatyjRfgXlZ2U5tN1.jpg');
INSERT OR IGNORE INTO Actor (id_actor, nombre, foto_path) VALUES (3226942, '이찬형', 'https://image.tmdb.org/t/p/original/gu1khwOXUDuZkocL1ykcZ2MfkJX.jpg');
INSERT OR IGNORE INTO Actor (id_actor, nombre, foto_path) VALUES (3003974, 'Suh Dong-hyun', 'https://image.tmdb.org/t/p/original/xRLt5MaePf4LwvSqiju8Md8GJRV.jpg');
INSERT OR IGNORE INTO Actor (id_actor, nombre, foto_path) VALUES (3678365, 'Oh So-hyun', 'https://image.tmdb.org/t/p/original/pN500Gqy7roTKAA4vjhJhnyj78t.jpg');
INSERT OR IGNORE INTO Actor (id_actor, nombre, foto_path) VALUES (3964677, '김은비', 'https://image.tmdb.org/t/p/original/6KQ0RtRGwFy7W6XmawibnkKnQOd.jpg');
INSERT OR REPLACE INTO Pelicula (id_pelicula, titulo, descripcion, poster_path, backdrop_path, trailer, anio_estreno, duracion) VALUES (1354700, '강령: 귀신놀이', '', 'https://image.tmdb.org/t/p/original/szBqzH2qcUthCm1uDVsBAYZbExW.jpg', 'https://image.tmdb.org/t/p/original/et17Am3i8QE80HA7YUilG82Dz1x.jpg', '', 2025, 95);
INSERT OR REPLACE INTO Pelicula_Actor (id_pelicula, id_actor, personaje) VALUES (1354700, 1875636, 'Ja-young');
INSERT OR REPLACE INTO Pelicula_Actor (id_pelicula, id_actor, personaje) VALUES (1354700, 3226942, 'Dong-joon');
INSERT OR REPLACE INTO Pelicula_Actor (id_pelicula, id_actor, personaje) VALUES (1354700, 3003974, 'Gi-ho');
INSERT OR REPLACE INTO Pelicula_Actor (id_pelicula, id_actor, personaje) VALUES (1354700, 3678365, 'Ye-eun');
INSERT OR REPLACE INTO Pelicula_Actor (id_pelicula, id_actor, personaje) VALUES (1354700, 3964677, 'Mi-yeon');
INSERT OR IGNORE INTO Pelicula_Categoria (id_pelicula, id_categoria) VALUES (1354700, 4);
INSERT OR IGNORE INTO Pelicula_Categoria (id_pelicula, id_categoria) VALUES (1354700, 1);
INSERT OR IGNORE INTO Pelicula_Categoria (id_pelicula, id_categoria) VALUES (1354700, 6);
INSERT OR IGNORE INTO Pelicula_Compania (id_pelicula, id_compania) VALUES (1354700, undefined);
-- Fin película: 강령: 귀신놀이 --
INSERT OR IGNORE INTO Actor (id_actor, nombre, foto_path) VALUES (74568, 'Chris Hemsworth', 'https://image.tmdb.org/t/p/original/piQGdoIQOF3C1EI5cbYZLAW1gfj.jpg');
INSERT OR IGNORE INTO Actor (id_actor, nombre, foto_path) VALUES (4587, 'Halle Berry', 'https://image.tmdb.org/t/p/original/wtFetpWV8kjBsvzYKN9uEEmPdpy.jpg');
INSERT OR IGNORE INTO Actor (id_actor, nombre, foto_path) VALUES (103, 'Mark Ruffalo', 'https://image.tmdb.org/t/p/original/5GilHMOt5PAQh6rlUKZzGmaKEI7.jpg');
INSERT OR IGNORE INTO Actor (id_actor, nombre, foto_path) VALUES (1290466, 'Barry Keoghan', 'https://image.tmdb.org/t/p/original/ngoitknM6hw8fffLywyvjzy6Iti.jpg');
INSERT OR IGNORE INTO Actor (id_actor, nombre, foto_path) VALUES (1525043, 'Monica Barbaro', 'https://image.tmdb.org/t/p/original/fcujBTiKyZgJzaDenhv5ryo9SyB.jpg');
INSERT OR REPLACE INTO Pelicula (id_pelicula, titulo, descripcion, poster_path, backdrop_path, trailer, anio_estreno, duracion) VALUES (1171145, 'Ruta de escape', 'Davis es un escurridizo ladrón cuyos atracos de alto riesgo tienen desconcertada a la policía. Davis está planeando su mayor golpe, con la esperanza de que sea el último, cuando se cruza en su camino Sharon, una desilusionada ejecutiva de seguros con la que se ve obligado a trabajar, y Orman un ladrón rival, con métodos mucho más inquietantes que los de Davis. A medida que se acerca el golpe multimillonario, el implacable teniente Lubesnik, se acerca a la operación, aumentando considerablemente el riesgo de lo que está en juego y difuminando la línea entre cazador y presa. Pronto, cada uno tendrá que aceptar el coste de sus decisiones asumiendo que no hay vuelta atrás.', 'https://image.tmdb.org/t/p/original/wkmzt08vghSGlLYuqJpx4e2moRX.jpg', 'https://image.tmdb.org/t/p/original/2t25zHKX3PAUZWppuLD36JGdgCA.jpg', 'https://www.youtube.com/watch?v=fx72CaxjqNA', 2026, 141);
INSERT OR REPLACE INTO Pelicula_Actor (id_pelicula, id_actor, personaje) VALUES (1171145, 74568, 'Mike Davis');
INSERT OR REPLACE INTO Pelicula_Actor (id_pelicula, id_actor, personaje) VALUES (1171145, 4587, 'Sharon');
INSERT OR REPLACE INTO Pelicula_Actor (id_pelicula, id_actor, personaje) VALUES (1171145, 103, 'Detective Lou Lubesnick');
INSERT OR REPLACE INTO Pelicula_Actor (id_pelicula, id_actor, personaje) VALUES (1171145, 1290466, 'Ormon');
INSERT OR REPLACE INTO Pelicula_Actor (id_pelicula, id_actor, personaje) VALUES (1171145, 1525043, 'Maya');
INSERT OR IGNORE INTO Pelicula_Categoria (id_pelicula, id_categoria) VALUES (1171145, 9);
INSERT OR IGNORE INTO Pelicula_Categoria (id_pelicula, id_categoria) VALUES (1171145, 6);
INSERT OR IGNORE INTO Pelicula_Compania (id_pelicula, id_compania) VALUES (1171145, undefined);
-- Fin película: Ruta de escape --
INSERT OR IGNORE INTO Actor (id_actor, nombre, foto_path) VALUES (10982, 'Harry Melling', 'https://image.tmdb.org/t/p/original/b0pHwi2MeqxEpeWnF4Llihu53aJ.jpg');
INSERT OR IGNORE INTO Actor (id_actor, nombre, foto_path) VALUES (28846, 'Alexander Skarsgård', 'https://image.tmdb.org/t/p/original/yOzQcgu2y1ABr7azSCRqFxBMFdq.jpg');
INSERT OR IGNORE INTO Actor (id_actor, nombre, foto_path) VALUES (80366, 'Lesley Sharp', 'https://image.tmdb.org/t/p/original/oujHtdmwMCyppe9b7QHWJeNFN7i.jpg');
INSERT OR IGNORE INTO Actor (id_actor, nombre, foto_path) VALUES (80149, 'Douglas Hodge', 'https://image.tmdb.org/t/p/original/tENL3Uxt07Rn21o0y0eolwTnkoZ.jpg');
INSERT OR IGNORE INTO Actor (id_actor, nombre, foto_path) VALUES (1024242, 'Jake Shears', 'https://image.tmdb.org/t/p/original/gTKLY5Uk5remKLfUXCLnvbSU2bi.jpg');
INSERT OR REPLACE INTO Pelicula (id_pelicula, titulo, descripcion, poster_path, backdrop_path, trailer, anio_estreno, duracion) VALUES (1287141, 'Pillion', 'Colin, un hombre introvertido, se queda prendado de Ray, el carismático y atractivo líder de una banda de moteros que le toma como sumiso, dinamitando su rutina y cambiándole la vida.', 'https://image.tmdb.org/t/p/original/7Pd6ChSQjSXy4snJiorSdzg2cG3.jpg', 'https://image.tmdb.org/t/p/original/rBYrtkAy9YtRuFpX1g6JbcjRT8h.jpg', 'https://www.youtube.com/watch?v=_DGg2UEqraI', 2025, 107);
INSERT OR REPLACE INTO Pelicula_Actor (id_pelicula, id_actor, personaje) VALUES (1287141, 10982, 'Colin');
INSERT OR REPLACE INTO Pelicula_Actor (id_pelicula, id_actor, personaje) VALUES (1287141, 28846, 'Ray');
INSERT OR REPLACE INTO Pelicula_Actor (id_pelicula, id_actor, personaje) VALUES (1287141, 80366, 'Peggy');
INSERT OR REPLACE INTO Pelicula_Actor (id_pelicula, id_actor, personaje) VALUES (1287141, 80149, 'Pete');
INSERT OR REPLACE INTO Pelicula_Actor (id_pelicula, id_actor, personaje) VALUES (1287141, 1024242, 'Kevin');
INSERT OR IGNORE INTO Pelicula_Categoria (id_pelicula, id_categoria) VALUES (1287141, 10);
INSERT OR IGNORE INTO Pelicula_Categoria (id_pelicula, id_categoria) VALUES (1287141, 7);
INSERT OR IGNORE INTO Pelicula_Categoria (id_pelicula, id_categoria) VALUES (1287141, 12);
INSERT OR IGNORE INTO Pelicula_Compania (id_pelicula, id_compania) VALUES (1287141, undefined);
-- Fin película: Pillion --
INSERT OR IGNORE INTO Actor (id_actor, nombre, foto_path) VALUES (1648346, 'Robert Aramayo', 'https://image.tmdb.org/t/p/original/1wqSZVvB018H2mZbemMSn6gH4zq.jpg');
INSERT OR IGNORE INTO Actor (id_actor, nombre, foto_path) VALUES (76944, 'Maxine Peake', 'https://image.tmdb.org/t/p/original/uChlrL5WyeXhvGFaNvbzw1KqMgP.jpg');
INSERT OR IGNORE INTO Actor (id_actor, nombre, foto_path) VALUES (1834, 'Shirley Henderson', 'https://image.tmdb.org/t/p/original/dxVvLjGNKVMl5lDXXInJ7xWpCvl.jpg');
INSERT OR IGNORE INTO Actor (id_actor, nombre, foto_path) VALUES (3064, 'Peter Mullan', 'https://image.tmdb.org/t/p/original/dvu5PWJK6Vv4xnYyMzdMvH73Laj.jpg');
INSERT OR IGNORE INTO Actor (id_actor, nombre, foto_path) VALUES (5555425, 'Scott Ellis Watson', '');
INSERT OR REPLACE INTO Pelicula (id_pelicula, titulo, descripcion, poster_path, backdrop_path, trailer, anio_estreno, duracion) VALUES (1317149, 'I Swear', '', 'https://image.tmdb.org/t/p/original/lC4NgQPqyKxNJ3PEgl2HVUxTY1t.jpg', 'https://image.tmdb.org/t/p/original/fe6kkxaxn0mCU2gl1vfU44IYWsy.jpg', '', 2025, 121);
INSERT OR REPLACE INTO Pelicula_Actor (id_pelicula, id_actor, personaje) VALUES (1317149, 1648346, 'John Davidson');
INSERT OR REPLACE INTO Pelicula_Actor (id_pelicula, id_actor, personaje) VALUES (1317149, 76944, 'Dottie Achenbach');
INSERT OR REPLACE INTO Pelicula_Actor (id_pelicula, id_actor, personaje) VALUES (1317149, 1834, 'Heather Davidson');
INSERT OR REPLACE INTO Pelicula_Actor (id_pelicula, id_actor, personaje) VALUES (1317149, 3064, 'Tommy Trotter');
INSERT OR REPLACE INTO Pelicula_Actor (id_pelicula, id_actor, personaje) VALUES (1317149, 5555425, 'Young John Davidson');
INSERT OR IGNORE INTO Pelicula_Categoria (id_pelicula, id_categoria) VALUES (1317149, 7);
INSERT OR IGNORE INTO Pelicula_Categoria (id_pelicula, id_categoria) VALUES (1317149, 1);
INSERT OR IGNORE INTO Pelicula_Compania (id_pelicula, id_compania) VALUES (1317149, undefined);
-- Fin película: I Swear --
INSERT OR IGNORE INTO Actor (id_actor, nombre, foto_path) VALUES (1186076, 'Philippe Lacheau', 'https://image.tmdb.org/t/p/original/2ev0Ip2vNnC5UYe10gJNcApahZ4.jpg');
INSERT OR IGNORE INTO Actor (id_actor, nombre, foto_path) VALUES (2408, 'Jamel Debbouze', 'https://image.tmdb.org/t/p/original/aiqWSWbRJ6rrjxxVE6y2Xb3KdSp.jpg');
INSERT OR IGNORE INTO Actor (id_actor, nombre, foto_path) VALUES (1186075, 'Tarek Boudali', 'https://image.tmdb.org/t/p/original/ubhbt0kZ6TX0t0tBFWe50A4u22y.jpg');
INSERT OR IGNORE INTO Actor (id_actor, nombre, foto_path) VALUES (146630, 'Élodie Fontan', 'https://image.tmdb.org/t/p/original/1uFWqxdrKxBa0utLqf55aq8ASzP.jpg');
INSERT OR IGNORE INTO Actor (id_actor, nombre, foto_path) VALUES (1291810, 'Julien Arruti', 'https://image.tmdb.org/t/p/original/8mW9D3GiTU6KNnNYUM1t7NhKPRY.jpg');
INSERT OR REPLACE INTO Pelicula (id_pelicula, titulo, descripcion, poster_path, backdrop_path, trailer, anio_estreno, duracion) VALUES (1145899, 'Marsupilami', '', 'https://image.tmdb.org/t/p/original/rJNHFa07Id2ylQgw0ttzGwpeczE.jpg', 'https://image.tmdb.org/t/p/original/sd0QuOnKX0aM89nz886aQaixwCx.jpg', '', 2026, 99);
INSERT OR REPLACE INTO Pelicula_Actor (id_pelicula, id_actor, personaje) VALUES (1145899, 1186076, 'David Ticoule');
INSERT OR REPLACE INTO Pelicula_Actor (id_pelicula, id_actor, personaje) VALUES (1145899, 2408, 'Pablito Camaron');
INSERT OR REPLACE INTO Pelicula_Actor (id_pelicula, id_actor, personaje) VALUES (1145899, 1186075, 'Ricky Salsa');
INSERT OR REPLACE INTO Pelicula_Actor (id_pelicula, id_actor, personaje) VALUES (1145899, 146630, 'Tess Ticoule');
INSERT OR REPLACE INTO Pelicula_Actor (id_pelicula, id_actor, personaje) VALUES (1145899, 1291810, 'Stéphane Buisson');
INSERT OR IGNORE INTO Pelicula_Categoria (id_pelicula, id_categoria) VALUES (1145899, 1);
INSERT OR IGNORE INTO Pelicula_Categoria (id_pelicula, id_categoria) VALUES (1145899, 12);
INSERT OR IGNORE INTO Pelicula_Compania (id_pelicula, id_compania) VALUES (1145899, undefined);
-- Fin película: Marsupilami --
