
-- === LOTE: Upcoming - Page 1 (2026-02-06T11:07:14.375Z) ===
INSERT OR IGNORE INTO Actor (id_actor, nombre, foto_path) VALUES (17276, 'Gerard Butler', 'https://image.tmdb.org/t/p/original/rTO5opVC3Gs6hPYAxWSP9eEjogi.jpg');
INSERT OR IGNORE INTO Actor (id_actor, nombre, foto_path) VALUES (54882, 'Morena Baccarin', 'https://image.tmdb.org/t/p/original/kBSKKaOtsqIzZPhtEeHfCBmhWl9.jpg');
INSERT OR IGNORE INTO Actor (id_actor, nombre, foto_path) VALUES (2054851, 'Roman Griffin Davis', 'https://image.tmdb.org/t/p/original/jEox6Bq4TlINrnp5EUjqSlDK3eP.jpg');
INSERT OR IGNORE INTO Actor (id_actor, nombre, foto_path) VALUES (1754784, 'Tommie Earl Jenkins', 'https://image.tmdb.org/t/p/original/kl2dzZU3p6pOjuKBi52wOnEGvEp.jpg');
INSERT OR IGNORE INTO Actor (id_actor, nombre, foto_path) VALUES (85151, 'Trond Fausa Aurvåg', 'https://image.tmdb.org/t/p/original/rFWC22ZScaQwA85NBo7l1j9XQdo.jpg');
INSERT OR REPLACE INTO Pelicula (id_pelicula, titulo, descripcion, poster_path, backdrop_path, trailer, anio_estreno, duracion) VALUES (840464, 'Greenland 2', 'La familia Garrity superviviente debe abandonar la seguridad del búnker de Groenlandia y embarcarse en un peligroso viaje a través del diezmado páramo helado de Europa para encontrar un nuevo hogar.', 'https://image.tmdb.org/t/p/original/uoFJ6nGGvf8moZGpharm8Qyrpzm.jpg', 'https://image.tmdb.org/t/p/original/tyjXlexbNZQ0ZT1KEJslQtBirqc.jpg', 'https://www.youtube.com/watch?v=sIv1YggKK-I', 2026, 98);
INSERT OR REPLACE INTO Pelicula_Actor (id_pelicula, id_actor, personaje) VALUES (840464, 17276, 'John Garrity');
INSERT OR REPLACE INTO Pelicula_Actor (id_pelicula, id_actor, personaje) VALUES (840464, 54882, 'Allison Garrity');
INSERT OR REPLACE INTO Pelicula_Actor (id_pelicula, id_actor, personaje) VALUES (840464, 2054851, 'Nathan Garrity');
INSERT OR REPLACE INTO Pelicula_Actor (id_pelicula, id_actor, personaje) VALUES (840464, 1754784, 'General Sharpe');
INSERT OR REPLACE INTO Pelicula_Actor (id_pelicula, id_actor, personaje) VALUES (840464, 85151, 'Adam Shaw');
INSERT OR IGNORE INTO Pelicula_Categoria (id_pelicula, id_categoria) VALUES (840464, 1);
INSERT OR IGNORE INTO Pelicula_Categoria (id_pelicula, id_categoria) VALUES (840464, 6);
INSERT OR IGNORE INTO Pelicula_Categoria (id_pelicula, id_categoria) VALUES (840464, 3);
INSERT OR IGNORE INTO Pelicula_Compania (id_pelicula, id_compania) VALUES (840464, undefined);
INSERT OR IGNORE INTO Pelicula_Coleccion (id_pelicula, id_coleccion) VALUES (840464, 840465);
-- Fin película: Greenland 2 --
INSERT OR IGNORE INTO Actor (id_actor, nombre, foto_path) VALUES (2507851, 'Brandon Engman', 'https://image.tmdb.org/t/p/original/9PhXVdDPb5NTEvD5dbFfTJnssQw.jpg');
INSERT OR IGNORE INTO Actor (id_actor, nombre, foto_path) VALUES (1822256, 'Brian Stivale', 'https://image.tmdb.org/t/p/original/ggNQronrHaUZnFZeolK0SGfW38V.jpg');
INSERT OR IGNORE INTO Actor (id_actor, nombre, foto_path) VALUES (2805492, 'Shahar Taboch', 'https://image.tmdb.org/t/p/original/hpuiheYJrOU4HYczWgCJNeBPWlZ.jpg');
INSERT OR IGNORE INTO Actor (id_actor, nombre, foto_path) VALUES (1677363, 'Aaron Tavaler', '');
INSERT OR IGNORE INTO Actor (id_actor, nombre, foto_path) VALUES (5981973, 'Hector', '');
INSERT OR REPLACE INTO Pelicula (id_pelicula, titulo, descripcion, poster_path, backdrop_path, trailer, anio_estreno, duracion) VALUES (1167307, 'David', 'En un reino gobernado por el miedo, un joven pastor se atreve a enfrentarse a un gigante y a la oscuridad que se oculta tras él. Su valor despertará a una nación y demostrará que la verdadera fuerza proviene de la confianza, no del poder.', 'https://image.tmdb.org/t/p/original/bESlrLOrsQ9gKzaGQGHXKOyIUtX.jpg', 'https://image.tmdb.org/t/p/original/oN4TQ1TxchynXlFiXFBL3NHLT54.jpg', '', 2025, 115);
INSERT OR REPLACE INTO Pelicula_Actor (id_pelicula, id_actor, personaje) VALUES (1167307, 2507851, 'Young David (voice)');
INSERT OR REPLACE INTO Pelicula_Actor (id_pelicula, id_actor, personaje) VALUES (1167307, 1822256, 'Samuel (voice)');
INSERT OR REPLACE INTO Pelicula_Actor (id_pelicula, id_actor, personaje) VALUES (1167307, 2805492, 'Ozem (voice)');
INSERT OR REPLACE INTO Pelicula_Actor (id_pelicula, id_actor, personaje) VALUES (1167307, 1677363, 'Nethanel (voice)');
INSERT OR REPLACE INTO Pelicula_Actor (id_pelicula, id_actor, personaje) VALUES (1167307, 5981973, 'Jesse (voice)');
INSERT OR IGNORE INTO Pelicula_Categoria (id_pelicula, id_categoria) VALUES (1167307, 5);
INSERT OR IGNORE INTO Pelicula_Categoria (id_pelicula, id_categoria) VALUES (1167307, 12);
INSERT OR IGNORE INTO Pelicula_Categoria (id_pelicula, id_categoria) VALUES (1167307, 7);
INSERT OR IGNORE INTO Pelicula_Compania (id_pelicula, id_compania) VALUES (1167307, undefined);
-- Fin película: David --
INSERT OR IGNORE INTO Actor (id_actor, nombre, foto_path) VALUES (53714, 'Rachel McAdams', 'https://image.tmdb.org/t/p/original/dYPtBI2i6LdHzpqof3BJlm7PoQr.jpg');
INSERT OR IGNORE INTO Actor (id_actor, nombre, foto_path) VALUES (527393, 'Dylan O''Brien', 'https://image.tmdb.org/t/p/original/xN3GdvIlqsR838gDoblhPH0numP.jpg');
INSERT OR IGNORE INTO Actor (id_actor, nombre, foto_path) VALUES (4477127, 'Edyll Ismail', 'https://image.tmdb.org/t/p/original/4JNIAlJXlw1HTF2log6GUeErDcT.jpg');
INSERT OR IGNORE INTO Actor (id_actor, nombre, foto_path) VALUES (352, 'Dennis Haysbert', 'https://image.tmdb.org/t/p/original/lcnjaw2CFN6q9eaes1jTYrUB0rb.jpg');
INSERT OR IGNORE INTO Actor (id_actor, nombre, foto_path) VALUES (109438, 'Xavier Samuel', 'https://image.tmdb.org/t/p/original/gHvKqCXfpzaGp46gqsy9MVDfmSf.jpg');
INSERT OR REPLACE INTO Pelicula (id_pelicula, titulo, descripcion, poster_path, backdrop_path, trailer, anio_estreno, duracion) VALUES (1198994, 'SEND HELP (Enviad ayuda)', 'Después de que un accidente de avión deje varados en una isla remota a una competente empleada y a su insoportable jefe, ella deberá utilizar sus habilidades de supervivencia para mantenerlos a ambos con vida, a pesar de su difícil relación.', 'https://image.tmdb.org/t/p/original/m6cubm61t8UfL4KhkP4DJVrWjhj.jpg', 'https://image.tmdb.org/t/p/original/hO2jx1H3XafR7Y8QbFgVH1sHTY9.jpg', 'https://www.youtube.com/watch?v=OTMeWZNhE64', 2026, 113);
INSERT OR REPLACE INTO Pelicula_Actor (id_pelicula, id_actor, personaje) VALUES (1198994, 53714, 'Linda Liddle');
INSERT OR REPLACE INTO Pelicula_Actor (id_pelicula, id_actor, personaje) VALUES (1198994, 527393, 'Bradley Preston');
INSERT OR REPLACE INTO Pelicula_Actor (id_pelicula, id_actor, personaje) VALUES (1198994, 4477127, 'Zuri');
INSERT OR REPLACE INTO Pelicula_Actor (id_pelicula, id_actor, personaje) VALUES (1198994, 352, 'Franklin');
INSERT OR REPLACE INTO Pelicula_Actor (id_pelicula, id_actor, personaje) VALUES (1198994, 109438, 'Donovan');
INSERT OR IGNORE INTO Pelicula_Categoria (id_pelicula, id_categoria) VALUES (1198994, 4);
INSERT OR IGNORE INTO Pelicula_Categoria (id_pelicula, id_categoria) VALUES (1198994, 6);
INSERT OR IGNORE INTO Pelicula_Categoria (id_pelicula, id_categoria) VALUES (1198994, 12);
INSERT OR IGNORE INTO Pelicula_Compania (id_pelicula, id_compania) VALUES (1198994, undefined);
-- Fin película: SEND HELP (Enviad ayuda) --
INSERT OR IGNORE INTO Actor (id_actor, nombre, foto_path) VALUES (976, 'Jason Statham', 'https://image.tmdb.org/t/p/original/o7sfT7EBtzxwiJiKmCafoebJQ2q.jpg');
INSERT OR IGNORE INTO Actor (id_actor, nombre, foto_path) VALUES (4088089, 'Bodhi Rae Breathnach', 'https://image.tmdb.org/t/p/original/sONxErk3r0xfoESAmU3GVTxoPDe.jpg');
INSERT OR IGNORE INTO Actor (id_actor, nombre, foto_path) VALUES (1563431, 'Michael Shaeffer', 'https://image.tmdb.org/t/p/original/5O0UCmRy8NWpYvHeCJDntPKXmti.jpg');
INSERT OR IGNORE INTO Actor (id_actor, nombre, foto_path) VALUES (1233545, 'Anna Crilly', 'https://image.tmdb.org/t/p/original/wT6e4gDsQwrJjhXlIAj5IhcLICy.jpg');
INSERT OR IGNORE INTO Actor (id_actor, nombre, foto_path) VALUES (2440, 'Bill Nighy', 'https://image.tmdb.org/t/p/original/ixFI2YCGNGJfwlpI8iyhvVZRg8C.jpg');
INSERT OR REPLACE INTO Pelicula (id_pelicula, titulo, descripcion, poster_path, backdrop_path, trailer, anio_estreno, duracion) VALUES (1290821, 'Shelter: El Protector', 'Un recluso en una remota isla escocesa rescata a una niña del mar, desencadenando una peligrosa secuencia de acontecimientos.', 'https://image.tmdb.org/t/p/original/klvZs66SG19qmacdwxSRkdFQhQS.jpg', 'https://image.tmdb.org/t/p/original/uCGzI1EtQWXG5yRPB5PSyOdFNcC.jpg', 'https://www.youtube.com/watch?v=tjRn9EeN3rE', 2026, 107);
INSERT OR REPLACE INTO Pelicula_Actor (id_pelicula, id_actor, personaje) VALUES (1290821, 976, 'Mason');
INSERT OR REPLACE INTO Pelicula_Actor (id_pelicula, id_actor, personaje) VALUES (1290821, 4088089, 'Jesse');
INSERT OR REPLACE INTO Pelicula_Actor (id_pelicula, id_actor, personaje) VALUES (1290821, 1563431, 'Uncle');
INSERT OR REPLACE INTO Pelicula_Actor (id_pelicula, id_actor, personaje) VALUES (1290821, 1233545, 'Haneron');
INSERT OR REPLACE INTO Pelicula_Actor (id_pelicula, id_actor, personaje) VALUES (1290821, 2440, 'Manafort');
INSERT OR IGNORE INTO Pelicula_Categoria (id_pelicula, id_categoria) VALUES (1290821, 5);
INSERT OR IGNORE INTO Pelicula_Categoria (id_pelicula, id_categoria) VALUES (1290821, 9);
INSERT OR IGNORE INTO Pelicula_Categoria (id_pelicula, id_categoria) VALUES (1290821, 6);
INSERT OR IGNORE INTO Pelicula_Compania (id_pelicula, id_compania) VALUES (1290821, undefined);
-- Fin película: Shelter: El Protector --
INSERT OR IGNORE INTO Actor (id_actor, nombre, foto_path) VALUES (1019, 'Mads Mikkelsen', 'https://image.tmdb.org/t/p/original/AsX4bdvZ8UCayWTmAf9lAqOA8V7.jpg');
INSERT OR IGNORE INTO Actor (id_actor, nombre, foto_path) VALUES (3969369, 'Sophie Sloan', 'https://image.tmdb.org/t/p/original/orJhg6oQ4h2qdBSTaKSwdEvD4xa.jpg');
INSERT OR IGNORE INTO Actor (id_actor, nombre, foto_path) VALUES (10205, 'Sigourney Weaver', 'https://image.tmdb.org/t/p/original/wTSnfktNBLd6kwQxgvkqYw6vEon.jpg');
INSERT OR IGNORE INTO Actor (id_actor, nombre, foto_path) VALUES (83854, 'David Dastmalchian', 'https://image.tmdb.org/t/p/original/nER1Vzhk51pGHb60KBF1Ja5tEXA.jpg');
INSERT OR IGNORE INTO Actor (id_actor, nombre, foto_path) VALUES (1851642, 'Sheila Atim', 'https://image.tmdb.org/t/p/original/esAjvG2IXvzQODNEHVCVsc4WALI.jpg');
INSERT OR REPLACE INTO Pelicula (id_pelicula, titulo, descripcion, poster_path, backdrop_path, trailer, anio_estreno, duracion) VALUES (1043197, 'Dust Bunny', 'Una niña de ocho años le pide ayuda a su insidiosa vecina en su misión para matar al monstruo que vive debajo de su cama, el cual, según ella, devoró a su familia.', 'https://image.tmdb.org/t/p/original/vobigFZFvbYPf6ElYJu07P9rH8C.jpg', 'https://image.tmdb.org/t/p/original/AecGG1XVCmkk7fT10ko3FC0dLIP.jpg', '', 2025, 106);
INSERT OR REPLACE INTO Pelicula_Actor (id_pelicula, id_actor, personaje) VALUES (1043197, 1019, 'Intriguing Neighbor');
INSERT OR REPLACE INTO Pelicula_Actor (id_pelicula, id_actor, personaje) VALUES (1043197, 3969369, 'Aurora');
INSERT OR REPLACE INTO Pelicula_Actor (id_pelicula, id_actor, personaje) VALUES (1043197, 10205, 'Laverne');
INSERT OR REPLACE INTO Pelicula_Actor (id_pelicula, id_actor, personaje) VALUES (1043197, 83854, 'Conspicuously Inconspicuous Man');
INSERT OR REPLACE INTO Pelicula_Actor (id_pelicula, id_actor, personaje) VALUES (1043197, 1851642, 'Brenda');
INSERT OR IGNORE INTO Pelicula_Categoria (id_pelicula, id_categoria) VALUES (1043197, 5);
INSERT OR IGNORE INTO Pelicula_Categoria (id_pelicula, id_categoria) VALUES (1043197, 3);
INSERT OR IGNORE INTO Pelicula_Categoria (id_pelicula, id_categoria) VALUES (1043197, 6);
INSERT OR IGNORE INTO Pelicula_Compania (id_pelicula, id_compania) VALUES (1043197, undefined);
-- Fin película: Dust Bunny --
INSERT OR IGNORE INTO Actor (id_actor, nombre, foto_path) VALUES (1494060, 'Mark Fischbach', 'https://image.tmdb.org/t/p/original/2y59nq7vipTBdRMmMTsy1d4HeiG.jpg');
INSERT OR IGNORE INTO Actor (id_actor, nombre, foto_path) VALUES (2602912, 'Caroline Kaplan', 'https://image.tmdb.org/t/p/original/oMOswhHN3LfRtziULWTxNiYgAFj.jpg');
INSERT OR IGNORE INTO Actor (id_actor, nombre, foto_path) VALUES (963818, 'Troy Baker', 'https://image.tmdb.org/t/p/original/9jeUft7h20HscRCrsVQTgKHXRwJ.jpg');
INSERT OR IGNORE INTO Actor (id_actor, nombre, foto_path) VALUES (2444615, 'Elsie Lovelock', 'https://image.tmdb.org/t/p/original/wcYA8LHM9F6aVzlaiMhnFgpXJi5.jpg');
INSERT OR IGNORE INTO Actor (id_actor, nombre, foto_path) VALUES (1042667, 'Elle LaMont', 'https://image.tmdb.org/t/p/original/uR16F3g1J32HgvnlHW890ZAFnnT.jpg');
INSERT OR REPLACE INTO Pelicula (id_pelicula, titulo, descripcion, poster_path, backdrop_path, trailer, anio_estreno, duracion) VALUES (1116201, 'Iron Lung', 'En un futuro devastado por "El Rapto Silencioso", un prisionero navega un océano de sangre en una luna desolada usando un submarino llamado "Iron Lung" mientras busca estrellas y planetas perdidos.', 'https://image.tmdb.org/t/p/original/sIwakdbMGS1krtgendTWpxTY9Hw.jpg', 'https://image.tmdb.org/t/p/original/gqGQ0zADV5FIcgMWtWX8FcGQjFp.jpg', '', 2026, 125);
INSERT OR REPLACE INTO Pelicula_Actor (id_pelicula, id_actor, personaje) VALUES (1116201, 1494060, 'Simon');
INSERT OR REPLACE INTO Pelicula_Actor (id_pelicula, id_actor, personaje) VALUES (1116201, 2602912, 'Ava');
INSERT OR REPLACE INTO Pelicula_Actor (id_pelicula, id_actor, personaje) VALUES (1116201, 963818, 'David');
INSERT OR REPLACE INTO Pelicula_Actor (id_pelicula, id_actor, personaje) VALUES (1116201, 2444615, 'SM-8 Research Lead / The Speaker (voice)');
INSERT OR REPLACE INTO Pelicula_Actor (id_pelicula, id_actor, personaje) VALUES (1116201, 1042667, 'SM-8 Research Assistant / The Whisper (voice)');
INSERT OR IGNORE INTO Pelicula_Categoria (id_pelicula, id_categoria) VALUES (1116201, 4);
INSERT OR IGNORE INTO Pelicula_Categoria (id_pelicula, id_categoria) VALUES (1116201, 3);
INSERT OR IGNORE INTO Pelicula_Compania (id_pelicula, id_compania) VALUES (1116201, undefined);
-- Fin película: Iron Lung --
INSERT OR IGNORE INTO Actor (id_actor, nombre, foto_path) VALUES (1498158, 'Jessie Buckley', 'https://image.tmdb.org/t/p/original/i8IlkFbZqKUgkypZKpdhrw00uqw.jpg');
INSERT OR IGNORE INTO Actor (id_actor, nombre, foto_path) VALUES (2326151, 'Paul Mescal', 'https://image.tmdb.org/t/p/original/vrzZ41TGNAFgfmZjC2sOJySzBLd.jpg');
INSERT OR IGNORE INTO Actor (id_actor, nombre, foto_path) VALUES (1639, 'Emily Watson', 'https://image.tmdb.org/t/p/original/bd0qiJXHoLNpkCqABsh67AKRtjC.jpg');
INSERT OR IGNORE INTO Actor (id_actor, nombre, foto_path) VALUES (1496392, 'Joe Alwyn', 'https://image.tmdb.org/t/p/original/Avo928rzU4WczRzqgq9FwdoXwKd.jpg');
INSERT OR IGNORE INTO Actor (id_actor, nombre, foto_path) VALUES (3115247, 'Jacobi Jupe', 'https://image.tmdb.org/t/p/original/AbmnZOPvC1vA5yilvG3IyXdTSPB.jpg');
INSERT OR REPLACE INTO Pelicula (id_pelicula, titulo, descripcion, poster_path, backdrop_path, trailer, anio_estreno, duracion) VALUES (858024, 'Hamnet', 'Descubre la poderosa historia de amor que inspiró la creación de Hamlet, la intemporal obra maestra de Shakespeare.', 'https://image.tmdb.org/t/p/original/hVo0g5M8z1kuhzxQ51eCbF81wUh.jpg', 'https://image.tmdb.org/t/p/original/73BClq9FOcrWrutnpiqhCNEWEwJ.jpg', 'https://www.youtube.com/watch?v=Ith7z6FzLe0', 2025, 126);
INSERT OR REPLACE INTO Pelicula_Actor (id_pelicula, id_actor, personaje) VALUES (858024, 1498158, 'Agnes');
INSERT OR REPLACE INTO Pelicula_Actor (id_pelicula, id_actor, personaje) VALUES (858024, 2326151, 'Will');
INSERT OR REPLACE INTO Pelicula_Actor (id_pelicula, id_actor, personaje) VALUES (858024, 1639, 'Mary');
INSERT OR REPLACE INTO Pelicula_Actor (id_pelicula, id_actor, personaje) VALUES (858024, 1496392, 'Bartholomew');
INSERT OR REPLACE INTO Pelicula_Actor (id_pelicula, id_actor, personaje) VALUES (858024, 3115247, 'Hamnet');
INSERT OR IGNORE INTO Pelicula_Categoria (id_pelicula, id_categoria) VALUES (858024, 7);
INSERT OR IGNORE INTO Pelicula_Categoria (id_pelicula, id_categoria) VALUES (858024, 10);
INSERT OR IGNORE INTO Pelicula_Categoria (id_pelicula, id_categoria) VALUES (858024, 1);
INSERT OR IGNORE INTO Pelicula_Compania (id_pelicula, id_compania) VALUES (858024, undefined);
-- Fin película: Hamnet --
INSERT OR IGNORE INTO Actor (id_actor, nombre, foto_path) VALUES (1190668, 'Timothée Chalamet', 'https://image.tmdb.org/t/p/original/dFxpwRpmzpVfP1zjluH68DeQhyj.jpg');
INSERT OR IGNORE INTO Actor (id_actor, nombre, foto_path) VALUES (12052, 'Gwyneth Paltrow', 'https://image.tmdb.org/t/p/original/8x3jpWD7DEvyMXO1FOjwNdd1UZT.jpg');
INSERT OR IGNORE INTO Actor (id_actor, nombre, foto_path) VALUES (1972166, 'Odessa A''zion', 'https://image.tmdb.org/t/p/original/w5HuKyEMDP3tK38KtVtJfGUcSa4.jpg');
INSERT OR IGNORE INTO Actor (id_actor, nombre, foto_path) VALUES (1240877, 'Kevin O''Leary', 'https://image.tmdb.org/t/p/original/uvTv976u2wgrl9RqxSfBeTlE1Wz.jpg');
INSERT OR IGNORE INTO Actor (id_actor, nombre, foto_path) VALUES (1133834, 'Tyler, The Creator', 'https://image.tmdb.org/t/p/original/jdAYV2hhjsffcRBTPqCMzHLIiM1.jpg');
INSERT OR REPLACE INTO Pelicula (id_pelicula, titulo, descripcion, poster_path, backdrop_path, trailer, anio_estreno, duracion) VALUES (1317288, 'Marty Supreme', 'Biopic de Marty Reisman, un buscavidas convertido en campeón de ping pong, desde que empezó a jugar por apuestas en Manhattan hasta ganar 22 títulos importantes y convertirse en el más veterano en ganar una competición nacional de deportes de raqueta, con 67 años.', 'https://image.tmdb.org/t/p/original/mijSU0Rws3tBBbhdE5udxPSaZvF.jpg', 'https://image.tmdb.org/t/p/original/6h7w8R4BA7vubEmEEW5vYEjuoz6.jpg', 'https://www.youtube.com/watch?v=wNQjwR5cCiM', 2025, 150);
INSERT OR REPLACE INTO Pelicula_Actor (id_pelicula, id_actor, personaje) VALUES (1317288, 1190668, 'Marty Mauser');
INSERT OR REPLACE INTO Pelicula_Actor (id_pelicula, id_actor, personaje) VALUES (1317288, 12052, 'Kay Stone');
INSERT OR REPLACE INTO Pelicula_Actor (id_pelicula, id_actor, personaje) VALUES (1317288, 1972166, 'Rachel Mizler');
INSERT OR REPLACE INTO Pelicula_Actor (id_pelicula, id_actor, personaje) VALUES (1317288, 1240877, 'Milton Rockwell');
INSERT OR REPLACE INTO Pelicula_Actor (id_pelicula, id_actor, personaje) VALUES (1317288, 1133834, 'Wally');
INSERT OR IGNORE INTO Pelicula_Categoria (id_pelicula, id_categoria) VALUES (1317288, 7);
INSERT OR IGNORE INTO Pelicula_Compania (id_pelicula, id_compania) VALUES (1317288, undefined);
-- Fin película: Marty Supreme --
INSERT OR IGNORE INTO Actor (id_actor, nombre, foto_path) VALUES (2201315, 'Emma Mackey', 'https://image.tmdb.org/t/p/original/l4JOGnGOAeZr3BQvAerFyvakrU0.jpg');
INSERT OR IGNORE INTO Actor (id_actor, nombre, foto_path) VALUES (8944, 'Jamie Lee Curtis', 'https://image.tmdb.org/t/p/original/eb0lIt32WwrjtCULe5z6l9eBf06.jpg');
INSERT OR IGNORE INTO Actor (id_actor, nombre, foto_path) VALUES (2304140, 'Spike Fearn', 'https://image.tmdb.org/t/p/original/o1WcXkDdlN5wdL5WIuGXNpNouZ9.jpg');
INSERT OR IGNORE INTO Actor (id_actor, nombre, foto_path) VALUES (13, 'Albert Brooks', 'https://image.tmdb.org/t/p/original/8iDSGu5l93N7benjf6b3AysBore.jpg');
INSERT OR IGNORE INTO Actor (id_actor, nombre, foto_path) VALUES (1334638, 'Jack Lowden', 'https://image.tmdb.org/t/p/original/3wSE6uHLkslE9xvRiMbnphuI0VK.jpg');
INSERT OR REPLACE INTO Pelicula (id_pelicula, titulo, descripcion, poster_path, backdrop_path, trailer, anio_estreno, duracion) VALUES (1206008, 'Ella McCay', 'Una joven política idealista hace malabarismos con sus problemas familiares y su estresante vida laboral mientras se prepara para ocupar nada menos que el puesto de gobernadora de su estado, ocupando el puesto de su mentor.', 'https://image.tmdb.org/t/p/original/kuAObOLDIBnWgGE3vk9wBsrM54.jpg', 'https://image.tmdb.org/t/p/original/9cd1zsxcOAcBW01WDOWz8EODTS0.jpg', 'https://www.youtube.com/watch?v=OwgayXGF3uM', 2025, 115);
INSERT OR REPLACE INTO Pelicula_Actor (id_pelicula, id_actor, personaje) VALUES (1206008, 2201315, 'Ella McCay');
INSERT OR REPLACE INTO Pelicula_Actor (id_pelicula, id_actor, personaje) VALUES (1206008, 8944, 'Helen McCay');
INSERT OR REPLACE INTO Pelicula_Actor (id_pelicula, id_actor, personaje) VALUES (1206008, 2304140, 'Casey McCay');
INSERT OR REPLACE INTO Pelicula_Actor (id_pelicula, id_actor, personaje) VALUES (1206008, 13, 'Governor Bill');
INSERT OR REPLACE INTO Pelicula_Actor (id_pelicula, id_actor, personaje) VALUES (1206008, 1334638, 'Ryan Newell');
INSERT OR IGNORE INTO Pelicula_Categoria (id_pelicula, id_categoria) VALUES (1206008, 12);
INSERT OR IGNORE INTO Pelicula_Categoria (id_pelicula, id_categoria) VALUES (1206008, 7);
INSERT OR IGNORE INTO Pelicula_Compania (id_pelicula, id_compania) VALUES (1206008, undefined);
-- Fin película: Ella McCay --
INSERT OR IGNORE INTO Actor (id_actor, nombre, foto_path) VALUES (5469, 'Ralph Fiennes', 'https://image.tmdb.org/t/p/original/u29BOqiV5GCQ8k8WUJM50i9xlBf.jpg');
INSERT OR IGNORE INTO Actor (id_actor, nombre, foto_path) VALUES (85065, 'Jack O''Connell', 'https://image.tmdb.org/t/p/original/9RrqnB1BRaWWHEjlWVVAna0sdBB.jpg');
INSERT OR IGNORE INTO Actor (id_actor, nombre, foto_path) VALUES (5107934, 'Alfie Williams', 'https://image.tmdb.org/t/p/original/wqfyAhZH6uCu5J4THsz2gJxsizB.jpg');
INSERT OR IGNORE INTO Actor (id_actor, nombre, foto_path) VALUES (1672504, 'Erin Kellyman', 'https://image.tmdb.org/t/p/original/f7XXomAaSRxE3h5NT0sAlcQTjPL.jpg');
INSERT OR IGNORE INTO Actor (id_actor, nombre, foto_path) VALUES (1344320, 'Chi Lewis-Parry', 'https://image.tmdb.org/t/p/original/yFE1xHcKn9Gww9DCUYQmBlZ3HVx.jpg');
INSERT OR REPLACE INTO Pelicula (id_pelicula, titulo, descripcion, poster_path, backdrop_path, trailer, anio_estreno, duracion) VALUES (1272837, '28 años después: El templo de los huesos', 'El Dr. Kelson (Ralph Fiennes) se ve envuelto en una nueva y sorprendente relación, cuyas consecuencias podrían cambiar el mundo tal y como se conoce. Por otra parte, el encuentro de Spike (Alfie Williams) con el Gran Lord Jimmy Crystal (Jack O''Connell) se convierte en una pesadilla de la que el chico no puede escapar. En este mundo, los infectados ya no son la mayor amenaza para la supervivencia, ya que la inhumanidad de los supervivientes puede ser aún más extraña y aterradora.', 'https://image.tmdb.org/t/p/original/9qlqDX3lo7CiFCDZV1Qwopwm5rz.jpg', 'https://image.tmdb.org/t/p/original/cwX1koqx0UsN0naDGxKFMs3raUZ.jpg', 'https://www.youtube.com/watch?v=RcnPIyUI53Q', 2026, 109);
INSERT OR REPLACE INTO Pelicula_Actor (id_pelicula, id_actor, personaje) VALUES (1272837, 5469, 'Dr. Ian Kelson');
INSERT OR REPLACE INTO Pelicula_Actor (id_pelicula, id_actor, personaje) VALUES (1272837, 85065, 'Sir Lord Jimmy Crystal');
INSERT OR REPLACE INTO Pelicula_Actor (id_pelicula, id_actor, personaje) VALUES (1272837, 5107934, 'Spike / Jimmy');
INSERT OR REPLACE INTO Pelicula_Actor (id_pelicula, id_actor, personaje) VALUES (1272837, 1672504, 'Jimmy Ink');
INSERT OR REPLACE INTO Pelicula_Actor (id_pelicula, id_actor, personaje) VALUES (1272837, 1344320, 'Samson');
INSERT OR IGNORE INTO Pelicula_Categoria (id_pelicula, id_categoria) VALUES (1272837, 4);
INSERT OR IGNORE INTO Pelicula_Categoria (id_pelicula, id_categoria) VALUES (1272837, 6);
INSERT OR IGNORE INTO Pelicula_Categoria (id_pelicula, id_categoria) VALUES (1272837, 3);
INSERT OR IGNORE INTO Pelicula_Compania (id_pelicula, id_compania) VALUES (1272837, undefined);
INSERT OR IGNORE INTO Pelicula_Coleccion (id_pelicula, id_coleccion) VALUES (1272837, 1565);
-- Fin película: 28 años después: El templo de los huesos --
INSERT OR IGNORE INTO Actor (id_actor, nombre, foto_path) VALUES (1315036, 'Daisy Ridley', 'https://image.tmdb.org/t/p/original/iVboQmgPC3tYFjezBjrVECJRS8n.jpg');
INSERT OR IGNORE INTO Actor (id_actor, nombre, foto_path) VALUES (1017347, 'Brenton Thwaites', 'https://image.tmdb.org/t/p/original/4jrtVjdIGJpmgevEPRuIIU9HWcO.jpg');
INSERT OR IGNORE INTO Actor (id_actor, nombre, foto_path) VALUES (1323881, 'Mark Coles Smith', 'https://image.tmdb.org/t/p/original/mFGf5GruME5dnAuKBG1kgzK8PJs.jpg');
INSERT OR IGNORE INTO Actor (id_actor, nombre, foto_path) VALUES (1046893, 'Matt Whelan', 'https://image.tmdb.org/t/p/original/qTIe7SblKwxR9DF6iNuVX0pEWIZ.jpg');
INSERT OR IGNORE INTO Actor (id_actor, nombre, foto_path) VALUES (1445943, 'Chloe Hurst', 'https://image.tmdb.org/t/p/original/h42VtoxnH6onzfcyKSzRXg1gImB.jpg');
INSERT OR REPLACE INTO Pelicula (id_pelicula, titulo, descripcion, poster_path, backdrop_path, trailer, anio_estreno, duracion) VALUES (1198984, 'We Bury the Dead', 'Ava, una mujer desesperada cuyo marido ha desaparecido tras un catastrófico experimento militar, se une a una "unidad de recuperación de cadáveres", pero su búsqueda da un giro escalofriante cuando los cadáveres que está enterrando empiezan a dar señales de vida.', 'https://image.tmdb.org/t/p/original/xZqo0yPARmyF8TACVNyaOACkYWG.jpg', 'https://image.tmdb.org/t/p/original/vbkW4KerpshPZnP84w9qwSfYrhu.jpg', '', 2026, 95);
INSERT OR REPLACE INTO Pelicula_Actor (id_pelicula, id_actor, personaje) VALUES (1198984, 1315036, 'Ava');
INSERT OR REPLACE INTO Pelicula_Actor (id_pelicula, id_actor, personaje) VALUES (1198984, 1017347, 'Clay');
INSERT OR REPLACE INTO Pelicula_Actor (id_pelicula, id_actor, personaje) VALUES (1198984, 1323881, 'Riley');
INSERT OR REPLACE INTO Pelicula_Actor (id_pelicula, id_actor, personaje) VALUES (1198984, 1046893, 'Mitch');
INSERT OR REPLACE INTO Pelicula_Actor (id_pelicula, id_actor, personaje) VALUES (1198984, 1445943, 'Katie Harris');
INSERT OR IGNORE INTO Pelicula_Categoria (id_pelicula, id_categoria) VALUES (1198984, 4);
INSERT OR IGNORE INTO Pelicula_Categoria (id_pelicula, id_categoria) VALUES (1198984, 6);
INSERT OR IGNORE INTO Pelicula_Compania (id_pelicula, id_compania) VALUES (1198984, undefined);
-- Fin película: We Bury the Dead --
INSERT OR IGNORE INTO Actor (id_actor, nombre, foto_path) VALUES (6383, 'Aaron Eckhart', 'https://image.tmdb.org/t/p/original/u5JjnRMr9zKEVvOP7k3F6gdcwT6.jpg');
INSERT OR IGNORE INTO Actor (id_actor, nombre, foto_path) VALUES (1139816, 'Tanya van Graan', 'https://image.tmdb.org/t/p/original/xeTvZH86esj3tuErPv0relTqPOY.jpg');
INSERT OR IGNORE INTO Actor (id_actor, nombre, foto_path) VALUES (209193, 'Karl Thaning', 'https://image.tmdb.org/t/p/original/oOrTV9OvC5H1BlRosJcdxWlYWW5.jpg');
INSERT OR IGNORE INTO Actor (id_actor, nombre, foto_path) VALUES (1658759, 'Nicole Fortuin', 'https://image.tmdb.org/t/p/original/6YxW3hZANTmhrESXIdFtqvfIjtq.jpg');
INSERT OR IGNORE INTO Actor (id_actor, nombre, foto_path) VALUES (85780, 'Adrian Collins', 'https://image.tmdb.org/t/p/original/3ROguAf0SqpnrA5gJ3MkdL6Yxab.jpg');
INSERT OR REPLACE INTO Pelicula (id_pelicula, titulo, descripcion, poster_path, backdrop_path, trailer, anio_estreno, duracion) VALUES (1439112, 'En busca de venganza 2: Ciudad de los lobos', 'Jake Rosser está atormentado por el trastorno de estrés postraumático de sus días como oficial K-9 y se esfuerza por llevar una vida pacífica con su familia y su compañero K-9 retirado, Socks. Pero la tranquilidad se disuelve rápidamente cuando una despiadada banda los persigue en un brutal ataque. Decidido a proteger a sus seres queridos, Jake y su nuevo compañero K-9 «Argos» se adentran en los violentos entresijos de la delincuencia, donde Jake se enfrenta a funcionarios corruptos, descubre una peligrosa red de tráfico de drogas y lucha contra sus propios demonios internos.', 'https://image.tmdb.org/t/p/original/yBg2t8vuqrE8nqrxS3VzW3Qvzh3.jpg', 'https://image.tmdb.org/t/p/original/ncI1PlBcANixIkgQSnjsSRz4OyT.jpg', '', 2025, 93);
INSERT OR REPLACE INTO Pelicula_Actor (id_pelicula, id_actor, personaje) VALUES (1439112, 6383, 'Jake Rosser');
INSERT OR REPLACE INTO Pelicula_Actor (id_pelicula, id_actor, personaje) VALUES (1439112, 1139816, 'Mia Rosser');
INSERT OR REPLACE INTO Pelicula_Actor (id_pelicula, id_actor, personaje) VALUES (1439112, 209193, 'Officer Beekman');
INSERT OR REPLACE INTO Pelicula_Actor (id_pelicula, id_actor, personaje) VALUES (1439112, 1658759, 'Detective Idalia Cutler');
INSERT OR REPLACE INTO Pelicula_Actor (id_pelicula, id_actor, personaje) VALUES (1439112, 85780, 'Officer Cobb');
INSERT OR IGNORE INTO Pelicula_Categoria (id_pelicula, id_categoria) VALUES (1439112, 5);
INSERT OR IGNORE INTO Pelicula_Categoria (id_pelicula, id_categoria) VALUES (1439112, 6);
INSERT OR IGNORE INTO Pelicula_Categoria (id_pelicula, id_categoria) VALUES (1439112, 1);
INSERT OR IGNORE INTO Pelicula_Compania (id_pelicula, id_compania) VALUES (1439112, undefined);
INSERT OR IGNORE INTO Pelicula_Coleccion (id_pelicula, id_coleccion) VALUES (1439112, 1570181);
-- Fin película: En busca de venganza 2: Ciudad de los lobos --
INSERT OR IGNORE INTO Actor (id_actor, nombre, foto_path) VALUES (1295282, 'Johnny Sequoyah', 'https://image.tmdb.org/t/p/original/taFfjOB4lPAx75kJo9yFylKT1ek.jpg');
INSERT OR IGNORE INTO Actor (id_actor, nombre, foto_path) VALUES (2600509, 'Jessica Alexander', 'https://image.tmdb.org/t/p/original/61DzjStCt7NXwyUf3ALTAo47nCI.jpg');
INSERT OR IGNORE INTO Actor (id_actor, nombre, foto_path) VALUES (1571661, 'Troy Kotsur', 'https://image.tmdb.org/t/p/original/24K3og12jGBGL9dqH5OYFdjF9wu.jpg');
INSERT OR IGNORE INTO Actor (id_actor, nombre, foto_path) VALUES (4979358, 'Victoria Wyant', 'https://image.tmdb.org/t/p/original/et8teE6ZMqdWGWYj3aDIMD6Yhvt.jpg');
INSERT OR IGNORE INTO Actor (id_actor, nombre, foto_path) VALUES (3675179, 'Gia Hunter', 'https://image.tmdb.org/t/p/original/fK7xZRr1qhCjby0njwhsfgLyW0P.jpg');
INSERT OR REPLACE INTO Pelicula (id_pelicula, titulo, descripcion, poster_path, backdrop_path, trailer, anio_estreno, duracion) VALUES (1315303, 'Primate', '', 'https://image.tmdb.org/t/p/original/cyqEghDphEUunLfongtpmROjpID.jpg', 'https://image.tmdb.org/t/p/original/eFUtmW3XqK4MVwPotko0pm6oMRK.jpg', 'https://www.youtube.com/watch?v=F0fn4knTR2s', 2026, 89);
INSERT OR REPLACE INTO Pelicula_Actor (id_pelicula, id_actor, personaje) VALUES (1315303, 1295282, 'Lucy');
INSERT OR REPLACE INTO Pelicula_Actor (id_pelicula, id_actor, personaje) VALUES (1315303, 2600509, 'Hannah');
INSERT OR REPLACE INTO Pelicula_Actor (id_pelicula, id_actor, personaje) VALUES (1315303, 1571661, 'Adam');
INSERT OR REPLACE INTO Pelicula_Actor (id_pelicula, id_actor, personaje) VALUES (1315303, 4979358, 'Kate');
INSERT OR REPLACE INTO Pelicula_Actor (id_pelicula, id_actor, personaje) VALUES (1315303, 3675179, 'Erin');
INSERT OR IGNORE INTO Pelicula_Categoria (id_pelicula, id_categoria) VALUES (1315303, 4);
INSERT OR IGNORE INTO Pelicula_Categoria (id_pelicula, id_categoria) VALUES (1315303, 6);
INSERT OR IGNORE INTO Pelicula_Compania (id_pelicula, id_compania) VALUES (1315303, undefined);
-- Fin película: Primate --
INSERT OR IGNORE INTO Actor (id_actor, nombre, foto_path) VALUES (52583, 'Wagner Moura', 'https://image.tmdb.org/t/p/original/5Vs0d8js1uJV0WDPwMFU3zO2n3m.jpg');
INSERT OR IGNORE INTO Actor (id_actor, nombre, foto_path) VALUES (2346588, 'Carlos Francisco', 'https://image.tmdb.org/t/p/original/ihf4bN4GuScyA2QwlzVCnPqOuOo.jpg');
INSERT OR IGNORE INTO Actor (id_actor, nombre, foto_path) VALUES (4497686, 'Tânia Maria', 'https://image.tmdb.org/t/p/original/73QyA2htiMJ01sFo25KLCDyPtWF.jpg');
INSERT OR IGNORE INTO Actor (id_actor, nombre, foto_path) VALUES (2375667, 'Robério Diógenes', 'https://image.tmdb.org/t/p/original/dLYYDd4FwB8fMb5A7Q54UOfxdet.jpg');
INSERT OR IGNORE INTO Actor (id_actor, nombre, foto_path) VALUES (143500, 'Roney Villela', 'https://image.tmdb.org/t/p/original/y0S7k8ahQF8FAJ0ZCzK2BfTKbz0.jpg');
INSERT OR REPLACE INTO Pelicula (id_pelicula, titulo, descripcion, poster_path, backdrop_path, trailer, anio_estreno, duracion) VALUES (1220564, 'El agente secreto', 'En Brasil, en 1977, Marcelo, un especialista en tecnología que huye de un pasado misterioso, regresa a Recife en busca de paz, pero se da cuenta de que la ciudad está lejos del refugio que busca.', 'https://image.tmdb.org/t/p/original/qYWybdgL6casJxbZE0xLGXsdWOP.jpg', 'https://image.tmdb.org/t/p/original/b4uXVgLCOxx2c9VbyppdSD9G3Xq.jpg', 'https://www.youtube.com/watch?v=GcyZJpOfX_k', 2025, 161);
INSERT OR REPLACE INTO Pelicula_Actor (id_pelicula, id_actor, personaje) VALUES (1220564, 52583, 'Armando / Marcelo / Adult Fernando');
INSERT OR REPLACE INTO Pelicula_Actor (id_pelicula, id_actor, personaje) VALUES (1220564, 2346588, 'Seu Alexandre');
INSERT OR REPLACE INTO Pelicula_Actor (id_pelicula, id_actor, personaje) VALUES (1220564, 4497686, 'Dona Sebastiana');
INSERT OR REPLACE INTO Pelicula_Actor (id_pelicula, id_actor, personaje) VALUES (1220564, 2375667, 'Euclides');
INSERT OR REPLACE INTO Pelicula_Actor (id_pelicula, id_actor, personaje) VALUES (1220564, 143500, 'Augusto');
INSERT OR IGNORE INTO Pelicula_Categoria (id_pelicula, id_categoria) VALUES (1220564, 9);
INSERT OR IGNORE INTO Pelicula_Categoria (id_pelicula, id_categoria) VALUES (1220564, 7);
INSERT OR IGNORE INTO Pelicula_Categoria (id_pelicula, id_categoria) VALUES (1220564, 6);
INSERT OR IGNORE INTO Pelicula_Compania (id_pelicula, id_compania) VALUES (1220564, undefined);
-- Fin película: El agente secreto --
INSERT OR IGNORE INTO Actor (id_actor, nombre, foto_path) VALUES (25002, 'Lee Byung-hun', 'https://image.tmdb.org/t/p/original/j7SUd9Qi8iOxgrQGb3nQyEYcXur.jpg');
INSERT OR IGNORE INTO Actor (id_actor, nombre, foto_path) VALUES (86889, 'Son Ye-jin', 'https://image.tmdb.org/t/p/original/njczzJJnugd9y7p5CF3XW7dcyYK.jpg');
INSERT OR IGNORE INTO Actor (id_actor, nombre, foto_path) VALUES (93999, 'Park Hee-soon', 'https://image.tmdb.org/t/p/original/s2SSzvlsSfCPP5EXhCoWUr8970F.jpg');
INSERT OR IGNORE INTO Actor (id_actor, nombre, foto_path) VALUES (141548, '이성민', 'https://image.tmdb.org/t/p/original/25NytLwnf40D5Yd8MAYnvhar405.jpg');
INSERT OR IGNORE INTO Actor (id_actor, nombre, foto_path) VALUES (2084416, '염혜란', 'https://image.tmdb.org/t/p/original/xZxVHnbDdNxF6J8UhwBTkJGNKWx.jpg');
INSERT OR REPLACE INTO Pelicula (id_pelicula, titulo, descripcion, poster_path, backdrop_path, trailer, anio_estreno, duracion) VALUES (639988, 'No hay otra opción', 'La historia sigue a un hombre de mediana edad llamado Man-su que se embarca decidido en una búsqueda de trabajo tras ser despedido inesperadamente de la compañía de papel en la que trabajó durante 25 años. "Si no hay una vacante para mí, tendré que crear una para que me contraten. No hay otra opción". Adaptación de la novela "The Ax" de Donald E. Westlake, que ya fue llevada al cine en la película "Arcadia", dirigida por Costa-Gavras en 2005.', 'https://image.tmdb.org/t/p/original/9gu70dhYzzPNLh0hNpzZKdE1Pun.jpg', 'https://image.tmdb.org/t/p/original/s6aB9kjxNg0mu2361IkCUSpyHJV.jpg', '', 2025, 139);
INSERT OR REPLACE INTO Pelicula_Actor (id_pelicula, id_actor, personaje) VALUES (639988, 25002, 'Yoo Man-su');
INSERT OR REPLACE INTO Pelicula_Actor (id_pelicula, id_actor, personaje) VALUES (639988, 86889, 'Lee Mi-ri');
INSERT OR REPLACE INTO Pelicula_Actor (id_pelicula, id_actor, personaje) VALUES (639988, 93999, 'Choi Seon-chul');
INSERT OR REPLACE INTO Pelicula_Actor (id_pelicula, id_actor, personaje) VALUES (639988, 141548, 'Gu Bum-mo');
INSERT OR REPLACE INTO Pelicula_Actor (id_pelicula, id_actor, personaje) VALUES (639988, 2084416, 'Lee A-ra');
INSERT OR IGNORE INTO Pelicula_Categoria (id_pelicula, id_categoria) VALUES (639988, 9);
INSERT OR IGNORE INTO Pelicula_Categoria (id_pelicula, id_categoria) VALUES (639988, 6);
INSERT OR IGNORE INTO Pelicula_Categoria (id_pelicula, id_categoria) VALUES (639988, 12);
INSERT OR IGNORE INTO Pelicula_Compania (id_pelicula, id_compania) VALUES (639988, undefined);
-- Fin película: No hay otra opción --
INSERT OR IGNORE INTO Actor (id_actor, nombre, foto_path) VALUES (18269, 'Brendan Fraser', 'https://image.tmdb.org/t/p/original/tFj5PaWWQbb8rHBBhu1EHklznph.jpg');
INSERT OR IGNORE INTO Actor (id_actor, nombre, foto_path) VALUES (1082509, 'Takehiro Hira', 'https://image.tmdb.org/t/p/original/2N1viBfPY4cRlz6W6YfM2F6UbSH.jpg');
INSERT OR IGNORE INTO Actor (id_actor, nombre, foto_path) VALUES (2210389, 'Mari Yamamoto', 'https://image.tmdb.org/t/p/original/chy8WQgbSfIxp4B1lHzHFFVzsEv.jpg');
INSERT OR IGNORE INTO Actor (id_actor, nombre, foto_path) VALUES (5615231, 'Shannon Mahina Gorman', 'https://image.tmdb.org/t/p/original/8t3tWp0K8eMrnMBrZYTZibaKSPS.jpg');
INSERT OR IGNORE INTO Actor (id_actor, nombre, foto_path) VALUES (13283, '柄本明', 'https://image.tmdb.org/t/p/original/qQHdGgAL7idxy79oWHjYON6bYQm.jpg');
INSERT OR REPLACE INTO Pelicula (id_pelicula, titulo, descripcion, poster_path, backdrop_path, trailer, anio_estreno, duracion) VALUES (1208348, 'Rental Family', 'Ambientada en el Tokio actual, sigue a un actor estadounidense que lucha por encontrar un propósito en la vida hasta que consigue un trabajo inusual: trabajar para una agencia japonesa de "familias de alquiler", interpretando papeles de suplente para desconocidos. A medida que se sumerge en el mundo de sus clientes, comienza a establecer vínculos genuinos que difuminan las líneas entre la actuación y la realidad. Al enfrentarse a las complejidades morales de su trabajo, redescubre el propósito, la pertenencia y la tranquila belleza de las relaciones humanas.', 'https://image.tmdb.org/t/p/original/9z5dHWiX8EjZBRhJ2OzmYZGW7jS.jpg', 'https://image.tmdb.org/t/p/original/ufuabtiOem0kHeYz6b8x8MjBb2L.jpg', 'https://www.youtube.com/watch?v=gtDTQATpSi8', 2025, 110);
INSERT OR REPLACE INTO Pelicula_Actor (id_pelicula, id_actor, personaje) VALUES (1208348, 18269, 'Phillip Vanderploeg');
INSERT OR REPLACE INTO Pelicula_Actor (id_pelicula, id_actor, personaje) VALUES (1208348, 1082509, 'Shinji');
INSERT OR REPLACE INTO Pelicula_Actor (id_pelicula, id_actor, personaje) VALUES (1208348, 2210389, 'Aiko');
INSERT OR REPLACE INTO Pelicula_Actor (id_pelicula, id_actor, personaje) VALUES (1208348, 5615231, 'Mia Kawasaki');
INSERT OR REPLACE INTO Pelicula_Actor (id_pelicula, id_actor, personaje) VALUES (1208348, 13283, 'Kikuo Hasegawa');
INSERT OR IGNORE INTO Pelicula_Categoria (id_pelicula, id_categoria) VALUES (1208348, 12);
INSERT OR IGNORE INTO Pelicula_Categoria (id_pelicula, id_categoria) VALUES (1208348, 7);
INSERT OR IGNORE INTO Pelicula_Compania (id_pelicula, id_compania) VALUES (1208348, undefined);
-- Fin película: Rental Family --
INSERT OR IGNORE INTO Actor (id_actor, nombre, foto_path) VALUES (225692, 'Jeremy Irvine', 'https://image.tmdb.org/t/p/original/gSEtyKl9InFkaDcAEd25eYrHSNB.jpg');
INSERT OR IGNORE INTO Actor (id_actor, nombre, foto_path) VALUES (1685904, 'Hannah Emily Anderson', 'https://image.tmdb.org/t/p/original/fSyNGF4pZQj9Ne9IKv9kfimECzk.jpg');
INSERT OR IGNORE INTO Actor (id_actor, nombre, foto_path) VALUES (3131371, 'Evie Templeton', 'https://image.tmdb.org/t/p/original/1JV3FEULVnROl4APfkUprqTrFF6.jpg');
INSERT OR IGNORE INTO Actor (id_actor, nombre, foto_path) VALUES (1675328, 'Robert Strange', 'https://image.tmdb.org/t/p/original/4GBjA1itRhsKaPaOrVE1YN9qOqc.jpg');
INSERT OR IGNORE INTO Actor (id_actor, nombre, foto_path) VALUES (2438347, 'Pearse Egan', 'https://image.tmdb.org/t/p/original/bzHkytLIEk4T4arzd7h5BRLufov.jpg');
INSERT OR REPLACE INTO Pelicula (id_pelicula, titulo, descripcion, poster_path, backdrop_path, trailer, anio_estreno, duracion) VALUES (680493, 'Return to Silent Hill', 'Impulsado por las sombras de su pasado, James Sunderland regresa a Silent Hill para encontrar a su amor perdido, Mary Crane. Pero el pequeño pueblo oscuro y deprimente ya no es el lugar de sus recuerdos. James se encuentra con personajes que le parecen demasiado familiares y que intentan distraerlo de su búsqueda de Mary. Cuanto más busca a Mary, más comienza a preguntarse si esto sigue siendo la realidad, o si ha caído en el oscuro inframundo de Jacob Crane.', 'https://image.tmdb.org/t/p/original/5Y2TeCVEnwPbd4FDShGbkKYw6GE.jpg', 'https://image.tmdb.org/t/p/original/nTbO6UF944b0VZrgypMK5rFYRSW.jpg', '', 2026, 106);
INSERT OR REPLACE INTO Pelicula_Actor (id_pelicula, id_actor, personaje) VALUES (680493, 225692, 'James Sunderland');
INSERT OR REPLACE INTO Pelicula_Actor (id_pelicula, id_actor, personaje) VALUES (680493, 1685904, 'Mary Crane  / Angela / Maria / Moth Mary');
INSERT OR REPLACE INTO Pelicula_Actor (id_pelicula, id_actor, personaje) VALUES (680493, 3131371, 'Laura');
INSERT OR REPLACE INTO Pelicula_Actor (id_pelicula, id_actor, personaje) VALUES (680493, 1675328, 'Pyramid Head');
INSERT OR REPLACE INTO Pelicula_Actor (id_pelicula, id_actor, personaje) VALUES (680493, 2438347, 'Eddie');
INSERT OR IGNORE INTO Pelicula_Categoria (id_pelicula, id_categoria) VALUES (680493, 4);
INSERT OR IGNORE INTO Pelicula_Categoria (id_pelicula, id_categoria) VALUES (680493, 1);
INSERT OR IGNORE INTO Pelicula_Compania (id_pelicula, id_compania) VALUES (680493, undefined);
INSERT OR IGNORE INTO Pelicula_Coleccion (id_pelicula, id_coleccion) VALUES (680493, 64748);
-- Fin película: Return to Silent Hill --
INSERT OR IGNORE INTO Actor (id_actor, nombre, foto_path) VALUES (2367355, '吕艳婷', 'https://image.tmdb.org/t/p/original/vKpOzPutTaPf03rWXiLuK8R2K3B.jpg');
INSERT OR IGNORE INTO Actor (id_actor, nombre, foto_path) VALUES (2367356, '囧森瑟夫', 'https://image.tmdb.org/t/p/original/58Ytg6PBGpqB2s7DkHB82dRvdFO.jpg');
INSERT OR IGNORE INTO Actor (id_actor, nombre, foto_path) VALUES (2368846, '瀚墨', 'https://image.tmdb.org/t/p/original/6Ueom0Y4pjIG9B6zjQlfIbgcGhH.jpg');
INSERT OR IGNORE INTO Actor (id_actor, nombre, foto_path) VALUES (2368848, '陈浩', 'https://image.tmdb.org/t/p/original/eBZJW1NCBFDh3U3xImf0vCCnDpy.jpg');
INSERT OR IGNORE INTO Actor (id_actor, nombre, foto_path) VALUES (2368849, '绿绮', 'https://image.tmdb.org/t/p/original/eGoSeaM1c6KCLiRIqM8LJq5S5L5.jpg');
INSERT OR REPLACE INTO Pelicula (id_pelicula, titulo, descripcion, poster_path, backdrop_path, trailer, anio_estreno, duracion) VALUES (980477, 'Ne Zha 2', 'Cuando los cuerpos de los dos amigos, Aobing y Nezha, están a punto de ser destruidos, se les permite que sus almas sigan existiendo. Su maestro, Taiyi Zhenren, restaura sus cuerpos con la ayuda de una flor de loto. Después de esto, Nezha parte en busca de enfrentar al Rey Dragón del Mar del Este, Ao Guang.', 'https://image.tmdb.org/t/p/original/jz5sGlPGf0cWZ0uJPDc8cSjjFcZ.jpg', 'https://image.tmdb.org/t/p/original/8btfz81bOJ2lC7cujYBTw03wzg3.jpg', '', 2025, 144);
INSERT OR REPLACE INTO Pelicula_Actor (id_pelicula, id_actor, personaje) VALUES (980477, 2367355, 'Young Nezha (voice)');
INSERT OR REPLACE INTO Pelicula_Actor (id_pelicula, id_actor, personaje) VALUES (980477, 2367356, 'Youth Nezha / Jie Jie Shou Left (voice)');
INSERT OR REPLACE INTO Pelicula_Actor (id_pelicula, id_actor, personaje) VALUES (980477, 2368846, 'Ao Bing (voice)');
INSERT OR REPLACE INTO Pelicula_Actor (id_pelicula, id_actor, personaje) VALUES (980477, 2368848, 'Li Jing (voice)');
INSERT OR REPLACE INTO Pelicula_Actor (id_pelicula, id_actor, personaje) VALUES (980477, 2368849, 'Mrs. Yin (voice)');
INSERT OR IGNORE INTO Pelicula_Categoria (id_pelicula, id_categoria) VALUES (980477, 5);
INSERT OR IGNORE INTO Pelicula_Categoria (id_pelicula, id_categoria) VALUES (980477, 3);
INSERT OR IGNORE INTO Pelicula_Categoria (id_pelicula, id_categoria) VALUES (980477, 1);
INSERT OR IGNORE INTO Pelicula_Categoria (id_pelicula, id_categoria) VALUES (980477, 5);
INSERT OR IGNORE INTO Pelicula_Compania (id_pelicula, id_compania) VALUES (980477, undefined);
INSERT OR IGNORE INTO Pelicula_Coleccion (id_pelicula, id_coleccion) VALUES (980477, 1449595);
-- Fin película: Ne Zha 2 --
INSERT OR IGNORE INTO Actor (id_actor, nombre, foto_path) VALUES (934, 'Russell Crowe', 'https://image.tmdb.org/t/p/original/uxiXuVH4vNWrKlJMVVPG1sxAJFe.jpg');
INSERT OR IGNORE INTO Actor (id_actor, nombre, foto_path) VALUES (17838, 'Rami Malek', 'https://image.tmdb.org/t/p/original/zvBCjFmedqXRqa45jlLf6vBd9Nt.jpg');
INSERT OR IGNORE INTO Actor (id_actor, nombre, foto_path) VALUES (335, 'Michael Shannon', 'https://image.tmdb.org/t/p/original/6mMczfjM8CiS1WuBOgo5Xom1TcR.jpg');
INSERT OR IGNORE INTO Actor (id_actor, nombre, foto_path) VALUES (3477880, 'Leo Woodall', 'https://image.tmdb.org/t/p/original/wK62b76NTxiGfjZa3opvJRyxpb7.jpg');
INSERT OR IGNORE INTO Actor (id_actor, nombre, foto_path) VALUES (21134, 'John Slattery', 'https://image.tmdb.org/t/p/original/tm7g84OWD5gQRoyfG4hduBphP1j.jpg');
INSERT OR REPLACE INTO Pelicula (id_pelicula, titulo, descripcion, poster_path, backdrop_path, trailer, anio_estreno, duracion) VALUES (1214931, 'Núremberg', 'Un psiquiatra estadounidense examina a 22 criminales nazis durante los juicios de Núremberg. Su fascinación por Hermann Göring y su obsesiva búsqueda por entender la naturaleza del mal lo llevan a un oscuro destino.', 'https://image.tmdb.org/t/p/original/7OOQRx9SmkMC3UQfdzj4QsQHtA1.jpg', 'https://image.tmdb.org/t/p/original/xsO1Qgru8sETLTcVla8MrqxOVr0.jpg', 'https://www.youtube.com/watch?v=8caQ0aapFp4', 2025, 150);
INSERT OR REPLACE INTO Pelicula_Actor (id_pelicula, id_actor, personaje) VALUES (1214931, 934, 'Hermann Göring');
INSERT OR REPLACE INTO Pelicula_Actor (id_pelicula, id_actor, personaje) VALUES (1214931, 17838, 'Douglas Kelley');
INSERT OR REPLACE INTO Pelicula_Actor (id_pelicula, id_actor, personaje) VALUES (1214931, 335, 'Justice Robert H. Jackson');
INSERT OR REPLACE INTO Pelicula_Actor (id_pelicula, id_actor, personaje) VALUES (1214931, 3477880, 'Sergeant Howie Triest');
INSERT OR REPLACE INTO Pelicula_Actor (id_pelicula, id_actor, personaje) VALUES (1214931, 21134, 'Colonel Burton Andrus');
INSERT OR IGNORE INTO Pelicula_Categoria (id_pelicula, id_categoria) VALUES (1214931, 1);
INSERT OR IGNORE INTO Pelicula_Categoria (id_pelicula, id_categoria) VALUES (1214931, 7);
INSERT OR IGNORE INTO Pelicula_Compania (id_pelicula, id_compania) VALUES (1214931, undefined);
-- Fin película: Núremberg --
INSERT OR IGNORE INTO Actor (id_actor, nombre, foto_path) VALUES (115440, 'Sydney Sweeney', 'https://image.tmdb.org/t/p/original/uDnIdU4KGjQg7liFvb9wnALvg95.jpg');
INSERT OR IGNORE INTO Actor (id_actor, nombre, foto_path) VALUES (11107, 'Ben Foster', 'https://image.tmdb.org/t/p/original/keBl3i2uHuowNdap0EgdxWxjWmm.jpg');
INSERT OR IGNORE INTO Actor (id_actor, nombre, foto_path) VALUES (28044, 'Merritt Wever', 'https://image.tmdb.org/t/p/original/ldd1WntzQ72DVuNLoko8yMFHH7j.jpg');
INSERT OR IGNORE INTO Actor (id_actor, nombre, foto_path) VALUES (2252989, 'Katy O''Brian', 'https://image.tmdb.org/t/p/original/lEz7WmJPrBGSsIkEiAA10t5nDDM.jpg');
INSERT OR IGNORE INTO Actor (id_actor, nombre, foto_path) VALUES (58019, 'Ethan Embry', 'https://image.tmdb.org/t/p/original/feYnMlTejbHfkhD1akVVXKWG0u1.jpg');
INSERT OR REPLACE INTO Pelicula (id_pelicula, titulo, descripcion, poster_path, backdrop_path, trailer, anio_estreno, duracion) VALUES (1287322, 'Christy', 'Biopic de Christy Martin, la boxeadora de más éxito de los años 90.', 'https://image.tmdb.org/t/p/original/ssy1uHGZkuXLkIWJWrtsBczPvVC.jpg', 'https://image.tmdb.org/t/p/original/d95WgAQXqDVlqbEHdLWfyvRG2ms.jpg', '', 2025, 135);
INSERT OR REPLACE INTO Pelicula_Actor (id_pelicula, id_actor, personaje) VALUES (1287322, 115440, 'Christy Martin');
INSERT OR REPLACE INTO Pelicula_Actor (id_pelicula, id_actor, personaje) VALUES (1287322, 11107, 'Jim V. Martin');
INSERT OR REPLACE INTO Pelicula_Actor (id_pelicula, id_actor, personaje) VALUES (1287322, 28044, 'Joyce Salters');
INSERT OR REPLACE INTO Pelicula_Actor (id_pelicula, id_actor, personaje) VALUES (1287322, 2252989, 'Lisa Holewyne');
INSERT OR REPLACE INTO Pelicula_Actor (id_pelicula, id_actor, personaje) VALUES (1287322, 58019, 'John Salters');
INSERT OR IGNORE INTO Pelicula_Categoria (id_pelicula, id_categoria) VALUES (1287322, 1);
INSERT OR IGNORE INTO Pelicula_Categoria (id_pelicula, id_categoria) VALUES (1287322, 7);
INSERT OR IGNORE INTO Pelicula_Compania (id_pelicula, id_compania) VALUES (1287322, undefined);
-- Fin película: Christy --
