
-- === LOTE: Popular - Page 4 (2026-02-06T11:01:47.193Z) ===
INSERT OR IGNORE INTO Actor (id_actor, nombre, foto_path) VALUES (1571598, 'Ahn Hyo Seop', 'https://image.tmdb.org/t/p/original/ynu1x6RQnpKvsOLTvB2WhDo26D9.jpg');
INSERT OR IGNORE INTO Actor (id_actor, nombre, foto_path) VALUES (1245104, 'Lee Min-ho', 'https://image.tmdb.org/t/p/original/iqopuz6cKuRZRUPZQrj7lFZcWWb.jpg');
INSERT OR IGNORE INTO Actor (id_actor, nombre, foto_path) VALUES (1466233, '채수빈', 'https://image.tmdb.org/t/p/original/t8inEDMgceg8EFLvgglvXzemklf.jpg');
INSERT OR IGNORE INTO Actor (id_actor, nombre, foto_path) VALUES (2353469, '신승호', 'https://image.tmdb.org/t/p/original/pIvBFVWOhfLvWClrFMqBKRJ1iK4.jpg');
INSERT OR IGNORE INTO Actor (id_actor, nombre, foto_path) VALUES (1523043, '나나', 'https://image.tmdb.org/t/p/original/zEjVBD734pLcNQrZESkKTNhKl6z.jpg');
INSERT OR REPLACE INTO Pelicula (id_pelicula, titulo, descripcion, poster_path, backdrop_path, trailer, anio_estreno, duracion) VALUES (1131759, 'Lector omnisciente: La profecía', 'La novela favorita de Dokja se hace ominosamente realidad; utilizando sus intrincados conocimientos sobre la inminente historia apocalíptica, el oficinista cambia el destino.', 'https://image.tmdb.org/t/p/original/lWQRM7IOCyJT9E5kOnoUvZNELHQ.jpg', 'https://image.tmdb.org/t/p/original/tVwFrpeGPYyk75rS82benPjtK6.jpg', '', 2025, 117);
INSERT OR REPLACE INTO Pelicula_Actor (id_pelicula, id_actor, personaje) VALUES (1131759, 1571598, 'Kim Dok-ja');
INSERT OR REPLACE INTO Pelicula_Actor (id_pelicula, id_actor, personaje) VALUES (1131759, 1245104, 'Yu Jung-hyeok');
INSERT OR REPLACE INTO Pelicula_Actor (id_pelicula, id_actor, personaje) VALUES (1131759, 1466233, 'Yu Sang-ah');
INSERT OR REPLACE INTO Pelicula_Actor (id_pelicula, id_actor, personaje) VALUES (1131759, 2353469, 'Lee Hyeon-seong');
INSERT OR REPLACE INTO Pelicula_Actor (id_pelicula, id_actor, personaje) VALUES (1131759, 1523043, 'Jeong Hee-won');
INSERT OR IGNORE INTO Pelicula_Categoria (id_pelicula, id_categoria) VALUES (1131759, 5);
INSERT OR IGNORE INTO Pelicula_Categoria (id_pelicula, id_categoria) VALUES (1131759, 1);
INSERT OR IGNORE INTO Pelicula_Categoria (id_pelicula, id_categoria) VALUES (1131759, 3);
INSERT OR IGNORE INTO Pelicula_Compania (id_pelicula, id_compania) VALUES (1131759, undefined);
-- Fin película: Lector omnisciente: La profecía --
INSERT OR IGNORE INTO Actor (id_actor, nombre, foto_path) VALUES (65731, 'Sam Worthington', 'https://image.tmdb.org/t/p/original/mflBcox36s9ZPbsZPVOuhf6axaJ.jpg');
INSERT OR IGNORE INTO Actor (id_actor, nombre, foto_path) VALUES (8691, 'Zoe Saldaña', 'https://image.tmdb.org/t/p/original/vQBwmsSOAd0JDaEcZ5p43J9xzsY.jpg');
INSERT OR IGNORE INTO Actor (id_actor, nombre, foto_path) VALUES (10205, 'Sigourney Weaver', 'https://image.tmdb.org/t/p/original/wTSnfktNBLd6kwQxgvkqYw6vEon.jpg');
INSERT OR IGNORE INTO Actor (id_actor, nombre, foto_path) VALUES (32747, 'Stephen Lang', 'https://image.tmdb.org/t/p/original/gnO5VfkDgA2fsHweD0622LUY3Hu.jpg');
INSERT OR IGNORE INTO Actor (id_actor, nombre, foto_path) VALUES (17647, 'Michelle Rodríguez', 'https://image.tmdb.org/t/p/original/wVcbrae4eRqGMFZz8Eh52Dl1biP.jpg');
INSERT OR REPLACE INTO Pelicula (id_pelicula, titulo, descripcion, poster_path, backdrop_path, trailer, anio_estreno, duracion) VALUES (19995, 'Avatar', 'Año 2154. Jake Sully, un exmarine en silla de ruedas, es enviado al planeta Pandora, donde se ha creado el programa Avatar, gracias al cual los seres humanos pueden controlar de forma remota un cuerpo biológico con apariencia y genética de la especie nativa. Pronto se encontrará con la encrucijada entre seguir las órdenes de sus superiores o defender al mundo que le ha acogido y siente como suyo.', 'https://image.tmdb.org/t/p/original/t5T3LPbLLgP2OP6kloM9p2PXpJL.jpg', 'https://image.tmdb.org/t/p/original/vL5LR6WdxWPjLPFRLe133jXWsh5.jpg', 'https://www.youtube.com/watch?v=AZS_d_hS2dM', 2009, 161);
INSERT OR REPLACE INTO Pelicula_Actor (id_pelicula, id_actor, personaje) VALUES (19995, 65731, 'Jake Sully');
INSERT OR REPLACE INTO Pelicula_Actor (id_pelicula, id_actor, personaje) VALUES (19995, 8691, 'Neytiri');
INSERT OR REPLACE INTO Pelicula_Actor (id_pelicula, id_actor, personaje) VALUES (19995, 10205, 'Dr. Grace Augustine');
INSERT OR REPLACE INTO Pelicula_Actor (id_pelicula, id_actor, personaje) VALUES (19995, 32747, 'Colonel Miles Quaritch');
INSERT OR REPLACE INTO Pelicula_Actor (id_pelicula, id_actor, personaje) VALUES (19995, 17647, 'Trudy Chacon');
INSERT OR IGNORE INTO Pelicula_Categoria (id_pelicula, id_categoria) VALUES (19995, 5);
INSERT OR IGNORE INTO Pelicula_Categoria (id_pelicula, id_categoria) VALUES (19995, 1);
INSERT OR IGNORE INTO Pelicula_Categoria (id_pelicula, id_categoria) VALUES (19995, 3);
INSERT OR IGNORE INTO Pelicula_Categoria (id_pelicula, id_categoria) VALUES (19995, 3);
INSERT OR IGNORE INTO Pelicula_Compania (id_pelicula, id_compania) VALUES (19995, undefined);
INSERT OR IGNORE INTO Pelicula_Coleccion (id_pelicula, id_coleccion) VALUES (19995, 87096);
-- Fin película: Avatar --
INSERT OR IGNORE INTO Actor (id_actor, nombre, foto_path) VALUES (1315036, 'Daisy Ridley', 'https://image.tmdb.org/t/p/original/iVboQmgPC3tYFjezBjrVECJRS8n.jpg');
INSERT OR IGNORE INTO Actor (id_actor, nombre, foto_path) VALUES (1017347, 'Brenton Thwaites', 'https://image.tmdb.org/t/p/original/4jrtVjdIGJpmgevEPRuIIU9HWcO.jpg');
INSERT OR IGNORE INTO Actor (id_actor, nombre, foto_path) VALUES (1323881, 'Mark Coles Smith', 'https://image.tmdb.org/t/p/original/mFGf5GruME5dnAuKBG1kgzK8PJs.jpg');
INSERT OR IGNORE INTO Actor (id_actor, nombre, foto_path) VALUES (1046893, 'Matt Whelan', 'https://image.tmdb.org/t/p/original/qTIe7SblKwxR9DF6iNuVX0pEWIZ.jpg');
INSERT OR IGNORE INTO Actor (id_actor, nombre, foto_path) VALUES (1445943, 'Chloe Hurst', 'https://image.tmdb.org/t/p/original/h42VtoxnH6onzfcyKSzRXg1gImB.jpg');
INSERT OR REPLACE INTO Pelicula (id_pelicula, titulo, descripcion, poster_path, backdrop_path, trailer, anio_estreno, duracion) VALUES (1198984, 'We Bury the Dead', 'Ava, una mujer desesperada cuyo marido ha desaparecido tras un catastrófico experimento militar, se une a una "unidad de recuperación de cadáveres", pero su búsqueda da un giro escalofriante cuando los cadáveres que está enterrando empiezan a dar señales de vida.', 'https://image.tmdb.org/t/p/original/xZqo0yPARmyF8TACVNyaOACkYWG.jpg', 'https://image.tmdb.org/t/p/original/vbkW4KerpshPZnP84w9qwSfYrhu.jpg', '', 2026, 95);
INSERT OR REPLACE INTO Pelicula_Actor (id_pelicula, id_actor, personaje) VALUES (1198984, 1315036, 'Ava');
INSERT OR REPLACE INTO Pelicula_Actor (id_pelicula, id_actor, personaje) VALUES (1198984, 1017347, 'Clay');
INSERT OR REPLACE INTO Pelicula_Actor (id_pelicula, id_actor, personaje) VALUES (1198984, 1323881, 'Riley');
INSERT OR REPLACE INTO Pelicula_Actor (id_pelicula, id_actor, personaje) VALUES (1198984, 1046893, 'Mitch');
INSERT OR REPLACE INTO Pelicula_Actor (id_pelicula, id_actor, personaje) VALUES (1198984, 1445943, 'Katie Harris');
INSERT OR IGNORE INTO Pelicula_Categoria (id_pelicula, id_categoria) VALUES (1198984, 4);
INSERT OR IGNORE INTO Pelicula_Categoria (id_pelicula, id_categoria) VALUES (1198984, 6);
INSERT OR IGNORE INTO Pelicula_Compania (id_pelicula, id_compania) VALUES (1198984, undefined);
-- Fin película: We Bury the Dead --
INSERT OR IGNORE INTO Actor (id_actor, nombre, foto_path) VALUES (5747150, 'Gomathi Shankar', 'https://image.tmdb.org/t/p/original/pzzV0Tyl40o2Hg7Dq4MWAufwGN8.jpg');
INSERT OR IGNORE INTO Actor (id_actor, nombre, foto_path) VALUES (1810366, 'Smruthi Venkat', 'https://image.tmdb.org/t/p/original/dpzzYk2fZxo0DAai2VTBQBpBLYv.jpg');
INSERT OR IGNORE INTO Actor (id_actor, nombre, foto_path) VALUES (580654, 'Michael Thangadurai', 'https://image.tmdb.org/t/p/original/rG1dgqpDsMJC4fI5JcNmhtPk0OD.jpg');
INSERT OR IGNORE INTO Actor (id_actor, nombre, foto_path) VALUES (5855863, 'Vijayashree', '');
INSERT OR IGNORE INTO Actor (id_actor, nombre, foto_path) VALUES (1422315, 'Kuberan', '');
INSERT OR REPLACE INTO Pelicula (id_pelicula, titulo, descripcion, poster_path, backdrop_path, trailer, anio_estreno, duracion) VALUES (1561955, 'Stephen', 'Una psiquiatra investiga a un asesino en serie confeso tras la desaparición de nueve niñas, pero termina cuestionándose si es culpable o víctima de un oscuro juego.', 'https://image.tmdb.org/t/p/original/yUURUJzeSTc47T2VeNw7nZwZ8VJ.jpg', 'https://image.tmdb.org/t/p/original/7cQjb8cRbRjF5tM5gOCnqsvC0iT.jpg', '', 2025, 124);
INSERT OR REPLACE INTO Pelicula_Actor (id_pelicula, id_actor, personaje) VALUES (1561955, 5747150, 'Stephen');
INSERT OR REPLACE INTO Pelicula_Actor (id_pelicula, id_actor, personaje) VALUES (1561955, 1810366, 'Seema');
INSERT OR REPLACE INTO Pelicula_Actor (id_pelicula, id_actor, personaje) VALUES (1561955, 580654, 'Michael Thangadurai');
INSERT OR REPLACE INTO Pelicula_Actor (id_pelicula, id_actor, personaje) VALUES (1561955, 5855863, 'Stephen's Mom');
INSERT OR REPLACE INTO Pelicula_Actor (id_pelicula, id_actor, personaje) VALUES (1561955, 1422315, 'Stephen's Dad');
INSERT OR IGNORE INTO Pelicula_Categoria (id_pelicula, id_categoria) VALUES (1561955, 6);
INSERT OR IGNORE INTO Pelicula_Compania (id_pelicula, id_compania) VALUES (1561955, undefined);
-- Fin película: Stephen --
INSERT OR IGNORE INTO Actor (id_actor, nombre, foto_path) VALUES (4103293, 'Jenn Rosa', 'https://image.tmdb.org/t/p/original/f2EItX0kOXJjDzZFZSFmGOVS8HB.jpg');
INSERT OR IGNORE INTO Actor (id_actor, nombre, foto_path) VALUES (3363711, 'Aica Veloso', 'https://image.tmdb.org/t/p/original/bL1Kd7IkesWnSPviN6waja99X7J.jpg');
INSERT OR IGNORE INTO Actor (id_actor, nombre, foto_path) VALUES (4529650, 'Cariz Manzano', 'https://image.tmdb.org/t/p/original/RaMgVj09Qm7cr1l3V4BYbOSKSZ.jpg');
INSERT OR IGNORE INTO Actor (id_actor, nombre, foto_path) VALUES (4436738, 'JD Aguas', 'https://image.tmdb.org/t/p/original/sjZFtChwvFmzYHbkcOo8kz3yfCP.jpg');
INSERT OR IGNORE INTO Actor (id_actor, nombre, foto_path) VALUES (4534709, 'Ralph Engle', 'https://image.tmdb.org/t/p/original/xHnaYDypbAWEYxyRUpcB5yxmRCv.jpg');
INSERT OR REPLACE INTO Pelicula (id_pelicula, titulo, descripcion, poster_path, backdrop_path, trailer, anio_estreno, duracion) VALUES (1266990, 'Kulong', '', 'https://image.tmdb.org/t/p/original/bZ8xfM705sK59dA1UCdRkEj7LHN.jpg', 'https://image.tmdb.org/t/p/original/mBc6RB7VajfykLqGx0ue7qatXky.jpg', '', 2024, 48);
INSERT OR REPLACE INTO Pelicula_Actor (id_pelicula, id_actor, personaje) VALUES (1266990, 4103293, 'Minerva');
INSERT OR REPLACE INTO Pelicula_Actor (id_pelicula, id_actor, personaje) VALUES (1266990, 3363711, 'Love');
INSERT OR REPLACE INTO Pelicula_Actor (id_pelicula, id_actor, personaje) VALUES (1266990, 4529650, 'Tisay');
INSERT OR REPLACE INTO Pelicula_Actor (id_pelicula, id_actor, personaje) VALUES (1266990, 4436738, 'Boie');
INSERT OR REPLACE INTO Pelicula_Actor (id_pelicula, id_actor, personaje) VALUES (1266990, 4534709, 'Jelon');
INSERT OR IGNORE INTO Pelicula_Categoria (id_pelicula, id_categoria) VALUES (1266990, 7);
INSERT OR IGNORE INTO Pelicula_Compania (id_pelicula, id_compania) VALUES (1266990, undefined);
-- Fin película: Kulong --
INSERT OR IGNORE INTO Actor (id_actor, nombre, foto_path) VALUES (7499, 'Jared Leto', 'https://image.tmdb.org/t/p/original/ca3x0OfIKbJppZh8S1Alx3GfUZO.jpg');
INSERT OR IGNORE INTO Actor (id_actor, nombre, foto_path) VALUES (1260481, 'Greta Lee', 'https://image.tmdb.org/t/p/original/6SydTis4XUcovlwIGskT59JowLX.jpg');
INSERT OR IGNORE INTO Actor (id_actor, nombre, foto_path) VALUES (55089, 'Evan Peters', 'https://image.tmdb.org/t/p/original/n4yb5deDWPsvSQ9KLm0WR2Q2elC.jpg');
INSERT OR IGNORE INTO Actor (id_actor, nombre, foto_path) VALUES (12214, 'Gillian Anderson', 'https://image.tmdb.org/t/p/original/5emeOf49lM2WSs4rc186Wc9Zgs3.jpg');
INSERT OR IGNORE INTO Actor (id_actor, nombre, foto_path) VALUES (1695989, 'Jodie Turner-Smith', 'https://image.tmdb.org/t/p/original/801hOIFSiYfakVDkX0U3vEAHAMt.jpg');
INSERT OR REPLACE INTO Pelicula (id_pelicula, titulo, descripcion, poster_path, backdrop_path, trailer, anio_estreno, duracion) VALUES (533533, 'TRON: Ares', 'La historia de Ares, un programa muy sofisticado que se envía desde el mundo digital al mundo real en una misión peligrosa y que va a representar el primer encuentro de la humanidad con seres creados por la IA.', 'https://image.tmdb.org/t/p/original/qShQABLVRMZKnv5mWOPXWniBeB3.jpg', 'https://image.tmdb.org/t/p/original/pUNfHmVqfwRdILhCkU8TdysVOXo.jpg', 'https://www.youtube.com/watch?v=Q1bvwjV5u3Q', 2025, 119);
INSERT OR REPLACE INTO Pelicula_Actor (id_pelicula, id_actor, personaje) VALUES (533533, 7499, 'Ares');
INSERT OR REPLACE INTO Pelicula_Actor (id_pelicula, id_actor, personaje) VALUES (533533, 1260481, 'Eve Kim');
INSERT OR REPLACE INTO Pelicula_Actor (id_pelicula, id_actor, personaje) VALUES (533533, 55089, 'Julian Dillinger');
INSERT OR REPLACE INTO Pelicula_Actor (id_pelicula, id_actor, personaje) VALUES (533533, 12214, 'Elisabeth Dillinger');
INSERT OR REPLACE INTO Pelicula_Actor (id_pelicula, id_actor, personaje) VALUES (533533, 1695989, 'Athena');
INSERT OR IGNORE INTO Pelicula_Categoria (id_pelicula, id_categoria) VALUES (533533, 3);
INSERT OR IGNORE INTO Pelicula_Categoria (id_pelicula, id_categoria) VALUES (533533, 1);
INSERT OR IGNORE INTO Pelicula_Categoria (id_pelicula, id_categoria) VALUES (533533, 5);
INSERT OR IGNORE INTO Pelicula_Compania (id_pelicula, id_compania) VALUES (533533, undefined);
INSERT OR IGNORE INTO Pelicula_Coleccion (id_pelicula, id_coleccion) VALUES (533533, 63043);
-- Fin película: TRON: Ares --
INSERT OR IGNORE INTO Actor (id_actor, nombre, foto_path) VALUES (1292258, 'Jack Kesy', 'https://image.tmdb.org/t/p/original/lQ8nUYK6InbCFk2TWNnXjjvG9IY.jpg');
INSERT OR IGNORE INTO Actor (id_actor, nombre, foto_path) VALUES (27811, 'Peter Weller', 'https://image.tmdb.org/t/p/original/mVRJX38zabRadVPJe0XOTObVzhp.jpg');
INSERT OR IGNORE INTO Actor (id_actor, nombre, foto_path) VALUES (945846, 'Tristin Mays', 'https://image.tmdb.org/t/p/original/5rV3IrC5AJq3yarWcnzCUa2BZCQ.jpg');
INSERT OR IGNORE INTO Actor (id_actor, nombre, foto_path) VALUES (65198, 'ケイン・コスギ', 'https://image.tmdb.org/t/p/original/zjU1zHGGlAK3yzL3cjc8lBUqrrr.jpg');
INSERT OR IGNORE INTO Actor (id_actor, nombre, foto_path) VALUES (75121, 'Steve Bastoni', 'https://image.tmdb.org/t/p/original/gPCisCPAouIEHiO9P03O4SGIR3C.jpg');
INSERT OR REPLACE INTO Pelicula (id_pelicula, titulo, descripcion, poster_path, backdrop_path, trailer, anio_estreno, duracion) VALUES (1491902, 'ปัง', '', 'https://image.tmdb.org/t/p/original/1kQTLtNy8A5lAWEU2LfjWxg6UQJ.jpg', 'https://image.tmdb.org/t/p/original/sW0X1265yuRHUorLKCrJDv9TJD7.jpg', '', 2025, 88);
INSERT OR REPLACE INTO Pelicula_Actor (id_pelicula, id_actor, personaje) VALUES (1491902, 1292258, 'William Bang');
INSERT OR REPLACE INTO Pelicula_Actor (id_pelicula, id_actor, personaje) VALUES (1491902, 27811, 'Morgan Cutter');
INSERT OR REPLACE INTO Pelicula_Actor (id_pelicula, id_actor, personaje) VALUES (1491902, 945846, 'April');
INSERT OR REPLACE INTO Pelicula_Actor (id_pelicula, id_actor, personaje) VALUES (1491902, 65198, 'Momo');
INSERT OR REPLACE INTO Pelicula_Actor (id_pelicula, id_actor, personaje) VALUES (1491902, 75121, 'Johnny Finger');
INSERT OR IGNORE INTO Pelicula_Categoria (id_pelicula, id_categoria) VALUES (1491902, 5);
INSERT OR IGNORE INTO Pelicula_Categoria (id_pelicula, id_categoria) VALUES (1491902, 6);
INSERT OR IGNORE INTO Pelicula_Compania (id_pelicula, id_compania) VALUES (1491902, undefined);
-- Fin película: ปัง --
INSERT OR IGNORE INTO Actor (id_actor, nombre, foto_path) VALUES (287, 'Brad Pitt', 'https://image.tmdb.org/t/p/original/cckcYc2v0yh1tc9QjRelptcOBko.jpg');
INSERT OR IGNORE INTO Actor (id_actor, nombre, foto_path) VALUES (1837297, 'Damson Idris', 'https://image.tmdb.org/t/p/original/4jKOg4jCqNwXyrYd3coqgmCqkMy.jpg');
INSERT OR IGNORE INTO Actor (id_actor, nombre, foto_path) VALUES (3810, 'Javier Bardem', 'https://image.tmdb.org/t/p/original/p5xjCovj1uzvA2SXrWLH78Nh1Jf.jpg');
INSERT OR IGNORE INTO Actor (id_actor, nombre, foto_path) VALUES (62105, 'Kerry Condon', 'https://image.tmdb.org/t/p/original/8RO25vJxQSoNdhsVbiAHOsiGfvl.jpg');
INSERT OR IGNORE INTO Actor (id_actor, nombre, foto_path) VALUES (10920, 'Tobias Menzies', 'https://image.tmdb.org/t/p/original/hGhAw2obMEOu1K0ed9b3jds9thf.jpg');
INSERT OR REPLACE INTO Pelicula (id_pelicula, titulo, descripcion, poster_path, backdrop_path, trailer, anio_estreno, duracion) VALUES (911430, 'F1 la película', 'El mítico piloto Sonny Hayes vuelve de su retiro, persuadido para liderar un equipo de Fórmula 1 en apuros y guiar a su joven promesa, en busca de una nueva oportunidad de éxito.', 'https://image.tmdb.org/t/p/original/wfpqaxoPKvcqzLy8FO0enGXBzU.jpg', 'https://image.tmdb.org/t/p/original/ZtcGMc204JsNqfjS9lU6udRgpo.jpg', 'https://www.youtube.com/watch?v=mizQBIpMrbE', 2025, 155);
INSERT OR REPLACE INTO Pelicula_Actor (id_pelicula, id_actor, personaje) VALUES (911430, 287, 'Sonny Hayes');
INSERT OR REPLACE INTO Pelicula_Actor (id_pelicula, id_actor, personaje) VALUES (911430, 1837297, 'Joshua Pearce');
INSERT OR REPLACE INTO Pelicula_Actor (id_pelicula, id_actor, personaje) VALUES (911430, 3810, 'Ruben Cervantes');
INSERT OR REPLACE INTO Pelicula_Actor (id_pelicula, id_actor, personaje) VALUES (911430, 62105, 'Kate McKenna');
INSERT OR REPLACE INTO Pelicula_Actor (id_pelicula, id_actor, personaje) VALUES (911430, 10920, 'Peter Banning');
INSERT OR IGNORE INTO Pelicula_Categoria (id_pelicula, id_categoria) VALUES (911430, 5);
INSERT OR IGNORE INTO Pelicula_Categoria (id_pelicula, id_categoria) VALUES (911430, 7);
INSERT OR IGNORE INTO Pelicula_Compania (id_pelicula, id_compania) VALUES (911430, undefined);
-- Fin película: F1 la película --
INSERT OR IGNORE INTO Actor (id_actor, nombre, foto_path) VALUES (6383, 'Aaron Eckhart', 'https://image.tmdb.org/t/p/original/u5JjnRMr9zKEVvOP7k3F6gdcwT6.jpg');
INSERT OR IGNORE INTO Actor (id_actor, nombre, foto_path) VALUES (1139816, 'Tanya van Graan', 'https://image.tmdb.org/t/p/original/xeTvZH86esj3tuErPv0relTqPOY.jpg');
INSERT OR IGNORE INTO Actor (id_actor, nombre, foto_path) VALUES (209193, 'Karl Thaning', 'https://image.tmdb.org/t/p/original/oOrTV9OvC5H1BlRosJcdxWlYWW5.jpg');
INSERT OR IGNORE INTO Actor (id_actor, nombre, foto_path) VALUES (1658759, 'Nicole Fortuin', 'https://image.tmdb.org/t/p/original/6YxW3hZANTmhrESXIdFtqvfIjtq.jpg');
INSERT OR IGNORE INTO Actor (id_actor, nombre, foto_path) VALUES (85780, 'Adrian Collins', 'https://image.tmdb.org/t/p/original/3ROguAf0SqpnrA5gJ3MkdL6Yxab.jpg');
INSERT OR REPLACE INTO Pelicula (id_pelicula, titulo, descripcion, poster_path, backdrop_path, trailer, anio_estreno, duracion) VALUES (1439112, 'En busca de venganza 2: Ciudad de los lobos', 'Jake Rosser está atormentado por el trastorno de estrés postraumático de sus días como oficial K-9 y se esfuerza por llevar una vida pacífica con su familia y su compañero K-9 retirado, Socks. Pero la tranquilidad se disuelve rápidamente cuando una despiadada banda los persigue en un brutal ataque. Decidido a proteger a sus seres queridos, Jake y su nuevo compañero K-9 «Argos» se adentran en los violentos entresijos de la delincuencia, donde Jake se enfrenta a funcionarios corruptos, descubre una peligrosa red de tráfico de drogas y lucha contra sus propios demonios internos.', 'https://image.tmdb.org/t/p/original/yBg2t8vuqrE8nqrxS3VzW3Qvzh3.jpg', 'https://image.tmdb.org/t/p/original/ncI1PlBcANixIkgQSnjsSRz4OyT.jpg', '', 2025, 93);
INSERT OR REPLACE INTO Pelicula_Actor (id_pelicula, id_actor, personaje) VALUES (1439112, 6383, 'Jake Rosser');
INSERT OR REPLACE INTO Pelicula_Actor (id_pelicula, id_actor, personaje) VALUES (1439112, 1139816, 'Mia Rosser');
INSERT OR REPLACE INTO Pelicula_Actor (id_pelicula, id_actor, personaje) VALUES (1439112, 209193, 'Officer Beekman');
INSERT OR REPLACE INTO Pelicula_Actor (id_pelicula, id_actor, personaje) VALUES (1439112, 1658759, 'Detective Idalia Cutler');
INSERT OR REPLACE INTO Pelicula_Actor (id_pelicula, id_actor, personaje) VALUES (1439112, 85780, 'Officer Cobb');
INSERT OR IGNORE INTO Pelicula_Categoria (id_pelicula, id_categoria) VALUES (1439112, 5);
INSERT OR IGNORE INTO Pelicula_Categoria (id_pelicula, id_categoria) VALUES (1439112, 6);
INSERT OR IGNORE INTO Pelicula_Categoria (id_pelicula, id_categoria) VALUES (1439112, 1);
INSERT OR IGNORE INTO Pelicula_Compania (id_pelicula, id_compania) VALUES (1439112, undefined);
INSERT OR IGNORE INTO Pelicula_Coleccion (id_pelicula, id_coleccion) VALUES (1439112, 1570181);
-- Fin película: En busca de venganza 2: Ciudad de los lobos --
INSERT OR IGNORE INTO Actor (id_actor, nombre, foto_path) VALUES (1295282, 'Johnny Sequoyah', 'https://image.tmdb.org/t/p/original/taFfjOB4lPAx75kJo9yFylKT1ek.jpg');
INSERT OR IGNORE INTO Actor (id_actor, nombre, foto_path) VALUES (2600509, 'Jessica Alexander', 'https://image.tmdb.org/t/p/original/61DzjStCt7NXwyUf3ALTAo47nCI.jpg');
INSERT OR IGNORE INTO Actor (id_actor, nombre, foto_path) VALUES (1571661, 'Troy Kotsur', 'https://image.tmdb.org/t/p/original/24K3og12jGBGL9dqH5OYFdjF9wu.jpg');
INSERT OR IGNORE INTO Actor (id_actor, nombre, foto_path) VALUES (4979358, 'Victoria Wyant', 'https://image.tmdb.org/t/p/original/et8teE6ZMqdWGWYj3aDIMD6Yhvt.jpg');
INSERT OR IGNORE INTO Actor (id_actor, nombre, foto_path) VALUES (3675179, 'Gia Hunter', 'https://image.tmdb.org/t/p/original/fK7xZRr1qhCjby0njwhsfgLyW0P.jpg');
INSERT OR REPLACE INTO Pelicula (id_pelicula, titulo, descripcion, poster_path, backdrop_path, trailer, anio_estreno, duracion) VALUES (1315303, 'Primate', '', 'https://image.tmdb.org/t/p/original/cyqEghDphEUunLfongtpmROjpID.jpg', 'https://image.tmdb.org/t/p/original/eFUtmW3XqK4MVwPotko0pm6oMRK.jpg', 'https://www.youtube.com/watch?v=F0fn4knTR2s', 2026, 89);
INSERT OR REPLACE INTO Pelicula_Actor (id_pelicula, id_actor, personaje) VALUES (1315303, 1295282, 'Lucy');
INSERT OR REPLACE INTO Pelicula_Actor (id_pelicula, id_actor, personaje) VALUES (1315303, 2600509, 'Hannah');
INSERT OR REPLACE INTO Pelicula_Actor (id_pelicula, id_actor, personaje) VALUES (1315303, 1571661, 'Adam');
INSERT OR REPLACE INTO Pelicula_Actor (id_pelicula, id_actor, personaje) VALUES (1315303, 4979358, 'Kate');
INSERT OR REPLACE INTO Pelicula_Actor (id_pelicula, id_actor, personaje) VALUES (1315303, 3675179, 'Erin');
INSERT OR IGNORE INTO Pelicula_Categoria (id_pelicula, id_categoria) VALUES (1315303, 4);
INSERT OR IGNORE INTO Pelicula_Categoria (id_pelicula, id_categoria) VALUES (1315303, 6);
INSERT OR IGNORE INTO Pelicula_Compania (id_pelicula, id_compania) VALUES (1315303, undefined);
-- Fin película: Primate --
INSERT OR IGNORE INTO Actor (id_actor, nombre, foto_path) VALUES (1762588, 'Anouck Hautbois', 'https://image.tmdb.org/t/p/original/yHBoYywjBecWuzI9ir2LKBzliRP.jpg');
INSERT OR IGNORE INTO Actor (id_actor, nombre, foto_path) VALUES (5535460, 'Clara Soares', 'https://image.tmdb.org/t/p/original/nPBty1OeKBVbM5EDWmwPHQpmY9Z.jpg');
INSERT OR IGNORE INTO Actor (id_actor, nombre, foto_path) VALUES (1558941, 'Claire Baradat', 'https://image.tmdb.org/t/p/original/wkuYETuFtlD6bHNhQk1h1hadxu8.jpg');
INSERT OR IGNORE INTO Actor (id_actor, nombre, foto_path) VALUES (5788374, 'Grégory Laisné', '');
INSERT OR IGNORE INTO Actor (id_actor, nombre, foto_path) VALUES (1558832, 'Benjamin Bollen', 'https://image.tmdb.org/t/p/original/v39WarohjEdNCexiM5wF6CCMwG1.jpg');
INSERT OR REPLACE INTO Pelicula (id_pelicula, titulo, descripcion, poster_path, backdrop_path, trailer, anio_estreno, duracion) VALUES (1147411, 'Miraculous World : Tokyo, Stellar Force', '', 'https://image.tmdb.org/t/p/original/vFaopnGXRXxRf4z2Z3IgA1QtOyV.jpg', 'https://image.tmdb.org/t/p/original/3kps0wiGFMRVkSXxbebbAUeWrN3.jpg', '', 2025, 51);
INSERT OR REPLACE INTO Pelicula_Actor (id_pelicula, id_actor, personaje) VALUES (1147411, 1762588, 'Marinette / Ladybug (voice)');
INSERT OR REPLACE INTO Pelicula_Actor (id_pelicula, id_actor, personaje) VALUES (1147411, 5535460, 'Kagami / Ryuko (voice)');
INSERT OR REPLACE INTO Pelicula_Actor (id_pelicula, id_actor, personaje) VALUES (1147411, 1558941, 'Miki / Lion (voice)');
INSERT OR REPLACE INTO Pelicula_Actor (id_pelicula, id_actor, personaje) VALUES (1147411, 5788374, 'Kazuno / Capricorne (voice)');
INSERT OR REPLACE INTO Pelicula_Actor (id_pelicula, id_actor, personaje) VALUES (1147411, 1558832, 'Adrien / Félix (voice)');
INSERT OR IGNORE INTO Pelicula_Categoria (id_pelicula, id_categoria) VALUES (1147411, 1);
INSERT OR IGNORE INTO Pelicula_Categoria (id_pelicula, id_categoria) VALUES (1147411, 5);
INSERT OR IGNORE INTO Pelicula_Categoria (id_pelicula, id_categoria) VALUES (1147411, 5);
INSERT OR IGNORE INTO Pelicula_Categoria (id_pelicula, id_categoria) VALUES (1147411, 7);
INSERT OR IGNORE INTO Pelicula_Categoria (id_pelicula, id_categoria) VALUES (1147411, 12);
INSERT OR IGNORE INTO Pelicula_Compania (id_pelicula, id_compania) VALUES (1147411, undefined);
INSERT OR IGNORE INTO Pelicula_Coleccion (id_pelicula, id_coleccion) VALUES (1147411, 822306);
-- Fin película: Miraculous World : Tokyo, Stellar Force --
INSERT OR IGNORE INTO Actor (id_actor, nombre, foto_path) VALUES (52583, 'Wagner Moura', 'https://image.tmdb.org/t/p/original/5Vs0d8js1uJV0WDPwMFU3zO2n3m.jpg');
INSERT OR IGNORE INTO Actor (id_actor, nombre, foto_path) VALUES (2346588, 'Carlos Francisco', 'https://image.tmdb.org/t/p/original/ihf4bN4GuScyA2QwlzVCnPqOuOo.jpg');
INSERT OR IGNORE INTO Actor (id_actor, nombre, foto_path) VALUES (4497686, 'Tânia Maria', 'https://image.tmdb.org/t/p/original/73QyA2htiMJ01sFo25KLCDyPtWF.jpg');
INSERT OR IGNORE INTO Actor (id_actor, nombre, foto_path) VALUES (2375667, 'Robério Diógenes', 'https://image.tmdb.org/t/p/original/dLYYDd4FwB8fMb5A7Q54UOfxdet.jpg');
INSERT OR IGNORE INTO Actor (id_actor, nombre, foto_path) VALUES (143500, 'Roney Villela', 'https://image.tmdb.org/t/p/original/y0S7k8ahQF8FAJ0ZCzK2BfTKbz0.jpg');
INSERT OR REPLACE INTO Pelicula (id_pelicula, titulo, descripcion, poster_path, backdrop_path, trailer, anio_estreno, duracion) VALUES (1220564, 'El agente secreto', 'En Brasil, en 1977, Marcelo, un especialista en tecnología que huye de un pasado misterioso, regresa a Recife en busca de paz, pero se da cuenta de que la ciudad está lejos del refugio que busca.', 'https://image.tmdb.org/t/p/original/qYWybdgL6casJxbZE0xLGXsdWOP.jpg', 'https://image.tmdb.org/t/p/original/b4uXVgLCOxx2c9VbyppdSD9G3Xq.jpg', 'https://www.youtube.com/watch?v=GcyZJpOfX_k', 2025, 161);
INSERT OR REPLACE INTO Pelicula_Actor (id_pelicula, id_actor, personaje) VALUES (1220564, 52583, 'Armando / Marcelo / Adult Fernando');
INSERT OR REPLACE INTO Pelicula_Actor (id_pelicula, id_actor, personaje) VALUES (1220564, 2346588, 'Seu Alexandre');
INSERT OR REPLACE INTO Pelicula_Actor (id_pelicula, id_actor, personaje) VALUES (1220564, 4497686, 'Dona Sebastiana');
INSERT OR REPLACE INTO Pelicula_Actor (id_pelicula, id_actor, personaje) VALUES (1220564, 2375667, 'Euclides');
INSERT OR REPLACE INTO Pelicula_Actor (id_pelicula, id_actor, personaje) VALUES (1220564, 143500, 'Augusto');
INSERT OR IGNORE INTO Pelicula_Categoria (id_pelicula, id_categoria) VALUES (1220564, 9);
INSERT OR IGNORE INTO Pelicula_Categoria (id_pelicula, id_categoria) VALUES (1220564, 7);
INSERT OR IGNORE INTO Pelicula_Categoria (id_pelicula, id_categoria) VALUES (1220564, 6);
INSERT OR IGNORE INTO Pelicula_Compania (id_pelicula, id_compania) VALUES (1220564, undefined);
-- Fin película: El agente secreto --
INSERT OR IGNORE INTO Actor (id_actor, nombre, foto_path) VALUES (148012, 'Jorma Tommila', 'https://image.tmdb.org/t/p/original/ll9ZZR4kMnHS8FU2yHx76bnm0P.jpg');
INSERT OR IGNORE INTO Actor (id_actor, nombre, foto_path) VALUES (32747, 'Stephen Lang', 'https://image.tmdb.org/t/p/original/gnO5VfkDgA2fsHweD0622LUY3Hu.jpg');
INSERT OR IGNORE INTO Actor (id_actor, nombre, foto_path) VALUES (3901, 'Richard Brake', 'https://image.tmdb.org/t/p/original/JwsiErANShzPSdYsNoiNYdrSg1.jpg');
INSERT OR IGNORE INTO Actor (id_actor, nombre, foto_path) VALUES (93004, 'Tommi Korpela', 'https://image.tmdb.org/t/p/original/8RdCWktYZl0xF7SLZdRUKAoV7Ta.jpg');
INSERT OR IGNORE INTO Actor (id_actor, nombre, foto_path) VALUES (1418968, 'Kaspar Velberg', 'https://image.tmdb.org/t/p/original/mYlQdQWoNdk7QdrqNqATNA7ZOWH.jpg');
INSERT OR REPLACE INTO Pelicula (id_pelicula, titulo, descripcion, poster_path, backdrop_path, trailer, anio_estreno, duracion) VALUES (1223601, 'Sisu: Camino a la venganza', 'Al regresar a la casa donde su familia fue brutalmente asesinada durante la guerra, «el hombre que se niega a morir» la desmantela, la carga en un camión y se propone reconstruirla en un lugar seguro en honor a ellos. Cuando el comandante del Ejército Rojo que mató a su familia regresa empeñado en terminar el trabajo, se produce una implacable y espectacular persecución a través del país, una lucha a muerte llena de escenas de acción increíbles e ingeniosas.', 'https://image.tmdb.org/t/p/original/qQyc6t9dHS5dlIUt3ccCQnRIAc1.jpg', 'https://image.tmdb.org/t/p/original/yCatt8lmp3oRFEcOZF8KHhsiASQ.jpg', 'https://www.youtube.com/watch?v=SzWyH7r5gM8', 2025, 89);
INSERT OR REPLACE INTO Pelicula_Actor (id_pelicula, id_actor, personaje) VALUES (1223601, 148012, 'Aatami Korpi');
INSERT OR REPLACE INTO Pelicula_Actor (id_pelicula, id_actor, personaje) VALUES (1223601, 32747, 'Yeagor Dragunov');
INSERT OR REPLACE INTO Pelicula_Actor (id_pelicula, id_actor, personaje) VALUES (1223601, 3901, 'KGB Officer');
INSERT OR REPLACE INTO Pelicula_Actor (id_pelicula, id_actor, personaje) VALUES (1223601, 93004, 'Finnish Man');
INSERT OR REPLACE INTO Pelicula_Actor (id_pelicula, id_actor, personaje) VALUES (1223601, 1418968, 'Pilot');
INSERT OR IGNORE INTO Pelicula_Categoria (id_pelicula, id_categoria) VALUES (1223601, 5);
INSERT OR IGNORE INTO Pelicula_Categoria (id_pelicula, id_categoria) VALUES (1223601, 1);
INSERT OR IGNORE INTO Pelicula_Compania (id_pelicula, id_compania) VALUES (1223601, undefined);
INSERT OR IGNORE INTO Pelicula_Coleccion (id_pelicula, id_coleccion) VALUES (1223601, 1262937);
-- Fin película: Sisu: Camino a la venganza --
INSERT OR IGNORE INTO Actor (id_actor, nombre, foto_path) VALUES (1035873, 'Joyce Jimenez', 'https://image.tmdb.org/t/p/original/bOCnuUTy9NLrrRxce8HpXNNCfBE.jpg');
INSERT OR IGNORE INTO Actor (id_actor, nombre, foto_path) VALUES (1052738, 'Mark Anthony Fernandez', 'https://image.tmdb.org/t/p/original/wJUZQyd2FUdj1A18Q0KVk7MkDqp.jpg');
INSERT OR REPLACE INTO Pelicula (id_pelicula, titulo, descripcion, poster_path, backdrop_path, trailer, anio_estreno, duracion) VALUES (111646, 'Biyaheng Langit', '', 'https://image.tmdb.org/t/p/original/pqNk7q4Ce28rsXsC8q5cptdYnsl.jpg', 'https://image.tmdb.org/t/p/original/j5MdNZz3Seyj9vIIjeaF9M0yJFS.jpg', '', 2000, 91);
INSERT OR REPLACE INTO Pelicula_Actor (id_pelicula, id_actor, personaje) VALUES (111646, 1035873, 'Bea');
INSERT OR REPLACE INTO Pelicula_Actor (id_pelicula, id_actor, personaje) VALUES (111646, 1052738, 'Danny');
INSERT OR IGNORE INTO Pelicula_Categoria (id_pelicula, id_categoria) VALUES (111646, 7);
INSERT OR IGNORE INTO Pelicula_Categoria (id_pelicula, id_categoria) VALUES (111646, 5);
INSERT OR IGNORE INTO Pelicula_Categoria (id_pelicula, id_categoria) VALUES (111646, 10);
INSERT OR IGNORE INTO Pelicula_Compania (id_pelicula, id_compania) VALUES (111646, undefined);
-- Fin película: Biyaheng Langit --
INSERT OR IGNORE INTO Actor (id_actor, nombre, foto_path) VALUES (417, 'Ginnifer Goodwin', 'https://image.tmdb.org/t/p/original/xOCA2WN5MRfXmJmlzEbFEhIbfIQ.jpg');
INSERT OR IGNORE INTO Actor (id_actor, nombre, foto_path) VALUES (23532, 'Jason Bateman', 'https://image.tmdb.org/t/p/original/8e6mt0vGjPo6eW52gqRuXy5YnfN.jpg');
INSERT OR IGNORE INTO Actor (id_actor, nombre, foto_path) VALUES (17605, 'Idris Elba', 'https://image.tmdb.org/t/p/original/be1bVF7qGX91a6c5WeRPs5pKXln.jpg');
INSERT OR IGNORE INTO Actor (id_actor, nombre, foto_path) VALUES (213001, 'Jenny Slate', 'https://image.tmdb.org/t/p/original/aqH8MCnT3O5Od3OfZR8LClSP7UB.jpg');
INSERT OR IGNORE INTO Actor (id_actor, nombre, foto_path) VALUES (41565, 'Nate Torrence', 'https://image.tmdb.org/t/p/original/yT9o149xPygdY0NsF9sNgiQwuru.jpg');
INSERT OR REPLACE INTO Pelicula (id_pelicula, titulo, descripcion, poster_path, backdrop_path, trailer, anio_estreno, duracion) VALUES (269149, 'Zootrópolis', 'La moderna metrópoli mamífera de Zootrópolis es una ciudad absolutamente única. Está compuesta de barrios con diferentes hábitats como la lujosa Plaza Sahara, el Distrito Selva Tropical y el gélido Distrito Tundra. Es un crisol donde los animales de cada entorno conviven, un lugar donde no importa lo que seas. De hecho puedes ser cualquier cosa, desde un elefante enorme hasta la musaraña más diminuta. Pero cuando llega la optimista agente Judy Hopps, descubre que ser la primera conejita de un cuerpo policial compuesto de animales duros y enormes no es nada fácil. Pero está decidida a demostrar su valía y se mete de cabeza en un caso, a pesar de que eso significa trabajar con Nick Wilde, un zorro parlanchín y estafador, para resolver el misterio.', 'https://image.tmdb.org/t/p/original/i3WnZpJkQYXXbSGplEGmyoyeskM.jpg', 'https://image.tmdb.org/t/p/original/9tOkjBEiiGcaClgJFtwocStZvIT.jpg', 'https://www.youtube.com/watch?v=FE_fc3xcLPY', 2016, 108);
INSERT OR REPLACE INTO Pelicula_Actor (id_pelicula, id_actor, personaje) VALUES (269149, 417, 'Judy Hopps (voice)');
INSERT OR REPLACE INTO Pelicula_Actor (id_pelicula, id_actor, personaje) VALUES (269149, 23532, 'Nick Wilde (voice)');
INSERT OR REPLACE INTO Pelicula_Actor (id_pelicula, id_actor, personaje) VALUES (269149, 17605, 'Chief Bogo (voice)');
INSERT OR REPLACE INTO Pelicula_Actor (id_pelicula, id_actor, personaje) VALUES (269149, 213001, 'Bellwether (voice)');
INSERT OR REPLACE INTO Pelicula_Actor (id_pelicula, id_actor, personaje) VALUES (269149, 41565, 'Clawhauser (voice)');
INSERT OR IGNORE INTO Pelicula_Categoria (id_pelicula, id_categoria) VALUES (269149, 5);
INSERT OR IGNORE INTO Pelicula_Categoria (id_pelicula, id_categoria) VALUES (269149, 1);
INSERT OR IGNORE INTO Pelicula_Categoria (id_pelicula, id_categoria) VALUES (269149, 12);
INSERT OR IGNORE INTO Pelicula_Categoria (id_pelicula, id_categoria) VALUES (269149, 12);
INSERT OR IGNORE INTO Pelicula_Compania (id_pelicula, id_compania) VALUES (269149, undefined);
INSERT OR IGNORE INTO Pelicula_Coleccion (id_pelicula, id_coleccion) VALUES (269149, 1084247);
-- Fin película: Zootrópolis --
INSERT OR IGNORE INTO Actor (id_actor, nombre, foto_path) VALUES (1600272, 'Melania Trump', 'https://image.tmdb.org/t/p/original/tPgzYRxWRbIx3GDA9AXwmle9nqc.jpg');
INSERT OR IGNORE INTO Actor (id_actor, nombre, foto_path) VALUES (33663, 'Donald Trump', 'https://image.tmdb.org/t/p/original/nkQrZELEgxsvwDSlYkNfpFmsFx4.jpg');
INSERT OR IGNORE INTO Actor (id_actor, nombre, foto_path) VALUES (2346426, 'Barron Trump', 'https://image.tmdb.org/t/p/original/dHRc5QVNL5JidsAPd4Bvp929E1x.jpg');
INSERT OR IGNORE INTO Actor (id_actor, nombre, foto_path) VALUES (146720, 'Hervé Pierre', 'https://image.tmdb.org/t/p/original/dFjFLiRdyLGkMFlHed7aNRPiJrK.jpg');
INSERT OR IGNORE INTO Actor (id_actor, nombre, foto_path) VALUES (2311145, 'رانيا العبد الله', 'https://image.tmdb.org/t/p/original/uy1zDDFsbvX8tQa6yW7d2JOXoQM.jpg');
INSERT OR REPLACE INTO Pelicula (id_pelicula, titulo, descripcion, poster_path, backdrop_path, trailer, anio_estreno, duracion) VALUES (1413097, 'Melania', 'Una crónica íntima ofrece una visión poco común de la vida de Melania Trump, explorando su papel como primera dama y su relación con el expresidente', 'https://image.tmdb.org/t/p/original/xG3v5b3rIgudFoV2ceMiWE01F0q.jpg', 'https://image.tmdb.org/t/p/original/3R5SXP6AWMclxhrWChOqWPl3W9d.jpg', '', 2026, 104);
INSERT OR REPLACE INTO Pelicula_Actor (id_pelicula, id_actor, personaje) VALUES (1413097, 1600272, 'Self');
INSERT OR REPLACE INTO Pelicula_Actor (id_pelicula, id_actor, personaje) VALUES (1413097, 33663, 'Self');
INSERT OR REPLACE INTO Pelicula_Actor (id_pelicula, id_actor, personaje) VALUES (1413097, 2346426, 'Self');
INSERT OR REPLACE INTO Pelicula_Actor (id_pelicula, id_actor, personaje) VALUES (1413097, 146720, 'Self');
INSERT OR REPLACE INTO Pelicula_Actor (id_pelicula, id_actor, personaje) VALUES (1413097, 2311145, 'Self');
INSERT OR IGNORE INTO Pelicula_Categoria (id_pelicula, id_categoria) VALUES (1413097, 4);
INSERT OR IGNORE INTO Pelicula_Compania (id_pelicula, id_compania) VALUES (1413097, undefined);
-- Fin película: Melania --
INSERT OR IGNORE INTO Actor (id_actor, nombre, foto_path) VALUES (2527414, 'Nicole Wallace', 'https://image.tmdb.org/t/p/original/xlvq6OYCN6yQef4fpJQtwVyQxqr.jpg');
INSERT OR IGNORE INTO Actor (id_actor, nombre, foto_path) VALUES (2786960, 'Gabriel Guevara', 'https://image.tmdb.org/t/p/original/pviRYKEEmoPUfLYwP1VHJ6LQcRg.jpg');
INSERT OR IGNORE INTO Actor (id_actor, nombre, foto_path) VALUES (970027, 'Marta Hazas', 'https://image.tmdb.org/t/p/original/1dbeTFRCbWBt70dIGjYHKVLnpaG.jpg');
INSERT OR IGNORE INTO Actor (id_actor, nombre, foto_path) VALUES (1251336, 'Iván Sánchez', 'https://image.tmdb.org/t/p/original/woVz8D7t1VUKjFJnsTAdc8tyz5C.jpg');
INSERT OR IGNORE INTO Actor (id_actor, nombre, foto_path) VALUES (4105602, 'Eva Ruiz', 'https://image.tmdb.org/t/p/original/bcu0nmQvhxwTzh4csc4kuxJsQee.jpg');
INSERT OR REPLACE INTO Pelicula (id_pelicula, titulo, descripcion, poster_path, backdrop_path, trailer, anio_estreno, duracion) VALUES (1010581, 'Culpa mía', 'Noah debe dejar su ciudad, novio y amigos para mudarse a la mansión de William Leister, el flamante y rico marido de su madre Rafaela. Por otro lado, con 17 años, orgullosa e independiente, Noah se resiste a vivir en una mansión rodeada de lujo. Allí conoce a Nick, su nuevo hermanastro, y el choque de sus fuertes personalidades se hace evidente desde el primer momento.', 'https://image.tmdb.org/t/p/original/gp31EwMH5D2bftOjscwkgTmoLAB.jpg', 'https://image.tmdb.org/t/p/original/oz4U9eA6ilYf1tyiVuGmkftdLac.jpg', 'https://www.youtube.com/watch?v=1SqMjrE0J6E', 2023, 117);
INSERT OR REPLACE INTO Pelicula_Actor (id_pelicula, id_actor, personaje) VALUES (1010581, 2527414, 'Noah Morgan');
INSERT OR REPLACE INTO Pelicula_Actor (id_pelicula, id_actor, personaje) VALUES (1010581, 2786960, 'Nick Leister');
INSERT OR REPLACE INTO Pelicula_Actor (id_pelicula, id_actor, personaje) VALUES (1010581, 970027, 'Rafaela');
INSERT OR REPLACE INTO Pelicula_Actor (id_pelicula, id_actor, personaje) VALUES (1010581, 1251336, 'William Leister');
INSERT OR REPLACE INTO Pelicula_Actor (id_pelicula, id_actor, personaje) VALUES (1010581, 4105602, 'Jenna');
INSERT OR IGNORE INTO Pelicula_Categoria (id_pelicula, id_categoria) VALUES (1010581, 7);
INSERT OR IGNORE INTO Pelicula_Categoria (id_pelicula, id_categoria) VALUES (1010581, 10);
INSERT OR IGNORE INTO Pelicula_Categoria (id_pelicula, id_categoria) VALUES (1010581, 6);
INSERT OR IGNORE INTO Pelicula_Compania (id_pelicula, id_compania) VALUES (1010581, undefined);
INSERT OR IGNORE INTO Pelicula_Coleccion (id_pelicula, id_coleccion) VALUES (1010581, 1156666);
-- Fin película: Culpa mía --
INSERT OR IGNORE INTO Actor (id_actor, nombre, foto_path) VALUES (25002, 'Lee Byung-hun', 'https://image.tmdb.org/t/p/original/j7SUd9Qi8iOxgrQGb3nQyEYcXur.jpg');
INSERT OR IGNORE INTO Actor (id_actor, nombre, foto_path) VALUES (86889, 'Son Ye-jin', 'https://image.tmdb.org/t/p/original/njczzJJnugd9y7p5CF3XW7dcyYK.jpg');
INSERT OR IGNORE INTO Actor (id_actor, nombre, foto_path) VALUES (93999, 'Park Hee-soon', 'https://image.tmdb.org/t/p/original/s2SSzvlsSfCPP5EXhCoWUr8970F.jpg');
INSERT OR IGNORE INTO Actor (id_actor, nombre, foto_path) VALUES (141548, '이성민', 'https://image.tmdb.org/t/p/original/25NytLwnf40D5Yd8MAYnvhar405.jpg');
INSERT OR IGNORE INTO Actor (id_actor, nombre, foto_path) VALUES (2084416, '염혜란', 'https://image.tmdb.org/t/p/original/xZxVHnbDdNxF6J8UhwBTkJGNKWx.jpg');
INSERT OR REPLACE INTO Pelicula (id_pelicula, titulo, descripcion, poster_path, backdrop_path, trailer, anio_estreno, duracion) VALUES (639988, 'No hay otra opción', 'La historia sigue a un hombre de mediana edad llamado Man-su que se embarca decidido en una búsqueda de trabajo tras ser despedido inesperadamente de la compañía de papel en la que trabajó durante 25 años. "Si no hay una vacante para mí, tendré que crear una para que me contraten. No hay otra opción". Adaptación de la novela "The Ax" de Donald E. Westlake, que ya fue llevada al cine en la película "Arcadia", dirigida por Costa-Gavras en 2005.', 'https://image.tmdb.org/t/p/original/9gu70dhYzzPNLh0hNpzZKdE1Pun.jpg', 'https://image.tmdb.org/t/p/original/s6aB9kjxNg0mu2361IkCUSpyHJV.jpg', '', 2025, 139);
INSERT OR REPLACE INTO Pelicula_Actor (id_pelicula, id_actor, personaje) VALUES (639988, 25002, 'Yoo Man-su');
INSERT OR REPLACE INTO Pelicula_Actor (id_pelicula, id_actor, personaje) VALUES (639988, 86889, 'Lee Mi-ri');
INSERT OR REPLACE INTO Pelicula_Actor (id_pelicula, id_actor, personaje) VALUES (639988, 93999, 'Choi Seon-chul');
INSERT OR REPLACE INTO Pelicula_Actor (id_pelicula, id_actor, personaje) VALUES (639988, 141548, 'Gu Bum-mo');
INSERT OR REPLACE INTO Pelicula_Actor (id_pelicula, id_actor, personaje) VALUES (639988, 2084416, 'Lee A-ra');
INSERT OR IGNORE INTO Pelicula_Categoria (id_pelicula, id_categoria) VALUES (639988, 9);
INSERT OR IGNORE INTO Pelicula_Categoria (id_pelicula, id_categoria) VALUES (639988, 6);
INSERT OR IGNORE INTO Pelicula_Categoria (id_pelicula, id_categoria) VALUES (639988, 12);
INSERT OR IGNORE INTO Pelicula_Compania (id_pelicula, id_compania) VALUES (639988, undefined);
-- Fin película: No hay otra opción --
INSERT OR IGNORE INTO Actor (id_actor, nombre, foto_path) VALUES (3775927, 'Yen Renee Durano', 'https://image.tmdb.org/t/p/original/15rjYCmWsc4oFfr6lrk05SrIw7x.jpg');
INSERT OR IGNORE INTO Actor (id_actor, nombre, foto_path) VALUES (3937164, 'Audrey Avila', 'https://image.tmdb.org/t/p/original/9xPDiznkS7MZ3KeGt8NIWbFRbWn.jpg');
INSERT OR IGNORE INTO Actor (id_actor, nombre, foto_path) VALUES (1200479, 'Albie Casiño', 'https://image.tmdb.org/t/p/original/dA5VRoHMJ0rcmDjOhLHFWHy19wy.jpg');
INSERT OR IGNORE INTO Actor (id_actor, nombre, foto_path) VALUES (3653075, 'Itan Magnaye', 'https://image.tmdb.org/t/p/original/uqAucbglPI8fYYlxrrccF047V6d.jpg');
INSERT OR IGNORE INTO Actor (id_actor, nombre, foto_path) VALUES (1977555, 'Raffy Tejada', 'https://image.tmdb.org/t/p/original/adqNdZLwECi3jxTCHWuh6FNm2Dx.jpg');
INSERT OR REPLACE INTO Pelicula (id_pelicula, titulo, descripcion, poster_path, backdrop_path, trailer, anio_estreno, duracion) VALUES (1241742, 'EKS', '', 'https://image.tmdb.org/t/p/original/gcK3HgN6IHNOviXnX11W6aFLTGv.jpg', 'https://image.tmdb.org/t/p/original/2Ve7sjxLb3rKG8qJ1t7QEuNI0UM.jpg', '', 2024, 119);
INSERT OR REPLACE INTO Pelicula_Actor (id_pelicula, id_actor, personaje) VALUES (1241742, 3775927, 'Lisa/Lara/Lilak');
INSERT OR REPLACE INTO Pelicula_Actor (id_pelicula, id_actor, personaje) VALUES (1241742, 3937164, 'Akio');
INSERT OR REPLACE INTO Pelicula_Actor (id_pelicula, id_actor, personaje) VALUES (1241742, 1200479, 'Dex');
INSERT OR REPLACE INTO Pelicula_Actor (id_pelicula, id_actor, personaje) VALUES (1241742, 3653075, 'Gabo');
INSERT OR REPLACE INTO Pelicula_Actor (id_pelicula, id_actor, personaje) VALUES (1241742, 1977555, 'Tatay');
INSERT OR IGNORE INTO Pelicula_Categoria (id_pelicula, id_categoria) VALUES (1241742, 7);
INSERT OR IGNORE INTO Pelicula_Compania (id_pelicula, id_compania) VALUES (1241742, undefined);
-- Fin película: EKS --
INSERT OR IGNORE INTO Actor (id_actor, nombre, foto_path) VALUES (65731, 'Sam Worthington', 'https://image.tmdb.org/t/p/original/mflBcox36s9ZPbsZPVOuhf6axaJ.jpg');
INSERT OR IGNORE INTO Actor (id_actor, nombre, foto_path) VALUES (8691, 'Zoe Saldaña', 'https://image.tmdb.org/t/p/original/vQBwmsSOAd0JDaEcZ5p43J9xzsY.jpg');
INSERT OR IGNORE INTO Actor (id_actor, nombre, foto_path) VALUES (10205, 'Sigourney Weaver', 'https://image.tmdb.org/t/p/original/wTSnfktNBLd6kwQxgvkqYw6vEon.jpg');
INSERT OR IGNORE INTO Actor (id_actor, nombre, foto_path) VALUES (32747, 'Stephen Lang', 'https://image.tmdb.org/t/p/original/gnO5VfkDgA2fsHweD0622LUY3Hu.jpg');
INSERT OR IGNORE INTO Actor (id_actor, nombre, foto_path) VALUES (204, 'Kate Winslet', 'https://image.tmdb.org/t/p/original/e3tdop3WhseRnn8KwMVLAV25Ybv.jpg');
INSERT OR REPLACE INTO Pelicula (id_pelicula, titulo, descripcion, poster_path, backdrop_path, trailer, anio_estreno, duracion) VALUES (76600, 'Avatar: El sentido del agua', 'Más de una década después de los acontecimientos de ''Avatar'', los Na''vi Jake Sully, Neytiri y sus hijos viven en paz en los bosques de Pandora hasta que regresan los hombres del cielo. Entonces comienzan los problemas que persiguen sin descanso a la familia Sully, que decide hacer un gran sacrificio para mantener a su pueblo a salvo y seguir ellos con vida.', 'https://image.tmdb.org/t/p/original/ckeTumMS4G31UQ9NNkmtW2QhfMF.jpg', 'https://image.tmdb.org/t/p/original/cd8YDn7M0lfaHhZdU6MvCDxPalP.jpg', 'https://www.youtube.com/watch?v=inT3MvpxRqE', 2022, 192);
INSERT OR REPLACE INTO Pelicula_Actor (id_pelicula, id_actor, personaje) VALUES (76600, 65731, 'Jake Sully');
INSERT OR REPLACE INTO Pelicula_Actor (id_pelicula, id_actor, personaje) VALUES (76600, 8691, 'Neytiri');
INSERT OR REPLACE INTO Pelicula_Actor (id_pelicula, id_actor, personaje) VALUES (76600, 10205, 'Kiri');
INSERT OR REPLACE INTO Pelicula_Actor (id_pelicula, id_actor, personaje) VALUES (76600, 32747, 'Colonel Miles Quaritch');
INSERT OR REPLACE INTO Pelicula_Actor (id_pelicula, id_actor, personaje) VALUES (76600, 204, 'Ronal');
INSERT OR IGNORE INTO Pelicula_Categoria (id_pelicula, id_categoria) VALUES (76600, 5);
INSERT OR IGNORE INTO Pelicula_Categoria (id_pelicula, id_categoria) VALUES (76600, 1);
INSERT OR IGNORE INTO Pelicula_Categoria (id_pelicula, id_categoria) VALUES (76600, 3);
INSERT OR IGNORE INTO Pelicula_Compania (id_pelicula, id_compania) VALUES (76600, undefined);
INSERT OR IGNORE INTO Pelicula_Coleccion (id_pelicula, id_coleccion) VALUES (76600, 87096);
-- Fin película: Avatar: El sentido del agua --
