
-- === LOTE: Top Rated - Page 4 (2026-02-06T11:04:32.982Z) ===
INSERT OR IGNORE INTO Actor (id_actor, nombre, foto_path) VALUES (1003, 'Jean Reno', 'https://image.tmdb.org/t/p/original/mw0EZJYz3kiFq9fNxsML773gotF.jpg');
INSERT OR IGNORE INTO Actor (id_actor, nombre, foto_path) VALUES (524, 'Natalie Portman', 'https://image.tmdb.org/t/p/original/edPU5HxncLWa1YkgRPNkSd68ONG.jpg');
INSERT OR IGNORE INTO Actor (id_actor, nombre, foto_path) VALUES (64, 'Gary Oldman', 'https://image.tmdb.org/t/p/original/2v9FVVBUrrkW2m3QOcYkuhq9A6o.jpg');
INSERT OR IGNORE INTO Actor (id_actor, nombre, foto_path) VALUES (1004, 'Danny Aiello', 'https://image.tmdb.org/t/p/original/2WiZ8SkiFU355GUT2QuSPlenrfM.jpg');
INSERT OR IGNORE INTO Actor (id_actor, nombre, foto_path) VALUES (1005, 'Peter Appel', 'https://image.tmdb.org/t/p/original/AvOZjWVwklfJHNHD2AwLmYRhSXw.jpg');
INSERT OR REPLACE INTO Pelicula (id_pelicula, titulo, descripcion, poster_path, backdrop_path, trailer, anio_estreno, duracion) VALUES (101, 'El profesional (Léon)', 'Stan es un corrupto agente de la DEA cuya codicia le lleva a cometer asesinatos en las calles de Nueva York. El mortal juego del gato y el ratón empieza cuando se cruza en su camino un solitario hombre, llamado León. León es asesino a sueldo, un personaje indestructible e indocumentado, que sólo bebe leche y se ocupa de sus plantas. En medio se encuentra una huerfanita de 12 años, que no puede olvidar al hombre que asesinó a su familia.', 'https://image.tmdb.org/t/p/original/9Ztxqq9mAeGiXDkyqXJPaACUcbd.jpg', 'https://image.tmdb.org/t/p/original/erRKAGEjtz3XKYKp8TaSbLrIoB2.jpg', 'https://www.youtube.com/watch?v=AjGr4tjEa5M', 1994, 110);
INSERT OR REPLACE INTO Pelicula_Actor (id_pelicula, id_actor, personaje) VALUES (101, 1003, 'Léon Montana');
INSERT OR REPLACE INTO Pelicula_Actor (id_pelicula, id_actor, personaje) VALUES (101, 524, 'Mathilda Lando');
INSERT OR REPLACE INTO Pelicula_Actor (id_pelicula, id_actor, personaje) VALUES (101, 64, 'Norman Stansfield');
INSERT OR REPLACE INTO Pelicula_Actor (id_pelicula, id_actor, personaje) VALUES (101, 1004, 'Tony');
INSERT OR REPLACE INTO Pelicula_Actor (id_pelicula, id_actor, personaje) VALUES (101, 1005, 'Malky');
INSERT OR IGNORE INTO Pelicula_Categoria (id_pelicula, id_categoria) VALUES (101, 9);
INSERT OR IGNORE INTO Pelicula_Categoria (id_pelicula, id_categoria) VALUES (101, 7);
INSERT OR IGNORE INTO Pelicula_Categoria (id_pelicula, id_categoria) VALUES (101, 5);
INSERT OR IGNORE INTO Pelicula_Compania (id_pelicula, id_compania) VALUES (101, undefined);
-- Fin película: El profesional (Léon) --
INSERT OR IGNORE INTO Actor (id_actor, nombre, foto_path) VALUES (1622, '張震', 'https://image.tmdb.org/t/p/original/4BOQ5pJXdsArkMHvyVhrV8Ditnr.jpg');
INSERT OR IGNORE INTO Actor (id_actor, nombre, foto_path) VALUES (150162, '楊靜怡', 'https://image.tmdb.org/t/p/original/ptV4yPHZMsR4Z99qhY2h2a45y1P.jpg');
INSERT OR IGNORE INTO Actor (id_actor, nombre, foto_path) VALUES (1088685, '張國柱', 'https://image.tmdb.org/t/p/original/6hGLo2VE970oi3LMPr9QcmiaDSG.jpg');
INSERT OR IGNORE INTO Actor (id_actor, nombre, foto_path) VALUES (103598, '金燕玲', 'https://image.tmdb.org/t/p/original/eXhTJ8vMsflpvoU4lOWeFTahbVY.jpg');
INSERT OR IGNORE INTO Actor (id_actor, nombre, foto_path) VALUES (1293234, '王琄', 'https://image.tmdb.org/t/p/original/yJq73sOtT5NGXGXhqscXcGSfmpA.jpg');
INSERT OR REPLACE INTO Pelicula (id_pelicula, titulo, descripcion, poster_path, backdrop_path, trailer, anio_estreno, duracion) VALUES (15804, 'Un día de verano', 'Taiwan, años ''60. Los jóvenes taiwaneses, aunque dominados por China, se sienten deslumbrados por los Estados Unidos y organizan bandas para afirmar su identidad. La versión original duraba 237 minutos, pero por motivos comerciales Yang la recortó para su exhibición hasta los 188 minutos.', 'https://image.tmdb.org/t/p/original/gXvyDspzokDAjG0C3rSrszTj12j.jpg', 'https://image.tmdb.org/t/p/original/hypv7bDxzqdhJfEpjRKf1aQbdc.jpg', '', 1991, 237);
INSERT OR REPLACE INTO Pelicula_Actor (id_pelicula, id_actor, personaje) VALUES (15804, 1622, 'Xiao Si r');
INSERT OR REPLACE INTO Pelicula_Actor (id_pelicula, id_actor, personaje) VALUES (15804, 150162, 'Ming');
INSERT OR REPLACE INTO Pelicula_Actor (id_pelicula, id_actor, personaje) VALUES (15804, 1088685, 'Father');
INSERT OR REPLACE INTO Pelicula_Actor (id_pelicula, id_actor, personaje) VALUES (15804, 103598, 'Mother');
INSERT OR REPLACE INTO Pelicula_Actor (id_pelicula, id_actor, personaje) VALUES (15804, 1293234, 'Eldest Sister');
INSERT OR IGNORE INTO Pelicula_Categoria (id_pelicula, id_categoria) VALUES (15804, 9);
INSERT OR IGNORE INTO Pelicula_Categoria (id_pelicula, id_categoria) VALUES (15804, 7);
INSERT OR IGNORE INTO Pelicula_Categoria (id_pelicula, id_categoria) VALUES (15804, 10);
INSERT OR IGNORE INTO Pelicula_Compania (id_pelicula, id_compania) VALUES (15804, undefined);
-- Fin película: Un día de verano --
INSERT OR IGNORE INTO Actor (id_actor, nombre, foto_path) VALUES (1224288, 'Yui Ishikawa', 'https://image.tmdb.org/t/p/original/2y1y1W4q8UIR0Vbs4NNvc7722XT.jpg');
INSERT OR IGNORE INTO Actor (id_actor, nombre, foto_path) VALUES (110665, 'Daisuke Namikawa', 'https://image.tmdb.org/t/p/original/iw0X8oDutxaBAri3Ifga8nhdUJK.jpg');
INSERT OR IGNORE INTO Actor (id_actor, nombre, foto_path) VALUES (84508, 'Takehito Koyasu', 'https://image.tmdb.org/t/p/original/8uBkNDKPNmp9JWgMUI02NVyfhi1.jpg');
INSERT OR IGNORE INTO Actor (id_actor, nombre, foto_path) VALUES (225655, 'Hidenobu Kiuchi', 'https://image.tmdb.org/t/p/original/d7MW4HQjMsZnX3cy2dF8QJETCbf.jpg');
INSERT OR IGNORE INTO Actor (id_actor, nombre, foto_path) VALUES (1248340, 'Haruka Tomatsu', 'https://image.tmdb.org/t/p/original/geVvuA2zMGE5xzfc20aDelJSelu.jpg');
INSERT OR REPLACE INTO Pelicula (id_pelicula, titulo, descripcion, poster_path, backdrop_path, trailer, anio_estreno, duracion) VALUES (533514, 'Violet Evergarden: La película', 'La historia se retoma desde los últimos hechos acontecidos en la serie. Violet sigue trabajando como muñeca sin olvidar a Gilbert. En su camino se cruza Ulysse Yurith, un niño enfermo que le pide a la muñeca que redacte cartas de despedida para su familia. Además, Violet se topa con una carta que cambiará el destino de su vida. ¿Podría Gilbert haberse salvado y seguir vivo en algún lugar?', 'https://image.tmdb.org/t/p/original/dXQ0UVNJTFi7YhDgchFJJCBOxQO.jpg', 'https://image.tmdb.org/t/p/original/wGwSWDG3LIQxchg2M8HV7bDqYKU.jpg', '', 2020, 140);
INSERT OR REPLACE INTO Pelicula_Actor (id_pelicula, id_actor, personaje) VALUES (533514, 1224288, 'Violet Evergarden (voice)');
INSERT OR REPLACE INTO Pelicula_Actor (id_pelicula, id_actor, personaje) VALUES (533514, 110665, 'Gilbert Bougainvillea (voice)');
INSERT OR REPLACE INTO Pelicula_Actor (id_pelicula, id_actor, personaje) VALUES (533514, 84508, 'Claudia Hodgins (voice)');
INSERT OR REPLACE INTO Pelicula_Actor (id_pelicula, id_actor, personaje) VALUES (533514, 225655, 'Dietfried Bougainvillea (voice)');
INSERT OR REPLACE INTO Pelicula_Actor (id_pelicula, id_actor, personaje) VALUES (533514, 1248340, 'Iris Cannary (voice)');
INSERT OR IGNORE INTO Pelicula_Categoria (id_pelicula, id_categoria) VALUES (533514, 5);
INSERT OR IGNORE INTO Pelicula_Categoria (id_pelicula, id_categoria) VALUES (533514, 7);
INSERT OR IGNORE INTO Pelicula_Categoria (id_pelicula, id_categoria) VALUES (533514, 3);
INSERT OR IGNORE INTO Pelicula_Categoria (id_pelicula, id_categoria) VALUES (533514, 10);
INSERT OR IGNORE INTO Pelicula_Compania (id_pelicula, id_compania) VALUES (533514, undefined);
INSERT OR IGNORE INTO Pelicula_Coleccion (id_pelicula, id_coleccion) VALUES (533514, 1431054);
-- Fin película: Violet Evergarden: La película --
INSERT OR IGNORE INTO Actor (id_actor, nombre, foto_path) VALUES (37583, 'Nino Manfredi', 'https://image.tmdb.org/t/p/original/aYrj641bdWgwME5x2Vw6NDoBeGt.jpg');
INSERT OR IGNORE INTO Actor (id_actor, nombre, foto_path) VALUES (12259, 'Vittorio Gassman', 'https://image.tmdb.org/t/p/original/eIcPpL8OlAMlIr9ZMvFTY7ni7LX.jpg');
INSERT OR IGNORE INTO Actor (id_actor, nombre, foto_path) VALUES (34027, 'Stefania Sandrelli', 'https://image.tmdb.org/t/p/original/FgC2JtlrNTMs0nCs6C6BADg7lb.jpg');
INSERT OR IGNORE INTO Actor (id_actor, nombre, foto_path) VALUES (24606, 'Stefano Satta Flores', 'https://image.tmdb.org/t/p/original/9PifLAPYRIcEbeqj5WPb7bk3w9k.jpg');
INSERT OR IGNORE INTO Actor (id_actor, nombre, foto_path) VALUES (94420, 'Giovanna Ralli', 'https://image.tmdb.org/t/p/original/6dvHHF5JoFhQg6vD6rG8vyME4zK.jpg');
INSERT OR REPLACE INTO Pelicula (id_pelicula, titulo, descripcion, poster_path, backdrop_path, trailer, anio_estreno, duracion) VALUES (42269, 'Una mujer y tres hombres', 'Amarga crónica de la historia de Italia, desde la posguerra hasta los años setenta, narrada a través de un grupo de amigos de izquierdas que se conocieron cuando en 1944 lucharon contra los nazis. Este retrato del idealismo, pero también de la inevitable pérdida de las ilusiones a causa del acomodamiento burgués, fue el primer éxito internacional del realizador italiano Ettore Scola.', 'https://image.tmdb.org/t/p/original/oz9q8fI9j5dcxowuFagFzhaiK2z.jpg', 'https://image.tmdb.org/t/p/original/2Kkqmy3EpXqBDqv1vvsNXX3pwww.jpg', '', 1974, 125);
INSERT OR REPLACE INTO Pelicula_Actor (id_pelicula, id_actor, personaje) VALUES (42269, 37583, 'Antonio');
INSERT OR REPLACE INTO Pelicula_Actor (id_pelicula, id_actor, personaje) VALUES (42269, 12259, 'Gianni Perego');
INSERT OR REPLACE INTO Pelicula_Actor (id_pelicula, id_actor, personaje) VALUES (42269, 34027, 'Luciana Zanon');
INSERT OR REPLACE INTO Pelicula_Actor (id_pelicula, id_actor, personaje) VALUES (42269, 24606, 'Nicola Palumbo');
INSERT OR REPLACE INTO Pelicula_Actor (id_pelicula, id_actor, personaje) VALUES (42269, 94420, 'Elide');
INSERT OR IGNORE INTO Pelicula_Categoria (id_pelicula, id_categoria) VALUES (42269, 7);
INSERT OR IGNORE INTO Pelicula_Categoria (id_pelicula, id_categoria) VALUES (42269, 12);
INSERT OR IGNORE INTO Pelicula_Compania (id_pelicula, id_compania) VALUES (42269, undefined);
-- Fin película: Una mujer y tres hombres --
INSERT OR IGNORE INTO Actor (id_actor, nombre, foto_path) VALUES (1640507, 'Raúl Santana', 'https://image.tmdb.org/t/p/original/t2JoMFV1XIIzcDL4iSplPSxOo1m.jpg');
INSERT OR IGNORE INTO Actor (id_actor, nombre, foto_path) VALUES (1640510, 'Nataly Valencia', 'https://image.tmdb.org/t/p/original/nXa2JH5shLuF18mh954xRPdHI3y.jpg');
INSERT OR IGNORE INTO Actor (id_actor, nombre, foto_path) VALUES (147333, 'Carlos Alcántara', 'https://image.tmdb.org/t/p/original/kOA49MEbLUCvkob99Ju13H1eYFS.jpg');
INSERT OR IGNORE INTO Actor (id_actor, nombre, foto_path) VALUES (1737888, 'Biassini Segura', 'https://image.tmdb.org/t/p/original/6X539lTqRd52rA0uhUoLJbiQgNb.jpg');
INSERT OR IGNORE INTO Actor (id_actor, nombre, foto_path) VALUES (1309844, 'Mariana Treviño', 'https://image.tmdb.org/t/p/original/4pSXXgiK0AtJA9JyF3Vc43Tcqug.jpg');
INSERT OR REPLACE INTO Pelicula (id_pelicula, titulo, descripcion, poster_path, backdrop_path, trailer, anio_estreno, duracion) VALUES (644479, 'Dedicada A Mi Ex', 'La película cuenta la historia de Ariel, un joven de 21 años que decide formar una banda de rock para competir por un premio de diez mil dólares en un concurso de bandas musicales, esta es la última opción cuando intenta obtener dinero para salvar su relación. y se reúne con su ex novia, que se rompe debido al viaje que debe hacer a Finlandia para una pasantía. Ariel con su amiga Ortega, decide hacer un casting para encontrar a los otros miembros de la banda, aunque no saben nada de música, formando así una banda con miembros que tienen personalidades diversas y opuestas.', 'https://image.tmdb.org/t/p/original/xc4bTXVwYNXi10jG9dwcaYt5IpU.jpg', 'https://image.tmdb.org/t/p/original/1fOsyhVz5qyX2rl1qqX6KImVhTx.jpg', '', 2019, 94);
INSERT OR REPLACE INTO Pelicula_Actor (id_pelicula, id_actor, personaje) VALUES (644479, 1640507, 'Ariel');
INSERT OR REPLACE INTO Pelicula_Actor (id_pelicula, id_actor, personaje) VALUES (644479, 1640510, 'Felicia');
INSERT OR REPLACE INTO Pelicula_Actor (id_pelicula, id_actor, personaje) VALUES (644479, 147333, 'Néstor');
INSERT OR REPLACE INTO Pelicula_Actor (id_pelicula, id_actor, personaje) VALUES (644479, 1737888, 'Ortega');
INSERT OR REPLACE INTO Pelicula_Actor (id_pelicula, id_actor, personaje) VALUES (644479, 1309844, 'Victoria');
INSERT OR IGNORE INTO Pelicula_Categoria (id_pelicula, id_categoria) VALUES (644479, 7);
INSERT OR IGNORE INTO Pelicula_Categoria (id_pelicula, id_categoria) VALUES (644479, 12);
INSERT OR IGNORE INTO Pelicula_Compania (id_pelicula, id_compania) VALUES (644479, undefined);
-- Fin película: Dedicada A Mi Ex --
INSERT OR IGNORE INTO Actor (id_actor, nombre, foto_path) VALUES (13848, 'Charlie Chaplin', 'https://image.tmdb.org/t/p/original/eZAynbZFJB4L8ZfMXTUSG3RmBcg.jpg');
INSERT OR IGNORE INTO Actor (id_actor, nombre, foto_path) VALUES (14027, 'Paulette Goddard', 'https://image.tmdb.org/t/p/original/7fMtXuVbJMbsFB4U3CsgDdivizP.jpg');
INSERT OR IGNORE INTO Actor (id_actor, nombre, foto_path) VALUES (14028, 'Jack Oakie', 'https://image.tmdb.org/t/p/original/9oWdEicbTjfpfiCtvvYuxi0UseU.jpg');
INSERT OR IGNORE INTO Actor (id_actor, nombre, foto_path) VALUES (14029, 'Reginald Gardiner', 'https://image.tmdb.org/t/p/original/yufdzor5RheT4FYx1Ywm4mo2TlG.jpg');
INSERT OR IGNORE INTO Actor (id_actor, nombre, foto_path) VALUES (10924, 'Henry Daniell', 'https://image.tmdb.org/t/p/original/5g4V2fKBAI5TGjqfItfsnPjqZN9.jpg');
INSERT OR REPLACE INTO Pelicula (id_pelicula, titulo, descripcion, poster_path, backdrop_path, trailer, anio_estreno, duracion) VALUES (914, 'El gran dictador', 'Un humilde barbero judío tiene un parecido asombroso con el dictador de la nación Tomania, que promete sacar adelante y que culpa a los judíos de la situación del país. El dictador ataca al país fronterizo, pero es confundido con el barbero por sus propios guardias, siendo ingresado en un campo de concentración. Simultáneamente, el pobre barbero es confundido con el dictador...', 'https://image.tmdb.org/t/p/original/w7ovs2B2AlNRig68HOmuYVQRroQ.jpg', 'https://image.tmdb.org/t/p/original/c8Pi8F1FzpNebtgXcSjC9nWCdSW.jpg', '', 1940, 125);
INSERT OR REPLACE INTO Pelicula_Actor (id_pelicula, id_actor, personaje) VALUES (914, 13848, 'Adenoid Hynkel, Dictator of Tomania / A Jewish Barber');
INSERT OR REPLACE INTO Pelicula_Actor (id_pelicula, id_actor, personaje) VALUES (914, 14027, 'Hannah');
INSERT OR REPLACE INTO Pelicula_Actor (id_pelicula, id_actor, personaje) VALUES (914, 14028, 'Benzino Napaloni, Dictator of Bacteria');
INSERT OR REPLACE INTO Pelicula_Actor (id_pelicula, id_actor, personaje) VALUES (914, 14029, 'Commander Schultz');
INSERT OR REPLACE INTO Pelicula_Actor (id_pelicula, id_actor, personaje) VALUES (914, 10924, 'Garbitsch');
INSERT OR IGNORE INTO Pelicula_Categoria (id_pelicula, id_categoria) VALUES (914, 12);
INSERT OR IGNORE INTO Pelicula_Categoria (id_pelicula, id_categoria) VALUES (914, 1);
INSERT OR IGNORE INTO Pelicula_Compania (id_pelicula, id_compania) VALUES (914, undefined);
-- Fin película: El gran dictador --
INSERT OR IGNORE INTO Actor (id_actor, nombre, foto_path) VALUES (8252, 'William Holden', 'https://image.tmdb.org/t/p/original/qEuJZiPXKFm1LdtbnHKGj2hQm8a.jpg');
INSERT OR IGNORE INTO Actor (id_actor, nombre, foto_path) VALUES (8629, 'Gloria Swanson', 'https://image.tmdb.org/t/p/original/akmlp75ESHjtGOVtOCfJYxkX4eo.jpg');
INSERT OR IGNORE INTO Actor (id_actor, nombre, foto_path) VALUES (8630, 'Erich von Stroheim', 'https://image.tmdb.org/t/p/original/lUoSEdmX6Cl7lLUnV4ewLkVDnhY.jpg');
INSERT OR IGNORE INTO Actor (id_actor, nombre, foto_path) VALUES (8631, 'Nancy Olson', 'https://image.tmdb.org/t/p/original/419ZEkm8PQSp9RS7NXb4yJPDRm4.jpg');
INSERT OR IGNORE INTO Actor (id_actor, nombre, foto_path) VALUES (8632, 'Fred Clark', 'https://image.tmdb.org/t/p/original/yBjSwb6xma9ukYpbSe75C0eqNTx.jpg');
INSERT OR REPLACE INTO Pelicula (id_pelicula, titulo, descripcion, poster_path, backdrop_path, trailer, anio_estreno, duracion) VALUES (599, 'El crepúsculo de los dioses', 'Joe Gillis es un joven escritor de segunda fila que, acosado por sus acreedores, se refugia casualmente en la mansión de Norma Desmond, antigua estrella del cine mudo, que vive fuera de la realidad, acompañada únicamente de su fiel criado Max. A partir de ese momento, la actriz pretende que Joe corrija un guión que ella ha escrito y que va a significar su regreso al cine.', 'https://image.tmdb.org/t/p/original/sVILYytrnjsEXBcZyxHMJ5jP74t.jpg', 'https://image.tmdb.org/t/p/original/p47ihFj4A7EpBjmPHdTj4ipyq1S.jpg', 'https://www.youtube.com/watch?v=yMhVPorOZ_I', 1950, 110);
INSERT OR REPLACE INTO Pelicula_Actor (id_pelicula, id_actor, personaje) VALUES (599, 8252, 'Joe Gillis');
INSERT OR REPLACE INTO Pelicula_Actor (id_pelicula, id_actor, personaje) VALUES (599, 8629, 'Norma Desmond');
INSERT OR REPLACE INTO Pelicula_Actor (id_pelicula, id_actor, personaje) VALUES (599, 8630, 'Max von Mayerling');
INSERT OR REPLACE INTO Pelicula_Actor (id_pelicula, id_actor, personaje) VALUES (599, 8631, 'Betty Schaefer');
INSERT OR REPLACE INTO Pelicula_Actor (id_pelicula, id_actor, personaje) VALUES (599, 8632, 'Sheldrake');
INSERT OR IGNORE INTO Pelicula_Categoria (id_pelicula, id_categoria) VALUES (599, 7);
INSERT OR IGNORE INTO Pelicula_Compania (id_pelicula, id_compania) VALUES (599, undefined);
-- Fin película: El crepúsculo de los dioses --
INSERT OR IGNORE INTO Actor (id_actor, nombre, foto_path) VALUES (13848, 'Charlie Chaplin', 'https://image.tmdb.org/t/p/original/eZAynbZFJB4L8ZfMXTUSG3RmBcg.jpg');
INSERT OR IGNORE INTO Actor (id_actor, nombre, foto_path) VALUES (14027, 'Paulette Goddard', 'https://image.tmdb.org/t/p/original/7fMtXuVbJMbsFB4U3CsgDdivizP.jpg');
INSERT OR IGNORE INTO Actor (id_actor, nombre, foto_path) VALUES (14438, 'Henry Bergman', 'https://image.tmdb.org/t/p/original/x41Z1XOGnBg6xnFhxunVQBmcJ36.jpg');
INSERT OR IGNORE INTO Actor (id_actor, nombre, foto_path) VALUES (30194, 'Tiny Sandford', 'https://image.tmdb.org/t/p/original/dsfbvZOIb1rdBx8eUGa2QTYyqGE.jpg');
INSERT OR IGNORE INTO Actor (id_actor, nombre, foto_path) VALUES (30195, 'Chester Conklin', 'https://image.tmdb.org/t/p/original/qaEgtSQU4eTX2fMng7Grc7G2xzq.jpg');
INSERT OR REPLACE INTO Pelicula (id_pelicula, titulo, descripcion, poster_path, backdrop_path, trailer, anio_estreno, duracion) VALUES (3082, 'Tiempos modernos', 'Extenuado por el frenético ritmo de la cadena de montaje, un obrero metalúrgico acaba perdiendo la razón. Después de recuperarse en un hospital, sale y es encarcelado por participar en una manifestación en la que se encontraba por casualidad. En la cárcel, también sin pretenderlo, ayuda a controlar un motín, gracias a lo cual queda en libertad. Una vez fuera, reemprende la lucha por la supervivencia en compañía de una joven huérfana a la que conoce en la calle.', 'https://image.tmdb.org/t/p/original/f3uOJseH4oPEo0Sq7WyQ6IwMG4l.jpg', 'https://image.tmdb.org/t/p/original/vzKzz7ObY3zNIV4ZYFY6Ib3X6ig.jpg', '', 1936, 87);
INSERT OR REPLACE INTO Pelicula_Actor (id_pelicula, id_actor, personaje) VALUES (3082, 13848, 'The Tramp (A Factory Worker)');
INSERT OR REPLACE INTO Pelicula_Actor (id_pelicula, id_actor, personaje) VALUES (3082, 14027, 'A Gamin');
INSERT OR REPLACE INTO Pelicula_Actor (id_pelicula, id_actor, personaje) VALUES (3082, 14438, 'Cafe Proprietor');
INSERT OR REPLACE INTO Pelicula_Actor (id_pelicula, id_actor, personaje) VALUES (3082, 30194, 'Big Bill');
INSERT OR REPLACE INTO Pelicula_Actor (id_pelicula, id_actor, personaje) VALUES (3082, 30195, 'Mechanic');
INSERT OR IGNORE INTO Pelicula_Categoria (id_pelicula, id_categoria) VALUES (3082, 12);
INSERT OR IGNORE INTO Pelicula_Categoria (id_pelicula, id_categoria) VALUES (3082, 7);
INSERT OR IGNORE INTO Pelicula_Categoria (id_pelicula, id_categoria) VALUES (3082, 10);
INSERT OR IGNORE INTO Pelicula_Compania (id_pelicula, id_compania) VALUES (3082, undefined);
-- Fin película: Tiempos modernos --
INSERT OR IGNORE INTO Actor (id_actor, nombre, foto_path) VALUES (4959, 'Claudia Cardinale', 'https://image.tmdb.org/t/p/original/gbTVdZGrOwteJ7qYSzyn8XpUk0H.jpg');
INSERT OR IGNORE INTO Actor (id_actor, nombre, foto_path) VALUES (4958, 'Henry Fonda', 'https://image.tmdb.org/t/p/original/6wXWsqSXF3wCsGcwVqiszy6RX9X.jpg');
INSERT OR IGNORE INTO Actor (id_actor, nombre, foto_path) VALUES (4765, 'Jason Robards', 'https://image.tmdb.org/t/p/original/9y0HAtWWBkB02gVzh8QDdz6UYZH.jpg');
INSERT OR IGNORE INTO Actor (id_actor, nombre, foto_path) VALUES (4960, 'Charles Bronson', 'https://image.tmdb.org/t/p/original/w0C2Xa6PCQX83Iu2TxPjOCv8ufm.jpg');
INSERT OR IGNORE INTO Actor (id_actor, nombre, foto_path) VALUES (4961, 'Gabriele Ferzetti', 'https://image.tmdb.org/t/p/original/usiGcuBhMrSK8VnMHFKV6zDFrhj.jpg');
INSERT OR REPLACE INTO Pelicula (id_pelicula, titulo, descripcion, poster_path, backdrop_path, trailer, anio_estreno, duracion) VALUES (335, 'Hasta que llegó su hora', 'Mientras los constructores del ferrocarril avanzan imparables por el desierto de Arizona en su camino hacia el mar, Jill llega al pequeño pueblo de Flagstone con la intención de empezar una nueva vida.', 'https://image.tmdb.org/t/p/original/upiek8u4rHTrOJW9B0woXe4A4h7.jpg', 'https://image.tmdb.org/t/p/original/aKZ9hDmLJTaGSxWdhxqMTcvXmk4.jpg', 'https://www.youtube.com/watch?v=m69ro53XbjU', 1968, 166);
INSERT OR REPLACE INTO Pelicula_Actor (id_pelicula, id_actor, personaje) VALUES (335, 4959, 'Jill');
INSERT OR REPLACE INTO Pelicula_Actor (id_pelicula, id_actor, personaje) VALUES (335, 4958, 'Frank');
INSERT OR REPLACE INTO Pelicula_Actor (id_pelicula, id_actor, personaje) VALUES (335, 4765, ''Cheyenne'');
INSERT OR REPLACE INTO Pelicula_Actor (id_pelicula, id_actor, personaje) VALUES (335, 4960, ''Harmonica'');
INSERT OR REPLACE INTO Pelicula_Actor (id_pelicula, id_actor, personaje) VALUES (335, 4961, 'Morton');
INSERT OR IGNORE INTO Pelicula_Categoria (id_pelicula, id_categoria) VALUES (335, 7);
INSERT OR IGNORE INTO Pelicula_Categoria (id_pelicula, id_categoria) VALUES (335, 2);
INSERT OR IGNORE INTO Pelicula_Compania (id_pelicula, id_compania) VALUES (335, undefined);
-- Fin película: Hasta que llegó su hora --
INSERT OR IGNORE INTO Actor (id_actor, nombre, foto_path) VALUES (1255318, 'Taishi Nakagawa', 'https://image.tmdb.org/t/p/original/gvUJ1Ge1ERLnYwqb4cJVCXQQIYA.jpg');
INSERT OR IGNORE INTO Actor (id_actor, nombre, foto_path) VALUES (1671407, 'Kaya Kiyohara', 'https://image.tmdb.org/t/p/original/a0tDsusfKXPSbVGO9zBSSAoCcAP.jpg');
INSERT OR IGNORE INTO Actor (id_actor, nombre, foto_path) VALUES (1772522, 'Yume Miyamoto', 'https://image.tmdb.org/t/p/original/8PzHX7owawEZKq7Eg9WwcmWYx9s.jpg');
INSERT OR IGNORE INTO Actor (id_actor, nombre, foto_path) VALUES (1254260, 'Kazuyuki Okitsu', 'https://image.tmdb.org/t/p/original/vgyaK5dAxhvzAi6LJM3ZyaJd4mJ.jpg');
INSERT OR IGNORE INTO Actor (id_actor, nombre, foto_path) VALUES (1691384, 'Lynn', 'https://image.tmdb.org/t/p/original/eJ2NqgzpnzNbT6Nt9EpDfzqNeZM.jpg');
INSERT OR REPLACE INTO Pelicula (id_pelicula, titulo, descripcion, poster_path, backdrop_path, trailer, anio_estreno, duracion) VALUES (652837, 'Josee, el tigre y los peces', 'Tsuneo, un estudiante que trabaja medio tiempo, conoce a Josee, una joven parapléjica que sueña con un mundo más allá de su realidad. Lo que empieza como amistad pronto se transforma en amor.', 'https://image.tmdb.org/t/p/original/buF1mmMRAiJZMOK5Qg3DBTtZ5XO.jpg', 'https://image.tmdb.org/t/p/original/521koHpCyK6ZeNpEAvPAuC75cJ5.jpg', 'https://www.youtube.com/watch?v=rbHVjdC2HLc', 2020, 98);
INSERT OR REPLACE INTO Pelicula_Actor (id_pelicula, id_actor, personaje) VALUES (652837, 1255318, 'Tsuneo Suzukawa (voice)');
INSERT OR REPLACE INTO Pelicula_Actor (id_pelicula, id_actor, personaje) VALUES (652837, 1671407, 'Kumiko 'Josee' Yamamura (voice)');
INSERT OR REPLACE INTO Pelicula_Actor (id_pelicula, id_actor, personaje) VALUES (652837, 1772522, 'Mai Ninomiya (voice)');
INSERT OR REPLACE INTO Pelicula_Actor (id_pelicula, id_actor, personaje) VALUES (652837, 1254260, 'Hayato Matsuura (voice)');
INSERT OR REPLACE INTO Pelicula_Actor (id_pelicula, id_actor, personaje) VALUES (652837, 1691384, 'Kana Kishimoto (voice)');
INSERT OR IGNORE INTO Pelicula_Categoria (id_pelicula, id_categoria) VALUES (652837, 5);
INSERT OR IGNORE INTO Pelicula_Categoria (id_pelicula, id_categoria) VALUES (652837, 7);
INSERT OR IGNORE INTO Pelicula_Categoria (id_pelicula, id_categoria) VALUES (652837, 10);
INSERT OR IGNORE INTO Pelicula_Compania (id_pelicula, id_compania) VALUES (652837, undefined);
-- Fin película: Josee, el tigre y los peces --
INSERT OR IGNORE INTO Actor (id_actor, nombre, foto_path) VALUES (854, 'James Stewart', 'https://image.tmdb.org/t/p/original/jam9DRhOuKomlr0vUXTamPoxPdk.jpg');
INSERT OR IGNORE INTO Actor (id_actor, nombre, foto_path) VALUES (17752, 'Donna Reed', 'https://image.tmdb.org/t/p/original/aCRMYYMs3zxLvmUgxBytuCgTElQ.jpg');
INSERT OR IGNORE INTO Actor (id_actor, nombre, foto_path) VALUES (17753, 'Lionel Barrymore', 'https://image.tmdb.org/t/p/original/ru11rLUzzLwKjR0ykTLkNIN9jcJ.jpg');
INSERT OR IGNORE INTO Actor (id_actor, nombre, foto_path) VALUES (3383, 'Thomas Mitchell', 'https://image.tmdb.org/t/p/original/uOhcftGVj7tPrCKBYHYtYPlQKUP.jpg');
INSERT OR IGNORE INTO Actor (id_actor, nombre, foto_path) VALUES (7666, 'Henry Travers', 'https://image.tmdb.org/t/p/original/cfIfjkovcHOUyLW25eVAr8NvuvG.jpg');
INSERT OR REPLACE INTO Pelicula (id_pelicula, titulo, descripcion, poster_path, backdrop_path, trailer, anio_estreno, duracion) VALUES (1585, '¡Qué bello es vivir!', 'George Bailey es un honrado y modesto ciudadano que dirige y mantiene a flote un pequeño banco familiar, a pesar de los intentos de un poderoso banquero por arruinarlo. El dia de Nochebuena de 1945, abrumado por la repentina desaparición de una importante suma de dinero, que supondría no solo la quiebra de su banco sino también un gran escándalo, decide suicidarse, pero cuando está a punto de hacerlo ocurre algo extraordinario.', 'https://image.tmdb.org/t/p/original/63W4MsB8e5whhPNyxhRVTzSsCje.jpg', 'https://image.tmdb.org/t/p/original/3q35nBLCIdEbxYfsr7D5ocYQXKz.jpg', '', 1946, 129);
INSERT OR REPLACE INTO Pelicula_Actor (id_pelicula, id_actor, personaje) VALUES (1585, 854, 'George Bailey');
INSERT OR REPLACE INTO Pelicula_Actor (id_pelicula, id_actor, personaje) VALUES (1585, 17752, 'Mary Hatch');
INSERT OR REPLACE INTO Pelicula_Actor (id_pelicula, id_actor, personaje) VALUES (1585, 17753, 'Mr. Potter');
INSERT OR REPLACE INTO Pelicula_Actor (id_pelicula, id_actor, personaje) VALUES (1585, 3383, 'Uncle Billy');
INSERT OR REPLACE INTO Pelicula_Actor (id_pelicula, id_actor, personaje) VALUES (1585, 7666, 'Clarence');
INSERT OR IGNORE INTO Pelicula_Categoria (id_pelicula, id_categoria) VALUES (1585, 7);
INSERT OR IGNORE INTO Pelicula_Categoria (id_pelicula, id_categoria) VALUES (1585, 12);
INSERT OR IGNORE INTO Pelicula_Categoria (id_pelicula, id_categoria) VALUES (1585, 3);
INSERT OR IGNORE INTO Pelicula_Compania (id_pelicula, id_compania) VALUES (1585, undefined);
-- Fin película: ¡Qué bello es vivir! --
INSERT OR IGNORE INTO Actor (id_actor, nombre, foto_path) VALUES (1217648, 'Chris Diamantopoulos', 'https://image.tmdb.org/t/p/original/oenBtpk0RTId4wacQKYU4cPcq8Z.jpg');
INSERT OR IGNORE INTO Actor (id_actor, nombre, foto_path) VALUES (1382187, 'Kaitlyn Robrock', 'https://image.tmdb.org/t/p/original/1joOQrgyU9ap9W1cvimh01XmKcO.jpg');
INSERT OR IGNORE INTO Actor (id_actor, nombre, foto_path) VALUES (34478, 'Tony Anselmo', 'https://image.tmdb.org/t/p/original/8ocCq9OxVg7A0g7hf7EqeT0QenX.jpg');
INSERT OR IGNORE INTO Actor (id_actor, nombre, foto_path) VALUES (84213, 'Bill Farmer', 'https://image.tmdb.org/t/p/original/lhezx68R12s5Bsv7d77BrQb7tWA.jpg');
INSERT OR IGNORE INTO Actor (id_actor, nombre, foto_path) VALUES (12077, 'Jim Cummings', 'https://image.tmdb.org/t/p/original/c0sQPRCM5Ri3F4gVyxPr4AcPmIq.jpg');
INSERT OR REPLACE INTO Pelicula (id_pelicula, titulo, descripcion, poster_path, backdrop_path, trailer, anio_estreno, duracion) VALUES (1139087, 'Érase una vez un estudio', 'Los queridos personajes de los 100 años de Disney Animation tienen un reencuentro inolvidable.', 'https://image.tmdb.org/t/p/original/81BdCKeRtyHr0muZY72zYr0JM3j.jpg', 'https://image.tmdb.org/t/p/original/hUeSuUxNyQivx2wrRvGoyZiZDUu.jpg', 'https://www.youtube.com/watch?v=FI9CTdKTPrs', 2023, 9);
INSERT OR REPLACE INTO Pelicula_Actor (id_pelicula, id_actor, personaje) VALUES (1139087, 1217648, 'Mickey Mouse (voice)');
INSERT OR REPLACE INTO Pelicula_Actor (id_pelicula, id_actor, personaje) VALUES (1139087, 1382187, 'Minnie Mouse (voice)');
INSERT OR REPLACE INTO Pelicula_Actor (id_pelicula, id_actor, personaje) VALUES (1139087, 34478, 'Donald Duck (voice)');
INSERT OR REPLACE INTO Pelicula_Actor (id_pelicula, id_actor, personaje) VALUES (1139087, 84213, 'Goofy / Pluto (voice)');
INSERT OR REPLACE INTO Pelicula_Actor (id_pelicula, id_actor, personaje) VALUES (1139087, 12077, 'Baloo / Winnie-the-Pooh (voice)');
INSERT OR IGNORE INTO Pelicula_Categoria (id_pelicula, id_categoria) VALUES (1139087, 5);
INSERT OR IGNORE INTO Pelicula_Categoria (id_pelicula, id_categoria) VALUES (1139087, 12);
INSERT OR IGNORE INTO Pelicula_Categoria (id_pelicula, id_categoria) VALUES (1139087, 3);
INSERT OR IGNORE INTO Pelicula_Categoria (id_pelicula, id_categoria) VALUES (1139087, 12);
INSERT OR IGNORE INTO Pelicula_Compania (id_pelicula, id_compania) VALUES (1139087, undefined);
-- Fin película: Érase una vez un estudio --
INSERT OR IGNORE INTO Actor (id_actor, nombre, foto_path) VALUES (33161, 'François Cluzet', 'https://image.tmdb.org/t/p/original/4ioxRGRJdSjItLxAQ2pp7byWkd3.jpg');
INSERT OR IGNORE INTO Actor (id_actor, nombre, foto_path) VALUES (78423, 'Omar Sy', 'https://image.tmdb.org/t/p/original/ftoP3CMC4ob8VJAu1gEHSC714K5.jpg');
INSERT OR IGNORE INTO Actor (id_actor, nombre, foto_path) VALUES (19370, 'Anne Le Ny', 'https://image.tmdb.org/t/p/original/aBNMt6uTYj7JhSwDsXi3UMDAlNA.jpg');
INSERT OR IGNORE INTO Actor (id_actor, nombre, foto_path) VALUES (219708, 'Audrey Fleurot', 'https://image.tmdb.org/t/p/original/83wsYI6oRWrtkcKr7ozobh1VWrm.jpg');
INSERT OR IGNORE INTO Actor (id_actor, nombre, foto_path) VALUES (84430, 'Joséphine de Meaux', 'https://image.tmdb.org/t/p/original/kpkTzxQTcVhaANLEtqX5TKZ9Njr.jpg');
INSERT OR REPLACE INTO Pelicula (id_pelicula, titulo, descripcion, poster_path, backdrop_path, trailer, anio_estreno, duracion) VALUES (77338, 'Intocable', 'Un hombre tetraplégico y millonario contrata como cuidador a domicilio a Driss, un inmigrante de un barrio marginal recién salido de la cárcel. Aunque no parece la persona más indicada, congenian hasta forjar una amistad tan sólida como inesperada.', 'https://image.tmdb.org/t/p/original/edPWyHqknFuxFY3sdmC3LtJITWC.jpg', 'https://image.tmdb.org/t/p/original/5ATSg3rufgIMfcrHd2gEi678hZu.jpg', 'https://www.youtube.com/watch?v=Mg2JD7HQr8g', 2011, 112);
INSERT OR REPLACE INTO Pelicula_Actor (id_pelicula, id_actor, personaje) VALUES (77338, 33161, 'Philippe');
INSERT OR REPLACE INTO Pelicula_Actor (id_pelicula, id_actor, personaje) VALUES (77338, 78423, 'Driss');
INSERT OR REPLACE INTO Pelicula_Actor (id_pelicula, id_actor, personaje) VALUES (77338, 19370, 'Yvonne');
INSERT OR REPLACE INTO Pelicula_Actor (id_pelicula, id_actor, personaje) VALUES (77338, 219708, 'Magalie');
INSERT OR REPLACE INTO Pelicula_Actor (id_pelicula, id_actor, personaje) VALUES (77338, 84430, 'La DRH société de courses');
INSERT OR IGNORE INTO Pelicula_Categoria (id_pelicula, id_categoria) VALUES (77338, 7);
INSERT OR IGNORE INTO Pelicula_Categoria (id_pelicula, id_categoria) VALUES (77338, 12);
INSERT OR IGNORE INTO Pelicula_Compania (id_pelicula, id_compania) VALUES (77338, undefined);
-- Fin película: Intocable --
INSERT OR IGNORE INTO Actor (id_actor, nombre, foto_path) VALUES (1309460, 'Luis Alberti', 'https://image.tmdb.org/t/p/original/1uf6WXebWuL0oEMM2z8ulcnRro.jpg');
INSERT OR IGNORE INTO Actor (id_actor, nombre, foto_path) VALUES (89445, 'Noé Hernández', 'https://image.tmdb.org/t/p/original/l3NXUy1x5buKHawSw4xye5JW8pl.jpg');
INSERT OR IGNORE INTO Actor (id_actor, nombre, foto_path) VALUES (1311441, 'Leonardo Alonso', 'https://image.tmdb.org/t/p/original/3SJUI4IeqjZfG7yNh76CbkQfzfg.jpg');
INSERT OR IGNORE INTO Actor (id_actor, nombre, foto_path) VALUES (2139802, 'Luis Curiel', 'https://image.tmdb.org/t/p/original/5FMxoburwNLvKlYIFPEoSLDDogu.jpg');
INSERT OR IGNORE INTO Actor (id_actor, nombre, foto_path) VALUES (3524227, 'Guillermo Nava', 'https://image.tmdb.org/t/p/original/yKMqnDsv4rfKYOg1t4EHkIDPywQ.jpg');
INSERT OR REPLACE INTO Pelicula (id_pelicula, titulo, descripcion, poster_path, backdrop_path, trailer, anio_estreno, duracion) VALUES (1356039, 'Contraataque', 'En una misión de rescate de rehenes, el capitán Guerrero y sus soldados de élite sufren una emboscada de un despiadado cártel de la droga.', 'https://image.tmdb.org/t/p/original/kxnFdLJhi37ZVFDCL1ka0yeQVU5.jpg', 'https://image.tmdb.org/t/p/original/deUWVEgNh2IGjShyymZhaYP40ye.jpg', '', 2025, 85);
INSERT OR REPLACE INTO Pelicula_Actor (id_pelicula, id_actor, personaje) VALUES (1356039, 1309460, 'Capitán Guerrero');
INSERT OR REPLACE INTO Pelicula_Actor (id_pelicula, id_actor, personaje) VALUES (1356039, 89445, 'Josefo "El Aguijón" Urías');
INSERT OR REPLACE INTO Pelicula_Actor (id_pelicula, id_actor, personaje) VALUES (1356039, 1311441, 'Tanque');
INSERT OR REPLACE INTO Pelicula_Actor (id_pelicula, id_actor, personaje) VALUES (1356039, 2139802, 'Pollo');
INSERT OR REPLACE INTO Pelicula_Actor (id_pelicula, id_actor, personaje) VALUES (1356039, 3524227, 'Toro');
INSERT OR IGNORE INTO Pelicula_Categoria (id_pelicula, id_categoria) VALUES (1356039, 5);
INSERT OR IGNORE INTO Pelicula_Categoria (id_pelicula, id_categoria) VALUES (1356039, 1);
INSERT OR IGNORE INTO Pelicula_Categoria (id_pelicula, id_categoria) VALUES (1356039, 6);
INSERT OR IGNORE INTO Pelicula_Compania (id_pelicula, id_compania) VALUES (1356039, undefined);
-- Fin película: Contraataque --
INSERT OR IGNORE INTO Actor (id_actor, nombre, foto_path) VALUES (8349, 'Martin Sheen', 'https://image.tmdb.org/t/p/original/m2Y3Q0uyuW6htrn2W9UWCWMkpZu.jpg');
INSERT OR IGNORE INTO Actor (id_actor, nombre, foto_path) VALUES (3084, 'Marlon Brando', 'https://image.tmdb.org/t/p/original/iyO183LVAJ0I4ZkNibINPjfAjCP.jpg');
INSERT OR IGNORE INTO Actor (id_actor, nombre, foto_path) VALUES (8351, 'Frederic Forrest', 'https://image.tmdb.org/t/p/original/gxHgIe9swYgCcxSSCewQTF4J4VO.jpg');
INSERT OR IGNORE INTO Actor (id_actor, nombre, foto_path) VALUES (8354, 'Albert Hall', 'https://image.tmdb.org/t/p/original/jvcOpEO0vSNy3KaDkhIldI1CoaU.jpg');
INSERT OR IGNORE INTO Actor (id_actor, nombre, foto_path) VALUES (2975, 'Laurence Fishburne', 'https://image.tmdb.org/t/p/original/2GbXERENPpl5MmlqOLlPVaVtifD.jpg');
INSERT OR REPLACE INTO Pelicula (id_pelicula, titulo, descripcion, poster_path, backdrop_path, trailer, anio_estreno, duracion) VALUES (28, 'Apocalypse Now', 'Durante la guerra de Vietnam, al joven Capitán Willard, un oficial de los servicios de inteligencia del ejército estadounidense, se le ha encomendado entrar en Camboya con la peligrosa misión de eliminar a Kurtz, un coronel renegado que se ha vuelto loco. El capitán deberá ir navegar por el río hasta el corazón de la selva, donde parece ser que Kurtz reina como un buda despótico sobre los miembros de la tribu Montagnard, que le adoran como a un dios.', 'https://image.tmdb.org/t/p/original/zJXRrkJTlcb5x87v4VWN1zZX0Xk.jpg', 'https://image.tmdb.org/t/p/original/eN5G8vTWLnZxJ0LTd4g27oPObcZ.jpg', 'https://www.youtube.com/watch?v=h5iZf5kv354', 1979, 147);
INSERT OR REPLACE INTO Pelicula_Actor (id_pelicula, id_actor, personaje) VALUES (28, 8349, 'Captain Benjamin Willard');
INSERT OR REPLACE INTO Pelicula_Actor (id_pelicula, id_actor, personaje) VALUES (28, 3084, 'Colonel Walter Kurtz');
INSERT OR REPLACE INTO Pelicula_Actor (id_pelicula, id_actor, personaje) VALUES (28, 8351, 'Jay 'Chef' Hicks');
INSERT OR REPLACE INTO Pelicula_Actor (id_pelicula, id_actor, personaje) VALUES (28, 8354, 'Chief Phillips');
INSERT OR REPLACE INTO Pelicula_Actor (id_pelicula, id_actor, personaje) VALUES (28, 2975, 'Tyrone 'Clean' Miller');
INSERT OR IGNORE INTO Pelicula_Categoria (id_pelicula, id_categoria) VALUES (28, 7);
INSERT OR IGNORE INTO Pelicula_Categoria (id_pelicula, id_categoria) VALUES (28, 1);
INSERT OR IGNORE INTO Pelicula_Compania (id_pelicula, id_compania) VALUES (28, undefined);
-- Fin película: Apocalypse Now --
INSERT OR IGNORE INTO Actor (id_actor, nombre, foto_path) VALUES (1315197, '沢田泉', 'https://image.tmdb.org/t/p/original/A59nyfer38Q2J84Fy1lUbqgIFN1.jpg');
INSERT OR IGNORE INTO Actor (id_actor, nombre, foto_path) VALUES (1248372, '田谷隼', 'https://image.tmdb.org/t/p/original/nwar5Rk5HZwl1YxggzGp207h4Y6.jpg');
INSERT OR IGNORE INTO Actor (id_actor, nombre, foto_path) VALUES (992869, 'Ayane Sakura', 'https://image.tmdb.org/t/p/original/yPbTmntASE9psPIMhNGU5oo6vIH.jpg');
INSERT OR IGNORE INTO Actor (id_actor, nombre, foto_path) VALUES (1254052, 'Koki Uchiyama', 'https://image.tmdb.org/t/p/original/sllSm3iZZWVLTBrDZQRtWrZUfEj.jpg');
INSERT OR IGNORE INTO Actor (id_actor, nombre, foto_path) VALUES (65438, 'Shinpachi Tsuji', 'https://image.tmdb.org/t/p/original/af5ILJbixauO84bsuLOr8XSU9yd.jpg');
INSERT OR REPLACE INTO Pelicula (id_pelicula, titulo, descripcion, poster_path, backdrop_path, trailer, anio_estreno, duracion) VALUES (92321, 'En el bosque de la luz de las luciérnagas', 'De niña, Hotaru se pierde en un bosque y conoce a Gin, un joven enmascarado que no puede ser tocado por humanos debido a un hechizo. Cada verano, ella regresa para verlo, creando un vínculo especial que desafía el paso del tiempo.', 'https://image.tmdb.org/t/p/original/xE763r1dnYji0gOxrSxBtzyouSf.jpg', 'https://image.tmdb.org/t/p/original/qknxyRgP6UTmwJ4B9tDAmzHMq7u.jpg', '', 2011, 45);
INSERT OR REPLACE INTO Pelicula_Actor (id_pelicula, id_actor, personaje) VALUES (92321, 1315197, 'Hotaru's Mother (voice)');
INSERT OR REPLACE INTO Pelicula_Actor (id_pelicula, id_actor, personaje) VALUES (92321, 1248372, 'Ryouta (voice)');
INSERT OR REPLACE INTO Pelicula_Actor (id_pelicula, id_actor, personaje) VALUES (92321, 992869, 'Hotaru Takegawa (voice)');
INSERT OR REPLACE INTO Pelicula_Actor (id_pelicula, id_actor, personaje) VALUES (92321, 1254052, 'Gin (voice)');
INSERT OR REPLACE INTO Pelicula_Actor (id_pelicula, id_actor, personaje) VALUES (92321, 65438, 'Hotaru's Grandfather (voice)');
INSERT OR IGNORE INTO Pelicula_Categoria (id_pelicula, id_categoria) VALUES (92321, 10);
INSERT OR IGNORE INTO Pelicula_Categoria (id_pelicula, id_categoria) VALUES (92321, 5);
INSERT OR IGNORE INTO Pelicula_Categoria (id_pelicula, id_categoria) VALUES (92321, 3);
INSERT OR IGNORE INTO Pelicula_Compania (id_pelicula, id_compania) VALUES (92321, undefined);
-- Fin película: En el bosque de la luz de las luciérnagas --
INSERT OR IGNORE INTO Actor (id_actor, nombre, foto_path) VALUES (77927, '緒方恵美', 'https://image.tmdb.org/t/p/original/eNdfMUyZgG5P4TNIZpbTAu8gBs9.jpg');
INSERT OR IGNORE INTO Actor (id_actor, nombre, foto_path) VALUES (40325, 'Megumi Hayashibara', 'https://image.tmdb.org/t/p/original/qiCiLNGaJmwql2uBpjnkY5zX5T2.jpg');
INSERT OR IGNORE INTO Actor (id_actor, nombre, foto_path) VALUES (77931, 'Kotono Mitsuishi', 'https://image.tmdb.org/t/p/original/mvKgkuAVVMmjkFWlwVQu8KCa80O.jpg');
INSERT OR IGNORE INTO Actor (id_actor, nombre, foto_path) VALUES (83768, '宮村優子', 'https://image.tmdb.org/t/p/original/lVxXWzREWxixZ51EK4gmz9LqCV9.jpg');
INSERT OR IGNORE INTO Actor (id_actor, nombre, foto_path) VALUES (77934, 'Fumihiko Tachiki', 'https://image.tmdb.org/t/p/original/9nHFGrvdT5c4klZOiFQElybNy7h.jpg');
INSERT OR REPLACE INTO Pelicula (id_pelicula, titulo, descripcion, poster_path, backdrop_path, trailer, anio_estreno, duracion) VALUES (18491, 'Neon Genesis Evangelion: The End of Evangelion', 'Seele ordena un ataque sin cuartel contra NERV con el objetivo de destruir los Evas antes de que Gendo pueda provocar el Tercer Impacto y la unión de las almas humanas.', 'https://image.tmdb.org/t/p/original/9jbxvKB937BWeYAmMKZTqPxBLsk.jpg', 'https://image.tmdb.org/t/p/original/xLMJCCSatxENpHO9rLW9yD8A12C.jpg', '', 1997, 90);
INSERT OR REPLACE INTO Pelicula_Actor (id_pelicula, id_actor, personaje) VALUES (18491, 77927, 'Shinji Ikari (voice)');
INSERT OR REPLACE INTO Pelicula_Actor (id_pelicula, id_actor, personaje) VALUES (18491, 40325, 'Rei Ayanami / Yui Ikari (voice)');
INSERT OR REPLACE INTO Pelicula_Actor (id_pelicula, id_actor, personaje) VALUES (18491, 77931, 'Misato Katsuragi (voice)');
INSERT OR REPLACE INTO Pelicula_Actor (id_pelicula, id_actor, personaje) VALUES (18491, 83768, 'Asuka Langley Soryu (voice)');
INSERT OR REPLACE INTO Pelicula_Actor (id_pelicula, id_actor, personaje) VALUES (18491, 77934, 'Gendo Ikari (voice)');
INSERT OR IGNORE INTO Pelicula_Categoria (id_pelicula, id_categoria) VALUES (18491, 5);
INSERT OR IGNORE INTO Pelicula_Categoria (id_pelicula, id_categoria) VALUES (18491, 3);
INSERT OR IGNORE INTO Pelicula_Categoria (id_pelicula, id_categoria) VALUES (18491, 7);
INSERT OR IGNORE INTO Pelicula_Categoria (id_pelicula, id_categoria) VALUES (18491, 3);
INSERT OR IGNORE INTO Pelicula_Compania (id_pelicula, id_compania) VALUES (18491, undefined);
INSERT OR IGNORE INTO Pelicula_Coleccion (id_pelicula, id_coleccion) VALUES (18491, 96850);
-- Fin película: Neon Genesis Evangelion: The End of Evangelion --
INSERT OR IGNORE INTO Actor (id_actor, nombre, foto_path) VALUES (2090, 'Kirk Douglas', 'https://image.tmdb.org/t/p/original/t94It9bPI6uBvNuuQlQipyYyURC.jpg');
INSERT OR IGNORE INTO Actor (id_actor, nombre, foto_path) VALUES (14562, 'Ralph Meeker', 'https://image.tmdb.org/t/p/original/3gxXZRouc813WFmA6zVUl3ciq0P.jpg');
INSERT OR IGNORE INTO Actor (id_actor, nombre, foto_path) VALUES (14563, 'Adolphe Menjou', 'https://image.tmdb.org/t/p/original/88FfjxT3cFDIbCIK0UmwyjEF6tU.jpg');
INSERT OR IGNORE INTO Actor (id_actor, nombre, foto_path) VALUES (14564, 'George Macready', 'https://image.tmdb.org/t/p/original/gGtegV82TMbcd5psHx6w7by5FgO.jpg');
INSERT OR IGNORE INTO Actor (id_actor, nombre, foto_path) VALUES (14565, 'Wayne Morris', 'https://image.tmdb.org/t/p/original/2HFQHQrPdlr8eRca5x9BAfeQnjc.jpg');
INSERT OR REPLACE INTO Pelicula (id_pelicula, titulo, descripcion, poster_path, backdrop_path, trailer, anio_estreno, duracion) VALUES (975, 'Senderos de gloria', 'Primera Guerra Mundial (1914-1918). En 1916, en Francia, el general Boulard ordena la conquista de una inexpugnable posición alemana y encarga esa misión al ambicioso general Mireau. El encargado de dirigir el ataque será el coronel Dax. La toma de la colina resulta un infierno, y el regimiento emprende la retirada hacia las trincheras. El alto mando militar, irritado por la derrota, decide imponer al regimiento un terrible castigo que sirva de ejemplo a los demás soldados.', 'https://image.tmdb.org/t/p/original/vz8J8nTbF5JP7PQK4VNVsO8rzCy.jpg', 'https://image.tmdb.org/t/p/original/eTZkq5tI58Ec76AwPf1HOUoKtky.jpg', '', 1957, 88);
INSERT OR REPLACE INTO Pelicula_Actor (id_pelicula, id_actor, personaje) VALUES (975, 2090, 'Col. Dax');
INSERT OR REPLACE INTO Pelicula_Actor (id_pelicula, id_actor, personaje) VALUES (975, 14562, 'Cpl. Philippe Paris');
INSERT OR REPLACE INTO Pelicula_Actor (id_pelicula, id_actor, personaje) VALUES (975, 14563, 'Gen. George Broulard');
INSERT OR REPLACE INTO Pelicula_Actor (id_pelicula, id_actor, personaje) VALUES (975, 14564, 'Gen. Paul Mireau');
INSERT OR REPLACE INTO Pelicula_Actor (id_pelicula, id_actor, personaje) VALUES (975, 14565, 'Lt. Roget/Singing man');
INSERT OR IGNORE INTO Pelicula_Categoria (id_pelicula, id_categoria) VALUES (975, 1);
INSERT OR IGNORE INTO Pelicula_Categoria (id_pelicula, id_categoria) VALUES (975, 7);
INSERT OR IGNORE INTO Pelicula_Compania (id_pelicula, id_compania) VALUES (975, undefined);
-- Fin película: Senderos de gloria --
INSERT OR IGNORE INTO Actor (id_actor, nombre, foto_path) VALUES (13848, 'Charlie Chaplin', 'https://image.tmdb.org/t/p/original/eZAynbZFJB4L8ZfMXTUSG3RmBcg.jpg');
INSERT OR IGNORE INTO Actor (id_actor, nombre, foto_path) VALUES (13852, 'Virginia Cherrill', 'https://image.tmdb.org/t/p/original/dUesDEOkQGsCK0FXQSjRW6QayMw.jpg');
INSERT OR IGNORE INTO Actor (id_actor, nombre, foto_path) VALUES (2913936, 'Florence Lee', '');
INSERT OR IGNORE INTO Actor (id_actor, nombre, foto_path) VALUES (13854, 'Harry Myers', 'https://image.tmdb.org/t/p/original/v2Y70uGlW7FQV8khBqRUOUEdy4n.jpg');
INSERT OR IGNORE INTO Actor (id_actor, nombre, foto_path) VALUES (13855, 'Al Ernest Garcia', 'https://image.tmdb.org/t/p/original/pz1VDUCBCvNiZ8qAHg9N4ejXmSX.jpg');
INSERT OR REPLACE INTO Pelicula (id_pelicula, titulo, descripcion, poster_path, backdrop_path, trailer, anio_estreno, duracion) VALUES (901, 'Luces de la ciudad', 'Un pobre vagabundo (Charles Chaplin) pasa mil y un avatares para conseguir dinero y ayudar a una pobre chica ciega (Virginia Cherill) de la que se ha enamorado.', 'https://image.tmdb.org/t/p/original/15bnFY02iqWB6jN0sjxsxMNrmWS.jpg', 'https://image.tmdb.org/t/p/original/aSksN0VqrRyXkcJPDqGL6S3gxpl.jpg', '', 1931, 87);
INSERT OR REPLACE INTO Pelicula_Actor (id_pelicula, id_actor, personaje) VALUES (901, 13848, 'A Tramp');
INSERT OR REPLACE INTO Pelicula_Actor (id_pelicula, id_actor, personaje) VALUES (901, 13852, 'A Blind Girl');
INSERT OR REPLACE INTO Pelicula_Actor (id_pelicula, id_actor, personaje) VALUES (901, 2913936, 'Her Grandmother');
INSERT OR REPLACE INTO Pelicula_Actor (id_pelicula, id_actor, personaje) VALUES (901, 13854, 'An Eccentric Millionaire');
INSERT OR REPLACE INTO Pelicula_Actor (id_pelicula, id_actor, personaje) VALUES (901, 13855, 'His Butler');
INSERT OR IGNORE INTO Pelicula_Categoria (id_pelicula, id_categoria) VALUES (901, 12);
INSERT OR IGNORE INTO Pelicula_Categoria (id_pelicula, id_categoria) VALUES (901, 7);
INSERT OR IGNORE INTO Pelicula_Categoria (id_pelicula, id_categoria) VALUES (901, 10);
INSERT OR IGNORE INTO Pelicula_Compania (id_pelicula, id_compania) VALUES (901, undefined);
-- Fin película: Luces de la ciudad --
INSERT OR IGNORE INTO Actor (id_actor, nombre, foto_path) VALUES (1134885, 'Omar Chaparro', 'https://image.tmdb.org/t/p/original/fAIDrbtyHBcDDbRdRZ3bvNesKU7.jpg');
INSERT OR IGNORE INTO Actor (id_actor, nombre, foto_path) VALUES (7351, 'Ana Claudia Talancón', 'https://image.tmdb.org/t/p/original/es8No01z8G0MFX2KeiAa2ouRfCD.jpg');
INSERT OR IGNORE INTO Actor (id_actor, nombre, foto_path) VALUES (1255083, 'Stephanie Cayo', 'https://image.tmdb.org/t/p/original/q1biqcKvbpU4tEvMcbVNaoO9ABM.jpg');
INSERT OR IGNORE INTO Actor (id_actor, nombre, foto_path) VALUES (1314375, 'Lupita Sandoval', '');
INSERT OR IGNORE INTO Actor (id_actor, nombre, foto_path) VALUES (2492975, 'Yare Santana', 'https://image.tmdb.org/t/p/original/9E6uEr23wEU3Ww2GbKk9Mu5Rnhf.jpg');
INSERT OR REPLACE INTO Pelicula (id_pelicula, titulo, descripcion, poster_path, backdrop_path, trailer, anio_estreno, duracion) VALUES (654299, 'Como caído del cielo', 'El legendario actor y cantante mexicano Pedro Infante es enviado de regreso a la Tierra en el cuerpo de un imitador para enmendar sus errores por la forma en que trató a las mujeres y así ganar su entrada al cielo.', 'https://image.tmdb.org/t/p/original/o9cSEHrXzPOO4OIoT9yrdxc216w.jpg', 'https://image.tmdb.org/t/p/original/o33acwn7KliNpJRbjy4FrMSpiQ9.jpg', '', 2019, 112);
INSERT OR REPLACE INTO Pelicula_Actor (id_pelicula, id_actor, personaje) VALUES (654299, 1134885, '');
INSERT OR REPLACE INTO Pelicula_Actor (id_pelicula, id_actor, personaje) VALUES (654299, 7351, '');
INSERT OR REPLACE INTO Pelicula_Actor (id_pelicula, id_actor, personaje) VALUES (654299, 1255083, 'Samantha');
INSERT OR REPLACE INTO Pelicula_Actor (id_pelicula, id_actor, personaje) VALUES (654299, 1314375, '');
INSERT OR REPLACE INTO Pelicula_Actor (id_pelicula, id_actor, personaje) VALUES (654299, 2492975, 'Jenny Infante');
INSERT OR IGNORE INTO Pelicula_Categoria (id_pelicula, id_categoria) VALUES (654299, 12);
INSERT OR IGNORE INTO Pelicula_Categoria (id_pelicula, id_categoria) VALUES (654299, 7);
INSERT OR IGNORE INTO Pelicula_Categoria (id_pelicula, id_categoria) VALUES (654299, 11);
INSERT OR IGNORE INTO Pelicula_Compania (id_pelicula, id_compania) VALUES (654299, undefined);
-- Fin película: Como caído del cielo --
