
-- === LOTE: Now Playing - Page 2 (2026-02-06T11:06:08.601Z) ===
INSERT OR IGNORE INTO Actor (id_actor, nombre, foto_path) VALUES (1798927, 'Danika Golombek', '');
INSERT OR IGNORE INTO Actor (id_actor, nombre, foto_path) VALUES (2269167, 'Grayson Eddey', '');
INSERT OR IGNORE INTO Actor (id_actor, nombre, foto_path) VALUES (556488, 'Nathalie Söderqvist', '');
INSERT OR IGNORE INTO Actor (id_actor, nombre, foto_path) VALUES (991941, 'Marcus DeAnda', 'https://image.tmdb.org/t/p/original/k4ph0Q2R0tHOs2GvmZI5mGeoNkh.jpg');
INSERT OR IGNORE INTO Actor (id_actor, nombre, foto_path) VALUES (2475451, 'Zachary Cowan', 'https://image.tmdb.org/t/p/original/oM2BlIsPn1yfi5g5GJFFlenhFZd.jpg');
INSERT OR REPLACE INTO Pelicula (id_pelicula, titulo, descripcion, poster_path, backdrop_path, trailer, anio_estreno, duracion) VALUES (1475490, 'The Calling Witch', 'Dos hermanos enfrentan el terror cuando una siniestra bruja, creada en los libros de su difunta madre, parece cobrar vida y acosarlos sin piedad.', 'https://image.tmdb.org/t/p/original/q8o2NzIH4ze28NAVs1eRkejAJIk.jpg', 'https://image.tmdb.org/t/p/original/aFqLp6XfmzrYNSVlyKoQU7WT1PX.jpg', '', 2026, 98);
INSERT OR REPLACE INTO Pelicula_Actor (id_pelicula, id_actor, personaje) VALUES (1475490, 1798927, 'Virginia');
INSERT OR REPLACE INTO Pelicula_Actor (id_pelicula, id_actor, personaje) VALUES (1475490, 2269167, 'Edward');
INSERT OR REPLACE INTO Pelicula_Actor (id_pelicula, id_actor, personaje) VALUES (1475490, 556488, 'Alison / Woman');
INSERT OR REPLACE INTO Pelicula_Actor (id_pelicula, id_actor, personaje) VALUES (1475490, 991941, 'Warren');
INSERT OR REPLACE INTO Pelicula_Actor (id_pelicula, id_actor, personaje) VALUES (1475490, 2475451, 'Greg');
INSERT OR IGNORE INTO Pelicula_Categoria (id_pelicula, id_categoria) VALUES (1475490, 6);
INSERT OR IGNORE INTO Pelicula_Categoria (id_pelicula, id_categoria) VALUES (1475490, 4);
INSERT OR IGNORE INTO Pelicula_Categoria (id_pelicula, id_categoria) VALUES (1475490, 7);
INSERT OR IGNORE INTO Pelicula_Compania (id_pelicula, id_compania) VALUES (1475490, undefined);
-- Fin película: The Calling Witch --
INSERT OR IGNORE INTO Actor (id_actor, nombre, foto_path) VALUES (1279279, 'Virginia Gardner', 'https://image.tmdb.org/t/p/original/wD0Ib0AqzfIxBL9X0x8YDbKoI2E.jpg');
INSERT OR IGNORE INTO Actor (id_actor, nombre, foto_path) VALUES (2637828, 'Melanie Jarnson', 'https://image.tmdb.org/t/p/original/8m0gnlADmLXkMkvSzDR2OhBfsCB.jpg');
INSERT OR IGNORE INTO Actor (id_actor, nombre, foto_path) VALUES (1421393, 'Mitchell Hope', 'https://image.tmdb.org/t/p/original/oENPvMMblZYzEd4tGJ6VGaxsg6q.jpg');
INSERT OR IGNORE INTO Actor (id_actor, nombre, foto_path) VALUES (2387468, 'Isaac Crawley', 'https://image.tmdb.org/t/p/original/c4mZLQ0rtGSgWE3ciqepvSQoEA2.jpg');
INSERT OR IGNORE INTO Actor (id_actor, nombre, foto_path) VALUES (4066265, 'Scott James George', 'https://image.tmdb.org/t/p/original/4SaTqCO3tOqbkrcsPEbt8SEKtC.jpg');
INSERT OR REPLACE INTO Pelicula (id_pelicula, titulo, descripcion, poster_path, backdrop_path, trailer, anio_estreno, duracion) VALUES (1412598, 'Killer Whale', 'Las mejores amigas Maddie y Trish quedan atrapadas en una remota laguna con la peligrosa orca Ceto.', 'https://image.tmdb.org/t/p/original/cqbXxAw9sUr4tJ5ffEwtnz6IL9o.jpg', 'https://image.tmdb.org/t/p/original/ykigHs1OIyqqV04zfFqIlSHp546.jpg', '', 2026, 89);
INSERT OR REPLACE INTO Pelicula_Actor (id_pelicula, id_actor, personaje) VALUES (1412598, 1279279, 'Maddie');
INSERT OR REPLACE INTO Pelicula_Actor (id_pelicula, id_actor, personaje) VALUES (1412598, 2637828, 'Trish');
INSERT OR REPLACE INTO Pelicula_Actor (id_pelicula, id_actor, personaje) VALUES (1412598, 1421393, 'Josh');
INSERT OR REPLACE INTO Pelicula_Actor (id_pelicula, id_actor, personaje) VALUES (1412598, 2387468, 'Chad');
INSERT OR REPLACE INTO Pelicula_Actor (id_pelicula, id_actor, personaje) VALUES (1412598, 4066265, 'Hooded Man');
INSERT OR IGNORE INTO Pelicula_Categoria (id_pelicula, id_categoria) VALUES (1412598, 6);
INSERT OR IGNORE INTO Pelicula_Categoria (id_pelicula, id_categoria) VALUES (1412598, 4);
INSERT OR IGNORE INTO Pelicula_Categoria (id_pelicula, id_categoria) VALUES (1412598, 5);
INSERT OR IGNORE INTO Pelicula_Categoria (id_pelicula, id_categoria) VALUES (1412598, 1);
INSERT OR IGNORE INTO Pelicula_Categoria (id_pelicula, id_categoria) VALUES (1412598, 3);
INSERT OR IGNORE INTO Pelicula_Compania (id_pelicula, id_compania) VALUES (1412598, undefined);
-- Fin película: Killer Whale --
INSERT OR IGNORE INTO Actor (id_actor, nombre, foto_path) VALUES (93527, 'Kelly Rowland', 'https://image.tmdb.org/t/p/original/vqdvovRv0CuqTfYIqQFHehZA2gI.jpg');
INSERT OR IGNORE INTO Actor (id_actor, nombre, foto_path) VALUES (5384, 'Method Man', 'https://image.tmdb.org/t/p/original/mYJFxOcrda410rS5JHPf0nPuimZ.jpg');
INSERT OR IGNORE INTO Actor (id_actor, nombre, foto_path) VALUES (1110105, 'Robin Thede', 'https://image.tmdb.org/t/p/original/zmodX7Rln5W8B8F9u77qCvXGZPP.jpg');
INSERT OR IGNORE INTO Actor (id_actor, nombre, foto_path) VALUES (2560944, 'Annie Gonzalez', 'https://image.tmdb.org/t/p/original/xPNTKFVelmIX0Xy1jJlQAqXAgnf.jpg');
INSERT OR IGNORE INTO Actor (id_actor, nombre, foto_path) VALUES (352, 'Dennis Haysbert', 'https://image.tmdb.org/t/p/original/lcnjaw2CFN6q9eaes1jTYrUB0rb.jpg');
INSERT OR REPLACE INTO Pelicula (id_pelicula, titulo, descripcion, poster_path, backdrop_path, trailer, anio_estreno, duracion) VALUES (1433842, 'La Meta es el Amor', 'Cuando la brillante productora de televisión Leah Caldwell (Kelly Rowland) está a punto de hacer historia como la primera mujer en dirigir el programa matutino más importante de Nueva York, su ex, Jarrett Roy (Clifford "Method Man" Smith), aparece para competir por el mismo puesto. Afirma ser un hombre diferente, transformado por la sabiduría del bestseller del New York Times, "Relationship Goals".Mientras su círculo íntimo de amigos se sumerge en el mismo libro transformador, todos comienzan a redescubrir su propósito en el amor. Sin embargo, Leah, completamente centrada en romper el techo de cristal, no está lista para creer en encontrar el amor, incluso cuando la innegable química con su ex amenaza con reavivar viejas llamas.', 'https://image.tmdb.org/t/p/original/eZRbRa0q9rKkPe0gfJ2a0NhygBX.jpg', 'https://image.tmdb.org/t/p/original/dFdFQaffaBNBNM5hzinc6Q0oWDZ.jpg', 'https://www.youtube.com/watch?v=m-dp6lQwGSI', 2026, 96);
INSERT OR REPLACE INTO Pelicula_Actor (id_pelicula, id_actor, personaje) VALUES (1433842, 93527, 'Leah Caldwell');
INSERT OR REPLACE INTO Pelicula_Actor (id_pelicula, id_actor, personaje) VALUES (1433842, 5384, 'Jarrett Roy');
INSERT OR REPLACE INTO Pelicula_Actor (id_pelicula, id_actor, personaje) VALUES (1433842, 1110105, 'Brenda Phelps');
INSERT OR REPLACE INTO Pelicula_Actor (id_pelicula, id_actor, personaje) VALUES (1433842, 2560944, 'Treese Moore');
INSERT OR REPLACE INTO Pelicula_Actor (id_pelicula, id_actor, personaje) VALUES (1433842, 352, 'Papa Jim');
INSERT OR IGNORE INTO Pelicula_Categoria (id_pelicula, id_categoria) VALUES (1433842, 10);
INSERT OR IGNORE INTO Pelicula_Categoria (id_pelicula, id_categoria) VALUES (1433842, 12);
INSERT OR IGNORE INTO Pelicula_Compania (id_pelicula, id_compania) VALUES (1433842, undefined);
-- Fin película: La Meta es el Amor --
INSERT OR IGNORE INTO Actor (id_actor, nombre, foto_path) VALUES (1190668, 'Timothée Chalamet', 'https://image.tmdb.org/t/p/original/dFxpwRpmzpVfP1zjluH68DeQhyj.jpg');
INSERT OR IGNORE INTO Actor (id_actor, nombre, foto_path) VALUES (12052, 'Gwyneth Paltrow', 'https://image.tmdb.org/t/p/original/8x3jpWD7DEvyMXO1FOjwNdd1UZT.jpg');
INSERT OR IGNORE INTO Actor (id_actor, nombre, foto_path) VALUES (1972166, 'Odessa A''zion', 'https://image.tmdb.org/t/p/original/w5HuKyEMDP3tK38KtVtJfGUcSa4.jpg');
INSERT OR IGNORE INTO Actor (id_actor, nombre, foto_path) VALUES (1240877, 'Kevin O''Leary', 'https://image.tmdb.org/t/p/original/uvTv976u2wgrl9RqxSfBeTlE1Wz.jpg');
INSERT OR IGNORE INTO Actor (id_actor, nombre, foto_path) VALUES (1133834, 'Tyler, The Creator', 'https://image.tmdb.org/t/p/original/jdAYV2hhjsffcRBTPqCMzHLIiM1.jpg');
INSERT OR REPLACE INTO Pelicula (id_pelicula, titulo, descripcion, poster_path, backdrop_path, trailer, anio_estreno, duracion) VALUES (1317288, 'Marty Supreme', 'Biopic de Marty Reisman, un buscavidas convertido en campeón de ping pong, desde que empezó a jugar por apuestas en Manhattan hasta ganar 22 títulos importantes y convertirse en el más veterano en ganar una competición nacional de deportes de raqueta, con 67 años.', 'https://image.tmdb.org/t/p/original/mijSU0Rws3tBBbhdE5udxPSaZvF.jpg', 'https://image.tmdb.org/t/p/original/6h7w8R4BA7vubEmEEW5vYEjuoz6.jpg', 'https://www.youtube.com/watch?v=wNQjwR5cCiM', 2025, 150);
INSERT OR REPLACE INTO Pelicula_Actor (id_pelicula, id_actor, personaje) VALUES (1317288, 1190668, 'Marty Mauser');
INSERT OR REPLACE INTO Pelicula_Actor (id_pelicula, id_actor, personaje) VALUES (1317288, 12052, 'Kay Stone');
INSERT OR REPLACE INTO Pelicula_Actor (id_pelicula, id_actor, personaje) VALUES (1317288, 1972166, 'Rachel Mizler');
INSERT OR REPLACE INTO Pelicula_Actor (id_pelicula, id_actor, personaje) VALUES (1317288, 1240877, 'Milton Rockwell');
INSERT OR REPLACE INTO Pelicula_Actor (id_pelicula, id_actor, personaje) VALUES (1317288, 1133834, 'Wally');
INSERT OR IGNORE INTO Pelicula_Categoria (id_pelicula, id_categoria) VALUES (1317288, 7);
INSERT OR IGNORE INTO Pelicula_Compania (id_pelicula, id_compania) VALUES (1317288, undefined);
-- Fin película: Marty Supreme --
INSERT OR IGNORE INTO Actor (id_actor, nombre, foto_path) VALUES (64182, 'Bill Barretta', 'https://image.tmdb.org/t/p/original/m4M99V64Bni91R8J2YgJ2QPwRDL.jpg');
INSERT OR IGNORE INTO Actor (id_actor, nombre, foto_path) VALUES (64181, 'Dave Goelz', 'https://image.tmdb.org/t/p/original/tBJDwH008IVSeTCB5e2P856NbIv.jpg');
INSERT OR IGNORE INTO Actor (id_actor, nombre, foto_path) VALUES (97185, 'Eric Jacobson', 'https://image.tmdb.org/t/p/original/bB4DRQwKUswG8uvFmDDHHWFwzlz.jpg');
INSERT OR IGNORE INTO Actor (id_actor, nombre, foto_path) VALUES (360193, 'Peter Linz', 'https://image.tmdb.org/t/p/original/hQZzWLqAK1sf45ddLCMh6Yuiaai.jpg');
INSERT OR IGNORE INTO Actor (id_actor, nombre, foto_path) VALUES (192632, 'David Rudman', 'https://image.tmdb.org/t/p/original/lHk21OS9k5aeACDSYJFBaJgMrCP.jpg');
INSERT OR REPLACE INTO Pelicula (id_pelicula, titulo, descripcion, poster_path, backdrop_path, trailer, anio_estreno, duracion) VALUES (1548113, 'El show de los Muppets', '¡Vuelve "El show de los Muppets"! La rana Gustavo, la Señorita Peggy y el resto de los queridos Muppets regresan con un nuevo programa especial. La música, la comedia y el caos están garantizados cuando los Muppets se suban de nuevo al escenario del Teatro de los Muppets original con una invitada muy especial: ¡Sabrina Carpenter!', 'https://image.tmdb.org/t/p/original/9UQB40mDmP9l5WsOTYs9FW0ItOI.jpg', 'https://image.tmdb.org/t/p/original/v1DsKWjIF9M9eB7xtIwVfU6unSW.jpg', '', 2026, 32);
INSERT OR REPLACE INTO Pelicula_Actor (id_pelicula, id_actor, personaje) VALUES (1548113, 64182, 'Rowlf the Dog / Dr. Teeth  / Swedish Chef / Pepé the King Prawn (voice)');
INSERT OR REPLACE INTO Pelicula_Actor (id_pelicula, id_actor, personaje) VALUES (1548113, 64181, 'Gonzo / Zoot / Waldorf / Dr. Bunsen Honeydew (voice)');
INSERT OR REPLACE INTO Pelicula_Actor (id_pelicula, id_actor, personaje) VALUES (1548113, 97185, 'Miss Piggy / Fozzie Bear / Animal / Sam Eagle (voice)');
INSERT OR REPLACE INTO Pelicula_Actor (id_pelicula, id_actor, personaje) VALUES (1548113, 360193, 'Lips / Statler (voice)');
INSERT OR REPLACE INTO Pelicula_Actor (id_pelicula, id_actor, personaje) VALUES (1548113, 192632, 'Scooter / Janice / Beaker (voice)');
INSERT OR IGNORE INTO Pelicula_Categoria (id_pelicula, id_categoria) VALUES (1548113, 12);
INSERT OR IGNORE INTO Pelicula_Categoria (id_pelicula, id_categoria) VALUES (1548113, 12);
INSERT OR IGNORE INTO Pelicula_Categoria (id_pelicula, id_categoria) VALUES (1548113, 11);
INSERT OR IGNORE INTO Pelicula_Categoria (id_pelicula, id_categoria) VALUES (1548113, 7);
INSERT OR IGNORE INTO Pelicula_Compania (id_pelicula, id_compania) VALUES (1548113, undefined);
-- Fin película: El show de los Muppets --
INSERT OR IGNORE INTO Actor (id_actor, nombre, foto_path) VALUES (135651, 'Michael B. Jordan', 'https://image.tmdb.org/t/p/original/515xNvaMC6xOEOlo0sFqW69ZqUH.jpg');
INSERT OR IGNORE INTO Actor (id_actor, nombre, foto_path) VALUES (130640, 'Hailee Steinfeld', 'https://image.tmdb.org/t/p/original/jiClUr3gaySWAyfXAHiCgmmtvij.jpg');
INSERT OR IGNORE INTO Actor (id_actor, nombre, foto_path) VALUES (4688032, 'Miles Caton', 'https://image.tmdb.org/t/p/original/yff2DK1Sc2baRGHbSfcmwMwX8HW.jpg');
INSERT OR IGNORE INTO Actor (id_actor, nombre, foto_path) VALUES (85065, 'Jack O''Connell', 'https://image.tmdb.org/t/p/original/9RrqnB1BRaWWHEjlWVVAna0sdBB.jpg');
INSERT OR IGNORE INTO Actor (id_actor, nombre, foto_path) VALUES (134774, 'Wunmi Mosaku', 'https://image.tmdb.org/t/p/original/mWDsVCo9sBcekrsjUTsoCFLhtYt.jpg');
INSERT OR REPLACE INTO Pelicula (id_pelicula, titulo, descripcion, poster_path, backdrop_path, trailer, anio_estreno, duracion) VALUES (1233413, 'Los pecadores', 'Tratando de dejar atrás sus problemáticas vidas, dos hermanos gemelos regresan a su pueblo natal para empezar de nuevo, solo para descubrir que un mal aún mayor les espera para darles la bienvenida.', 'https://image.tmdb.org/t/p/original/zdClwqpYQXBSCGGDMdtvsuggwec.jpg', 'https://image.tmdb.org/t/p/original/nAxGnGHOsfzufThz20zgmRwKur3.jpg', 'https://www.youtube.com/watch?v=XufPTI4PDLg', 2025, 137);
INSERT OR REPLACE INTO Pelicula_Actor (id_pelicula, id_actor, personaje) VALUES (1233413, 135651, 'Smoke / Stack');
INSERT OR REPLACE INTO Pelicula_Actor (id_pelicula, id_actor, personaje) VALUES (1233413, 130640, 'Mary');
INSERT OR REPLACE INTO Pelicula_Actor (id_pelicula, id_actor, personaje) VALUES (1233413, 4688032, 'Sammie Moore');
INSERT OR REPLACE INTO Pelicula_Actor (id_pelicula, id_actor, personaje) VALUES (1233413, 85065, 'Remmick');
INSERT OR REPLACE INTO Pelicula_Actor (id_pelicula, id_actor, personaje) VALUES (1233413, 134774, 'Annie');
INSERT OR IGNORE INTO Pelicula_Categoria (id_pelicula, id_categoria) VALUES (1233413, 4);
INSERT OR IGNORE INTO Pelicula_Categoria (id_pelicula, id_categoria) VALUES (1233413, 5);
INSERT OR IGNORE INTO Pelicula_Categoria (id_pelicula, id_categoria) VALUES (1233413, 6);
INSERT OR IGNORE INTO Pelicula_Compania (id_pelicula, id_compania) VALUES (1233413, undefined);
-- Fin película: Los pecadores --
INSERT OR IGNORE INTO Actor (id_actor, nombre, foto_path) VALUES (6193, 'Leonardo DiCaprio', 'https://image.tmdb.org/t/p/original/wo2hJpn04vbtmh0B9utCFdsQhxM.jpg');
INSERT OR IGNORE INTO Actor (id_actor, nombre, foto_path) VALUES (2228, 'Sean Penn', 'https://image.tmdb.org/t/p/original/9glqNTVpFpdN1nFklKaHPUyCwR6.jpg');
INSERT OR IGNORE INTO Actor (id_actor, nombre, foto_path) VALUES (3914706, 'Chase Infiniti', 'https://image.tmdb.org/t/p/original/2goENGgg9OCz7qjMmm0HNxV9Kjj.jpg');
INSERT OR IGNORE INTO Actor (id_actor, nombre, foto_path) VALUES (1121, 'Benicio del Toro', 'https://image.tmdb.org/t/p/original/aYomJWx0B2B8ra6Rmgt8lr0XCrw.jpg');
INSERT OR IGNORE INTO Actor (id_actor, nombre, foto_path) VALUES (35705, 'Regina Hall', 'https://image.tmdb.org/t/p/original/jiFZ4xNrvUUZLBHnJu71CvdN4kj.jpg');
INSERT OR REPLACE INTO Pelicula (id_pelicula, titulo, descripcion, poster_path, backdrop_path, trailer, anio_estreno, duracion) VALUES (1054867, 'Una batalla tras otra', 'Un ex revolucionario, tras años apartado de la lucha, se ve obligado a volver a la acción para enfrentar a viejos enemigos en un ambiente cargado de tensión política, racismo y violencia militar... Adaptación modernizada de la novela ''Vineland'', de Thomas Pynchon (1990), sobre los movimientos radicales de los años sesenta.', 'https://image.tmdb.org/t/p/original/iZ1499F6hYxDxiqioy8oSUaxipG.jpg', 'https://image.tmdb.org/t/p/original/si68lkhkMfIospVeLEBtl7HWKDh.jpg', 'https://www.youtube.com/watch?v=U_wQ_20g8Jw', 2025, 162);
INSERT OR REPLACE INTO Pelicula_Actor (id_pelicula, id_actor, personaje) VALUES (1054867, 6193, 'Bob');
INSERT OR REPLACE INTO Pelicula_Actor (id_pelicula, id_actor, personaje) VALUES (1054867, 2228, 'Col. Steven J. Lockjaw');
INSERT OR REPLACE INTO Pelicula_Actor (id_pelicula, id_actor, personaje) VALUES (1054867, 3914706, 'Willa');
INSERT OR REPLACE INTO Pelicula_Actor (id_pelicula, id_actor, personaje) VALUES (1054867, 1121, 'Sensei Sergio St. Carlos');
INSERT OR REPLACE INTO Pelicula_Actor (id_pelicula, id_actor, personaje) VALUES (1054867, 35705, 'Deandra');
INSERT OR IGNORE INTO Pelicula_Categoria (id_pelicula, id_categoria) VALUES (1054867, 6);
INSERT OR IGNORE INTO Pelicula_Categoria (id_pelicula, id_categoria) VALUES (1054867, 9);
INSERT OR IGNORE INTO Pelicula_Categoria (id_pelicula, id_categoria) VALUES (1054867, 5);
INSERT OR IGNORE INTO Pelicula_Compania (id_pelicula, id_compania) VALUES (1054867, undefined);
-- Fin película: Una batalla tras otra --
INSERT OR IGNORE INTO Actor (id_actor, nombre, foto_path) VALUES (27972, 'Josh Hutcherson', 'https://image.tmdb.org/t/p/original/f0eosZ1Fx0VBUyspq8K2f8sUSBn.jpg');
INSERT OR IGNORE INTO Actor (id_actor, nombre, foto_path) VALUES (2283930, 'Piper Rubio', 'https://image.tmdb.org/t/p/original/kIg9VvVBi1H8Bl9B697f2GE9rPo.jpg');
INSERT OR IGNORE INTO Actor (id_actor, nombre, foto_path) VALUES (1368507, 'Elizabeth Lail', 'https://image.tmdb.org/t/p/original/lDYjEyqojUs2sF3CgdsOZ9vr2KL.jpg');
INSERT OR IGNORE INTO Actor (id_actor, nombre, foto_path) VALUES (26457, 'Matthew Lillard', 'https://image.tmdb.org/t/p/original/auUbijDzR9xpSgQtLsYDvNatloj.jpg');
INSERT OR IGNORE INTO Actor (id_actor, nombre, foto_path) VALUES (1824301, 'Freddy Carter', 'https://image.tmdb.org/t/p/original/u4Ibhf8LnRzfuR2IUx6ZQWdWaVv.jpg');
INSERT OR REPLACE INTO Pelicula (id_pelicula, titulo, descripcion, poster_path, backdrop_path, trailer, anio_estreno, duracion) VALUES (1228246, 'Five Nights at Freddy''s 2', 'Un año después de la pesadilla sobrenatural en Freddy Fazbear''s Pizza, las historias sobre lo ocurrido allí se han convertido en una leyenda local extravagante, inspirando el primer Fazfest del pueblo. Con la verdad oculta, Abby se escapa para reencontrarse con Freddy, Bonnie, Chica y Foxy, desencadenando una serie de eventos aterradores que revelarán oscuros secretos sobre el verdadero origen de Freddy''s y desatarán un horror oculto durante décadas.', 'https://image.tmdb.org/t/p/original/egHOFSRXrAaugFUD7VMEnXlTnzJ.jpg', 'https://image.tmdb.org/t/p/original/54BOXpX2ieTXMDzHymdDMnUIzYG.jpg', 'https://www.youtube.com/watch?v=d_St1yVHIsI', 2025, 104);
INSERT OR REPLACE INTO Pelicula_Actor (id_pelicula, id_actor, personaje) VALUES (1228246, 27972, 'Mike');
INSERT OR REPLACE INTO Pelicula_Actor (id_pelicula, id_actor, personaje) VALUES (1228246, 2283930, 'Abby');
INSERT OR REPLACE INTO Pelicula_Actor (id_pelicula, id_actor, personaje) VALUES (1228246, 1368507, 'Vanessa');
INSERT OR REPLACE INTO Pelicula_Actor (id_pelicula, id_actor, personaje) VALUES (1228246, 26457, 'William Afton / Yellow Rabbit');
INSERT OR REPLACE INTO Pelicula_Actor (id_pelicula, id_actor, personaje) VALUES (1228246, 1824301, 'Michael');
INSERT OR IGNORE INTO Pelicula_Categoria (id_pelicula, id_categoria) VALUES (1228246, 4);
INSERT OR IGNORE INTO Pelicula_Categoria (id_pelicula, id_categoria) VALUES (1228246, 6);
INSERT OR IGNORE INTO Pelicula_Compania (id_pelicula, id_compania) VALUES (1228246, undefined);
INSERT OR IGNORE INTO Pelicula_Coleccion (id_pelicula, id_coleccion) VALUES (1228246, 1240438);
-- Fin película: Five Nights at Freddy''s 2 --
INSERT OR IGNORE INTO Actor (id_actor, nombre, foto_path) VALUES (2201315, 'Emma Mackey', 'https://image.tmdb.org/t/p/original/l4JOGnGOAeZr3BQvAerFyvakrU0.jpg');
INSERT OR IGNORE INTO Actor (id_actor, nombre, foto_path) VALUES (8944, 'Jamie Lee Curtis', 'https://image.tmdb.org/t/p/original/eb0lIt32WwrjtCULe5z6l9eBf06.jpg');
INSERT OR IGNORE INTO Actor (id_actor, nombre, foto_path) VALUES (2304140, 'Spike Fearn', 'https://image.tmdb.org/t/p/original/o1WcXkDdlN5wdL5WIuGXNpNouZ9.jpg');
INSERT OR IGNORE INTO Actor (id_actor, nombre, foto_path) VALUES (13, 'Albert Brooks', 'https://image.tmdb.org/t/p/original/8iDSGu5l93N7benjf6b3AysBore.jpg');
INSERT OR IGNORE INTO Actor (id_actor, nombre, foto_path) VALUES (1334638, 'Jack Lowden', 'https://image.tmdb.org/t/p/original/3wSE6uHLkslE9xvRiMbnphuI0VK.jpg');
INSERT OR REPLACE INTO Pelicula (id_pelicula, titulo, descripcion, poster_path, backdrop_path, trailer, anio_estreno, duracion) VALUES (1206008, 'Ella McCay', 'Una joven política idealista hace malabarismos con sus problemas familiares y su estresante vida laboral mientras se prepara para ocupar nada menos que el puesto de gobernadora de su estado, ocupando el puesto de su mentor.', 'https://image.tmdb.org/t/p/original/kuAObOLDIBnWgGE3vk9wBsrM54.jpg', 'https://image.tmdb.org/t/p/original/9cd1zsxcOAcBW01WDOWz8EODTS0.jpg', 'https://www.youtube.com/watch?v=OwgayXGF3uM', 2025, 115);
INSERT OR REPLACE INTO Pelicula_Actor (id_pelicula, id_actor, personaje) VALUES (1206008, 2201315, 'Ella McCay');
INSERT OR REPLACE INTO Pelicula_Actor (id_pelicula, id_actor, personaje) VALUES (1206008, 8944, 'Helen McCay');
INSERT OR REPLACE INTO Pelicula_Actor (id_pelicula, id_actor, personaje) VALUES (1206008, 2304140, 'Casey McCay');
INSERT OR REPLACE INTO Pelicula_Actor (id_pelicula, id_actor, personaje) VALUES (1206008, 13, 'Governor Bill');
INSERT OR REPLACE INTO Pelicula_Actor (id_pelicula, id_actor, personaje) VALUES (1206008, 1334638, 'Ryan Newell');
INSERT OR IGNORE INTO Pelicula_Categoria (id_pelicula, id_categoria) VALUES (1206008, 12);
INSERT OR IGNORE INTO Pelicula_Categoria (id_pelicula, id_categoria) VALUES (1206008, 7);
INSERT OR IGNORE INTO Pelicula_Compania (id_pelicula, id_compania) VALUES (1206008, undefined);
-- Fin película: Ella McCay --
INSERT OR IGNORE INTO Actor (id_actor, nombre, foto_path) VALUES (5469, 'Ralph Fiennes', 'https://image.tmdb.org/t/p/original/u29BOqiV5GCQ8k8WUJM50i9xlBf.jpg');
INSERT OR IGNORE INTO Actor (id_actor, nombre, foto_path) VALUES (85065, 'Jack O''Connell', 'https://image.tmdb.org/t/p/original/9RrqnB1BRaWWHEjlWVVAna0sdBB.jpg');
INSERT OR IGNORE INTO Actor (id_actor, nombre, foto_path) VALUES (5107934, 'Alfie Williams', 'https://image.tmdb.org/t/p/original/wqfyAhZH6uCu5J4THsz2gJxsizB.jpg');
INSERT OR IGNORE INTO Actor (id_actor, nombre, foto_path) VALUES (1672504, 'Erin Kellyman', 'https://image.tmdb.org/t/p/original/f7XXomAaSRxE3h5NT0sAlcQTjPL.jpg');
INSERT OR IGNORE INTO Actor (id_actor, nombre, foto_path) VALUES (1344320, 'Chi Lewis-Parry', 'https://image.tmdb.org/t/p/original/yFE1xHcKn9Gww9DCUYQmBlZ3HVx.jpg');
INSERT OR REPLACE INTO Pelicula (id_pelicula, titulo, descripcion, poster_path, backdrop_path, trailer, anio_estreno, duracion) VALUES (1272837, '28 años después: El templo de los huesos', 'El Dr. Kelson (Ralph Fiennes) se ve envuelto en una nueva y sorprendente relación, cuyas consecuencias podrían cambiar el mundo tal y como se conoce. Por otra parte, el encuentro de Spike (Alfie Williams) con el Gran Lord Jimmy Crystal (Jack O''Connell) se convierte en una pesadilla de la que el chico no puede escapar. En este mundo, los infectados ya no son la mayor amenaza para la supervivencia, ya que la inhumanidad de los supervivientes puede ser aún más extraña y aterradora.', 'https://image.tmdb.org/t/p/original/9qlqDX3lo7CiFCDZV1Qwopwm5rz.jpg', 'https://image.tmdb.org/t/p/original/cwX1koqx0UsN0naDGxKFMs3raUZ.jpg', 'https://www.youtube.com/watch?v=RcnPIyUI53Q', 2026, 109);
INSERT OR REPLACE INTO Pelicula_Actor (id_pelicula, id_actor, personaje) VALUES (1272837, 5469, 'Dr. Ian Kelson');
INSERT OR REPLACE INTO Pelicula_Actor (id_pelicula, id_actor, personaje) VALUES (1272837, 85065, 'Sir Lord Jimmy Crystal');
INSERT OR REPLACE INTO Pelicula_Actor (id_pelicula, id_actor, personaje) VALUES (1272837, 5107934, 'Spike / Jimmy');
INSERT OR REPLACE INTO Pelicula_Actor (id_pelicula, id_actor, personaje) VALUES (1272837, 1672504, 'Jimmy Ink');
INSERT OR REPLACE INTO Pelicula_Actor (id_pelicula, id_actor, personaje) VALUES (1272837, 1344320, 'Samson');
INSERT OR IGNORE INTO Pelicula_Categoria (id_pelicula, id_categoria) VALUES (1272837, 4);
INSERT OR IGNORE INTO Pelicula_Categoria (id_pelicula, id_categoria) VALUES (1272837, 6);
INSERT OR IGNORE INTO Pelicula_Categoria (id_pelicula, id_categoria) VALUES (1272837, 3);
INSERT OR IGNORE INTO Pelicula_Compania (id_pelicula, id_compania) VALUES (1272837, undefined);
INSERT OR IGNORE INTO Pelicula_Coleccion (id_pelicula, id_coleccion) VALUES (1272837, 1565);
-- Fin película: 28 años después: El templo de los huesos --
INSERT OR IGNORE INTO Actor (id_actor, nombre, foto_path) VALUES (63, 'Milla Jovovich', 'https://image.tmdb.org/t/p/original/usWnHCzbADijULREZYSJ0qfM00y.jpg');
INSERT OR IGNORE INTO Actor (id_actor, nombre, foto_path) VALUES (114019, 'Luke Evans', 'https://image.tmdb.org/t/p/original/qUkYJcrDc4M0LHNYASs30luFvw0.jpg');
INSERT OR IGNORE INTO Actor (id_actor, nombre, foto_path) VALUES (2667928, 'Billie Boullet', 'https://image.tmdb.org/t/p/original/x6Xs4CFBiYzBP6zP7uElmtyx1b5.jpg');
INSERT OR IGNORE INTO Actor (id_actor, nombre, foto_path) VALUES (956385, 'Meadow Williams', 'https://image.tmdb.org/t/p/original/iECIpEM4BWt94kvOMKFJqv5uJEU.jpg');
INSERT OR IGNORE INTO Actor (id_actor, nombre, foto_path) VALUES (3214361, 'Mila Harris', 'https://image.tmdb.org/t/p/original/10BSVhLPqosSBsOgp0L7qaU0Uhi.jpg');
INSERT OR REPLACE INTO Pelicula (id_pelicula, titulo, descripcion, poster_path, backdrop_path, trailer, anio_estreno, duracion) VALUES (1196067, 'Worldbreaker', 'Un padre esconde a su hija en una isla para mantenerla a salvo mientras la equipa para la supervivencia y las batallas que se avecinan.', 'https://image.tmdb.org/t/p/original/7K8w6mdrJp0oaSoKWGyjSZ4Zv2z.jpg', 'https://image.tmdb.org/t/p/original/4mZ06VpfpAPuaUPn1SEV0brbbxe.jpg', '', 2025, 95);
INSERT OR REPLACE INTO Pelicula_Actor (id_pelicula, id_actor, personaje) VALUES (1196067, 63, 'Mom');
INSERT OR REPLACE INTO Pelicula_Actor (id_pelicula, id_actor, personaje) VALUES (1196067, 114019, 'Dad');
INSERT OR REPLACE INTO Pelicula_Actor (id_pelicula, id_actor, personaje) VALUES (1196067, 2667928, 'Willa');
INSERT OR REPLACE INTO Pelicula_Actor (id_pelicula, id_actor, personaje) VALUES (1196067, 956385, 'Soldier #1');
INSERT OR REPLACE INTO Pelicula_Actor (id_pelicula, id_actor, personaje) VALUES (1196067, 3214361, 'Rosie');
INSERT OR IGNORE INTO Pelicula_Categoria (id_pelicula, id_categoria) VALUES (1196067, 3);
INSERT OR IGNORE INTO Pelicula_Categoria (id_pelicula, id_categoria) VALUES (1196067, 5);
INSERT OR IGNORE INTO Pelicula_Categoria (id_pelicula, id_categoria) VALUES (1196067, 4);
INSERT OR IGNORE INTO Pelicula_Compania (id_pelicula, id_compania) VALUES (1196067, undefined);
-- Fin película: Worldbreaker --
INSERT OR IGNORE INTO Actor (id_actor, nombre, foto_path) VALUES (73457, 'Chris Pratt', 'https://image.tmdb.org/t/p/original/cRH6HPAQ98PlOwwEvhYO4CM9lwu.jpg');
INSERT OR IGNORE INTO Actor (id_actor, nombre, foto_path) VALUES (933238, 'Rebecca Ferguson', 'https://image.tmdb.org/t/p/original/lJloTOheuQSirSLXNA3JHsrMNfH.jpg');
INSERT OR IGNORE INTO Actor (id_actor, nombre, foto_path) VALUES (3119545, 'Kali Reis', 'https://image.tmdb.org/t/p/original/qJcXQKgaq11aNNPPok0m4yfP2Og.jpg');
INSERT OR IGNORE INTO Actor (id_actor, nombre, foto_path) VALUES (82809, 'Annabelle Wallis', 'https://image.tmdb.org/t/p/original/b6PltW1e18BdmRz3nKZ7ID9uZ24.jpg');
INSERT OR IGNORE INTO Actor (id_actor, nombre, foto_path) VALUES (1293892, 'Chris Sullivan', 'https://image.tmdb.org/t/p/original/gKZ9xSFrDzUPv27iAkMpH6Qf0Sk.jpg');
INSERT OR REPLACE INTO Pelicula (id_pelicula, titulo, descripcion, poster_path, backdrop_path, trailer, anio_estreno, duracion) VALUES (1236153, 'Sin piedad', 'Tras ser acusado de un crimen, un detective deberá demostrar su inocencia.', 'https://image.tmdb.org/t/p/original/9zBNg8koM3fjUTPT7QeJHuGG2r9.jpg', 'https://image.tmdb.org/t/p/original/mHC8tSRYfAKGh2jaSNQMSzGdbOW.jpg', 'https://www.youtube.com/watch?v=vvkKYJCQEk0', 2026, 100);
INSERT OR REPLACE INTO Pelicula_Actor (id_pelicula, id_actor, personaje) VALUES (1236153, 73457, 'Chris Raven');
INSERT OR REPLACE INTO Pelicula_Actor (id_pelicula, id_actor, personaje) VALUES (1236153, 933238, 'Judge Maddox');
INSERT OR REPLACE INTO Pelicula_Actor (id_pelicula, id_actor, personaje) VALUES (1236153, 3119545, 'Jacqueline 'Jaq' Diallo');
INSERT OR REPLACE INTO Pelicula_Actor (id_pelicula, id_actor, personaje) VALUES (1236153, 82809, 'Nicole Raven (née Martin)');
INSERT OR REPLACE INTO Pelicula_Actor (id_pelicula, id_actor, personaje) VALUES (1236153, 1293892, 'Robert 'Rob' Nelson');
INSERT OR IGNORE INTO Pelicula_Categoria (id_pelicula, id_categoria) VALUES (1236153, 3);
INSERT OR IGNORE INTO Pelicula_Categoria (id_pelicula, id_categoria) VALUES (1236153, 5);
INSERT OR IGNORE INTO Pelicula_Categoria (id_pelicula, id_categoria) VALUES (1236153, 6);
INSERT OR IGNORE INTO Pelicula_Compania (id_pelicula, id_compania) VALUES (1236153, undefined);
-- Fin película: Sin piedad --
INSERT OR IGNORE INTO Actor (id_actor, nombre, foto_path) VALUES (10297, 'Matthew McConaughey', 'https://image.tmdb.org/t/p/original/lCySuYjhXix3FzQdS4oceDDrXKI.jpg');
INSERT OR IGNORE INTO Actor (id_actor, nombre, foto_path) VALUES (1813, 'Anne Hathaway', 'https://image.tmdb.org/t/p/original/nbccV2pMoyLTCeg5DQip24Eq0Jp.jpg');
INSERT OR IGNORE INTO Actor (id_actor, nombre, foto_path) VALUES (3895, 'Michael Caine', 'https://image.tmdb.org/t/p/original/bVZRMlpjTAO2pJK6v90buFgVbSW.jpg');
INSERT OR IGNORE INTO Actor (id_actor, nombre, foto_path) VALUES (83002, 'Jessica Chastain', 'https://image.tmdb.org/t/p/original/bXFXSlfCzoE5Py7KBP9P0Y0Ot1v.jpg');
INSERT OR IGNORE INTO Actor (id_actor, nombre, foto_path) VALUES (1893, 'Casey Affleck', 'https://image.tmdb.org/t/p/original/304ilSygaCRWykoBWAL67TOw8g9.jpg');
INSERT OR REPLACE INTO Pelicula (id_pelicula, titulo, descripcion, poster_path, backdrop_path, trailer, anio_estreno, duracion) VALUES (157336, 'Interstellar', 'Un grupo de exploradores hacen uso de un agujero de gusano recientemente descubierto para superar las limitaciones de los viajes espaciales tripulados y vencer las inmensas distancias que tiene un viaje interestelar.', 'https://image.tmdb.org/t/p/original/fbUwSqYIP0isCiJXey3staY3DNn.jpg', 'https://image.tmdb.org/t/p/original/5XNQBqnBwPA9yT0jZ0p3s8bbLh0.jpg', 'https://www.youtube.com/watch?v=UoSSbmD9vqc', 2014, 169);
INSERT OR REPLACE INTO Pelicula_Actor (id_pelicula, id_actor, personaje) VALUES (157336, 10297, 'Cooper');
INSERT OR REPLACE INTO Pelicula_Actor (id_pelicula, id_actor, personaje) VALUES (157336, 1813, 'Brand');
INSERT OR REPLACE INTO Pelicula_Actor (id_pelicula, id_actor, personaje) VALUES (157336, 3895, 'Professor Brand');
INSERT OR REPLACE INTO Pelicula_Actor (id_pelicula, id_actor, personaje) VALUES (157336, 83002, 'Murph');
INSERT OR REPLACE INTO Pelicula_Actor (id_pelicula, id_actor, personaje) VALUES (157336, 1893, 'Tom');
INSERT OR IGNORE INTO Pelicula_Categoria (id_pelicula, id_categoria) VALUES (157336, 1);
INSERT OR IGNORE INTO Pelicula_Categoria (id_pelicula, id_categoria) VALUES (157336, 7);
INSERT OR IGNORE INTO Pelicula_Categoria (id_pelicula, id_categoria) VALUES (157336, 3);
INSERT OR IGNORE INTO Pelicula_Compania (id_pelicula, id_compania) VALUES (157336, undefined);
-- Fin película: Interstellar --
INSERT OR IGNORE INTO Actor (id_actor, nombre, foto_path) VALUES (1571598, 'Ahn Hyo Seop', 'https://image.tmdb.org/t/p/original/ynu1x6RQnpKvsOLTvB2WhDo26D9.jpg');
INSERT OR IGNORE INTO Actor (id_actor, nombre, foto_path) VALUES (1245104, 'Lee Min-ho', 'https://image.tmdb.org/t/p/original/iqopuz6cKuRZRUPZQrj7lFZcWWb.jpg');
INSERT OR IGNORE INTO Actor (id_actor, nombre, foto_path) VALUES (1466233, '채수빈', 'https://image.tmdb.org/t/p/original/t8inEDMgceg8EFLvgglvXzemklf.jpg');
INSERT OR IGNORE INTO Actor (id_actor, nombre, foto_path) VALUES (2353469, '신승호', 'https://image.tmdb.org/t/p/original/pIvBFVWOhfLvWClrFMqBKRJ1iK4.jpg');
INSERT OR IGNORE INTO Actor (id_actor, nombre, foto_path) VALUES (1523043, '나나', 'https://image.tmdb.org/t/p/original/zEjVBD734pLcNQrZESkKTNhKl6z.jpg');
INSERT OR REPLACE INTO Pelicula (id_pelicula, titulo, descripcion, poster_path, backdrop_path, trailer, anio_estreno, duracion) VALUES (1131759, 'Lector omnisciente: La profecía', 'La novela favorita de Dokja se hace ominosamente realidad; utilizando sus intrincados conocimientos sobre la inminente historia apocalíptica, el oficinista cambia el destino.', 'https://image.tmdb.org/t/p/original/lWQRM7IOCyJT9E5kOnoUvZNELHQ.jpg', 'https://image.tmdb.org/t/p/original/tVwFrpeGPYyk75rS82benPjtK6.jpg', '', 2025, 117);
INSERT OR REPLACE INTO Pelicula_Actor (id_pelicula, id_actor, personaje) VALUES (1131759, 1571598, 'Kim Dok-ja');
INSERT OR REPLACE INTO Pelicula_Actor (id_pelicula, id_actor, personaje) VALUES (1131759, 1245104, 'Yu Jung-hyeok');
INSERT OR REPLACE INTO Pelicula_Actor (id_pelicula, id_actor, personaje) VALUES (1131759, 1466233, 'Yu Sang-ah');
INSERT OR REPLACE INTO Pelicula_Actor (id_pelicula, id_actor, personaje) VALUES (1131759, 2353469, 'Lee Hyeon-seong');
INSERT OR REPLACE INTO Pelicula_Actor (id_pelicula, id_actor, personaje) VALUES (1131759, 1523043, 'Jeong Hee-won');
INSERT OR IGNORE INTO Pelicula_Categoria (id_pelicula, id_categoria) VALUES (1131759, 5);
INSERT OR IGNORE INTO Pelicula_Categoria (id_pelicula, id_categoria) VALUES (1131759, 1);
INSERT OR IGNORE INTO Pelicula_Categoria (id_pelicula, id_categoria) VALUES (1131759, 3);
INSERT OR IGNORE INTO Pelicula_Compania (id_pelicula, id_compania) VALUES (1131759, undefined);
-- Fin película: Lector omnisciente: La profecía --
INSERT OR IGNORE INTO Actor (id_actor, nombre, foto_path) VALUES (1315036, 'Daisy Ridley', 'https://image.tmdb.org/t/p/original/iVboQmgPC3tYFjezBjrVECJRS8n.jpg');
INSERT OR IGNORE INTO Actor (id_actor, nombre, foto_path) VALUES (1017347, 'Brenton Thwaites', 'https://image.tmdb.org/t/p/original/4jrtVjdIGJpmgevEPRuIIU9HWcO.jpg');
INSERT OR IGNORE INTO Actor (id_actor, nombre, foto_path) VALUES (1323881, 'Mark Coles Smith', 'https://image.tmdb.org/t/p/original/mFGf5GruME5dnAuKBG1kgzK8PJs.jpg');
INSERT OR IGNORE INTO Actor (id_actor, nombre, foto_path) VALUES (1046893, 'Matt Whelan', 'https://image.tmdb.org/t/p/original/qTIe7SblKwxR9DF6iNuVX0pEWIZ.jpg');
INSERT OR IGNORE INTO Actor (id_actor, nombre, foto_path) VALUES (1445943, 'Chloe Hurst', 'https://image.tmdb.org/t/p/original/h42VtoxnH6onzfcyKSzRXg1gImB.jpg');
INSERT OR REPLACE INTO Pelicula (id_pelicula, titulo, descripcion, poster_path, backdrop_path, trailer, anio_estreno, duracion) VALUES (1198984, 'We Bury the Dead', 'Ava, una mujer desesperada cuyo marido ha desaparecido tras un catastrófico experimento militar, se une a una "unidad de recuperación de cadáveres", pero su búsqueda da un giro escalofriante cuando los cadáveres que está enterrando empiezan a dar señales de vida.', 'https://image.tmdb.org/t/p/original/xZqo0yPARmyF8TACVNyaOACkYWG.jpg', 'https://image.tmdb.org/t/p/original/vbkW4KerpshPZnP84w9qwSfYrhu.jpg', '', 2026, 95);
INSERT OR REPLACE INTO Pelicula_Actor (id_pelicula, id_actor, personaje) VALUES (1198984, 1315036, 'Ava');
INSERT OR REPLACE INTO Pelicula_Actor (id_pelicula, id_actor, personaje) VALUES (1198984, 1017347, 'Clay');
INSERT OR REPLACE INTO Pelicula_Actor (id_pelicula, id_actor, personaje) VALUES (1198984, 1323881, 'Riley');
INSERT OR REPLACE INTO Pelicula_Actor (id_pelicula, id_actor, personaje) VALUES (1198984, 1046893, 'Mitch');
INSERT OR REPLACE INTO Pelicula_Actor (id_pelicula, id_actor, personaje) VALUES (1198984, 1445943, 'Katie Harris');
INSERT OR IGNORE INTO Pelicula_Categoria (id_pelicula, id_categoria) VALUES (1198984, 4);
INSERT OR IGNORE INTO Pelicula_Categoria (id_pelicula, id_categoria) VALUES (1198984, 6);
INSERT OR IGNORE INTO Pelicula_Compania (id_pelicula, id_compania) VALUES (1198984, undefined);
-- Fin película: We Bury the Dead --
INSERT OR IGNORE INTO Actor (id_actor, nombre, foto_path) VALUES (1295282, 'Johnny Sequoyah', 'https://image.tmdb.org/t/p/original/taFfjOB4lPAx75kJo9yFylKT1ek.jpg');
INSERT OR IGNORE INTO Actor (id_actor, nombre, foto_path) VALUES (2600509, 'Jessica Alexander', 'https://image.tmdb.org/t/p/original/61DzjStCt7NXwyUf3ALTAo47nCI.jpg');
INSERT OR IGNORE INTO Actor (id_actor, nombre, foto_path) VALUES (1571661, 'Troy Kotsur', 'https://image.tmdb.org/t/p/original/24K3og12jGBGL9dqH5OYFdjF9wu.jpg');
INSERT OR IGNORE INTO Actor (id_actor, nombre, foto_path) VALUES (4979358, 'Victoria Wyant', 'https://image.tmdb.org/t/p/original/et8teE6ZMqdWGWYj3aDIMD6Yhvt.jpg');
INSERT OR IGNORE INTO Actor (id_actor, nombre, foto_path) VALUES (3675179, 'Gia Hunter', 'https://image.tmdb.org/t/p/original/fK7xZRr1qhCjby0njwhsfgLyW0P.jpg');
INSERT OR REPLACE INTO Pelicula (id_pelicula, titulo, descripcion, poster_path, backdrop_path, trailer, anio_estreno, duracion) VALUES (1315303, 'Primate', '', 'https://image.tmdb.org/t/p/original/cyqEghDphEUunLfongtpmROjpID.jpg', 'https://image.tmdb.org/t/p/original/eFUtmW3XqK4MVwPotko0pm6oMRK.jpg', 'https://www.youtube.com/watch?v=F0fn4knTR2s', 2026, 89);
INSERT OR REPLACE INTO Pelicula_Actor (id_pelicula, id_actor, personaje) VALUES (1315303, 1295282, 'Lucy');
INSERT OR REPLACE INTO Pelicula_Actor (id_pelicula, id_actor, personaje) VALUES (1315303, 2600509, 'Hannah');
INSERT OR REPLACE INTO Pelicula_Actor (id_pelicula, id_actor, personaje) VALUES (1315303, 1571661, 'Adam');
INSERT OR REPLACE INTO Pelicula_Actor (id_pelicula, id_actor, personaje) VALUES (1315303, 4979358, 'Kate');
INSERT OR REPLACE INTO Pelicula_Actor (id_pelicula, id_actor, personaje) VALUES (1315303, 3675179, 'Erin');
INSERT OR IGNORE INTO Pelicula_Categoria (id_pelicula, id_categoria) VALUES (1315303, 4);
INSERT OR IGNORE INTO Pelicula_Categoria (id_pelicula, id_categoria) VALUES (1315303, 6);
INSERT OR IGNORE INTO Pelicula_Compania (id_pelicula, id_compania) VALUES (1315303, undefined);
-- Fin película: Primate --
INSERT OR IGNORE INTO Actor (id_actor, nombre, foto_path) VALUES (52583, 'Wagner Moura', 'https://image.tmdb.org/t/p/original/5Vs0d8js1uJV0WDPwMFU3zO2n3m.jpg');
INSERT OR IGNORE INTO Actor (id_actor, nombre, foto_path) VALUES (2346588, 'Carlos Francisco', 'https://image.tmdb.org/t/p/original/ihf4bN4GuScyA2QwlzVCnPqOuOo.jpg');
INSERT OR IGNORE INTO Actor (id_actor, nombre, foto_path) VALUES (4497686, 'Tânia Maria', 'https://image.tmdb.org/t/p/original/73QyA2htiMJ01sFo25KLCDyPtWF.jpg');
INSERT OR IGNORE INTO Actor (id_actor, nombre, foto_path) VALUES (2375667, 'Robério Diógenes', 'https://image.tmdb.org/t/p/original/dLYYDd4FwB8fMb5A7Q54UOfxdet.jpg');
INSERT OR IGNORE INTO Actor (id_actor, nombre, foto_path) VALUES (143500, 'Roney Villela', 'https://image.tmdb.org/t/p/original/y0S7k8ahQF8FAJ0ZCzK2BfTKbz0.jpg');
INSERT OR REPLACE INTO Pelicula (id_pelicula, titulo, descripcion, poster_path, backdrop_path, trailer, anio_estreno, duracion) VALUES (1220564, 'El agente secreto', 'En Brasil, en 1977, Marcelo, un especialista en tecnología que huye de un pasado misterioso, regresa a Recife en busca de paz, pero se da cuenta de que la ciudad está lejos del refugio que busca.', 'https://image.tmdb.org/t/p/original/qYWybdgL6casJxbZE0xLGXsdWOP.jpg', 'https://image.tmdb.org/t/p/original/b4uXVgLCOxx2c9VbyppdSD9G3Xq.jpg', 'https://www.youtube.com/watch?v=GcyZJpOfX_k', 2025, 161);
INSERT OR REPLACE INTO Pelicula_Actor (id_pelicula, id_actor, personaje) VALUES (1220564, 52583, 'Armando / Marcelo / Adult Fernando');
INSERT OR REPLACE INTO Pelicula_Actor (id_pelicula, id_actor, personaje) VALUES (1220564, 2346588, 'Seu Alexandre');
INSERT OR REPLACE INTO Pelicula_Actor (id_pelicula, id_actor, personaje) VALUES (1220564, 4497686, 'Dona Sebastiana');
INSERT OR REPLACE INTO Pelicula_Actor (id_pelicula, id_actor, personaje) VALUES (1220564, 2375667, 'Euclides');
INSERT OR REPLACE INTO Pelicula_Actor (id_pelicula, id_actor, personaje) VALUES (1220564, 143500, 'Augusto');
INSERT OR IGNORE INTO Pelicula_Categoria (id_pelicula, id_categoria) VALUES (1220564, 9);
INSERT OR IGNORE INTO Pelicula_Categoria (id_pelicula, id_categoria) VALUES (1220564, 7);
INSERT OR IGNORE INTO Pelicula_Categoria (id_pelicula, id_categoria) VALUES (1220564, 6);
INSERT OR IGNORE INTO Pelicula_Compania (id_pelicula, id_compania) VALUES (1220564, undefined);
-- Fin película: El agente secreto --
INSERT OR IGNORE INTO Actor (id_actor, nombre, foto_path) VALUES (148012, 'Jorma Tommila', 'https://image.tmdb.org/t/p/original/ll9ZZR4kMnHS8FU2yHx76bnm0P.jpg');
INSERT OR IGNORE INTO Actor (id_actor, nombre, foto_path) VALUES (32747, 'Stephen Lang', 'https://image.tmdb.org/t/p/original/gnO5VfkDgA2fsHweD0622LUY3Hu.jpg');
INSERT OR IGNORE INTO Actor (id_actor, nombre, foto_path) VALUES (3901, 'Richard Brake', 'https://image.tmdb.org/t/p/original/JwsiErANShzPSdYsNoiNYdrSg1.jpg');
INSERT OR IGNORE INTO Actor (id_actor, nombre, foto_path) VALUES (93004, 'Tommi Korpela', 'https://image.tmdb.org/t/p/original/8RdCWktYZl0xF7SLZdRUKAoV7Ta.jpg');
INSERT OR IGNORE INTO Actor (id_actor, nombre, foto_path) VALUES (1418968, 'Kaspar Velberg', 'https://image.tmdb.org/t/p/original/mYlQdQWoNdk7QdrqNqATNA7ZOWH.jpg');
INSERT OR REPLACE INTO Pelicula (id_pelicula, titulo, descripcion, poster_path, backdrop_path, trailer, anio_estreno, duracion) VALUES (1223601, 'Sisu: Camino a la venganza', 'Al regresar a la casa donde su familia fue brutalmente asesinada durante la guerra, «el hombre que se niega a morir» la desmantela, la carga en un camión y se propone reconstruirla en un lugar seguro en honor a ellos. Cuando el comandante del Ejército Rojo que mató a su familia regresa empeñado en terminar el trabajo, se produce una implacable y espectacular persecución a través del país, una lucha a muerte llena de escenas de acción increíbles e ingeniosas.', 'https://image.tmdb.org/t/p/original/qQyc6t9dHS5dlIUt3ccCQnRIAc1.jpg', 'https://image.tmdb.org/t/p/original/yCatt8lmp3oRFEcOZF8KHhsiASQ.jpg', 'https://www.youtube.com/watch?v=SzWyH7r5gM8', 2025, 89);
INSERT OR REPLACE INTO Pelicula_Actor (id_pelicula, id_actor, personaje) VALUES (1223601, 148012, 'Aatami Korpi');
INSERT OR REPLACE INTO Pelicula_Actor (id_pelicula, id_actor, personaje) VALUES (1223601, 32747, 'Yeagor Dragunov');
INSERT OR REPLACE INTO Pelicula_Actor (id_pelicula, id_actor, personaje) VALUES (1223601, 3901, 'KGB Officer');
INSERT OR REPLACE INTO Pelicula_Actor (id_pelicula, id_actor, personaje) VALUES (1223601, 93004, 'Finnish Man');
INSERT OR REPLACE INTO Pelicula_Actor (id_pelicula, id_actor, personaje) VALUES (1223601, 1418968, 'Pilot');
INSERT OR IGNORE INTO Pelicula_Categoria (id_pelicula, id_categoria) VALUES (1223601, 5);
INSERT OR IGNORE INTO Pelicula_Categoria (id_pelicula, id_categoria) VALUES (1223601, 1);
INSERT OR IGNORE INTO Pelicula_Compania (id_pelicula, id_compania) VALUES (1223601, undefined);
INSERT OR IGNORE INTO Pelicula_Coleccion (id_pelicula, id_coleccion) VALUES (1223601, 1262937);
-- Fin película: Sisu: Camino a la venganza --
INSERT OR IGNORE INTO Actor (id_actor, nombre, foto_path) VALUES (1600272, 'Melania Trump', 'https://image.tmdb.org/t/p/original/tPgzYRxWRbIx3GDA9AXwmle9nqc.jpg');
INSERT OR IGNORE INTO Actor (id_actor, nombre, foto_path) VALUES (33663, 'Donald Trump', 'https://image.tmdb.org/t/p/original/nkQrZELEgxsvwDSlYkNfpFmsFx4.jpg');
INSERT OR IGNORE INTO Actor (id_actor, nombre, foto_path) VALUES (2346426, 'Barron Trump', 'https://image.tmdb.org/t/p/original/dHRc5QVNL5JidsAPd4Bvp929E1x.jpg');
INSERT OR IGNORE INTO Actor (id_actor, nombre, foto_path) VALUES (146720, 'Hervé Pierre', 'https://image.tmdb.org/t/p/original/dFjFLiRdyLGkMFlHed7aNRPiJrK.jpg');
INSERT OR IGNORE INTO Actor (id_actor, nombre, foto_path) VALUES (2311145, 'رانيا العبد الله', 'https://image.tmdb.org/t/p/original/uy1zDDFsbvX8tQa6yW7d2JOXoQM.jpg');
INSERT OR REPLACE INTO Pelicula (id_pelicula, titulo, descripcion, poster_path, backdrop_path, trailer, anio_estreno, duracion) VALUES (1413097, 'Melania', 'Una crónica íntima ofrece una visión poco común de la vida de Melania Trump, explorando su papel como primera dama y su relación con el expresidente', 'https://image.tmdb.org/t/p/original/xG3v5b3rIgudFoV2ceMiWE01F0q.jpg', 'https://image.tmdb.org/t/p/original/3R5SXP6AWMclxhrWChOqWPl3W9d.jpg', '', 2026, 104);
INSERT OR REPLACE INTO Pelicula_Actor (id_pelicula, id_actor, personaje) VALUES (1413097, 1600272, 'Self');
INSERT OR REPLACE INTO Pelicula_Actor (id_pelicula, id_actor, personaje) VALUES (1413097, 33663, 'Self');
INSERT OR REPLACE INTO Pelicula_Actor (id_pelicula, id_actor, personaje) VALUES (1413097, 2346426, 'Self');
INSERT OR REPLACE INTO Pelicula_Actor (id_pelicula, id_actor, personaje) VALUES (1413097, 146720, 'Self');
INSERT OR REPLACE INTO Pelicula_Actor (id_pelicula, id_actor, personaje) VALUES (1413097, 2311145, 'Self');
INSERT OR IGNORE INTO Pelicula_Categoria (id_pelicula, id_categoria) VALUES (1413097, 4);
INSERT OR IGNORE INTO Pelicula_Compania (id_pelicula, id_compania) VALUES (1413097, undefined);
-- Fin película: Melania --
INSERT OR IGNORE INTO Actor (id_actor, nombre, foto_path) VALUES (25002, 'Lee Byung-hun', 'https://image.tmdb.org/t/p/original/j7SUd9Qi8iOxgrQGb3nQyEYcXur.jpg');
INSERT OR IGNORE INTO Actor (id_actor, nombre, foto_path) VALUES (86889, 'Son Ye-jin', 'https://image.tmdb.org/t/p/original/njczzJJnugd9y7p5CF3XW7dcyYK.jpg');
INSERT OR IGNORE INTO Actor (id_actor, nombre, foto_path) VALUES (93999, 'Park Hee-soon', 'https://image.tmdb.org/t/p/original/s2SSzvlsSfCPP5EXhCoWUr8970F.jpg');
INSERT OR IGNORE INTO Actor (id_actor, nombre, foto_path) VALUES (141548, '이성민', 'https://image.tmdb.org/t/p/original/25NytLwnf40D5Yd8MAYnvhar405.jpg');
INSERT OR IGNORE INTO Actor (id_actor, nombre, foto_path) VALUES (2084416, '염혜란', 'https://image.tmdb.org/t/p/original/xZxVHnbDdNxF6J8UhwBTkJGNKWx.jpg');
INSERT OR REPLACE INTO Pelicula (id_pelicula, titulo, descripcion, poster_path, backdrop_path, trailer, anio_estreno, duracion) VALUES (639988, 'No hay otra opción', 'La historia sigue a un hombre de mediana edad llamado Man-su que se embarca decidido en una búsqueda de trabajo tras ser despedido inesperadamente de la compañía de papel en la que trabajó durante 25 años. "Si no hay una vacante para mí, tendré que crear una para que me contraten. No hay otra opción". Adaptación de la novela "The Ax" de Donald E. Westlake, que ya fue llevada al cine en la película "Arcadia", dirigida por Costa-Gavras en 2005.', 'https://image.tmdb.org/t/p/original/9gu70dhYzzPNLh0hNpzZKdE1Pun.jpg', 'https://image.tmdb.org/t/p/original/s6aB9kjxNg0mu2361IkCUSpyHJV.jpg', '', 2025, 139);
INSERT OR REPLACE INTO Pelicula_Actor (id_pelicula, id_actor, personaje) VALUES (639988, 25002, 'Yoo Man-su');
INSERT OR REPLACE INTO Pelicula_Actor (id_pelicula, id_actor, personaje) VALUES (639988, 86889, 'Lee Mi-ri');
INSERT OR REPLACE INTO Pelicula_Actor (id_pelicula, id_actor, personaje) VALUES (639988, 93999, 'Choi Seon-chul');
INSERT OR REPLACE INTO Pelicula_Actor (id_pelicula, id_actor, personaje) VALUES (639988, 141548, 'Gu Bum-mo');
INSERT OR REPLACE INTO Pelicula_Actor (id_pelicula, id_actor, personaje) VALUES (639988, 2084416, 'Lee A-ra');
INSERT OR IGNORE INTO Pelicula_Categoria (id_pelicula, id_categoria) VALUES (639988, 9);
INSERT OR IGNORE INTO Pelicula_Categoria (id_pelicula, id_categoria) VALUES (639988, 6);
INSERT OR IGNORE INTO Pelicula_Categoria (id_pelicula, id_categoria) VALUES (639988, 12);
INSERT OR IGNORE INTO Pelicula_Compania (id_pelicula, id_compania) VALUES (639988, undefined);
-- Fin película: No hay otra opción --
