
-- === LOTE: Popular - Page 1 (2026-02-06T11:00:15.157Z) ===
INSERT OR IGNORE INTO Actor (id_actor, nombre, foto_path) VALUES (543530, 'Dave Bautista', 'https://image.tmdb.org/t/p/original/snk6JiXOOoRjPtHU5VMoy6qbd32.jpg');
INSERT OR IGNORE INTO Actor (id_actor, nombre, foto_path) VALUES (117642, 'Jason Momoa', 'https://image.tmdb.org/t/p/original/3troAR6QbSb6nUFMDu61YCCWLKa.jpg');
INSERT OR IGNORE INTO Actor (id_actor, nombre, foto_path) VALUES (7242, 'Temuera Morrison', 'https://image.tmdb.org/t/p/original/AvtSC0f9QW7fMyFFNXEWDeQyfUk.jpg');
INSERT OR IGNORE INTO Actor (id_actor, nombre, foto_path) VALUES (54882, 'Morena Baccarin', 'https://image.tmdb.org/t/p/original/kBSKKaOtsqIzZPhtEeHfCBmhWl9.jpg');
INSERT OR IGNORE INTO Actor (id_actor, nombre, foto_path) VALUES (1298669, 'Roimata Fox', 'https://image.tmdb.org/t/p/original/iTNBvtrI8R5UofzJZjsVnyEGz9D.jpg');
INSERT OR REPLACE INTO Pelicula (id_pelicula, titulo, descripcion, poster_path, backdrop_path, trailer, anio_estreno, duracion) VALUES (1168190, 'Los hermanos demolición', 'Un improbable dúo de hermanastros, uno un impulsivo detective y el otro un disciplinado, se ven atraídos por el asesinato de su padre en Hawai, lo que les lleva a un peligroso viaje para desenmascarar una conspiración de largo alcance.', 'https://image.tmdb.org/t/p/original/ttEESBvVrO8ngZr19qp6eBMVS9F.jpg', 'https://image.tmdb.org/t/p/original/cz4vLJrmaV1zJlRYbxqtvLzeLWB.jpg', 'https://www.youtube.com/watch?v=hHSqxP7g8JY', 2026, 124);
INSERT OR REPLACE INTO Pelicula_Actor (id_pelicula, id_actor, personaje) VALUES (1168190, 543530, 'James Hale');
INSERT OR REPLACE INTO Pelicula_Actor (id_pelicula, id_actor, personaje) VALUES (1168190, 117642, 'Jonny Hale');
INSERT OR REPLACE INTO Pelicula_Actor (id_pelicula, id_actor, personaje) VALUES (1168190, 7242, 'Governor Peter Mahoe');
INSERT OR REPLACE INTO Pelicula_Actor (id_pelicula, id_actor, personaje) VALUES (1168190, 54882, 'Valentina');
INSERT OR REPLACE INTO Pelicula_Actor (id_pelicula, id_actor, personaje) VALUES (1168190, 1298669, 'Leila Hale');
INSERT OR IGNORE INTO Pelicula_Categoria (id_pelicula, id_categoria) VALUES (1168190, 5);
INSERT OR IGNORE INTO Pelicula_Categoria (id_pelicula, id_categoria) VALUES (1168190, 12);
INSERT OR IGNORE INTO Pelicula_Categoria (id_pelicula, id_categoria) VALUES (1168190, 9);
INSERT OR IGNORE INTO Pelicula_Compania (id_pelicula, id_compania) VALUES (1168190, undefined);
-- Fin película: Los hermanos demolición --
INSERT OR IGNORE INTO Actor (id_actor, nombre, foto_path) VALUES (17276, 'Gerard Butler', 'https://image.tmdb.org/t/p/original/rTO5opVC3Gs6hPYAxWSP9eEjogi.jpg');
INSERT OR IGNORE INTO Actor (id_actor, nombre, foto_path) VALUES (54882, 'Morena Baccarin', 'https://image.tmdb.org/t/p/original/kBSKKaOtsqIzZPhtEeHfCBmhWl9.jpg');
INSERT OR IGNORE INTO Actor (id_actor, nombre, foto_path) VALUES (2054851, 'Roman Griffin Davis', 'https://image.tmdb.org/t/p/original/jEox6Bq4TlINrnp5EUjqSlDK3eP.jpg');
INSERT OR IGNORE INTO Actor (id_actor, nombre, foto_path) VALUES (1754784, 'Tommie Earl Jenkins', 'https://image.tmdb.org/t/p/original/kl2dzZU3p6pOjuKBi52wOnEGvEp.jpg');
INSERT OR IGNORE INTO Actor (id_actor, nombre, foto_path) VALUES (85151, 'Trond Fausa Aurvåg', 'https://image.tmdb.org/t/p/original/rFWC22ZScaQwA85NBo7l1j9XQdo.jpg');
INSERT OR REPLACE INTO Pelicula (id_pelicula, titulo, descripcion, poster_path, backdrop_path, trailer, anio_estreno, duracion) VALUES (840464, 'Greenland 2', 'La familia Garrity superviviente debe abandonar la seguridad del búnker de Groenlandia y embarcarse en un peligroso viaje a través del diezmado páramo helado de Europa para encontrar un nuevo hogar.', 'https://image.tmdb.org/t/p/original/uoFJ6nGGvf8moZGpharm8Qyrpzm.jpg', 'https://image.tmdb.org/t/p/original/tyjXlexbNZQ0ZT1KEJslQtBirqc.jpg', 'https://www.youtube.com/watch?v=sIv1YggKK-I', 2026, 98);
INSERT OR REPLACE INTO Pelicula_Actor (id_pelicula, id_actor, personaje) VALUES (840464, 17276, 'John Garrity');
INSERT OR REPLACE INTO Pelicula_Actor (id_pelicula, id_actor, personaje) VALUES (840464, 54882, 'Allison Garrity');
INSERT OR REPLACE INTO Pelicula_Actor (id_pelicula, id_actor, personaje) VALUES (840464, 2054851, 'Nathan Garrity');
INSERT OR REPLACE INTO Pelicula_Actor (id_pelicula, id_actor, personaje) VALUES (840464, 1754784, 'General Sharpe');
INSERT OR REPLACE INTO Pelicula_Actor (id_pelicula, id_actor, personaje) VALUES (840464, 85151, 'Adam Shaw');
INSERT OR IGNORE INTO Pelicula_Categoria (id_pelicula, id_categoria) VALUES (840464, 1);
INSERT OR IGNORE INTO Pelicula_Categoria (id_pelicula, id_categoria) VALUES (840464, 6);
INSERT OR IGNORE INTO Pelicula_Categoria (id_pelicula, id_categoria) VALUES (840464, 3);
INSERT OR IGNORE INTO Pelicula_Compania (id_pelicula, id_compania) VALUES (840464, undefined);
INSERT OR IGNORE INTO Pelicula_Coleccion (id_pelicula, id_coleccion) VALUES (840464, 840465);
-- Fin película: Greenland 2 --
INSERT OR IGNORE INTO Actor (id_actor, nombre, foto_path) VALUES (417, 'Ginnifer Goodwin', 'https://image.tmdb.org/t/p/original/xOCA2WN5MRfXmJmlzEbFEhIbfIQ.jpg');
INSERT OR IGNORE INTO Actor (id_actor, nombre, foto_path) VALUES (23532, 'Jason Bateman', 'https://image.tmdb.org/t/p/original/8e6mt0vGjPo6eW52gqRuXy5YnfN.jpg');
INSERT OR IGNORE INTO Actor (id_actor, nombre, foto_path) VALUES (690, 'Ke Huy Quan', 'https://image.tmdb.org/t/p/original/iestHyn7PLuVowj5Jaa1SGPboQ4.jpg');
INSERT OR IGNORE INTO Actor (id_actor, nombre, foto_path) VALUES (1183672, 'Fortune Feimster', 'https://image.tmdb.org/t/p/original/aCV6S7Tuh9iUmF9on6EwaXC3rCI.jpg');
INSERT OR IGNORE INTO Actor (id_actor, nombre, foto_path) VALUES (62861, 'Andy Samberg', 'https://image.tmdb.org/t/p/original/jMXU5oG3i93SH1yhkpbBGskFiJl.jpg');
INSERT OR REPLACE INTO Pelicula (id_pelicula, titulo, descripcion, poster_path, backdrop_path, trailer, anio_estreno, duracion) VALUES (1084242, 'Zootrópolis 2', 'Después de resolver el caso más importante en la historia de Zootrópolis, los policías novatos Judy Hopps y Nick Wilde descubren que su asociación no es tan sólida como pensaban cuando el Jefe Bogo les ordena unirse al programa de consejería "Compañeros en Crisis". Pero no pasa mucho tiempo para que su asociación se ponga a prueba al máximo, cuando la llegada de Gary, la serpiente, pone la ciudad patas arriba.', 'https://image.tmdb.org/t/p/original/4fRdfQPjHiuDSkzaxFAV44k7Iem.jpg', 'https://image.tmdb.org/t/p/original/5h2EsPKNDdB3MAtOk9MB9Ycg9Rz.jpg', 'https://www.youtube.com/watch?v=VZU-glDcBAw', 2025, 107);
INSERT OR REPLACE INTO Pelicula_Actor (id_pelicula, id_actor, personaje) VALUES (1084242, 417, 'Judy Hopps (voice)');
INSERT OR REPLACE INTO Pelicula_Actor (id_pelicula, id_actor, personaje) VALUES (1084242, 23532, 'Nick Wilde (voice)');
INSERT OR REPLACE INTO Pelicula_Actor (id_pelicula, id_actor, personaje) VALUES (1084242, 690, 'Gary DeSnake (voice)');
INSERT OR REPLACE INTO Pelicula_Actor (id_pelicula, id_actor, personaje) VALUES (1084242, 1183672, 'Nibbles Maplestick (voice)');
INSERT OR REPLACE INTO Pelicula_Actor (id_pelicula, id_actor, personaje) VALUES (1084242, 62861, 'Pawbert Lynxley (voice)');
INSERT OR IGNORE INTO Pelicula_Categoria (id_pelicula, id_categoria) VALUES (1084242, 5);
INSERT OR IGNORE INTO Pelicula_Categoria (id_pelicula, id_categoria) VALUES (1084242, 12);
INSERT OR IGNORE INTO Pelicula_Categoria (id_pelicula, id_categoria) VALUES (1084242, 1);
INSERT OR IGNORE INTO Pelicula_Categoria (id_pelicula, id_categoria) VALUES (1084242, 12);
INSERT OR IGNORE INTO Pelicula_Categoria (id_pelicula, id_categoria) VALUES (1084242, 1);
INSERT OR IGNORE INTO Pelicula_Compania (id_pelicula, id_compania) VALUES (1084242, undefined);
INSERT OR IGNORE INTO Pelicula_Coleccion (id_pelicula, id_coleccion) VALUES (1084242, 1084247);
-- Fin película: Zootrópolis 2 --
INSERT OR IGNORE INTO Actor (id_actor, nombre, foto_path) VALUES (18897, 'Jackie Chan', 'https://image.tmdb.org/t/p/original/nraZoTzwJQPHspAVsKfgl3RXKKa.jpg');
INSERT OR IGNORE INTO Actor (id_actor, nombre, foto_path) VALUES (1173805, '张子枫', 'https://image.tmdb.org/t/p/original/3S8yEnTVqH8T3bTVf9FmtXxWcu2.jpg');
INSERT OR IGNORE INTO Actor (id_actor, nombre, foto_path) VALUES (56861, '梁家輝', 'https://image.tmdb.org/t/p/original/n5XtznlOfGSfYvckuxCiTapG4tB.jpg');
INSERT OR IGNORE INTO Actor (id_actor, nombre, foto_path) VALUES (3167855, '此沙', 'https://image.tmdb.org/t/p/original/eWytg5M0VUCb0aHEKpUDijQ7JxF.jpg');
INSERT OR IGNORE INTO Actor (id_actor, nombre, foto_path) VALUES (1625880, '文俊辉', 'https://image.tmdb.org/t/p/original/z1seXrQQWG7nsQVHqSWKefJQ8DO.jpg');
INSERT OR REPLACE INTO Pelicula (id_pelicula, titulo, descripcion, poster_path, backdrop_path, trailer, anio_estreno, duracion) VALUES (1419406, 'The Shadow''s Edge', 'Unos astutos y traicioneros ladrones desafian a la Policía Judicial de Macao. La Policía, que se encontraba en una dura batalla, invita de nuevo al experto en rastreo Huang De Zhong, retirado desde hace muchos años, a unir fuerzas con la joven élite del Departamento de Investigación Criminal de la Policía Judicial. Bajo la colisión de las técnicas tradicionales de rastreo y la alta tecnología, la policía y los criminales luchan con ingenio y valentía, y se lanzan a un duelo entre el bien y el mal parecido al juego del gato y el ratón.', 'https://image.tmdb.org/t/p/original/25OeH0GOuEljJqZoF0HoKxOpq0B.jpg', 'https://image.tmdb.org/t/p/original/4BtL2vvEufDXDP4u6xQjjQ1Y2aT.jpg', '', 2025, 142);
INSERT OR REPLACE INTO Pelicula_Actor (id_pelicula, id_actor, personaje) VALUES (1419406, 18897, 'Wong Tak Chung');
INSERT OR REPLACE INTO Pelicula_Actor (id_pelicula, id_actor, personaje) VALUES (1419406, 1173805, 'He Qiuguo');
INSERT OR REPLACE INTO Pelicula_Actor (id_pelicula, id_actor, personaje) VALUES (1419406, 56861, 'Fu Longsheng');
INSERT OR REPLACE INTO Pelicula_Actor (id_pelicula, id_actor, personaje) VALUES (1419406, 3167855, 'Simon / Xiwang');
INSERT OR REPLACE INTO Pelicula_Actor (id_pelicula, id_actor, personaje) VALUES (1419406, 1625880, 'Hu Feng');
INSERT OR IGNORE INTO Pelicula_Categoria (id_pelicula, id_categoria) VALUES (1419406, 5);
INSERT OR IGNORE INTO Pelicula_Categoria (id_pelicula, id_categoria) VALUES (1419406, 9);
INSERT OR IGNORE INTO Pelicula_Categoria (id_pelicula, id_categoria) VALUES (1419406, 7);
INSERT OR IGNORE INTO Pelicula_Categoria (id_pelicula, id_categoria) VALUES (1419406, 6);
INSERT OR IGNORE INTO Pelicula_Compania (id_pelicula, id_compania) VALUES (1419406, undefined);
-- Fin película: The Shadow''s Edge --
INSERT OR IGNORE INTO Actor (id_actor, nombre, foto_path) VALUES (115440, 'Sydney Sweeney', 'https://image.tmdb.org/t/p/original/uDnIdU4KGjQg7liFvb9wnALvg95.jpg');
INSERT OR IGNORE INTO Actor (id_actor, nombre, foto_path) VALUES (71070, 'Amanda Seyfried', 'https://image.tmdb.org/t/p/original/gtBUIpZ3dvLpOMIVORxE6sHSyZj.jpg');
INSERT OR IGNORE INTO Actor (id_actor, nombre, foto_path) VALUES (1855143, 'Brandon Sklenar', 'https://image.tmdb.org/t/p/original/1f1NMi0IYL5p1BHVyV9IoYcwzJt.jpg');
INSERT OR IGNORE INTO Actor (id_actor, nombre, foto_path) VALUES (2349355, 'Michele Morrone', 'https://image.tmdb.org/t/p/original/saKjzGAuw8Fiutlv9LweLjAti0Z.jpg');
INSERT OR IGNORE INTO Actor (id_actor, nombre, foto_path) VALUES (4342318, 'Indiana Elle', 'https://image.tmdb.org/t/p/original/d9Bk6BWiPmWIx1Ssx36GqReFjQJ.jpg');
INSERT OR REPLACE INTO Pelicula (id_pelicula, titulo, descripcion, poster_path, backdrop_path, trailer, anio_estreno, duracion) VALUES (1368166, 'La asistenta', 'Millie es una joven que, tras perder su trabajo, acepta un puesto como sirvienta en la lujosa pero inquietante mansión de los Winchester. Pronto se da cuenta de que algo no está bien en la casa y con sus habitantes, especialmente con Nina, la dueña, que actúa de manera errática.', 'https://image.tmdb.org/t/p/original/A6S15iqfHpoit02leDfDVnpklys.jpg', 'https://image.tmdb.org/t/p/original/tNONILTe9OJz574KZWaLze4v6RC.jpg', 'https://www.youtube.com/watch?v=IMrebLqjVVQ', 2025, 131);
INSERT OR REPLACE INTO Pelicula_Actor (id_pelicula, id_actor, personaje) VALUES (1368166, 115440, 'Millie Calloway');
INSERT OR REPLACE INTO Pelicula_Actor (id_pelicula, id_actor, personaje) VALUES (1368166, 71070, 'Nina Winchester');
INSERT OR REPLACE INTO Pelicula_Actor (id_pelicula, id_actor, personaje) VALUES (1368166, 1855143, 'Andrew Winchester');
INSERT OR REPLACE INTO Pelicula_Actor (id_pelicula, id_actor, personaje) VALUES (1368166, 2349355, 'Enzo');
INSERT OR REPLACE INTO Pelicula_Actor (id_pelicula, id_actor, personaje) VALUES (1368166, 4342318, 'Cece Winchester');
INSERT OR IGNORE INTO Pelicula_Categoria (id_pelicula, id_categoria) VALUES (1368166, 1);
INSERT OR IGNORE INTO Pelicula_Categoria (id_pelicula, id_categoria) VALUES (1368166, 6);
INSERT OR IGNORE INTO Pelicula_Compania (id_pelicula, id_compania) VALUES (1368166, undefined);
INSERT OR IGNORE INTO Pelicula_Coleccion (id_pelicula, id_coleccion) VALUES (1368166, 1611146);
-- Fin película: La asistenta --
INSERT OR IGNORE INTO Actor (id_actor, nombre, foto_path) VALUES (64856, 'Michael Jai White', 'https://image.tmdb.org/t/p/original/YPoHYuzR37wFpPpwEXZYQlhLln.jpg');
INSERT OR IGNORE INTO Actor (id_actor, nombre, foto_path) VALUES (8169, 'Tyrese Gibson', 'https://image.tmdb.org/t/p/original/jxoy4fbXNKFQtBdK73cLXEz3ufS.jpg');
INSERT OR IGNORE INTO Actor (id_actor, nombre, foto_path) VALUES (21353, 'Isaiah Washington', 'https://image.tmdb.org/t/p/original/3yY5h1t7AKZpf4lfdSMwDQvCroQ.jpg');
INSERT OR IGNORE INTO Actor (id_actor, nombre, foto_path) VALUES (4316762, 'Andrew C. English Jr.', '');
INSERT OR IGNORE INTO Actor (id_actor, nombre, foto_path) VALUES (1264690, 'Cecile Cubiló', 'https://image.tmdb.org/t/p/original/9mQO51lWMoc2qC2SwXhtmXjTOwu.jpg');
INSERT OR REPLACE INTO Pelicula (id_pelicula, titulo, descripcion, poster_path, backdrop_path, trailer, anio_estreno, duracion) VALUES (1601243, 'Oscar Shaw', 'Tras retirarse de la policía, un implacable detective atormentado por la trágica pérdida de su mejor amigo emprende una peligrosa búsqueda de venganza, buscando la redención y luchando también por devolver la justicia a las calles que una vez juró proteger.', 'https://image.tmdb.org/t/p/original/tsE3nySukwrfUjouz8vzvKTcXNC.jpg', 'https://image.tmdb.org/t/p/original/6D6M5z4reppUxo2cnBEKI02Csp1.jpg', '', 2026, 93);
INSERT OR REPLACE INTO Pelicula_Actor (id_pelicula, id_actor, personaje) VALUES (1601243, 64856, 'Oscar Shaw');
INSERT OR REPLACE INTO Pelicula_Actor (id_pelicula, id_actor, personaje) VALUES (1601243, 8169, 'Ray Jay');
INSERT OR REPLACE INTO Pelicula_Actor (id_pelicula, id_actor, personaje) VALUES (1601243, 21353, 'Ernie');
INSERT OR REPLACE INTO Pelicula_Actor (id_pelicula, id_actor, personaje) VALUES (1601243, 4316762, 'Tron');
INSERT OR REPLACE INTO Pelicula_Actor (id_pelicula, id_actor, personaje) VALUES (1601243, 1264690, 'Detective Nina Perez');
INSERT OR IGNORE INTO Pelicula_Categoria (id_pelicula, id_categoria) VALUES (1601243, 5);
INSERT OR IGNORE INTO Pelicula_Categoria (id_pelicula, id_categoria) VALUES (1601243, 9);
INSERT OR IGNORE INTO Pelicula_Categoria (id_pelicula, id_categoria) VALUES (1601243, 6);
INSERT OR IGNORE INTO Pelicula_Compania (id_pelicula, id_compania) VALUES (1601243, undefined);
-- Fin película: Oscar Shaw --
INSERT OR IGNORE INTO Actor (id_actor, nombre, foto_path) VALUES (1266721, '林柏宏', 'https://image.tmdb.org/t/p/original/ab0t5eYYEWWDtMwN6R4VTfbSz3Q.jpg');
INSERT OR IGNORE INTO Actor (id_actor, nombre, foto_path) VALUES (1354895, '宋芸樺', 'https://image.tmdb.org/t/p/original/xHBne0spwBf5xHyHulLOaOB9Fa3.jpg');
INSERT OR IGNORE INTO Actor (id_actor, nombre, foto_path) VALUES (966327, '王柏傑', 'https://image.tmdb.org/t/p/original/6tvYMx0HdBMEOB01rcQ7hUjo3CD.jpg');
INSERT OR IGNORE INTO Actor (id_actor, nombre, foto_path) VALUES (2155170, '李李仁', 'https://image.tmdb.org/t/p/original/ce3SBqfjQnUkOhlclWuulLuiLC2.jpg');
INSERT OR IGNORE INTO Actor (id_actor, nombre, foto_path) VALUES (1742837, '姚以緹', 'https://image.tmdb.org/t/p/original/3GN4k4A8kRs7I9oL56nb7XJZPGH.jpg');
INSERT OR REPLACE INTO Pelicula (id_pelicula, titulo, descripcion, poster_path, backdrop_path, trailer, anio_estreno, duracion) VALUES (1271895, '96 Minutes', 'Un experto en bombas y su prometida suben a un tren que contiene explosivos, mientras un profesor de física envuelto en un escándalo toma el mismo tren con la esperanza de reconciliarse con su esposa, quien partió en un tren anterior.', 'https://image.tmdb.org/t/p/original/4XpYp1yrNI49OY8lz4qZuI7baeQ.jpg', 'https://image.tmdb.org/t/p/original/lAtuFCx6cYkNBmTMSNnLE0qlCLx.jpg', '', 2025, 117);
INSERT OR REPLACE INTO Pelicula_Actor (id_pelicula, id_actor, personaje) VALUES (1271895, 1266721, 'Song, Ken-Ren');
INSERT OR REPLACE INTO Pelicula_Actor (id_pelicula, id_actor, personaje) VALUES (1271895, 1354895, 'Huang, Xin');
INSERT OR REPLACE INTO Pelicula_Actor (id_pelicula, id_actor, personaje) VALUES (1271895, 966327, 'Liu, Kai');
INSERT OR REPLACE INTO Pelicula_Actor (id_pelicula, id_actor, personaje) VALUES (1271895, 2155170, 'Li, Jie');
INSERT OR REPLACE INTO Pelicula_Actor (id_pelicula, id_actor, personaje) VALUES (1271895, 1742837, 'Yang, Ting-Juan');
INSERT OR IGNORE INTO Pelicula_Categoria (id_pelicula, id_categoria) VALUES (1271895, 5);
INSERT OR IGNORE INTO Pelicula_Categoria (id_pelicula, id_categoria) VALUES (1271895, 9);
INSERT OR IGNORE INTO Pelicula_Categoria (id_pelicula, id_categoria) VALUES (1271895, 10);
INSERT OR IGNORE INTO Pelicula_Compania (id_pelicula, id_compania) VALUES (1271895, undefined);
-- Fin película: 96 Minutes --
INSERT OR IGNORE INTO Actor (id_actor, nombre, foto_path) VALUES (11617, 'Mischa Barton', 'https://image.tmdb.org/t/p/original/j3eZsKKIz4uWdVwAvokv8GHU21w.jpg');
INSERT OR IGNORE INTO Actor (id_actor, nombre, foto_path) VALUES (176227, 'Richard Dillane', 'https://image.tmdb.org/t/p/original/4DVdlTFkhPlERFyFoeH6UoXb2un.jpg');
INSERT OR IGNORE INTO Actor (id_actor, nombre, foto_path) VALUES (107561, 'Mido Hamada', 'https://image.tmdb.org/t/p/original/iSQsrTcaMu4agVwRWfMpUTrwBzL.jpg');
INSERT OR IGNORE INTO Actor (id_actor, nombre, foto_path) VALUES (66444, 'Antonia Bernath', 'https://image.tmdb.org/t/p/original/9YuypPli7jyt8r9c65aUTRcWM8X.jpg');
INSERT OR IGNORE INTO Actor (id_actor, nombre, foto_path) VALUES (3933515, 'Kojo Attah', 'https://image.tmdb.org/t/p/original/xtE8Nd5sVskymf3haYUWixFwv4g.jpg');
INSERT OR REPLACE INTO Pelicula (id_pelicula, titulo, descripcion, poster_path, backdrop_path, trailer, anio_estreno, duracion) VALUES (1310568, 'Asesinato en la Embajada', '1934. Miranda Green, detective privada, investiga un asesinato perpetrado en la embajada británica en El Cairo, donde se robó un documento de alto secreto, con el riesgo de poner en peligro el Palacio de Buckingham y la paz del mundo.', 'https://image.tmdb.org/t/p/original/vW5pt7wPbY2mtsGd26IqV39zRJa.jpg', 'https://image.tmdb.org/t/p/original/gLXibzLQ4qegvjdqDC0f8yTij2P.jpg', 'https://www.youtube.com/watch?v=sgohJhg82bc', 2025, 83);
INSERT OR REPLACE INTO Pelicula_Actor (id_pelicula, id_actor, personaje) VALUES (1310568, 11617, 'Miranda Green');
INSERT OR REPLACE INTO Pelicula_Actor (id_pelicula, id_actor, personaje) VALUES (1310568, 176227, 'Robert');
INSERT OR REPLACE INTO Pelicula_Actor (id_pelicula, id_actor, personaje) VALUES (1310568, 107561, 'Mamoud');
INSERT OR REPLACE INTO Pelicula_Actor (id_pelicula, id_actor, personaje) VALUES (1310568, 66444, 'Betty');
INSERT OR REPLACE INTO Pelicula_Actor (id_pelicula, id_actor, personaje) VALUES (1310568, 3933515, 'Walter');
INSERT OR IGNORE INTO Pelicula_Categoria (id_pelicula, id_categoria) VALUES (1310568, 1);
INSERT OR IGNORE INTO Pelicula_Categoria (id_pelicula, id_categoria) VALUES (1310568, 6);
INSERT OR IGNORE INTO Pelicula_Categoria (id_pelicula, id_categoria) VALUES (1310568, 5);
INSERT OR IGNORE INTO Pelicula_Compania (id_pelicula, id_compania) VALUES (1310568, undefined);
INSERT OR IGNORE INTO Pelicula_Coleccion (id_pelicula, id_coleccion) VALUES (1310568, 1584888);
-- Fin película: Asesinato en la Embajada --
INSERT OR IGNORE INTO Actor (id_actor, nombre, foto_path) VALUES (70851, 'Jack Black', 'https://image.tmdb.org/t/p/original/59IhgCtiWI5yTfzPhsjzg7GjCjm.jpg');
INSERT OR IGNORE INTO Actor (id_actor, nombre, foto_path) VALUES (22226, 'Paul Rudd', 'https://image.tmdb.org/t/p/original/6jtwNOLKy0LdsRAKwZqgYMAfd5n.jpg');
INSERT OR IGNORE INTO Actor (id_actor, nombre, foto_path) VALUES (18324, 'Steve Zahn', 'https://image.tmdb.org/t/p/original/rwrPdKGwXnByxUVMxMf8Y7oswi3.jpg');
INSERT OR IGNORE INTO Actor (id_actor, nombre, foto_path) VALUES (9030, 'Thandiwe Newton', 'https://image.tmdb.org/t/p/original/hZQLvxj7nV7pBrRyWTvWVz1CDi8.jpg');
INSERT OR IGNORE INTO Actor (id_actor, nombre, foto_path) VALUES (1784612, 'Daniela Melchior', 'https://image.tmdb.org/t/p/original/tjAEB90Sa7DJtyTlDAkzVhPLQin.jpg');
INSERT OR REPLACE INTO Pelicula (id_pelicula, titulo, descripcion, poster_path, backdrop_path, trailer, anio_estreno, duracion) VALUES (1234731, 'Anaconda', 'Doug y Griff son muy buenos amigos desde que eran niños y siempre han soñado con hacer un remake de su película favorita de todos los tiempos: el «clásico cinematográfico» Anaconda. Cuando una crisis de mediana edad les anima a lanzarse por fin a la aventura, se adentran en la selva amazónica para empezar a rodar. Pero las cosas se ponen serias cuando aparece una anaconda gigante de verdad, convirtiendo su caótico y cómico plató de rodaje en una situación mortal.', 'https://image.tmdb.org/t/p/original/zX1KJPiGTrzpFcjfOWlmqdRgpQd.jpg', 'https://image.tmdb.org/t/p/original/swxhEJsAWms6X1fDZ4HdbvYBSf9.jpg', 'https://www.youtube.com/watch?v=FVPjkbmgX74', 2025, 100);
INSERT OR REPLACE INTO Pelicula_Actor (id_pelicula, id_actor, personaje) VALUES (1234731, 70851, 'Doug McCallister');
INSERT OR REPLACE INTO Pelicula_Actor (id_pelicula, id_actor, personaje) VALUES (1234731, 22226, 'Ronald Griffin Jr.');
INSERT OR REPLACE INTO Pelicula_Actor (id_pelicula, id_actor, personaje) VALUES (1234731, 18324, 'Kenny Trent');
INSERT OR REPLACE INTO Pelicula_Actor (id_pelicula, id_actor, personaje) VALUES (1234731, 9030, 'Claire Simons');
INSERT OR REPLACE INTO Pelicula_Actor (id_pelicula, id_actor, personaje) VALUES (1234731, 1784612, 'Ana Almeida');
INSERT OR IGNORE INTO Pelicula_Categoria (id_pelicula, id_categoria) VALUES (1234731, 1);
INSERT OR IGNORE INTO Pelicula_Categoria (id_pelicula, id_categoria) VALUES (1234731, 12);
INSERT OR IGNORE INTO Pelicula_Categoria (id_pelicula, id_categoria) VALUES (1234731, 4);
INSERT OR IGNORE INTO Pelicula_Compania (id_pelicula, id_compania) VALUES (1234731, undefined);
-- Fin película: Anaconda --
INSERT OR IGNORE INTO Actor (id_actor, nombre, foto_path) VALUES (1520844, 'Lizzy Greene', 'https://image.tmdb.org/t/p/original/uK648OpFU1kfhTJEtxI71oEekdv.jpg');
INSERT OR IGNORE INTO Actor (id_actor, nombre, foto_path) VALUES (222141, 'Megan Boone', 'https://image.tmdb.org/t/p/original/8SjSPu2IJQVvuM2rP0KPNmze6Dz.jpg');
INSERT OR IGNORE INTO Actor (id_actor, nombre, foto_path) VALUES (1827955, 'Sky Katz', 'https://image.tmdb.org/t/p/original/xhvma0NjQh8rD5sLfkWIeYt8dAl.jpg');
INSERT OR IGNORE INTO Actor (id_actor, nombre, foto_path) VALUES (58428, 'Philip Winchester', 'https://image.tmdb.org/t/p/original/oc7lc2d98lM393blvmFfAGnXSMf.jpg');
INSERT OR IGNORE INTO Actor (id_actor, nombre, foto_path) VALUES (3042038, 'Alix Villaret', 'https://image.tmdb.org/t/p/original/yUJZgLhUb3xy8vkWOS3gS9qdsot.jpg');
INSERT OR REPLACE INTO Pelicula (id_pelicula, titulo, descripcion, poster_path, backdrop_path, trailer, anio_estreno, duracion) VALUES (1584215, 'The Internship', 'Una asesina entrenada por la CIA recluta a otros graduados de su programa secreto de la infancia, The Internship, para destruir violentamente la organización. La CIA contraataca con fuerza letal.', 'https://image.tmdb.org/t/p/original/fYqSOkix4rbDiZW0ACNnvZCpT6X.jpg', 'https://image.tmdb.org/t/p/original/eUERZRVjCTNdgnESlQxyaOJ2d4K.jpg', '', 2026, 91);
INSERT OR REPLACE INTO Pelicula_Actor (id_pelicula, id_actor, personaje) VALUES (1584215, 1520844, 'Renee');
INSERT OR REPLACE INTO Pelicula_Actor (id_pelicula, id_actor, personaje) VALUES (1584215, 222141, 'Candace Dalton');
INSERT OR REPLACE INTO Pelicula_Actor (id_pelicula, id_actor, personaje) VALUES (1584215, 1827955, 'Apothecary');
INSERT OR REPLACE INTO Pelicula_Actor (id_pelicula, id_actor, personaje) VALUES (1584215, 58428, 'Dick Jones');
INSERT OR REPLACE INTO Pelicula_Actor (id_pelicula, id_actor, personaje) VALUES (1584215, 3042038, 'Dagger');
INSERT OR IGNORE INTO Pelicula_Categoria (id_pelicula, id_categoria) VALUES (1584215, 5);
INSERT OR IGNORE INTO Pelicula_Compania (id_pelicula, id_compania) VALUES (1584215, undefined);
-- Fin película: The Internship --
INSERT OR IGNORE INTO Actor (id_actor, nombre, foto_path) VALUES (65731, 'Sam Worthington', 'https://image.tmdb.org/t/p/original/mflBcox36s9ZPbsZPVOuhf6axaJ.jpg');
INSERT OR IGNORE INTO Actor (id_actor, nombre, foto_path) VALUES (8691, 'Zoe Saldaña', 'https://image.tmdb.org/t/p/original/vQBwmsSOAd0JDaEcZ5p43J9xzsY.jpg');
INSERT OR IGNORE INTO Actor (id_actor, nombre, foto_path) VALUES (10205, 'Sigourney Weaver', 'https://image.tmdb.org/t/p/original/wTSnfktNBLd6kwQxgvkqYw6vEon.jpg');
INSERT OR IGNORE INTO Actor (id_actor, nombre, foto_path) VALUES (32747, 'Stephen Lang', 'https://image.tmdb.org/t/p/original/gnO5VfkDgA2fsHweD0622LUY3Hu.jpg');
INSERT OR IGNORE INTO Actor (id_actor, nombre, foto_path) VALUES (566331, 'Oona Chaplin', 'https://image.tmdb.org/t/p/original/tT7QQOrumeGRquaLmWNZk2DyL3Z.jpg');
INSERT OR REPLACE INTO Pelicula (id_pelicula, titulo, descripcion, poster_path, backdrop_path, trailer, anio_estreno, duracion) VALUES (83533, 'Avatar: Fuego y ceniza', 'Jake Sully y Neytiri enfrentan una nueva amenaza en Pandora: los Ash People, una tribu Na''vi violenta y sedienta de poder, liderada por la implacable Varang. Tras la devastadora guerra contra la RDA y la pérdida de su hijo mayor, la familia de Jake deberá luchar por su supervivencia y el futuro de Pandora en un conflicto que llevará a los personajes a sus límites emocionales y físicos. Con nuevos y antiguos aliados, esta épica visual y emocional redefine el destino de un mundo al borde del abismo.', 'https://image.tmdb.org/t/p/original/4n1U0Mwn7djux6VKNYDRWPgS2x6.jpg', 'https://image.tmdb.org/t/p/original/sdZSjtGUTSN8B3al5o0f2WoQfQQ.jpg', 'https://www.youtube.com/watch?v=ndYS51j7G3o', 2025, 198);
INSERT OR REPLACE INTO Pelicula_Actor (id_pelicula, id_actor, personaje) VALUES (83533, 65731, 'Jake');
INSERT OR REPLACE INTO Pelicula_Actor (id_pelicula, id_actor, personaje) VALUES (83533, 8691, 'Neytiri');
INSERT OR REPLACE INTO Pelicula_Actor (id_pelicula, id_actor, personaje) VALUES (83533, 10205, 'Kiri');
INSERT OR REPLACE INTO Pelicula_Actor (id_pelicula, id_actor, personaje) VALUES (83533, 32747, 'Quaritch');
INSERT OR REPLACE INTO Pelicula_Actor (id_pelicula, id_actor, personaje) VALUES (83533, 566331, 'Varang');
INSERT OR IGNORE INTO Pelicula_Categoria (id_pelicula, id_categoria) VALUES (83533, 3);
INSERT OR IGNORE INTO Pelicula_Categoria (id_pelicula, id_categoria) VALUES (83533, 1);
INSERT OR IGNORE INTO Pelicula_Categoria (id_pelicula, id_categoria) VALUES (83533, 3);
INSERT OR IGNORE INTO Pelicula_Compania (id_pelicula, id_compania) VALUES (83533, undefined);
INSERT OR IGNORE INTO Pelicula_Coleccion (id_pelicula, id_coleccion) VALUES (83533, 87096);
-- Fin película: Avatar: Fuego y ceniza --
INSERT OR IGNORE INTO Actor (id_actor, nombre, foto_path) VALUES (1892, 'Matt Damon', 'https://image.tmdb.org/t/p/original/andBr2Vvf5Gj54gFyoz7ctBKLBj.jpg');
INSERT OR IGNORE INTO Actor (id_actor, nombre, foto_path) VALUES (880, 'Ben Affleck', 'https://image.tmdb.org/t/p/original/u525jeDOzg9hVdvYfeehTGnw7Aa.jpg');
INSERT OR IGNORE INTO Actor (id_actor, nombre, foto_path) VALUES (215055, 'Steven Yeun', 'https://image.tmdb.org/t/p/original/fOMFO2Xx4duzpNgS9Q5ytO44yGb.jpg');
INSERT OR IGNORE INTO Actor (id_actor, nombre, foto_path) VALUES (964679, 'Teyana Taylor', 'https://image.tmdb.org/t/p/original/yC6w0SERmCxUTTu6KYXDxhtkj0j.jpg');
INSERT OR IGNORE INTO Actor (id_actor, nombre, foto_path) VALUES (5887, 'Catalina Sandino Moreno', 'https://image.tmdb.org/t/p/original/78V4H40NXJ6dzqFZaEe1fBelw56.jpg');
INSERT OR REPLACE INTO Pelicula (id_pelicula, titulo, descripcion, poster_path, backdrop_path, trailer, anio_estreno, duracion) VALUES (1306368, 'El botín', 'El descubrimiento de varios millones de dólares en efectivo en un zulo abandonado de Miami quiebra la confianza de un grupo de policías. Ahora, todo y todos están bajo sospecha.', 'https://image.tmdb.org/t/p/original/55C5loKFkw7Cj0nMLWux4FJCRHI.jpg', 'https://image.tmdb.org/t/p/original/3F2EXWF1thX0BdrVaKvnm6mAhqh.jpg', '', 2026, 113);
INSERT OR REPLACE INTO Pelicula_Actor (id_pelicula, id_actor, personaje) VALUES (1306368, 1892, 'Lieutenant Dane Dumars');
INSERT OR REPLACE INTO Pelicula_Actor (id_pelicula, id_actor, personaje) VALUES (1306368, 880, 'Detective Sergeant J.D. Byrne');
INSERT OR REPLACE INTO Pelicula_Actor (id_pelicula, id_actor, personaje) VALUES (1306368, 215055, 'Detective Mike Ro');
INSERT OR REPLACE INTO Pelicula_Actor (id_pelicula, id_actor, personaje) VALUES (1306368, 964679, 'Detective Numa Baptistie');
INSERT OR REPLACE INTO Pelicula_Actor (id_pelicula, id_actor, personaje) VALUES (1306368, 5887, 'Detective Lolo Salazar');
INSERT OR IGNORE INTO Pelicula_Categoria (id_pelicula, id_categoria) VALUES (1306368, 5);
INSERT OR IGNORE INTO Pelicula_Categoria (id_pelicula, id_categoria) VALUES (1306368, 6);
INSERT OR IGNORE INTO Pelicula_Categoria (id_pelicula, id_categoria) VALUES (1306368, 9);
INSERT OR IGNORE INTO Pelicula_Compania (id_pelicula, id_compania) VALUES (1306368, undefined);
-- Fin película: El botín --
INSERT OR IGNORE INTO Actor (id_actor, nombre, foto_path) VALUES (2507851, 'Brandon Engman', 'https://image.tmdb.org/t/p/original/9PhXVdDPb5NTEvD5dbFfTJnssQw.jpg');
INSERT OR IGNORE INTO Actor (id_actor, nombre, foto_path) VALUES (1822256, 'Brian Stivale', 'https://image.tmdb.org/t/p/original/ggNQronrHaUZnFZeolK0SGfW38V.jpg');
INSERT OR IGNORE INTO Actor (id_actor, nombre, foto_path) VALUES (2805492, 'Shahar Taboch', 'https://image.tmdb.org/t/p/original/hpuiheYJrOU4HYczWgCJNeBPWlZ.jpg');
INSERT OR IGNORE INTO Actor (id_actor, nombre, foto_path) VALUES (1677363, 'Aaron Tavaler', '');
INSERT OR IGNORE INTO Actor (id_actor, nombre, foto_path) VALUES (5981973, 'Hector', '');
INSERT OR REPLACE INTO Pelicula (id_pelicula, titulo, descripcion, poster_path, backdrop_path, trailer, anio_estreno, duracion) VALUES (1167307, 'David', 'En un reino gobernado por el miedo, un joven pastor se atreve a enfrentarse a un gigante y a la oscuridad que se oculta tras él. Su valor despertará a una nación y demostrará que la verdadera fuerza proviene de la confianza, no del poder.', 'https://image.tmdb.org/t/p/original/bESlrLOrsQ9gKzaGQGHXKOyIUtX.jpg', 'https://image.tmdb.org/t/p/original/oN4TQ1TxchynXlFiXFBL3NHLT54.jpg', '', 2025, 115);
INSERT OR REPLACE INTO Pelicula_Actor (id_pelicula, id_actor, personaje) VALUES (1167307, 2507851, 'Young David (voice)');
INSERT OR REPLACE INTO Pelicula_Actor (id_pelicula, id_actor, personaje) VALUES (1167307, 1822256, 'Samuel (voice)');
INSERT OR REPLACE INTO Pelicula_Actor (id_pelicula, id_actor, personaje) VALUES (1167307, 2805492, 'Ozem (voice)');
INSERT OR REPLACE INTO Pelicula_Actor (id_pelicula, id_actor, personaje) VALUES (1167307, 1677363, 'Nethanel (voice)');
INSERT OR REPLACE INTO Pelicula_Actor (id_pelicula, id_actor, personaje) VALUES (1167307, 5981973, 'Jesse (voice)');
INSERT OR IGNORE INTO Pelicula_Categoria (id_pelicula, id_categoria) VALUES (1167307, 5);
INSERT OR IGNORE INTO Pelicula_Categoria (id_pelicula, id_categoria) VALUES (1167307, 12);
INSERT OR IGNORE INTO Pelicula_Categoria (id_pelicula, id_categoria) VALUES (1167307, 7);
INSERT OR IGNORE INTO Pelicula_Compania (id_pelicula, id_compania) VALUES (1167307, undefined);
-- Fin película: David --
INSERT OR IGNORE INTO Actor (id_actor, nombre, foto_path) VALUES (18050, 'Elle Fanning', 'https://image.tmdb.org/t/p/original/e8CUyxQSE99y5IOfzSLtHC0B0Ch.jpg');
INSERT OR IGNORE INTO Actor (id_actor, nombre, foto_path) VALUES (3223391, 'Dimitrius Schuster-Koloamatangi', 'https://image.tmdb.org/t/p/original/rmIZTT1AZK3C9fYhEOtGKtSrF8E.jpg');
INSERT OR IGNORE INTO Actor (id_actor, nombre, foto_path) VALUES (1891826, 'Ravi Narayan', 'https://image.tmdb.org/t/p/original/iM9dr3AjXTt7IGpRzZlQVG7hINa.jpg');
INSERT OR IGNORE INTO Actor (id_actor, nombre, foto_path) VALUES (2253146, 'Michael Homick', 'https://image.tmdb.org/t/p/original/a7IFYVtmNvBMJ7c20BVMc0LX6PT.jpg');
INSERT OR IGNORE INTO Actor (id_actor, nombre, foto_path) VALUES (1636658, 'Stefan Grube', 'https://image.tmdb.org/t/p/original/7SJ13Np7xL20YJjPiUbM7PshdYA.jpg');
INSERT OR REPLACE INTO Pelicula (id_pelicula, titulo, descripcion, poster_path, backdrop_path, trailer, anio_estreno, duracion) VALUES (1242898, 'Predator: Badlands', 'Un joven Predator rechazado por su clan encuentra un aliado inesperado en Thia y emprende un peligroso viaje en busca del adversario definitivo.', 'https://image.tmdb.org/t/p/original/8nCEJ5hFJt0h8FhXafHGhEhT8d7.jpg', 'https://image.tmdb.org/t/p/original/ebyxeBh56QNXxSJgTnmz7fXAlwk.jpg', 'https://www.youtube.com/watch?v=w2JQW_aTS7I', 2025, 107);
INSERT OR REPLACE INTO Pelicula_Actor (id_pelicula, id_actor, personaje) VALUES (1242898, 18050, 'Thia / Tessa');
INSERT OR REPLACE INTO Pelicula_Actor (id_pelicula, id_actor, personaje) VALUES (1242898, 3223391, 'Dek / Father');
INSERT OR REPLACE INTO Pelicula_Actor (id_pelicula, id_actor, personaje) VALUES (1242898, 1891826, 'Bud');
INSERT OR REPLACE INTO Pelicula_Actor (id_pelicula, id_actor, personaje) VALUES (1242898, 2253146, 'Kwei (Suit)');
INSERT OR REPLACE INTO Pelicula_Actor (id_pelicula, id_actor, personaje) VALUES (1242898, 1636658, 'Kwei (voice)');
INSERT OR IGNORE INTO Pelicula_Categoria (id_pelicula, id_categoria) VALUES (1242898, 5);
INSERT OR IGNORE INTO Pelicula_Categoria (id_pelicula, id_categoria) VALUES (1242898, 3);
INSERT OR IGNORE INTO Pelicula_Categoria (id_pelicula, id_categoria) VALUES (1242898, 1);
INSERT OR IGNORE INTO Pelicula_Compania (id_pelicula, id_compania) VALUES (1242898, undefined);
INSERT OR IGNORE INTO Pelicula_Coleccion (id_pelicula, id_coleccion) VALUES (1242898, 399);
-- Fin película: Predator: Badlands --
INSERT OR IGNORE INTO Actor (id_actor, nombre, foto_path) VALUES (9778, 'Ice Cube', 'https://image.tmdb.org/t/p/original/9EghwabQ1wIQT4oN69qtPlzqGn4.jpg');
INSERT OR IGNORE INTO Actor (id_actor, nombre, foto_path) VALUES (52605, 'Eva Longoria', 'https://image.tmdb.org/t/p/original/1u26GLWK1DE7gBugyI9P3OMFq4A.jpg');
INSERT OR IGNORE INTO Actor (id_actor, nombre, foto_path) VALUES (9048, 'Clark Gregg', 'https://image.tmdb.org/t/p/original/mq686D91XoZpqkzELn0888NOiZW.jpg');
INSERT OR IGNORE INTO Actor (id_actor, nombre, foto_path) VALUES (1632530, 'Iman Benson', 'https://image.tmdb.org/t/p/original/6s8Cyc4rxDRpX1vYnczU52RM4IM.jpg');
INSERT OR IGNORE INTO Actor (id_actor, nombre, foto_path) VALUES (60482, 'Henry Hunter Hall', 'https://image.tmdb.org/t/p/original/qZEv8RIGC9yLwY29Vo4KQzpO9Dt.jpg');
INSERT OR REPLACE INTO Pelicula (id_pelicula, titulo, descripcion, poster_path, backdrop_path, trailer, anio_estreno, duracion) VALUES (755898, 'La guerra de los mundos', 'Will Radford, un destacado analista de ciberseguridad, pasa sus días rastreando posibles amenazas a la seguridad nacional a través de un programa de vigilancia masiva. Un ataque de una entidad desconocida le lleva a cuestionarse si el gobierno le está ocultando algo a él... y al resto del mundo.', 'https://image.tmdb.org/t/p/original/fjgSlNGECNgVeMJaOdDAXmGh7ZM.jpg', 'https://image.tmdb.org/t/p/original/iZLqwEwUViJdSkGVjePGhxYzbDb.jpg', 'https://www.youtube.com/watch?v=VeXEOwwFFG8', 2025, 90);
INSERT OR REPLACE INTO Pelicula_Actor (id_pelicula, id_actor, personaje) VALUES (755898, 9778, 'William Radford');
INSERT OR REPLACE INTO Pelicula_Actor (id_pelicula, id_actor, personaje) VALUES (755898, 52605, 'NASA Scientist Sandra Salas');
INSERT OR REPLACE INTO Pelicula_Actor (id_pelicula, id_actor, personaje) VALUES (755898, 9048, 'NSA Director Donald Briggs');
INSERT OR REPLACE INTO Pelicula_Actor (id_pelicula, id_actor, personaje) VALUES (755898, 1632530, 'Faith Radford');
INSERT OR REPLACE INTO Pelicula_Actor (id_pelicula, id_actor, personaje) VALUES (755898, 60482, 'David Radford');
INSERT OR IGNORE INTO Pelicula_Categoria (id_pelicula, id_categoria) VALUES (755898, 3);
INSERT OR IGNORE INTO Pelicula_Categoria (id_pelicula, id_categoria) VALUES (755898, 6);
INSERT OR IGNORE INTO Pelicula_Compania (id_pelicula, id_compania) VALUES (755898, undefined);
-- Fin película: La guerra de los mundos --
INSERT OR IGNORE INTO Actor (id_actor, nombre, foto_path) VALUES (53714, 'Rachel McAdams', 'https://image.tmdb.org/t/p/original/dYPtBI2i6LdHzpqof3BJlm7PoQr.jpg');
INSERT OR IGNORE INTO Actor (id_actor, nombre, foto_path) VALUES (527393, 'Dylan O''Brien', 'https://image.tmdb.org/t/p/original/xN3GdvIlqsR838gDoblhPH0numP.jpg');
INSERT OR IGNORE INTO Actor (id_actor, nombre, foto_path) VALUES (4477127, 'Edyll Ismail', 'https://image.tmdb.org/t/p/original/4JNIAlJXlw1HTF2log6GUeErDcT.jpg');
INSERT OR IGNORE INTO Actor (id_actor, nombre, foto_path) VALUES (352, 'Dennis Haysbert', 'https://image.tmdb.org/t/p/original/lcnjaw2CFN6q9eaes1jTYrUB0rb.jpg');
INSERT OR IGNORE INTO Actor (id_actor, nombre, foto_path) VALUES (109438, 'Xavier Samuel', 'https://image.tmdb.org/t/p/original/gHvKqCXfpzaGp46gqsy9MVDfmSf.jpg');
INSERT OR REPLACE INTO Pelicula (id_pelicula, titulo, descripcion, poster_path, backdrop_path, trailer, anio_estreno, duracion) VALUES (1198994, 'SEND HELP (Enviad ayuda)', 'Después de que un accidente de avión deje varados en una isla remota a una competente empleada y a su insoportable jefe, ella deberá utilizar sus habilidades de supervivencia para mantenerlos a ambos con vida, a pesar de su difícil relación.', 'https://image.tmdb.org/t/p/original/m6cubm61t8UfL4KhkP4DJVrWjhj.jpg', 'https://image.tmdb.org/t/p/original/hO2jx1H3XafR7Y8QbFgVH1sHTY9.jpg', 'https://www.youtube.com/watch?v=OTMeWZNhE64', 2026, 113);
INSERT OR REPLACE INTO Pelicula_Actor (id_pelicula, id_actor, personaje) VALUES (1198994, 53714, 'Linda Liddle');
INSERT OR REPLACE INTO Pelicula_Actor (id_pelicula, id_actor, personaje) VALUES (1198994, 527393, 'Bradley Preston');
INSERT OR REPLACE INTO Pelicula_Actor (id_pelicula, id_actor, personaje) VALUES (1198994, 4477127, 'Zuri');
INSERT OR REPLACE INTO Pelicula_Actor (id_pelicula, id_actor, personaje) VALUES (1198994, 352, 'Franklin');
INSERT OR REPLACE INTO Pelicula_Actor (id_pelicula, id_actor, personaje) VALUES (1198994, 109438, 'Donovan');
INSERT OR IGNORE INTO Pelicula_Categoria (id_pelicula, id_categoria) VALUES (1198994, 4);
INSERT OR IGNORE INTO Pelicula_Categoria (id_pelicula, id_categoria) VALUES (1198994, 6);
INSERT OR IGNORE INTO Pelicula_Categoria (id_pelicula, id_categoria) VALUES (1198994, 12);
INSERT OR IGNORE INTO Pelicula_Compania (id_pelicula, id_compania) VALUES (1198994, undefined);
-- Fin película: SEND HELP (Enviad ayuda) --
INSERT OR IGNORE INTO Actor (id_actor, nombre, foto_path) VALUES (976, 'Jason Statham', 'https://image.tmdb.org/t/p/original/o7sfT7EBtzxwiJiKmCafoebJQ2q.jpg');
INSERT OR IGNORE INTO Actor (id_actor, nombre, foto_path) VALUES (4088089, 'Bodhi Rae Breathnach', 'https://image.tmdb.org/t/p/original/sONxErk3r0xfoESAmU3GVTxoPDe.jpg');
INSERT OR IGNORE INTO Actor (id_actor, nombre, foto_path) VALUES (1563431, 'Michael Shaeffer', 'https://image.tmdb.org/t/p/original/5O0UCmRy8NWpYvHeCJDntPKXmti.jpg');
INSERT OR IGNORE INTO Actor (id_actor, nombre, foto_path) VALUES (1233545, 'Anna Crilly', 'https://image.tmdb.org/t/p/original/wT6e4gDsQwrJjhXlIAj5IhcLICy.jpg');
INSERT OR IGNORE INTO Actor (id_actor, nombre, foto_path) VALUES (2440, 'Bill Nighy', 'https://image.tmdb.org/t/p/original/ixFI2YCGNGJfwlpI8iyhvVZRg8C.jpg');
INSERT OR REPLACE INTO Pelicula (id_pelicula, titulo, descripcion, poster_path, backdrop_path, trailer, anio_estreno, duracion) VALUES (1290821, 'Shelter: El Protector', 'Un recluso en una remota isla escocesa rescata a una niña del mar, desencadenando una peligrosa secuencia de acontecimientos.', 'https://image.tmdb.org/t/p/original/klvZs66SG19qmacdwxSRkdFQhQS.jpg', 'https://image.tmdb.org/t/p/original/uCGzI1EtQWXG5yRPB5PSyOdFNcC.jpg', 'https://www.youtube.com/watch?v=tjRn9EeN3rE', 2026, 107);
INSERT OR REPLACE INTO Pelicula_Actor (id_pelicula, id_actor, personaje) VALUES (1290821, 976, 'Mason');
INSERT OR REPLACE INTO Pelicula_Actor (id_pelicula, id_actor, personaje) VALUES (1290821, 4088089, 'Jesse');
INSERT OR REPLACE INTO Pelicula_Actor (id_pelicula, id_actor, personaje) VALUES (1290821, 1563431, 'Uncle');
INSERT OR REPLACE INTO Pelicula_Actor (id_pelicula, id_actor, personaje) VALUES (1290821, 1233545, 'Haneron');
INSERT OR REPLACE INTO Pelicula_Actor (id_pelicula, id_actor, personaje) VALUES (1290821, 2440, 'Manafort');
INSERT OR IGNORE INTO Pelicula_Categoria (id_pelicula, id_categoria) VALUES (1290821, 5);
INSERT OR IGNORE INTO Pelicula_Categoria (id_pelicula, id_categoria) VALUES (1290821, 9);
INSERT OR IGNORE INTO Pelicula_Categoria (id_pelicula, id_categoria) VALUES (1290821, 6);
INSERT OR IGNORE INTO Pelicula_Compania (id_pelicula, id_compania) VALUES (1290821, undefined);
-- Fin película: Shelter: El Protector --
INSERT OR IGNORE INTO Actor (id_actor, nombre, foto_path) VALUES (1019, 'Mads Mikkelsen', 'https://image.tmdb.org/t/p/original/AsX4bdvZ8UCayWTmAf9lAqOA8V7.jpg');
INSERT OR IGNORE INTO Actor (id_actor, nombre, foto_path) VALUES (3969369, 'Sophie Sloan', 'https://image.tmdb.org/t/p/original/orJhg6oQ4h2qdBSTaKSwdEvD4xa.jpg');
INSERT OR IGNORE INTO Actor (id_actor, nombre, foto_path) VALUES (10205, 'Sigourney Weaver', 'https://image.tmdb.org/t/p/original/wTSnfktNBLd6kwQxgvkqYw6vEon.jpg');
INSERT OR IGNORE INTO Actor (id_actor, nombre, foto_path) VALUES (83854, 'David Dastmalchian', 'https://image.tmdb.org/t/p/original/nER1Vzhk51pGHb60KBF1Ja5tEXA.jpg');
INSERT OR IGNORE INTO Actor (id_actor, nombre, foto_path) VALUES (1851642, 'Sheila Atim', 'https://image.tmdb.org/t/p/original/esAjvG2IXvzQODNEHVCVsc4WALI.jpg');
INSERT OR REPLACE INTO Pelicula (id_pelicula, titulo, descripcion, poster_path, backdrop_path, trailer, anio_estreno, duracion) VALUES (1043197, 'Dust Bunny', 'Una niña de ocho años le pide ayuda a su insidiosa vecina en su misión para matar al monstruo que vive debajo de su cama, el cual, según ella, devoró a su familia.', 'https://image.tmdb.org/t/p/original/vobigFZFvbYPf6ElYJu07P9rH8C.jpg', 'https://image.tmdb.org/t/p/original/AecGG1XVCmkk7fT10ko3FC0dLIP.jpg', '', 2025, 106);
INSERT OR REPLACE INTO Pelicula_Actor (id_pelicula, id_actor, personaje) VALUES (1043197, 1019, 'Intriguing Neighbor');
INSERT OR REPLACE INTO Pelicula_Actor (id_pelicula, id_actor, personaje) VALUES (1043197, 3969369, 'Aurora');
INSERT OR REPLACE INTO Pelicula_Actor (id_pelicula, id_actor, personaje) VALUES (1043197, 10205, 'Laverne');
INSERT OR REPLACE INTO Pelicula_Actor (id_pelicula, id_actor, personaje) VALUES (1043197, 83854, 'Conspicuously Inconspicuous Man');
INSERT OR REPLACE INTO Pelicula_Actor (id_pelicula, id_actor, personaje) VALUES (1043197, 1851642, 'Brenda');
INSERT OR IGNORE INTO Pelicula_Categoria (id_pelicula, id_categoria) VALUES (1043197, 5);
INSERT OR IGNORE INTO Pelicula_Categoria (id_pelicula, id_categoria) VALUES (1043197, 3);
INSERT OR IGNORE INTO Pelicula_Categoria (id_pelicula, id_categoria) VALUES (1043197, 6);
INSERT OR IGNORE INTO Pelicula_Compania (id_pelicula, id_compania) VALUES (1043197, undefined);
-- Fin película: Dust Bunny --
INSERT OR IGNORE INTO Actor (id_actor, nombre, foto_path) VALUES (212429, 'Italia Ricci', 'https://image.tmdb.org/t/p/original/sLQAYErTlb9DiiLlXmUH7me47vK.jpg');
INSERT OR IGNORE INTO Actor (id_actor, nombre, foto_path) VALUES (41464, 'Scott Mechlowicz', 'https://image.tmdb.org/t/p/original/2PMsSnuukuRmHCKcQqqCnD0MIN8.jpg');
INSERT OR IGNORE INTO Actor (id_actor, nombre, foto_path) VALUES (2554513, 'Zachary Golinger', 'https://image.tmdb.org/t/p/original/rtGsdhPDEEc132Ev4NJ2dubb3t0.jpg');
INSERT OR IGNORE INTO Actor (id_actor, nombre, foto_path) VALUES (1411625, 'Terence Rosemore', 'https://image.tmdb.org/t/p/original/mjBaREqAREvJLxDpOlUGLxaYrIP.jpg');
INSERT OR IGNORE INTO Actor (id_actor, nombre, foto_path) VALUES (1213245, 'Justin Matthew Smith', 'https://image.tmdb.org/t/p/original/kJ0PvqWuhpuH35SlGlrUfwYwqg8.jpg');
INSERT OR REPLACE INTO Pelicula (id_pelicula, titulo, descripcion, poster_path, backdrop_path, trailer, anio_estreno, duracion) VALUES (1454741, 'The Confession', '', 'https://image.tmdb.org/t/p/original/xJCwYlJX6UfYQuUmLfWWcRP27gK.jpg', 'https://image.tmdb.org/t/p/original/lALfCsv7YMNrqpWzIaxjS81JKOm.jpg', '', 2026, 87);
INSERT OR REPLACE INTO Pelicula_Actor (id_pelicula, id_actor, personaje) VALUES (1454741, 212429, 'Naomi Riley');
INSERT OR REPLACE INTO Pelicula_Actor (id_pelicula, id_actor, personaje) VALUES (1454741, 41464, 'Grayson Phillips');
INSERT OR REPLACE INTO Pelicula_Actor (id_pelicula, id_actor, personaje) VALUES (1454741, 2554513, 'Dylan Riley');
INSERT OR REPLACE INTO Pelicula_Actor (id_pelicula, id_actor, personaje) VALUES (1454741, 1411625, 'Harling Guidry');
INSERT OR REPLACE INTO Pelicula_Actor (id_pelicula, id_actor, personaje) VALUES (1454741, 1213245, 'The Piper');
INSERT OR IGNORE INTO Pelicula_Categoria (id_pelicula, id_categoria) VALUES (1454741, 4);
INSERT OR IGNORE INTO Pelicula_Compania (id_pelicula, id_compania) VALUES (1454741, undefined);
-- Fin película: The Confession --
INSERT OR IGNORE INTO Actor (id_actor, nombre, foto_path) VALUES (1494060, 'Mark Fischbach', 'https://image.tmdb.org/t/p/original/2y59nq7vipTBdRMmMTsy1d4HeiG.jpg');
INSERT OR IGNORE INTO Actor (id_actor, nombre, foto_path) VALUES (2602912, 'Caroline Kaplan', 'https://image.tmdb.org/t/p/original/oMOswhHN3LfRtziULWTxNiYgAFj.jpg');
INSERT OR IGNORE INTO Actor (id_actor, nombre, foto_path) VALUES (963818, 'Troy Baker', 'https://image.tmdb.org/t/p/original/9jeUft7h20HscRCrsVQTgKHXRwJ.jpg');
INSERT OR IGNORE INTO Actor (id_actor, nombre, foto_path) VALUES (2444615, 'Elsie Lovelock', 'https://image.tmdb.org/t/p/original/wcYA8LHM9F6aVzlaiMhnFgpXJi5.jpg');
INSERT OR IGNORE INTO Actor (id_actor, nombre, foto_path) VALUES (1042667, 'Elle LaMont', 'https://image.tmdb.org/t/p/original/uR16F3g1J32HgvnlHW890ZAFnnT.jpg');
INSERT OR REPLACE INTO Pelicula (id_pelicula, titulo, descripcion, poster_path, backdrop_path, trailer, anio_estreno, duracion) VALUES (1116201, 'Iron Lung', 'En un futuro devastado por "El Rapto Silencioso", un prisionero navega un océano de sangre en una luna desolada usando un submarino llamado "Iron Lung" mientras busca estrellas y planetas perdidos.', 'https://image.tmdb.org/t/p/original/sIwakdbMGS1krtgendTWpxTY9Hw.jpg', 'https://image.tmdb.org/t/p/original/gqGQ0zADV5FIcgMWtWX8FcGQjFp.jpg', '', 2026, 125);
INSERT OR REPLACE INTO Pelicula_Actor (id_pelicula, id_actor, personaje) VALUES (1116201, 1494060, 'Simon');
INSERT OR REPLACE INTO Pelicula_Actor (id_pelicula, id_actor, personaje) VALUES (1116201, 2602912, 'Ava');
INSERT OR REPLACE INTO Pelicula_Actor (id_pelicula, id_actor, personaje) VALUES (1116201, 963818, 'David');
INSERT OR REPLACE INTO Pelicula_Actor (id_pelicula, id_actor, personaje) VALUES (1116201, 2444615, 'SM-8 Research Lead / The Speaker (voice)');
INSERT OR REPLACE INTO Pelicula_Actor (id_pelicula, id_actor, personaje) VALUES (1116201, 1042667, 'SM-8 Research Assistant / The Whisper (voice)');
INSERT OR IGNORE INTO Pelicula_Categoria (id_pelicula, id_categoria) VALUES (1116201, 4);
INSERT OR IGNORE INTO Pelicula_Categoria (id_pelicula, id_categoria) VALUES (1116201, 3);
INSERT OR IGNORE INTO Pelicula_Compania (id_pelicula, id_compania) VALUES (1116201, undefined);
-- Fin película: Iron Lung --
