
-- === LOTE: Popular - Page 5 (2026-02-06T11:02:04.484Z) ===
INSERT OR IGNORE INTO Actor (id_actor, nombre, foto_path) VALUES (572541, 'Caleb Landry Jones', 'https://image.tmdb.org/t/p/original/8M5lPHrERwAIfWK56RkH30FOjhV.jpg');
INSERT OR IGNORE INTO Actor (id_actor, nombre, foto_path) VALUES (2491204, 'Zoë Bleu Sidel', 'https://image.tmdb.org/t/p/original/1FsS1gMWe11AWmMst2NubiwrxtF.jpg');
INSERT OR IGNORE INTO Actor (id_actor, nombre, foto_path) VALUES (27319, 'Christoph Waltz', 'https://image.tmdb.org/t/p/original/jMvLGCVXLaBqjRLf5olyvEucZob.jpg');
INSERT OR IGNORE INTO Actor (id_actor, nombre, foto_path) VALUES (1589101, 'Matilda De Angelis', 'https://image.tmdb.org/t/p/original/xL6Ky35uDDz9L4qWkMF2cTjGkbn.jpg');
INSERT OR IGNORE INTO Actor (id_actor, nombre, foto_path) VALUES (2802762, 'Ewens Abid', 'https://image.tmdb.org/t/p/original/5zGcQkoSsg1AdkcvYuqnLuslMuv.jpg');
INSERT OR REPLACE INTO Pelicula (id_pelicula, titulo, descripcion, poster_path, backdrop_path, trailer, anio_estreno, duracion) VALUES (1246049, 'Drácula', 'Tras la muerte de su esposa, un príncipe del siglo XV renuncia a Dios y se convierte en vampiro. Siglos más tarde, en el Londres del siglo XIX, ve a una mujer parecida a su difunta esposa y la persigue, sellando así su propio destino.', 'https://image.tmdb.org/t/p/original/ff7fyDdtXM2wu9jsm9gOMYtpvOl.jpg', 'https://image.tmdb.org/t/p/original/8jYyd9mGx5O28FX2OvfcqZfs5tB.jpg', '', 2025, 130);
INSERT OR REPLACE INTO Pelicula_Actor (id_pelicula, id_actor, personaje) VALUES (1246049, 572541, 'Vlad / Dracula');
INSERT OR REPLACE INTO Pelicula_Actor (id_pelicula, id_actor, personaje) VALUES (1246049, 2491204, 'Elisabeta / Mina');
INSERT OR REPLACE INTO Pelicula_Actor (id_pelicula, id_actor, personaje) VALUES (1246049, 27319, 'Priest');
INSERT OR REPLACE INTO Pelicula_Actor (id_pelicula, id_actor, personaje) VALUES (1246049, 1589101, 'Maria');
INSERT OR REPLACE INTO Pelicula_Actor (id_pelicula, id_actor, personaje) VALUES (1246049, 2802762, 'Jonathan Harker');
INSERT OR IGNORE INTO Pelicula_Categoria (id_pelicula, id_categoria) VALUES (1246049, 4);
INSERT OR IGNORE INTO Pelicula_Categoria (id_pelicula, id_categoria) VALUES (1246049, 3);
INSERT OR IGNORE INTO Pelicula_Categoria (id_pelicula, id_categoria) VALUES (1246049, 10);
INSERT OR IGNORE INTO Pelicula_Compania (id_pelicula, id_compania) VALUES (1246049, undefined);
-- Fin película: Drácula --
INSERT OR IGNORE INTO Actor (id_actor, nombre, foto_path) VALUES (930728, 'Dileep', 'https://image.tmdb.org/t/p/original/5DirIZGTvLfBJOt2zOfBlb0bIsz.jpg');
INSERT OR IGNORE INTO Actor (id_actor, nombre, foto_path) VALUES (989480, 'Vineeth Sreenivasan', 'https://image.tmdb.org/t/p/original/yM1QOwiYHAcL2FwHlHBV2esBA9m.jpg');
INSERT OR IGNORE INTO Actor (id_actor, nombre, foto_path) VALUES (1274870, 'Dhyan Sreenivasan', 'https://image.tmdb.org/t/p/original/5osJr8O74M3dq5GqbOfDGuSAIJx.jpg');
INSERT OR IGNORE INTO Actor (id_actor, nombre, foto_path) VALUES (82732, 'Mohanlal', 'https://image.tmdb.org/t/p/original/wvoBULQimwguAGPOHZ8TDoy7jBJ.jpg');
INSERT OR IGNORE INTO Actor (id_actor, nombre, foto_path) VALUES (2112010, 'Sandy', 'https://image.tmdb.org/t/p/original/hyZHicpeea7dtOBUo7nuCEYXsS2.jpg');
INSERT OR REPLACE INTO Pelicula (id_pelicula, titulo, descripcion, poster_path, backdrop_path, trailer, anio_estreno, duracion) VALUES (1196995, 'ഭ. ഭ. ബ.', '', 'https://image.tmdb.org/t/p/original/fMDt3o7CVXDc84WIbOskya8XkSN.jpg', 'https://image.tmdb.org/t/p/original/fEaR0uvRZluIEEPtDuaL7CkYsCJ.jpg', '', 2025, 150);
INSERT OR REPLACE INTO Pelicula_Actor (id_pelicula, id_actor, personaje) VALUES (1196995, 930728, 'Ram Damodar 'Radarr'');
INSERT OR REPLACE INTO Pelicula_Actor (id_pelicula, id_actor, personaje) VALUES (1196995, 989480, 'Noble Joseph');
INSERT OR REPLACE INTO Pelicula_Actor (id_pelicula, id_actor, personaje) VALUES (1196995, 1274870, 'Godson Ancharakandy');
INSERT OR REPLACE INTO Pelicula_Actor (id_pelicula, id_actor, personaje) VALUES (1196995, 82732, 'Ghilli Bala "Balettan"');
INSERT OR REPLACE INTO Pelicula_Actor (id_pelicula, id_actor, personaje) VALUES (1196995, 2112010, 'ACP Ashkar Ahammed');
INSERT OR IGNORE INTO Pelicula_Categoria (id_pelicula, id_categoria) VALUES (1196995, 12);
INSERT OR IGNORE INTO Pelicula_Categoria (id_pelicula, id_categoria) VALUES (1196995, 5);
INSERT OR IGNORE INTO Pelicula_Compania (id_pelicula, id_compania) VALUES (1196995, undefined);
-- Fin película: ഭ. ഭ. ബ. --
INSERT OR IGNORE INTO Actor (id_actor, nombre, foto_path) VALUES (18269, 'Brendan Fraser', 'https://image.tmdb.org/t/p/original/tFj5PaWWQbb8rHBBhu1EHklznph.jpg');
INSERT OR IGNORE INTO Actor (id_actor, nombre, foto_path) VALUES (1082509, 'Takehiro Hira', 'https://image.tmdb.org/t/p/original/2N1viBfPY4cRlz6W6YfM2F6UbSH.jpg');
INSERT OR IGNORE INTO Actor (id_actor, nombre, foto_path) VALUES (2210389, 'Mari Yamamoto', 'https://image.tmdb.org/t/p/original/chy8WQgbSfIxp4B1lHzHFFVzsEv.jpg');
INSERT OR IGNORE INTO Actor (id_actor, nombre, foto_path) VALUES (5615231, 'Shannon Mahina Gorman', 'https://image.tmdb.org/t/p/original/8t3tWp0K8eMrnMBrZYTZibaKSPS.jpg');
INSERT OR IGNORE INTO Actor (id_actor, nombre, foto_path) VALUES (13283, '柄本明', 'https://image.tmdb.org/t/p/original/qQHdGgAL7idxy79oWHjYON6bYQm.jpg');
INSERT OR REPLACE INTO Pelicula (id_pelicula, titulo, descripcion, poster_path, backdrop_path, trailer, anio_estreno, duracion) VALUES (1208348, 'Rental Family', 'Ambientada en el Tokio actual, sigue a un actor estadounidense que lucha por encontrar un propósito en la vida hasta que consigue un trabajo inusual: trabajar para una agencia japonesa de "familias de alquiler", interpretando papeles de suplente para desconocidos. A medida que se sumerge en el mundo de sus clientes, comienza a establecer vínculos genuinos que difuminan las líneas entre la actuación y la realidad. Al enfrentarse a las complejidades morales de su trabajo, redescubre el propósito, la pertenencia y la tranquila belleza de las relaciones humanas.', 'https://image.tmdb.org/t/p/original/9z5dHWiX8EjZBRhJ2OzmYZGW7jS.jpg', 'https://image.tmdb.org/t/p/original/ufuabtiOem0kHeYz6b8x8MjBb2L.jpg', 'https://www.youtube.com/watch?v=gtDTQATpSi8', 2025, 110);
INSERT OR REPLACE INTO Pelicula_Actor (id_pelicula, id_actor, personaje) VALUES (1208348, 18269, 'Phillip Vanderploeg');
INSERT OR REPLACE INTO Pelicula_Actor (id_pelicula, id_actor, personaje) VALUES (1208348, 1082509, 'Shinji');
INSERT OR REPLACE INTO Pelicula_Actor (id_pelicula, id_actor, personaje) VALUES (1208348, 2210389, 'Aiko');
INSERT OR REPLACE INTO Pelicula_Actor (id_pelicula, id_actor, personaje) VALUES (1208348, 5615231, 'Mia Kawasaki');
INSERT OR REPLACE INTO Pelicula_Actor (id_pelicula, id_actor, personaje) VALUES (1208348, 13283, 'Kikuo Hasegawa');
INSERT OR IGNORE INTO Pelicula_Categoria (id_pelicula, id_categoria) VALUES (1208348, 12);
INSERT OR IGNORE INTO Pelicula_Categoria (id_pelicula, id_categoria) VALUES (1208348, 7);
INSERT OR IGNORE INTO Pelicula_Compania (id_pelicula, id_compania) VALUES (1208348, undefined);
-- Fin película: Rental Family --
INSERT OR REPLACE INTO Pelicula (id_pelicula, titulo, descripcion, poster_path, backdrop_path, trailer, anio_estreno, duracion) VALUES (1409999, 'World War II: A History of WWII (Part 2)', '', 'https://image.tmdb.org/t/p/original/f7fbDkpe5PcEBdgBs1qnwCcOWD7.jpg', '', '', 2001, 54);
INSERT OR IGNORE INTO Pelicula_Categoria (id_pelicula, id_categoria) VALUES (1409999, 4);
INSERT OR IGNORE INTO Pelicula_Categoria (id_pelicula, id_categoria) VALUES (1409999, 1);
INSERT OR IGNORE INTO Pelicula_Categoria (id_pelicula, id_categoria) VALUES (1409999, 1);
INSERT OR IGNORE INTO Pelicula_Compania (id_pelicula, id_compania) VALUES (1409999, undefined);
-- Fin película: World War II: A History of WWII (Part 2) --
INSERT OR IGNORE INTO Actor (id_actor, nombre, foto_path) VALUES (83271, 'Glen Powell', 'https://image.tmdb.org/t/p/original/fUnIaJkdgvQTztyR1nLeUceSzly.jpg');
INSERT OR IGNORE INTO Actor (id_actor, nombre, foto_path) VALUES (91671, 'Colman Domingo', 'https://image.tmdb.org/t/p/original/2tu6T9ugnf82qIMGVKWSb0dvvq5.jpg');
INSERT OR IGNORE INTO Actor (id_actor, nombre, foto_path) VALUES (16851, 'Josh Brolin', 'https://image.tmdb.org/t/p/original/sX2etBbIkxRaCsATyw5ZpOVMPTD.jpg');
INSERT OR IGNORE INTO Actor (id_actor, nombre, foto_path) VALUES (3905, 'William H. Macy', 'https://image.tmdb.org/t/p/original/hdVEGSrP8qWlJnt0v5vSVcGOjy7.jpg');
INSERT OR IGNORE INTO Actor (id_actor, nombre, foto_path) VALUES (72095, 'Lee Pace', 'https://image.tmdb.org/t/p/original/hePfTi5HwU9X0eX2sOmHj9I1Ryp.jpg');
INSERT OR REPLACE INTO Pelicula (id_pelicula, titulo, descripcion, poster_path, backdrop_path, trailer, anio_estreno, duracion) VALUES (798645, 'The Running Man', 'En una América distópica en el año 2025, Ben Richards participa en el violento reality show "The Running Man" con el fin de ganar suficiente dinero para revivir a su hija gravemente enferma.', 'https://image.tmdb.org/t/p/original/5WYxFamHLqroV0TilEw0RqBPzqG.jpg', 'https://image.tmdb.org/t/p/original/aHj7d7wSLqrg5cjAcgHhiGr97Ih.jpg', 'https://www.youtube.com/watch?v=gDzch_4Mi68', 2025, 133);
INSERT OR REPLACE INTO Pelicula_Actor (id_pelicula, id_actor, personaje) VALUES (798645, 83271, 'Ben Richards');
INSERT OR REPLACE INTO Pelicula_Actor (id_pelicula, id_actor, personaje) VALUES (798645, 91671, 'Bobby Thompson');
INSERT OR REPLACE INTO Pelicula_Actor (id_pelicula, id_actor, personaje) VALUES (798645, 16851, 'Dan Killian');
INSERT OR REPLACE INTO Pelicula_Actor (id_pelicula, id_actor, personaje) VALUES (798645, 3905, 'Molie Jernigan');
INSERT OR REPLACE INTO Pelicula_Actor (id_pelicula, id_actor, personaje) VALUES (798645, 72095, 'Evan McCone');
INSERT OR IGNORE INTO Pelicula_Categoria (id_pelicula, id_categoria) VALUES (798645, 5);
INSERT OR IGNORE INTO Pelicula_Categoria (id_pelicula, id_categoria) VALUES (798645, 6);
INSERT OR IGNORE INTO Pelicula_Categoria (id_pelicula, id_categoria) VALUES (798645, 3);
INSERT OR IGNORE INTO Pelicula_Compania (id_pelicula, id_compania) VALUES (798645, undefined);
-- Fin película: The Running Man --
INSERT OR IGNORE INTO Actor (id_actor, nombre, foto_path) VALUES (5012920, 'Millo Taslim', '');
INSERT OR IGNORE INTO Actor (id_actor, nombre, foto_path) VALUES (3292404, 'Agus Kencrot', '');
INSERT OR IGNORE INTO Actor (id_actor, nombre, foto_path) VALUES (4577653, 'Cleo Haura', 'https://image.tmdb.org/t/p/original/qqGVIBio3mcpctzP8KY114D6XJR.jpg');
INSERT OR IGNORE INTO Actor (id_actor, nombre, foto_path) VALUES (2137612, 'Aqilla Herby', 'https://image.tmdb.org/t/p/original/dIpfVfS9xkdmTMHsE2KfgL8CFhs.jpg');
INSERT OR IGNORE INTO Actor (id_actor, nombre, foto_path) VALUES (3313171, 'Jordan Omar', 'https://image.tmdb.org/t/p/original/qzFyoiXEPu1i0HZX0MCIiYbwKPz.jpg');
INSERT OR REPLACE INTO Pelicula (id_pelicula, titulo, descripcion, poster_path, backdrop_path, trailer, anio_estreno, duracion) VALUES (1602705, 'Una carta a mi juventud', 'Un adolescente rebelde y un reservado educador forjan un vínculo inesperado en un orfanato, mientras intentan pasar página y lidiar con su doloroso pasado.', 'https://image.tmdb.org/t/p/original/lQAEYXhRyOD6OQK0tKt9FAj3Kkx.jpg', 'https://image.tmdb.org/t/p/original/3RaVf9MWpB74kK8AtPJ7DJmfZNA.jpg', '', 2026, 135);
INSERT OR REPLACE INTO Pelicula_Actor (id_pelicula, id_actor, personaje) VALUES (1602705, 5012920, 'Kefas');
INSERT OR REPLACE INTO Pelicula_Actor (id_pelicula, id_actor, personaje) VALUES (1602705, 3292404, 'Simon');
INSERT OR REPLACE INTO Pelicula_Actor (id_pelicula, id_actor, personaje) VALUES (1602705, 4577653, 'Joy');
INSERT OR REPLACE INTO Pelicula_Actor (id_pelicula, id_actor, personaje) VALUES (1602705, 2137612, 'Sabrina');
INSERT OR REPLACE INTO Pelicula_Actor (id_pelicula, id_actor, personaje) VALUES (1602705, 3313171, '');
INSERT OR IGNORE INTO Pelicula_Categoria (id_pelicula, id_categoria) VALUES (1602705, 7);
INSERT OR IGNORE INTO Pelicula_Compania (id_pelicula, id_compania) VALUES (1602705, undefined);
-- Fin película: Una carta a mi juventud --
INSERT OR IGNORE INTO Actor (id_actor, nombre, foto_path) VALUES (3651176, 'Kikunosuke Toya', 'https://image.tmdb.org/t/p/original/tSAHe7tjN7luUD1Tx5yPSCuCnuD.jpg');
INSERT OR IGNORE INTO Actor (id_actor, nombre, foto_path) VALUES (1452028, 'Reina Ueda', 'https://image.tmdb.org/t/p/original/cddK6dQtVCg6ToQRpETbRYRJK4G.jpg');
INSERT OR IGNORE INTO Actor (id_actor, nombre, foto_path) VALUES (2004086, 'Tomori Kusunoki', 'https://image.tmdb.org/t/p/original/t5aBzyYiJZDE6DWeTcGMrcQpiI5.jpg');
INSERT OR IGNORE INTO Actor (id_actor, nombre, foto_path) VALUES (2812912, 'Shogo Sakata', 'https://image.tmdb.org/t/p/original/fRRPNBz3OCNRdmLdUTdpq7dGqxM.jpg');
INSERT OR IGNORE INTO Actor (id_actor, nombre, foto_path) VALUES (1296667, 'Maaya Uchida', 'https://image.tmdb.org/t/p/original/rq4glg2SZwGyt3TIxR3ElalKmhH.jpg');
INSERT OR REPLACE INTO Pelicula (id_pelicula, titulo, descripcion, poster_path, backdrop_path, trailer, anio_estreno, duracion) VALUES (1218925, 'Chainsaw Man - La película: El arco de Reze', 'Denji trabajaba como cazador de demonios para la yakuza, tratando de saldar la deuda que había heredado de sus padres, pero la yakuza lo traicionó y lo mató. Antes de perder el conocimiento, Pochita, el perro-demonio motosierra de Denji, hizo un trato con él y le salvó la vida. Así se fusionaron, creando al imparable Chainsaw Man. Ahora, en medio de una brutal guerra entre demonios, cazadores y enemigos secretos, una misteriosa chica llamada Reze irrumpe en su mundo y Denji se enfrenta a su batalla más mortífera, impulsado por el amor, en un mundo donde la supervivencia no conoce reglas.', 'https://image.tmdb.org/t/p/original/fJdnp5OO2wh07tdy6noACNyaqMJ.jpg', 'https://image.tmdb.org/t/p/original/gqTz24ZRsCP6AKjARmEivY7m0cK.jpg', 'https://www.youtube.com/watch?v=-KpVet_60Yc', 2025, 100);
INSERT OR REPLACE INTO Pelicula_Actor (id_pelicula, id_actor, personaje) VALUES (1218925, 3651176, 'Denji (voice)');
INSERT OR REPLACE INTO Pelicula_Actor (id_pelicula, id_actor, personaje) VALUES (1218925, 1452028, 'Reze (voice)');
INSERT OR REPLACE INTO Pelicula_Actor (id_pelicula, id_actor, personaje) VALUES (1218925, 2004086, 'Makima (voice)');
INSERT OR REPLACE INTO Pelicula_Actor (id_pelicula, id_actor, personaje) VALUES (1218925, 2812912, 'Aki (voice)');
INSERT OR REPLACE INTO Pelicula_Actor (id_pelicula, id_actor, personaje) VALUES (1218925, 1296667, 'Angel Devil (voice)');
INSERT OR IGNORE INTO Pelicula_Categoria (id_pelicula, id_categoria) VALUES (1218925, 5);
INSERT OR IGNORE INTO Pelicula_Categoria (id_pelicula, id_categoria) VALUES (1218925, 5);
INSERT OR IGNORE INTO Pelicula_Categoria (id_pelicula, id_categoria) VALUES (1218925, 10);
INSERT OR IGNORE INTO Pelicula_Categoria (id_pelicula, id_categoria) VALUES (1218925, 3);
INSERT OR IGNORE INTO Pelicula_Compania (id_pelicula, id_compania) VALUES (1218925, undefined);
-- Fin película: Chainsaw Man - La película: El arco de Reze --
INSERT OR IGNORE INTO Actor (id_actor, nombre, foto_path) VALUES (225692, 'Jeremy Irvine', 'https://image.tmdb.org/t/p/original/gSEtyKl9InFkaDcAEd25eYrHSNB.jpg');
INSERT OR IGNORE INTO Actor (id_actor, nombre, foto_path) VALUES (1685904, 'Hannah Emily Anderson', 'https://image.tmdb.org/t/p/original/fSyNGF4pZQj9Ne9IKv9kfimECzk.jpg');
INSERT OR IGNORE INTO Actor (id_actor, nombre, foto_path) VALUES (3131371, 'Evie Templeton', 'https://image.tmdb.org/t/p/original/1JV3FEULVnROl4APfkUprqTrFF6.jpg');
INSERT OR IGNORE INTO Actor (id_actor, nombre, foto_path) VALUES (1675328, 'Robert Strange', 'https://image.tmdb.org/t/p/original/4GBjA1itRhsKaPaOrVE1YN9qOqc.jpg');
INSERT OR IGNORE INTO Actor (id_actor, nombre, foto_path) VALUES (2438347, 'Pearse Egan', 'https://image.tmdb.org/t/p/original/bzHkytLIEk4T4arzd7h5BRLufov.jpg');
INSERT OR REPLACE INTO Pelicula (id_pelicula, titulo, descripcion, poster_path, backdrop_path, trailer, anio_estreno, duracion) VALUES (680493, 'Return to Silent Hill', 'Impulsado por las sombras de su pasado, James Sunderland regresa a Silent Hill para encontrar a su amor perdido, Mary Crane. Pero el pequeño pueblo oscuro y deprimente ya no es el lugar de sus recuerdos. James se encuentra con personajes que le parecen demasiado familiares y que intentan distraerlo de su búsqueda de Mary. Cuanto más busca a Mary, más comienza a preguntarse si esto sigue siendo la realidad, o si ha caído en el oscuro inframundo de Jacob Crane.', 'https://image.tmdb.org/t/p/original/5Y2TeCVEnwPbd4FDShGbkKYw6GE.jpg', 'https://image.tmdb.org/t/p/original/nTbO6UF944b0VZrgypMK5rFYRSW.jpg', '', 2026, 106);
INSERT OR REPLACE INTO Pelicula_Actor (id_pelicula, id_actor, personaje) VALUES (680493, 225692, 'James Sunderland');
INSERT OR REPLACE INTO Pelicula_Actor (id_pelicula, id_actor, personaje) VALUES (680493, 1685904, 'Mary Crane  / Angela / Maria / Moth Mary');
INSERT OR REPLACE INTO Pelicula_Actor (id_pelicula, id_actor, personaje) VALUES (680493, 3131371, 'Laura');
INSERT OR REPLACE INTO Pelicula_Actor (id_pelicula, id_actor, personaje) VALUES (680493, 1675328, 'Pyramid Head');
INSERT OR REPLACE INTO Pelicula_Actor (id_pelicula, id_actor, personaje) VALUES (680493, 2438347, 'Eddie');
INSERT OR IGNORE INTO Pelicula_Categoria (id_pelicula, id_categoria) VALUES (680493, 4);
INSERT OR IGNORE INTO Pelicula_Categoria (id_pelicula, id_categoria) VALUES (680493, 1);
INSERT OR IGNORE INTO Pelicula_Compania (id_pelicula, id_compania) VALUES (680493, undefined);
INSERT OR IGNORE INTO Pelicula_Coleccion (id_pelicula, id_coleccion) VALUES (680493, 64748);
-- Fin película: Return to Silent Hill --
INSERT OR IGNORE INTO Actor (id_actor, nombre, foto_path) VALUES (1785744, '王俊凯', 'https://image.tmdb.org/t/p/original/gl1ibG6gEDy0XKAkSDbzEieDZq0.jpg');
INSERT OR IGNORE INTO Actor (id_actor, nombre, foto_path) VALUES (1414138, '苗苗', 'https://image.tmdb.org/t/p/original/cKlYo2zrAmkPTPPzDYlOdvr6SFl.jpg');
INSERT OR IGNORE INTO Actor (id_actor, nombre, foto_path) VALUES (1279598, '鄭愷', 'https://image.tmdb.org/t/p/original/49ipepyE1WyOWQr3E40VXh9VllZ.jpg');
INSERT OR IGNORE INTO Actor (id_actor, nombre, foto_path) VALUES (2174695, '任敏', 'https://image.tmdb.org/t/p/original/3PKeDlZVW3b3R0dBjfqvxtHOXRn.jpg');
INSERT OR IGNORE INTO Actor (id_actor, nombre, foto_path) VALUES (1172611, '辛柏青', 'https://image.tmdb.org/t/p/original/tuecnWeqbJhDtb4bwhqoKY6WFTi.jpg');
INSERT OR REPLACE INTO Pelicula (id_pelicula, titulo, descripcion, poster_path, backdrop_path, trailer, anio_estreno, duracion) VALUES (1033462, 'Bureau 749', 'En un futuro próximo, la Tierra enfrenta un desastre catastrófico causado por una criatura desconocida. Ma Shan, un joven marginado se une a la misteriosa Oficina 749 para enfrentar la crisis.', 'https://image.tmdb.org/t/p/original/uXQm8PKup6FxXkrd9kPyD2asCZs.jpg', 'https://image.tmdb.org/t/p/original/lf8IZ86ajGpgbuyHCZrXUeAMmvy.jpg', '', 2024, 123);
INSERT OR REPLACE INTO Pelicula_Actor (id_pelicula, id_actor, personaje) VALUES (1033462, 1785744, 'Ma Shan');
INSERT OR REPLACE INTO Pelicula_Actor (id_pelicula, id_actor, personaje) VALUES (1033462, 1414138, 'Xia Hua');
INSERT OR REPLACE INTO Pelicula_Actor (id_pelicula, id_actor, personaje) VALUES (1033462, 1279598, 'Qiao Dongbei');
INSERT OR REPLACE INTO Pelicula_Actor (id_pelicula, id_actor, personaje) VALUES (1033462, 2174695, 'Sang Mei');
INSERT OR REPLACE INTO Pelicula_Actor (id_pelicula, id_actor, personaje) VALUES (1033462, 1172611, 'Ma Jue / Cao Guojiu');
INSERT OR IGNORE INTO Pelicula_Categoria (id_pelicula, id_categoria) VALUES (1033462, 5);
INSERT OR IGNORE INTO Pelicula_Categoria (id_pelicula, id_categoria) VALUES (1033462, 1);
INSERT OR IGNORE INTO Pelicula_Categoria (id_pelicula, id_categoria) VALUES (1033462, 3);
INSERT OR IGNORE INTO Pelicula_Compania (id_pelicula, id_compania) VALUES (1033462, undefined);
-- Fin película: Bureau 749 --
INSERT OR IGNORE INTO Actor (id_actor, nombre, foto_path) VALUES (2461, 'Mel Gibson', 'https://image.tmdb.org/t/p/original/jnqHMaOslt8cef2atSmOpGRvNla.jpg');
INSERT OR IGNORE INTO Actor (id_actor, nombre, foto_path) VALUES (444211, 'Shelley Hennig', 'https://image.tmdb.org/t/p/original/oebUgnvPMuW74zaYDKELt9yEajM.jpg');
INSERT OR IGNORE INTO Actor (id_actor, nombre, foto_path) VALUES (31384, 'Jordi Mollà', 'https://image.tmdb.org/t/p/original/9XsTmWLJ2qMXoUpcb105h6h5OUX.jpg');
INSERT OR IGNORE INTO Actor (id_actor, nombre, foto_path) VALUES (1600083, 'Sofia Hublitz', 'https://image.tmdb.org/t/p/original/A1nSqZXtKJwuQXDGrhmYa0CP0cZ.jpg');
INSERT OR IGNORE INTO Actor (id_actor, nombre, foto_path) VALUES (60460, 'A.J. Buckley', 'https://image.tmdb.org/t/p/original/arGsJN4HuiNpFsRsNX81fDX1KJj.jpg');
INSERT OR REPLACE INTO Pelicula (id_pelicula, titulo, descripcion, poster_path, backdrop_path, trailer, anio_estreno, duracion) VALUES (1387382, 'Hunting Season', 'Cuando una misteriosa joven aparece en la orilla de un río local, tanto la niña de doce años que la descubre como su sobreprotector padre cambian para siempre con la llegada de esta extraña a su hogar. Mientras, un despiadado capo de la droga no se detendrá ante nada para matarla de una vez por todas.', 'https://image.tmdb.org/t/p/original/cbryTyaWdqrKpQCw6K7zm2jrB5v.jpg', 'https://image.tmdb.org/t/p/original/eJ0HooOOD1uzI39CfOQNWIiWKlJ.jpg', '', 2025, 93);
INSERT OR REPLACE INTO Pelicula_Actor (id_pelicula, id_actor, personaje) VALUES (1387382, 2461, 'Bowdrie');
INSERT OR REPLACE INTO Pelicula_Actor (id_pelicula, id_actor, personaje) VALUES (1387382, 444211, 'January');
INSERT OR REPLACE INTO Pelicula_Actor (id_pelicula, id_actor, personaje) VALUES (1387382, 31384, 'Alejandro');
INSERT OR REPLACE INTO Pelicula_Actor (id_pelicula, id_actor, personaje) VALUES (1387382, 1600083, 'Tag');
INSERT OR REPLACE INTO Pelicula_Actor (id_pelicula, id_actor, personaje) VALUES (1387382, 60460, 'Davenport');
INSERT OR IGNORE INTO Pelicula_Categoria (id_pelicula, id_categoria) VALUES (1387382, 5);
INSERT OR IGNORE INTO Pelicula_Categoria (id_pelicula, id_categoria) VALUES (1387382, 7);
INSERT OR IGNORE INTO Pelicula_Categoria (id_pelicula, id_categoria) VALUES (1387382, 6);
INSERT OR IGNORE INTO Pelicula_Compania (id_pelicula, id_compania) VALUES (1387382, undefined);
-- Fin película: Hunting Season --
INSERT OR IGNORE INTO Actor (id_actor, nombre, foto_path) VALUES (2367355, '吕艳婷', 'https://image.tmdb.org/t/p/original/vKpOzPutTaPf03rWXiLuK8R2K3B.jpg');
INSERT OR IGNORE INTO Actor (id_actor, nombre, foto_path) VALUES (2367356, '囧森瑟夫', 'https://image.tmdb.org/t/p/original/58Ytg6PBGpqB2s7DkHB82dRvdFO.jpg');
INSERT OR IGNORE INTO Actor (id_actor, nombre, foto_path) VALUES (2368846, '瀚墨', 'https://image.tmdb.org/t/p/original/6Ueom0Y4pjIG9B6zjQlfIbgcGhH.jpg');
INSERT OR IGNORE INTO Actor (id_actor, nombre, foto_path) VALUES (2368848, '陈浩', 'https://image.tmdb.org/t/p/original/eBZJW1NCBFDh3U3xImf0vCCnDpy.jpg');
INSERT OR IGNORE INTO Actor (id_actor, nombre, foto_path) VALUES (2368849, '绿绮', 'https://image.tmdb.org/t/p/original/eGoSeaM1c6KCLiRIqM8LJq5S5L5.jpg');
INSERT OR REPLACE INTO Pelicula (id_pelicula, titulo, descripcion, poster_path, backdrop_path, trailer, anio_estreno, duracion) VALUES (980477, 'Ne Zha 2', 'Cuando los cuerpos de los dos amigos, Aobing y Nezha, están a punto de ser destruidos, se les permite que sus almas sigan existiendo. Su maestro, Taiyi Zhenren, restaura sus cuerpos con la ayuda de una flor de loto. Después de esto, Nezha parte en busca de enfrentar al Rey Dragón del Mar del Este, Ao Guang.', 'https://image.tmdb.org/t/p/original/jz5sGlPGf0cWZ0uJPDc8cSjjFcZ.jpg', 'https://image.tmdb.org/t/p/original/8btfz81bOJ2lC7cujYBTw03wzg3.jpg', '', 2025, 144);
INSERT OR REPLACE INTO Pelicula_Actor (id_pelicula, id_actor, personaje) VALUES (980477, 2367355, 'Young Nezha (voice)');
INSERT OR REPLACE INTO Pelicula_Actor (id_pelicula, id_actor, personaje) VALUES (980477, 2367356, 'Youth Nezha / Jie Jie Shou Left (voice)');
INSERT OR REPLACE INTO Pelicula_Actor (id_pelicula, id_actor, personaje) VALUES (980477, 2368846, 'Ao Bing (voice)');
INSERT OR REPLACE INTO Pelicula_Actor (id_pelicula, id_actor, personaje) VALUES (980477, 2368848, 'Li Jing (voice)');
INSERT OR REPLACE INTO Pelicula_Actor (id_pelicula, id_actor, personaje) VALUES (980477, 2368849, 'Mrs. Yin (voice)');
INSERT OR IGNORE INTO Pelicula_Categoria (id_pelicula, id_categoria) VALUES (980477, 5);
INSERT OR IGNORE INTO Pelicula_Categoria (id_pelicula, id_categoria) VALUES (980477, 3);
INSERT OR IGNORE INTO Pelicula_Categoria (id_pelicula, id_categoria) VALUES (980477, 1);
INSERT OR IGNORE INTO Pelicula_Categoria (id_pelicula, id_categoria) VALUES (980477, 5);
INSERT OR IGNORE INTO Pelicula_Compania (id_pelicula, id_compania) VALUES (980477, undefined);
INSERT OR IGNORE INTO Pelicula_Coleccion (id_pelicula, id_coleccion) VALUES (980477, 1449595);
-- Fin película: Ne Zha 2 --
INSERT OR IGNORE INTO Actor (id_actor, nombre, foto_path) VALUES (1253360, 'Pedro Pascal', 'https://image.tmdb.org/t/p/original/cuhkTL3MezjArl80MnYl6QJQ4PQ.jpg');
INSERT OR IGNORE INTO Actor (id_actor, nombre, foto_path) VALUES (556356, 'Vanessa Kirby', 'https://image.tmdb.org/t/p/original/a8a9U00KL2JJkkekzhNnueIGKKF.jpg');
INSERT OR IGNORE INTO Actor (id_actor, nombre, foto_path) VALUES (21042, 'Ebon Moss-Bachrach', 'https://image.tmdb.org/t/p/original/xD8GVNayMpiTZxLfahy2DseYcQq.jpg');
INSERT OR IGNORE INTO Actor (id_actor, nombre, foto_path) VALUES (1597365, 'Joseph Quinn', 'https://image.tmdb.org/t/p/original/zshhuioZaH8S5ZKdMcojzWi1ntl.jpg');
INSERT OR IGNORE INTO Actor (id_actor, nombre, foto_path) VALUES (202032, 'Ralph Ineson', 'https://image.tmdb.org/t/p/original/sn3ONJw2pJxMHiCqPwvkaiWr5mc.jpg');
INSERT OR REPLACE INTO Pelicula (id_pelicula, titulo, descripcion, poster_path, backdrop_path, trailer, anio_estreno, duracion) VALUES (617126, 'Los Cuatro Fantásticos: Primeros pasos', 'Con un mundo retrofuturista inspirado en los años 60 como telón de fondo, la Primera Familia de Marvel deberá hacer frente a su mayor desafío hasta la fecha. Obligados a buscar el equilibrio entre su papel de héroes y sus fuertes vínculos familiares, tendrán que defender la Tierra de un hambriento dios espacial llamado Galactus y su intrigante heraldo, Estela Plateada.', 'https://image.tmdb.org/t/p/original/ckfiXWGEMWrUP53cc6QyHijLlhl.jpg', 'https://image.tmdb.org/t/p/original/s94NjfKkcSczZ1FembwmQZwsuwY.jpg', 'https://www.youtube.com/watch?v=L1lCRrgTOc4', 2025, 115);
INSERT OR REPLACE INTO Pelicula_Actor (id_pelicula, id_actor, personaje) VALUES (617126, 1253360, 'Reed Richards / Mister Fantastic');
INSERT OR REPLACE INTO Pelicula_Actor (id_pelicula, id_actor, personaje) VALUES (617126, 556356, 'Sue Storm / Invisible Woman');
INSERT OR REPLACE INTO Pelicula_Actor (id_pelicula, id_actor, personaje) VALUES (617126, 21042, 'Ben Grimm / The Thing');
INSERT OR REPLACE INTO Pelicula_Actor (id_pelicula, id_actor, personaje) VALUES (617126, 1597365, 'Johnny Storm / Human Torch');
INSERT OR REPLACE INTO Pelicula_Actor (id_pelicula, id_actor, personaje) VALUES (617126, 202032, 'Galactus');
INSERT OR IGNORE INTO Pelicula_Categoria (id_pelicula, id_categoria) VALUES (617126, 3);
INSERT OR IGNORE INTO Pelicula_Categoria (id_pelicula, id_categoria) VALUES (617126, 1);
INSERT OR IGNORE INTO Pelicula_Categoria (id_pelicula, id_categoria) VALUES (617126, 5);
INSERT OR IGNORE INTO Pelicula_Compania (id_pelicula, id_compania) VALUES (617126, undefined);
-- Fin película: Los Cuatro Fantásticos: Primeros pasos --
INSERT OR IGNORE INTO Actor (id_actor, nombre, foto_path) VALUES (45749, 'Thekla Reuten', 'https://image.tmdb.org/t/p/original/grsIJAo7a37SAVl3La5aaUFpVla.jpg');
INSERT OR IGNORE INTO Actor (id_actor, nombre, foto_path) VALUES (1823412, 'Elijah Wolf', 'https://image.tmdb.org/t/p/original/cymAOFMtBVjgsnpzk24dN0Gexl8.jpg');
INSERT OR IGNORE INTO Actor (id_actor, nombre, foto_path) VALUES (228968, 'Emun Elliott', 'https://image.tmdb.org/t/p/original/A0PGkWHpgbus4t76hKSTqoey8HP.jpg');
INSERT OR IGNORE INTO Actor (id_actor, nombre, foto_path) VALUES (563559, 'Sam Hazeldine', 'https://image.tmdb.org/t/p/original/lzxuRO9hkI2LWGUCXssemiIUgeX.jpg');
INSERT OR IGNORE INTO Actor (id_actor, nombre, foto_path) VALUES (1222359, 'Dawn Steele', 'https://image.tmdb.org/t/p/original/bdxZUWa0LS8ozzQBAnobTk8EPnf.jpg');
INSERT OR REPLACE INTO Pelicula (id_pelicula, titulo, descripcion, poster_path, backdrop_path, trailer, anio_estreno, duracion) VALUES (662659, 'Marionette', 'Una terapeuta pierde el control de la realidad cuando un niño de diez años afirma que puede controlar su futuro.', 'https://image.tmdb.org/t/p/original/wNNAGw2TsYW4c3if252c6Il1fEc.jpg', 'https://image.tmdb.org/t/p/original/cb3xdCXws4OLcXNNqQmZHDfAKCY.jpg', '', 2020, 108);
INSERT OR REPLACE INTO Pelicula_Actor (id_pelicula, id_actor, personaje) VALUES (662659, 45749, 'Dr. Marianne Winter');
INSERT OR REPLACE INTO Pelicula_Actor (id_pelicula, id_actor, personaje) VALUES (662659, 1823412, 'Manny');
INSERT OR REPLACE INTO Pelicula_Actor (id_pelicula, id_actor, personaje) VALUES (662659, 228968, 'Kieran');
INSERT OR REPLACE INTO Pelicula_Actor (id_pelicula, id_actor, personaje) VALUES (662659, 563559, 'Josh');
INSERT OR REPLACE INTO Pelicula_Actor (id_pelicula, id_actor, personaje) VALUES (662659, 1222359, 'Tina');
INSERT OR IGNORE INTO Pelicula_Categoria (id_pelicula, id_categoria) VALUES (662659, 6);
INSERT OR IGNORE INTO Pelicula_Compania (id_pelicula, id_compania) VALUES (662659, undefined);
-- Fin película: Marionette --
INSERT OR IGNORE INTO Actor (id_actor, nombre, foto_path) VALUES (934, 'Russell Crowe', 'https://image.tmdb.org/t/p/original/uxiXuVH4vNWrKlJMVVPG1sxAJFe.jpg');
INSERT OR IGNORE INTO Actor (id_actor, nombre, foto_path) VALUES (17838, 'Rami Malek', 'https://image.tmdb.org/t/p/original/zvBCjFmedqXRqa45jlLf6vBd9Nt.jpg');
INSERT OR IGNORE INTO Actor (id_actor, nombre, foto_path) VALUES (335, 'Michael Shannon', 'https://image.tmdb.org/t/p/original/6mMczfjM8CiS1WuBOgo5Xom1TcR.jpg');
INSERT OR IGNORE INTO Actor (id_actor, nombre, foto_path) VALUES (3477880, 'Leo Woodall', 'https://image.tmdb.org/t/p/original/wK62b76NTxiGfjZa3opvJRyxpb7.jpg');
INSERT OR IGNORE INTO Actor (id_actor, nombre, foto_path) VALUES (21134, 'John Slattery', 'https://image.tmdb.org/t/p/original/tm7g84OWD5gQRoyfG4hduBphP1j.jpg');
INSERT OR REPLACE INTO Pelicula (id_pelicula, titulo, descripcion, poster_path, backdrop_path, trailer, anio_estreno, duracion) VALUES (1214931, 'Núremberg', 'Un psiquiatra estadounidense examina a 22 criminales nazis durante los juicios de Núremberg. Su fascinación por Hermann Göring y su obsesiva búsqueda por entender la naturaleza del mal lo llevan a un oscuro destino.', 'https://image.tmdb.org/t/p/original/7OOQRx9SmkMC3UQfdzj4QsQHtA1.jpg', 'https://image.tmdb.org/t/p/original/xsO1Qgru8sETLTcVla8MrqxOVr0.jpg', 'https://www.youtube.com/watch?v=8caQ0aapFp4', 2025, 150);
INSERT OR REPLACE INTO Pelicula_Actor (id_pelicula, id_actor, personaje) VALUES (1214931, 934, 'Hermann Göring');
INSERT OR REPLACE INTO Pelicula_Actor (id_pelicula, id_actor, personaje) VALUES (1214931, 17838, 'Douglas Kelley');
INSERT OR REPLACE INTO Pelicula_Actor (id_pelicula, id_actor, personaje) VALUES (1214931, 335, 'Justice Robert H. Jackson');
INSERT OR REPLACE INTO Pelicula_Actor (id_pelicula, id_actor, personaje) VALUES (1214931, 3477880, 'Sergeant Howie Triest');
INSERT OR REPLACE INTO Pelicula_Actor (id_pelicula, id_actor, personaje) VALUES (1214931, 21134, 'Colonel Burton Andrus');
INSERT OR IGNORE INTO Pelicula_Categoria (id_pelicula, id_categoria) VALUES (1214931, 1);
INSERT OR IGNORE INTO Pelicula_Categoria (id_pelicula, id_categoria) VALUES (1214931, 7);
INSERT OR IGNORE INTO Pelicula_Compania (id_pelicula, id_compania) VALUES (1214931, undefined);
-- Fin película: Núremberg --
INSERT OR IGNORE INTO Actor (id_actor, nombre, foto_path) VALUES (1785590, 'David Corenswet', 'https://image.tmdb.org/t/p/original/qB0hBMu4wU1nPrqtdUQP3sQeN5t.jpg');
INSERT OR IGNORE INTO Actor (id_actor, nombre, foto_path) VALUES (993774, 'Rachel Brosnahan', 'https://image.tmdb.org/t/p/original/v4L98SN5IQ5adNVHGddz5zkE5JE.jpg');
INSERT OR IGNORE INTO Actor (id_actor, nombre, foto_path) VALUES (3292, 'Nicholas Hoult', 'https://image.tmdb.org/t/p/original/nXm7XCaZm5qcEJq0cAQMVj315jv.jpg');
INSERT OR IGNORE INTO Actor (id_actor, nombre, foto_path) VALUES (39391, 'Edi Gathegi', 'https://image.tmdb.org/t/p/original/dt8yMyycDlzxkjhmuuJJ4tXDbp4.jpg');
INSERT OR IGNORE INTO Actor (id_actor, nombre, foto_path) VALUES (51797, 'Nathan Fillion', 'https://image.tmdb.org/t/p/original/q31mXXgnN5PsuIjEqaaAPvBDvHc.jpg');
INSERT OR REPLACE INTO Pelicula (id_pelicula, titulo, descripcion, poster_path, backdrop_path, trailer, anio_estreno, duracion) VALUES (1061474, 'Superman', 'En un mundo que ha perdido la fe en la bondad, Superman lucha por reconciliar su herencia kryptoniana con los valores humanos que moldearon su carácter. Criado en la Tierra, representa la verdad, la justicia y el estilo americano, pero debe enfrentarse a un mundo cínico que cuestiona sus ideales. Entre el deber de proteger a la humanidad y la búsqueda de su identidad, Superman demuestra que la esperanza y la bondad nunca pasan de moda, incluso en los tiempos más oscuros, inspirando a otros a creer en un futuro mejor.', 'https://image.tmdb.org/t/p/original/fvUJb08yatV2b3NUSwuYdQKYoFd.jpg', 'https://image.tmdb.org/t/p/original/eU7IfdWq8KQy0oNd4kKXS0QUR08.jpg', 'https://www.youtube.com/watch?v=KWoJAz9YiPc', 2025, 129);
INSERT OR REPLACE INTO Pelicula_Actor (id_pelicula, id_actor, personaje) VALUES (1061474, 1785590, 'Superman');
INSERT OR REPLACE INTO Pelicula_Actor (id_pelicula, id_actor, personaje) VALUES (1061474, 993774, 'Lois Lane');
INSERT OR REPLACE INTO Pelicula_Actor (id_pelicula, id_actor, personaje) VALUES (1061474, 3292, 'Lex Luthor');
INSERT OR REPLACE INTO Pelicula_Actor (id_pelicula, id_actor, personaje) VALUES (1061474, 39391, 'Mr. Terrific');
INSERT OR REPLACE INTO Pelicula_Actor (id_pelicula, id_actor, personaje) VALUES (1061474, 51797, 'Guy Gardner');
INSERT OR IGNORE INTO Pelicula_Categoria (id_pelicula, id_categoria) VALUES (1061474, 3);
INSERT OR IGNORE INTO Pelicula_Categoria (id_pelicula, id_categoria) VALUES (1061474, 1);
INSERT OR IGNORE INTO Pelicula_Categoria (id_pelicula, id_categoria) VALUES (1061474, 5);
INSERT OR IGNORE INTO Pelicula_Compania (id_pelicula, id_compania) VALUES (1061474, undefined);
INSERT OR IGNORE INTO Pelicula_Coleccion (id_pelicula, id_coleccion) VALUES (1061474, 1540907);
-- Fin película: Superman --
INSERT OR IGNORE INTO Actor (id_actor, nombre, foto_path) VALUES (1221867, 'Mai Kadowaki', 'https://image.tmdb.org/t/p/original/jb3fSusebJ0yDTZ6bB9ckL3mAvu.jpg');
INSERT OR IGNORE INTO Actor (id_actor, nombre, foto_path) VALUES (203473, 'Kaori Nazuka', 'https://image.tmdb.org/t/p/original/cIMS99s6jpgGBbMnih8gx9hLPFi.jpg');
INSERT OR IGNORE INTO Actor (id_actor, nombre, foto_path) VALUES (230471, 'Kana Ueda', 'https://image.tmdb.org/t/p/original/us6FMwXCeSUR2YyByxVcgOUjiIA.jpg');
INSERT OR IGNORE INTO Actor (id_actor, nombre, foto_path) VALUES (571993, 'Shizuka Itoh', 'https://image.tmdb.org/t/p/original/n47YvFPlJzl8HnsoDBtM8SUqG8q.jpg');
INSERT OR IGNORE INTO Actor (id_actor, nombre, foto_path) VALUES (1243042, '高野直子', 'https://image.tmdb.org/t/p/original/i5R5n9Dg4ISMtsoDvEwHFLp5oBj.jpg');
INSERT OR REPLACE INTO Pelicula (id_pelicula, titulo, descripcion, poster_path, backdrop_path, trailer, anio_estreno, duracion) VALUES (1280869, 'Fate/kaleid liner プリズマ☆イリヤ 運動会 DE ダンス！', '', 'https://image.tmdb.org/t/p/original/qaC8H3FengQcTxjFmlPBCcAJTff.jpg', 'https://image.tmdb.org/t/p/original/kF3ruatQCQVDEDqHVLXgWEF17TU.jpg', '', 2014, 25);
INSERT OR REPLACE INTO Pelicula_Actor (id_pelicula, id_actor, personaje) VALUES (1280869, 1221867, 'Illyasviel von Einzbern');
INSERT OR REPLACE INTO Pelicula_Actor (id_pelicula, id_actor, personaje) VALUES (1280869, 203473, 'Miyu Edelfelt');
INSERT OR REPLACE INTO Pelicula_Actor (id_pelicula, id_actor, personaje) VALUES (1280869, 230471, 'Rin Tohsaka');
INSERT OR REPLACE INTO Pelicula_Actor (id_pelicula, id_actor, personaje) VALUES (1280869, 571993, 'Luviagelita Edelfelt');
INSERT OR REPLACE INTO Pelicula_Actor (id_pelicula, id_actor, personaje) VALUES (1280869, 1243042, 'Magical Ruby');
INSERT OR IGNORE INTO Pelicula_Categoria (id_pelicula, id_categoria) VALUES (1280869, 5);
INSERT OR IGNORE INTO Pelicula_Categoria (id_pelicula, id_categoria) VALUES (1280869, 3);
INSERT OR IGNORE INTO Pelicula_Categoria (id_pelicula, id_categoria) VALUES (1280869, 12);
INSERT OR IGNORE INTO Pelicula_Compania (id_pelicula, id_compania) VALUES (1280869, undefined);
-- Fin película: Fate/kaleid liner プリズマ☆イリヤ 運動会 DE ダンス！ --
INSERT OR IGNORE INTO Actor (id_actor, nombre, foto_path) VALUES (6193, 'Leonardo DiCaprio', 'https://image.tmdb.org/t/p/original/wo2hJpn04vbtmh0B9utCFdsQhxM.jpg');
INSERT OR IGNORE INTO Actor (id_actor, nombre, foto_path) VALUES (204, 'Kate Winslet', 'https://image.tmdb.org/t/p/original/e3tdop3WhseRnn8KwMVLAV25Ybv.jpg');
INSERT OR IGNORE INTO Actor (id_actor, nombre, foto_path) VALUES (1954, 'Billy Zane', 'https://image.tmdb.org/t/p/original/7CBwxqE00aZAAEBaRkapylgdi15.jpg');
INSERT OR IGNORE INTO Actor (id_actor, nombre, foto_path) VALUES (8534, 'Kathy Bates', 'https://image.tmdb.org/t/p/original/3MsayDvY73uXGVbCFHyy1ABTacV.jpg');
INSERT OR IGNORE INTO Actor (id_actor, nombre, foto_path) VALUES (3713, 'Frances Fisher', 'https://image.tmdb.org/t/p/original/3iNDgd54IIj8g8hGqhhUjM6TeWd.jpg');
INSERT OR REPLACE INTO Pelicula (id_pelicula, titulo, descripcion, poster_path, backdrop_path, trailer, anio_estreno, duracion) VALUES (597, 'Titanic', 'Jack, un joven artista, gana en una partida de cartas un pasaje para viajar a América en el Titanic, el transatlántico más grande y seguro jamás construido. A bordo conoce a Rose, una joven de una buena familia venida a menos que va a contraer un matrimonio de conveniencia con Cal, un millonario engreído a quien sólo interesa el prestigioso apellido de su prometida. Jack y Rose se enamoran, pero el prometido y la madre de ella ponen todo tipo de trabas a su relación. Mientras, el gigantesco y lujoso transatlántico se aproxima hacia un inmenso iceberg.', 'https://image.tmdb.org/t/p/original/VMOt5scbGmBKDvkfHjZN6Ki54i.jpg', 'https://image.tmdb.org/t/p/original/xnHVX37XZEp33hhCbYlQFq7ux1J.jpg', 'https://www.youtube.com/watch?v=6FKmt1RcLug', 1997, 194);
INSERT OR REPLACE INTO Pelicula_Actor (id_pelicula, id_actor, personaje) VALUES (597, 6193, 'Jack Dawson');
INSERT OR REPLACE INTO Pelicula_Actor (id_pelicula, id_actor, personaje) VALUES (597, 204, 'Rose DeWitt Bukater');
INSERT OR REPLACE INTO Pelicula_Actor (id_pelicula, id_actor, personaje) VALUES (597, 1954, 'Cal Hockley');
INSERT OR REPLACE INTO Pelicula_Actor (id_pelicula, id_actor, personaje) VALUES (597, 8534, 'Molly Brown');
INSERT OR REPLACE INTO Pelicula_Actor (id_pelicula, id_actor, personaje) VALUES (597, 3713, 'Ruth DeWitt Bukater');
INSERT OR IGNORE INTO Pelicula_Categoria (id_pelicula, id_categoria) VALUES (597, 7);
INSERT OR IGNORE INTO Pelicula_Categoria (id_pelicula, id_categoria) VALUES (597, 10);
INSERT OR IGNORE INTO Pelicula_Compania (id_pelicula, id_compania) VALUES (597, undefined);
-- Fin película: Titanic --
INSERT OR IGNORE INTO Actor (id_actor, nombre, foto_path) VALUES (115440, 'Sydney Sweeney', 'https://image.tmdb.org/t/p/original/uDnIdU4KGjQg7liFvb9wnALvg95.jpg');
INSERT OR IGNORE INTO Actor (id_actor, nombre, foto_path) VALUES (11107, 'Ben Foster', 'https://image.tmdb.org/t/p/original/keBl3i2uHuowNdap0EgdxWxjWmm.jpg');
INSERT OR IGNORE INTO Actor (id_actor, nombre, foto_path) VALUES (28044, 'Merritt Wever', 'https://image.tmdb.org/t/p/original/ldd1WntzQ72DVuNLoko8yMFHH7j.jpg');
INSERT OR IGNORE INTO Actor (id_actor, nombre, foto_path) VALUES (2252989, 'Katy O''Brian', 'https://image.tmdb.org/t/p/original/lEz7WmJPrBGSsIkEiAA10t5nDDM.jpg');
INSERT OR IGNORE INTO Actor (id_actor, nombre, foto_path) VALUES (58019, 'Ethan Embry', 'https://image.tmdb.org/t/p/original/feYnMlTejbHfkhD1akVVXKWG0u1.jpg');
INSERT OR REPLACE INTO Pelicula (id_pelicula, titulo, descripcion, poster_path, backdrop_path, trailer, anio_estreno, duracion) VALUES (1287322, 'Christy', 'Biopic de Christy Martin, la boxeadora de más éxito de los años 90.', 'https://image.tmdb.org/t/p/original/ssy1uHGZkuXLkIWJWrtsBczPvVC.jpg', 'https://image.tmdb.org/t/p/original/d95WgAQXqDVlqbEHdLWfyvRG2ms.jpg', '', 2025, 135);
INSERT OR REPLACE INTO Pelicula_Actor (id_pelicula, id_actor, personaje) VALUES (1287322, 115440, 'Christy Martin');
INSERT OR REPLACE INTO Pelicula_Actor (id_pelicula, id_actor, personaje) VALUES (1287322, 11107, 'Jim V. Martin');
INSERT OR REPLACE INTO Pelicula_Actor (id_pelicula, id_actor, personaje) VALUES (1287322, 28044, 'Joyce Salters');
INSERT OR REPLACE INTO Pelicula_Actor (id_pelicula, id_actor, personaje) VALUES (1287322, 2252989, 'Lisa Holewyne');
INSERT OR REPLACE INTO Pelicula_Actor (id_pelicula, id_actor, personaje) VALUES (1287322, 58019, 'John Salters');
INSERT OR IGNORE INTO Pelicula_Categoria (id_pelicula, id_categoria) VALUES (1287322, 1);
INSERT OR IGNORE INTO Pelicula_Categoria (id_pelicula, id_categoria) VALUES (1287322, 7);
INSERT OR IGNORE INTO Pelicula_Compania (id_pelicula, id_compania) VALUES (1287322, undefined);
-- Fin película: Christy --
INSERT OR IGNORE INTO Actor (id_actor, nombre, foto_path) VALUES (82388, 'Bob Hope', 'https://image.tmdb.org/t/p/original/4TNYeks5q1dNKszFxOmL4pCjEvn.jpg');
INSERT OR IGNORE INTO Actor (id_actor, nombre, foto_path) VALUES (11165, 'Jane Russell', 'https://image.tmdb.org/t/p/original/i0EFJW983yikjX3CNL3wU8iqmNU.jpg');
INSERT OR IGNORE INTO Actor (id_actor, nombre, foto_path) VALUES (83395, 'Roy Rogers', 'https://image.tmdb.org/t/p/original/1ZKQNYHS0YO4691hqD1Tgd3nvkY.jpg');
INSERT OR IGNORE INTO Actor (id_actor, nombre, foto_path) VALUES (96243, 'Bill Williams', 'https://image.tmdb.org/t/p/original/yUzvbKsQoobsB1KfoWXf5aA4ntc.jpg');
INSERT OR IGNORE INTO Actor (id_actor, nombre, foto_path) VALUES (34497, 'Lloyd Corrigan', 'https://image.tmdb.org/t/p/original/vlcMdcXRbho8Zgm13dSeO9iDRQW.jpg');
INSERT OR REPLACE INTO Pelicula (id_pelicula, titulo, descripcion, poster_path, backdrop_path, trailer, anio_estreno, duracion) VALUES (30801, 'El hijo de rostro pálido', 'Continuación de "The Paleface" (1948), de Norman Z. McLeod, tambien con Hope y Russell y coescrita por Tashlin, uno de los grandes éxitos de taquilla del actor Bob Hope (sin Bing Crosby). En el film, Hope y Jane Russell repiten protagonismo, uniéndose esta vez el cantante y actor Roy Rogers. Lo curioso es que sus personajes son diferentes, ya que ahora Hope es un universitario que viaja al salvaje Oeste para hacerse cargo de la herencia de su padre, un célebre pistolero. En su camino se topará con extraños personajes como un agente federal (Rogers) y una chica de salón que tiene una doble personalidad como bandida.', 'https://image.tmdb.org/t/p/original/zEHHFRw4axerMQTRXixoLcyO0Eh.jpg', 'https://image.tmdb.org/t/p/original/3TmRl1fhY3DH0ZN4c4dMrggyKAt.jpg', '', 1952, 95);
INSERT OR REPLACE INTO Pelicula_Actor (id_pelicula, id_actor, personaje) VALUES (30801, 82388, 'Peter Potter Jr.');
INSERT OR REPLACE INTO Pelicula_Actor (id_pelicula, id_actor, personaje) VALUES (30801, 11165, 'Mike 'The Torch' Delroy');
INSERT OR REPLACE INTO Pelicula_Actor (id_pelicula, id_actor, personaje) VALUES (30801, 83395, 'Roy Barton');
INSERT OR REPLACE INTO Pelicula_Actor (id_pelicula, id_actor, personaje) VALUES (30801, 96243, 'Kirk');
INSERT OR REPLACE INTO Pelicula_Actor (id_pelicula, id_actor, personaje) VALUES (30801, 34497, 'Doc Lovejoy');
INSERT OR IGNORE INTO Pelicula_Categoria (id_pelicula, id_categoria) VALUES (30801, 12);
INSERT OR IGNORE INTO Pelicula_Categoria (id_pelicula, id_categoria) VALUES (30801, 2);
INSERT OR IGNORE INTO Pelicula_Compania (id_pelicula, id_compania) VALUES (30801, undefined);
INSERT OR IGNORE INTO Pelicula_Coleccion (id_pelicula, id_coleccion) VALUES (30801, 456980);
-- Fin película: El hijo de rostro pálido --
INSERT OR IGNORE INTO Actor (id_actor, nombre, foto_path) VALUES (3967, 'Kate Beckinsale', 'https://image.tmdb.org/t/p/original/nUZuC2chd5PVw2tLxePZ6uaLbhx.jpg');
INSERT OR IGNORE INTO Actor (id_actor, nombre, foto_path) VALUES (1610940, 'Lewis Tan', 'https://image.tmdb.org/t/p/original/xSpvbRqscYnDVPDtlXgniltf7eF.jpg');
INSERT OR IGNORE INTO Actor (id_actor, nombre, foto_path) VALUES (2506, 'Alice Krige', 'https://image.tmdb.org/t/p/original/sWyv9fPrZBfuiNIzIs00AMRpbqm.jpg');
INSERT OR IGNORE INTO Actor (id_actor, nombre, foto_path) VALUES (4391, 'Charles Dance', 'https://image.tmdb.org/t/p/original/3xHwq5lchAI6mfW0aGQOEijexv6.jpg');
INSERT OR IGNORE INTO Actor (id_actor, nombre, foto_path) VALUES (205725, 'Rasmus Hardiker', 'https://image.tmdb.org/t/p/original/gDdrt1YXPCxdv5LG8WvVJswPydZ.jpg');
INSERT OR REPLACE INTO Pelicula (id_pelicula, titulo, descripcion, poster_path, backdrop_path, trailer, anio_estreno, duracion) VALUES (1448560, 'Wildcat', 'Un antiguo escuadrón de operaciones especiales se reúne para una última misión: un robo de alto riesgo para rescatar a la hija pequeña de su comandante.', 'https://image.tmdb.org/t/p/original/cv09iyQhL9jqYQ7G0p9KE7ccwCZ.jpg', 'https://image.tmdb.org/t/p/original/pAyImoslSnpMgjRwhaS5ZEdl8UI.jpg', '', 2025, 99);
INSERT OR REPLACE INTO Pelicula_Actor (id_pelicula, id_actor, personaje) VALUES (1448560, 3967, 'Ada');
INSERT OR REPLACE INTO Pelicula_Actor (id_pelicula, id_actor, personaje) VALUES (1448560, 1610940, 'Roman');
INSERT OR REPLACE INTO Pelicula_Actor (id_pelicula, id_actor, personaje) VALUES (1448560, 2506, 'Mrs. Christina Vine');
INSERT OR REPLACE INTO Pelicula_Actor (id_pelicula, id_actor, personaje) VALUES (1448560, 4391, 'Frasier Mahoney');
INSERT OR REPLACE INTO Pelicula_Actor (id_pelicula, id_actor, personaje) VALUES (1448560, 205725, 'Edward');
INSERT OR IGNORE INTO Pelicula_Categoria (id_pelicula, id_categoria) VALUES (1448560, 5);
INSERT OR IGNORE INTO Pelicula_Categoria (id_pelicula, id_categoria) VALUES (1448560, 6);
INSERT OR IGNORE INTO Pelicula_Compania (id_pelicula, id_compania) VALUES (1448560, undefined);
-- Fin película: Wildcat --
