
-- === LOTE: Top Rated - Page 3 (2026-02-06T11:04:00.441Z) ===
INSERT OR IGNORE INTO Actor (id_actor, nombre, foto_path) VALUES (1312450, 'Melanie Zanetti', 'https://image.tmdb.org/t/p/original/lbUQ7ilvBtWMU23reKsHg3jRmsf.jpg');
INSERT OR IGNORE INTO Actor (id_actor, nombre, foto_path) VALUES (544002, 'Giulio Berruti', 'https://image.tmdb.org/t/p/original/cCOWVvjQ1TblPvM7TgMBqMczkOX.jpg');
INSERT OR IGNORE INTO Actor (id_actor, nombre, foto_path) VALUES (2345991, 'James Andrew Fraser', 'https://image.tmdb.org/t/p/original/bMHD0ezBKKNRLr8fLkWgIWpkqNs.jpg');
INSERT OR IGNORE INTO Actor (id_actor, nombre, foto_path) VALUES (2595115, 'Margaux Brooke', 'https://image.tmdb.org/t/p/original/leLl5l6KnjMdg5O48FhDfB7GquI.jpg');
INSERT OR IGNORE INTO Actor (id_actor, nombre, foto_path) VALUES (1188681, 'Agnes Albright', 'https://image.tmdb.org/t/p/original/39laAb3lRSVQv4NtXzIwuowuFry.jpg');
INSERT OR REPLACE INTO Pelicula (id_pelicula, titulo, descripcion, poster_path, backdrop_path, trailer, anio_estreno, duracion) VALUES (724089, 'Gabriel''s Inferno: Part II', 'Basado en la novela más vendida de Sylvain Reynard, el profesor Gabriel Emerson se ha embarcado en un apasionado pero clandestino romance con su antigua alumna, Julia Mitchell.', 'https://image.tmdb.org/t/p/original/x5o8cLZfEXMoZczTYWLrUo1P7UJ.jpg', 'https://image.tmdb.org/t/p/original/jtAI6OJIWLWiRItNSZoWjrsUtmi.jpg', '', 2020, 106);
INSERT OR REPLACE INTO Pelicula_Actor (id_pelicula, id_actor, personaje) VALUES (724089, 1312450, 'Julia Mitchell');
INSERT OR REPLACE INTO Pelicula_Actor (id_pelicula, id_actor, personaje) VALUES (724089, 544002, 'Gabriel Emerson');
INSERT OR REPLACE INTO Pelicula_Actor (id_pelicula, id_actor, personaje) VALUES (724089, 2345991, 'Paul Norris');
INSERT OR REPLACE INTO Pelicula_Actor (id_pelicula, id_actor, personaje) VALUES (724089, 2595115, 'Christa Peterson');
INSERT OR REPLACE INTO Pelicula_Actor (id_pelicula, id_actor, personaje) VALUES (724089, 1188681, 'Paulina');
INSERT OR IGNORE INTO Pelicula_Categoria (id_pelicula, id_categoria) VALUES (724089, 10);
INSERT OR IGNORE INTO Pelicula_Categoria (id_pelicula, id_categoria) VALUES (724089, 7);
INSERT OR IGNORE INTO Pelicula_Compania (id_pelicula, id_compania) VALUES (724089, undefined);
INSERT OR IGNORE INTO Pelicula_Coleccion (id_pelicula, id_coleccion) VALUES (724089, 729322);
-- Fin película: Gabriel''s Inferno: Part II --
INSERT OR IGNORE INTO Actor (id_actor, nombre, foto_path) VALUES (6193, 'Leonardo DiCaprio', 'https://image.tmdb.org/t/p/original/wo2hJpn04vbtmh0B9utCFdsQhxM.jpg');
INSERT OR IGNORE INTO Actor (id_actor, nombre, foto_path) VALUES (24045, 'Joseph Gordon-Levitt', 'https://image.tmdb.org/t/p/original/z2FA8js799xqtfiFjBTicFYdfk.jpg');
INSERT OR IGNORE INTO Actor (id_actor, nombre, foto_path) VALUES (3899, 'Ken Watanabe', 'https://image.tmdb.org/t/p/original/w2t30L5Cmr34myAaUobLoSgsLfS.jpg');
INSERT OR IGNORE INTO Actor (id_actor, nombre, foto_path) VALUES (2524, 'Tom Hardy', 'https://image.tmdb.org/t/p/original/32pesf3nGyLOQEVrhsFHpdbbMli.jpg');
INSERT OR IGNORE INTO Actor (id_actor, nombre, foto_path) VALUES (27578, 'Elliot Page', 'https://image.tmdb.org/t/p/original/nXO8DE4biVXY4UDYP0NdIY1zvXS.jpg');
INSERT OR REPLACE INTO Pelicula (id_pelicula, titulo, descripcion, poster_path, backdrop_path, trailer, anio_estreno, duracion) VALUES (27205, 'Origen', 'Dom Cobb es un ladrón hábil, el mejor de todos, especializado en el peligroso arte de extracción: el robo de secretos valiosos desde las profundidades del subconsciente durante el estado de sueño cuando la mente está más vulnerable. Esta habilidad excepcional de Cobb le ha hecho un jugador codiciado en el traicionero nuevo mundo de espionaje corporativo, pero al mismo tiempo, le ha convertido en un fugitivo internacional y ha tenido que sacrificar todo que le importaba. Ahora a Cobb se le ofrece una oportunidad para redimirse. Con un último trabajo podría recuperar su vida anterior, pero solamente si logra lo imposible.', 'https://image.tmdb.org/t/p/original/tXQvtRWfkUUnWJAn2tN3jERIUG.jpg', 'https://image.tmdb.org/t/p/original/ii8QGacT3MXESqBckQlyrATY0lT.jpg', 'https://www.youtube.com/watch?v=RV9L7ui9Cn8', 2010, 148);
INSERT OR REPLACE INTO Pelicula_Actor (id_pelicula, id_actor, personaje) VALUES (27205, 6193, 'Dom Cobb');
INSERT OR REPLACE INTO Pelicula_Actor (id_pelicula, id_actor, personaje) VALUES (27205, 24045, 'Arthur');
INSERT OR REPLACE INTO Pelicula_Actor (id_pelicula, id_actor, personaje) VALUES (27205, 3899, 'Saito');
INSERT OR REPLACE INTO Pelicula_Actor (id_pelicula, id_actor, personaje) VALUES (27205, 2524, 'Eames');
INSERT OR REPLACE INTO Pelicula_Actor (id_pelicula, id_actor, personaje) VALUES (27205, 27578, 'Ariadne');
INSERT OR IGNORE INTO Pelicula_Categoria (id_pelicula, id_categoria) VALUES (27205, 5);
INSERT OR IGNORE INTO Pelicula_Categoria (id_pelicula, id_categoria) VALUES (27205, 3);
INSERT OR IGNORE INTO Pelicula_Categoria (id_pelicula, id_categoria) VALUES (27205, 1);
INSERT OR IGNORE INTO Pelicula_Compania (id_pelicula, id_compania) VALUES (27205, undefined);
-- Fin película: Origen --
INSERT OR IGNORE INTO Actor (id_actor, nombre, foto_path) VALUES (1312450, 'Melanie Zanetti', 'https://image.tmdb.org/t/p/original/lbUQ7ilvBtWMU23reKsHg3jRmsf.jpg');
INSERT OR IGNORE INTO Actor (id_actor, nombre, foto_path) VALUES (544002, 'Giulio Berruti', 'https://image.tmdb.org/t/p/original/cCOWVvjQ1TblPvM7TgMBqMczkOX.jpg');
INSERT OR IGNORE INTO Actor (id_actor, nombre, foto_path) VALUES (1844204, 'Rhett Wellington Ramirez', 'https://image.tmdb.org/t/p/original/3WWleE8I95hzi3VxH6TunlfyT7j.jpg');
INSERT OR IGNORE INTO Actor (id_actor, nombre, foto_path) VALUES (2345991, 'James Andrew Fraser', 'https://image.tmdb.org/t/p/original/bMHD0ezBKKNRLr8fLkWgIWpkqNs.jpg');
INSERT OR IGNORE INTO Actor (id_actor, nombre, foto_path) VALUES (2595115, 'Margaux Brooke', 'https://image.tmdb.org/t/p/original/leLl5l6KnjMdg5O48FhDfB7GquI.jpg');
INSERT OR REPLACE INTO Pelicula (id_pelicula, titulo, descripcion, poster_path, backdrop_path, trailer, anio_estreno, duracion) VALUES (761053, 'El infierno de Gabriel Parte 3', '', 'https://image.tmdb.org/t/p/original/fYtHxTxlhzD4QWfEbrC1rypysSD.jpg', 'https://image.tmdb.org/t/p/original/fQq1FWp1rC89xDrRMuyFJdFUdMd.jpg', '', 2020, 102);
INSERT OR REPLACE INTO Pelicula_Actor (id_pelicula, id_actor, personaje) VALUES (761053, 1312450, 'Julia Mitchell');
INSERT OR REPLACE INTO Pelicula_Actor (id_pelicula, id_actor, personaje) VALUES (761053, 544002, 'Gabriel Emerson');
INSERT OR REPLACE INTO Pelicula_Actor (id_pelicula, id_actor, personaje) VALUES (761053, 1844204, 'Simon Talbot');
INSERT OR REPLACE INTO Pelicula_Actor (id_pelicula, id_actor, personaje) VALUES (761053, 2345991, 'Paul Norris');
INSERT OR REPLACE INTO Pelicula_Actor (id_pelicula, id_actor, personaje) VALUES (761053, 2595115, 'Christa Peterson');
INSERT OR IGNORE INTO Pelicula_Categoria (id_pelicula, id_categoria) VALUES (761053, 10);
INSERT OR IGNORE INTO Pelicula_Categoria (id_pelicula, id_categoria) VALUES (761053, 7);
INSERT OR IGNORE INTO Pelicula_Compania (id_pelicula, id_compania) VALUES (761053, undefined);
INSERT OR IGNORE INTO Pelicula_Coleccion (id_pelicula, id_coleccion) VALUES (761053, 729322);
-- Fin película: El infierno de Gabriel Parte 3 --
INSERT OR IGNORE INTO Actor (id_actor, nombre, foto_path) VALUES (239574, 'Eugenio Derbez', 'https://image.tmdb.org/t/p/original/6o1w3mYF947N6TTakQXcs3NNy4w.jpg');
INSERT OR IGNORE INTO Actor (id_actor, nombre, foto_path) VALUES (1875322, 'Daniel Haddad', 'https://image.tmdb.org/t/p/original/tCZAs7jDAjOl5545eL93C1mcIsa.jpg');
INSERT OR IGNORE INTO Actor (id_actor, nombre, foto_path) VALUES (3895926, 'Jennifer Trejo', 'https://image.tmdb.org/t/p/original/kjKptBXj7z3VJlzUJA9dJZmpFrO.jpg');
INSERT OR IGNORE INTO Actor (id_actor, nombre, foto_path) VALUES (3895927, 'Mia Fernanda Solis', 'https://image.tmdb.org/t/p/original/rGzl5vQM2CG4SfFl2MJK7BAlJ7u.jpg');
INSERT OR IGNORE INTO Actor (id_actor, nombre, foto_path) VALUES (3895928, 'Danilo Guardiola Escobar', 'https://image.tmdb.org/t/p/original/rlceus4FE90OWZ71rOFo2P0zQOF.jpg');
INSERT OR REPLACE INTO Pelicula (id_pelicula, titulo, descripcion, poster_path, backdrop_path, trailer, anio_estreno, duracion) VALUES (1058694, 'Radical', 'En una ciudad fronteriza mexicana plagada de abandono, corrupción y violencia, un profesor frustrado prueba un nuevo método radical para romper la apatía de sus alumnos y desbloquear su curiosidad, su potencial... y puede que incluso su genialidad. Basada en una historia real.', 'https://image.tmdb.org/t/p/original/eSatbygYZp8ooprBHZdb6GFZxGB.jpg', 'https://image.tmdb.org/t/p/original/gutU32BiBxJvJdzLv5RWC9hQhNh.jpg', 'https://www.youtube.com/watch?v=tttHqw-kBGk', 2023, 127);
INSERT OR REPLACE INTO Pelicula_Actor (id_pelicula, id_actor, personaje) VALUES (1058694, 239574, 'Sergio');
INSERT OR REPLACE INTO Pelicula_Actor (id_pelicula, id_actor, personaje) VALUES (1058694, 1875322, 'Chucho');
INSERT OR REPLACE INTO Pelicula_Actor (id_pelicula, id_actor, personaje) VALUES (1058694, 3895926, 'Paloma');
INSERT OR REPLACE INTO Pelicula_Actor (id_pelicula, id_actor, personaje) VALUES (1058694, 3895927, 'Lupe');
INSERT OR REPLACE INTO Pelicula_Actor (id_pelicula, id_actor, personaje) VALUES (1058694, 3895928, 'Nico');
INSERT OR IGNORE INTO Pelicula_Categoria (id_pelicula, id_categoria) VALUES (1058694, 7);
INSERT OR IGNORE INTO Pelicula_Compania (id_pelicula, id_compania) VALUES (1058694, undefined);
-- Fin película: Radical --
INSERT OR IGNORE INTO Actor (id_actor, nombre, foto_path) VALUES (2643437, 'Scarlett Diamond', 'https://image.tmdb.org/t/p/original/iWUIZ5VauMQzpD1ikrsbc16n8ap.jpg');
INSERT OR IGNORE INTO Actor (id_actor, nombre, foto_path) VALUES (2430234, 'Vincent Vargas', 'https://image.tmdb.org/t/p/original/nQe3cWO2xiAPtOlK13LI9rB450h.jpg');
INSERT OR IGNORE INTO Actor (id_actor, nombre, foto_path) VALUES (2875508, 'Adam Hightower', 'https://image.tmdb.org/t/p/original/4f1P5YGUHSKr6REMpbnTWPWluYg.jpg');
INSERT OR IGNORE INTO Actor (id_actor, nombre, foto_path) VALUES (96277, 'Shawn Stevens', 'https://image.tmdb.org/t/p/original/i20i1fmF2Mb6yO3wQuhymMbWxHU.jpg');
INSERT OR IGNORE INTO Actor (id_actor, nombre, foto_path) VALUES (3973357, 'Florencia Contreras Stevens', 'https://image.tmdb.org/t/p/original/kG8eDLiNUkPvSMEAC3AEaNum4Xj.jpg');
INSERT OR REPLACE INTO Pelicula (id_pelicula, titulo, descripcion, poster_path, backdrop_path, trailer, anio_estreno, duracion) VALUES (770156, 'Un ángel en nuestras vidas', 'Las segundas oportunidades comienzan cuando un criminal endurecido se cruza con una niña precoz a la que un ángel ayuda a cambiar de corazón durante la temporada navideña.', 'https://image.tmdb.org/t/p/original/f938pbdnA0rYQCkdB2RIKLluJpW.jpg', 'https://image.tmdb.org/t/p/original/7jS69IM8bK7ooOWGFmM9G6JcenO.jpg', '', 2020, 87);
INSERT OR REPLACE INTO Pelicula_Actor (id_pelicula, id_actor, personaje) VALUES (770156, 2643437, 'Lucy Shimmers');
INSERT OR REPLACE INTO Pelicula_Actor (id_pelicula, id_actor, personaje) VALUES (770156, 2430234, 'Edgar Ruiz');
INSERT OR REPLACE INTO Pelicula_Actor (id_pelicula, id_actor, personaje) VALUES (770156, 2875508, 'James Shimmers');
INSERT OR REPLACE INTO Pelicula_Actor (id_pelicula, id_actor, personaje) VALUES (770156, 96277, 'Grandpa Jackson');
INSERT OR REPLACE INTO Pelicula_Actor (id_pelicula, id_actor, personaje) VALUES (770156, 3973357, 'Isabelle Shimmers');
INSERT OR IGNORE INTO Pelicula_Categoria (id_pelicula, id_categoria) VALUES (770156, 7);
INSERT OR IGNORE INTO Pelicula_Categoria (id_pelicula, id_categoria) VALUES (770156, 12);
INSERT OR IGNORE INTO Pelicula_Compania (id_pelicula, id_compania) VALUES (770156, undefined);
-- Fin película: Un ángel en nuestras vidas --
INSERT OR IGNORE INTO Actor (id_actor, nombre, foto_path) VALUES (854, 'James Stewart', 'https://image.tmdb.org/t/p/original/jam9DRhOuKomlr0vUXTamPoxPdk.jpg');
INSERT OR IGNORE INTO Actor (id_actor, nombre, foto_path) VALUES (4070, 'Grace Kelly', 'https://image.tmdb.org/t/p/original/gnz3NGJrUERwklqfuPWXxcOPs0Q.jpg');
INSERT OR IGNORE INTO Actor (id_actor, nombre, foto_path) VALUES (7683, 'Wendell Corey', 'https://image.tmdb.org/t/p/original/tD2USnh2ItYSviS3L9dHKeztNGQ.jpg');
INSERT OR IGNORE INTO Actor (id_actor, nombre, foto_path) VALUES (7684, 'Thelma Ritter', 'https://image.tmdb.org/t/p/original/q48Cf2evvi73qJULqhIotGrszaA.jpg');
INSERT OR IGNORE INTO Actor (id_actor, nombre, foto_path) VALUES (7685, 'Raymond Burr', 'https://image.tmdb.org/t/p/original/gsmckogOXPIk6lce2qnNMAFF901.jpg');
INSERT OR REPLACE INTO Pelicula (id_pelicula, titulo, descripcion, poster_path, backdrop_path, trailer, anio_estreno, duracion) VALUES (567, 'La ventana indiscreta', 'Un reportero fotográfico se ve obligado a permanecer en reposo con una pierna escayolada. A pesar de la compañía de su novia y de su enfermera, procura escapar al tedio, observando desde la ventana de su apartamento con unos prismáticos lo que ocurre en las viviendas de enfrente. Debido a una serie de extrañas circunstancias empieza a sospechar de un vecino cuya mujer ha desaparecido.', 'https://image.tmdb.org/t/p/original/fH1MipE8PXGg0rlI5cUdzxKnyA2.jpg', 'https://image.tmdb.org/t/p/original/zGs5tZOlvc9cprdcU6kDOVNpujf.jpg', '', 1954, 112);
INSERT OR REPLACE INTO Pelicula_Actor (id_pelicula, id_actor, personaje) VALUES (567, 854, 'L.B. Jefferies');
INSERT OR REPLACE INTO Pelicula_Actor (id_pelicula, id_actor, personaje) VALUES (567, 4070, 'Lisa Fremont');
INSERT OR REPLACE INTO Pelicula_Actor (id_pelicula, id_actor, personaje) VALUES (567, 7683, 'Thomas Doyle');
INSERT OR REPLACE INTO Pelicula_Actor (id_pelicula, id_actor, personaje) VALUES (567, 7684, 'Stella');
INSERT OR REPLACE INTO Pelicula_Actor (id_pelicula, id_actor, personaje) VALUES (567, 7685, 'Lars Thorwald');
INSERT OR IGNORE INTO Pelicula_Categoria (id_pelicula, id_categoria) VALUES (567, 6);
INSERT OR IGNORE INTO Pelicula_Categoria (id_pelicula, id_categoria) VALUES (567, 1);
INSERT OR IGNORE INTO Pelicula_Compania (id_pelicula, id_compania) VALUES (567, undefined);
-- Fin película: La ventana indiscreta --
INSERT OR IGNORE INTO Actor (id_actor, nombre, foto_path) VALUES (1038, 'Jodie Foster', 'https://image.tmdb.org/t/p/original/8DAd9knKivHR4CCStxlNEQXzjIh.jpg');
INSERT OR IGNORE INTO Actor (id_actor, nombre, foto_path) VALUES (4173, 'Anthony Hopkins', 'https://image.tmdb.org/t/p/original/cbFWUHhk6pZKTEm48OKVM5awNNn.jpg');
INSERT OR IGNORE INTO Actor (id_actor, nombre, foto_path) VALUES (349, 'Scott Glenn', 'https://image.tmdb.org/t/p/original/keBKcMPojtRTi5ImLXOoKDmDbqU.jpg');
INSERT OR IGNORE INTO Actor (id_actor, nombre, foto_path) VALUES (15854, 'Ted Levine', 'https://image.tmdb.org/t/p/original/451KSkowLW6M2Au0wBKZZcidgGm.jpg');
INSERT OR IGNORE INTO Actor (id_actor, nombre, foto_path) VALUES (16293, 'Anthony Heald', 'https://image.tmdb.org/t/p/original/e0E6Z1Y0debr4mAHgj0HO7MYyXG.jpg');
INSERT OR REPLACE INTO Pelicula (id_pelicula, titulo, descripcion, poster_path, backdrop_path, trailer, anio_estreno, duracion) VALUES (274, 'El silencio de los corderos', 'Clarice Starling, del FBI, se aventura a una prisión de máxima seguridad para analizar el cerebro enfermo de Hannibal Lecter, un psiquiatra convertido en caníbal.', 'https://image.tmdb.org/t/p/original/8FdQQ3cUCs9goEOr1qUFaHackoJ.jpg', 'https://image.tmdb.org/t/p/original/aYcnDyLMnpKce1FOYUpZrXtgUye.jpg', 'https://www.youtube.com/watch?v=5SKgu_gXPQ4', 1991, 118);
INSERT OR REPLACE INTO Pelicula_Actor (id_pelicula, id_actor, personaje) VALUES (274, 1038, 'Clarice Starling');
INSERT OR REPLACE INTO Pelicula_Actor (id_pelicula, id_actor, personaje) VALUES (274, 4173, 'Dr. Hannibal Lecter');
INSERT OR REPLACE INTO Pelicula_Actor (id_pelicula, id_actor, personaje) VALUES (274, 349, 'Jack Crawford');
INSERT OR REPLACE INTO Pelicula_Actor (id_pelicula, id_actor, personaje) VALUES (274, 15854, 'Jame Gumb');
INSERT OR REPLACE INTO Pelicula_Actor (id_pelicula, id_actor, personaje) VALUES (274, 16293, 'Dr. Frederick Chilton');
INSERT OR IGNORE INTO Pelicula_Categoria (id_pelicula, id_categoria) VALUES (274, 9);
INSERT OR IGNORE INTO Pelicula_Categoria (id_pelicula, id_categoria) VALUES (274, 6);
INSERT OR IGNORE INTO Pelicula_Categoria (id_pelicula, id_categoria) VALUES (274, 7);
INSERT OR IGNORE INTO Pelicula_Compania (id_pelicula, id_compania) VALUES (274, undefined);
INSERT OR IGNORE INTO Pelicula_Coleccion (id_pelicula, id_coleccion) VALUES (274, 9743);
-- Fin película: El silencio de los corderos --
INSERT OR IGNORE INTO Actor (id_actor, nombre, foto_path) VALUES (7450, 'Toshirō Mifune', 'https://image.tmdb.org/t/p/original/3A9PqrtiXHLp8B2JL7m3YvVXrmL.jpg');
INSERT OR IGNORE INTO Actor (id_actor, nombre, foto_path) VALUES (70131, 'Tatsuya Nakadai', 'https://image.tmdb.org/t/p/original/4LygOe0vFQplLIft5IUWI5OewPX.jpg');
INSERT OR IGNORE INTO Actor (id_actor, nombre, foto_path) VALUES (34374, '香川京子', 'https://image.tmdb.org/t/p/original/q47wPwySJvhj6HQoYb7ON1TjbcV.jpg');
INSERT OR IGNORE INTO Actor (id_actor, nombre, foto_path) VALUES (13251, '三橋達也', 'https://image.tmdb.org/t/p/original/s33XOrwOEEVoWeScWMK2Afs7Njl.jpg');
INSERT OR IGNORE INTO Actor (id_actor, nombre, foto_path) VALUES (20830, '木村功', 'https://image.tmdb.org/t/p/original/afLPuf3x7UYXryAbqAGqmRcVNNW.jpg');
INSERT OR REPLACE INTO Pelicula (id_pelicula, titulo, descripcion, poster_path, backdrop_path, trailer, anio_estreno, duracion) VALUES (12493, 'El infierno del odio', 'En un momento crucial de su vida financiera, Gondo, un hombre de negocios, recibe la noticia de que su hijo ha sido secuestrado, y el rescate exigido es una cantidad de dinero similar a la que necesita para cerrar una importante negociación. Gondo está dispuesto a pagar el rescate hasta que comprende que los secuestradores se han equivocado y se han llevado al hijo del chófer. Ahora deberá decidir si el dinero es más importante que la vida del niño.', 'https://image.tmdb.org/t/p/original/pXXemxg8s7PHlide0A6cmb3UVU8.jpg', 'https://image.tmdb.org/t/p/original/A62quSOB8otoZvGiLvMVZ9G4BiO.jpg', '', 1963, 143);
INSERT OR REPLACE INTO Pelicula_Actor (id_pelicula, id_actor, personaje) VALUES (12493, 7450, 'Kingo Gondo');
INSERT OR REPLACE INTO Pelicula_Actor (id_pelicula, id_actor, personaje) VALUES (12493, 70131, 'Chief Detective Tokura');
INSERT OR REPLACE INTO Pelicula_Actor (id_pelicula, id_actor, personaje) VALUES (12493, 34374, 'Reiko Gondo');
INSERT OR REPLACE INTO Pelicula_Actor (id_pelicula, id_actor, personaje) VALUES (12493, 13251, 'Kawanishi, Gondos secretary');
INSERT OR REPLACE INTO Pelicula_Actor (id_pelicula, id_actor, personaje) VALUES (12493, 20830, 'Detective Arai');
INSERT OR IGNORE INTO Pelicula_Categoria (id_pelicula, id_categoria) VALUES (12493, 7);
INSERT OR IGNORE INTO Pelicula_Categoria (id_pelicula, id_categoria) VALUES (12493, 9);
INSERT OR IGNORE INTO Pelicula_Compania (id_pelicula, id_compania) VALUES (12493, undefined);
-- Fin película: El infierno del odio --
INSERT OR IGNORE INTO Actor (id_actor, nombre, foto_path) VALUES (587506, 'Shameik Moore', 'https://image.tmdb.org/t/p/original/ovUKfVOwJ7CadEHaG3NDsfA5xRq.jpg');
INSERT OR IGNORE INTO Actor (id_actor, nombre, foto_path) VALUES (130640, 'Hailee Steinfeld', 'https://image.tmdb.org/t/p/original/jiClUr3gaySWAyfXAHiCgmmtvij.jpg');
INSERT OR IGNORE INTO Actor (id_actor, nombre, foto_path) VALUES (226366, 'Brian Tyree Henry', 'https://image.tmdb.org/t/p/original/1UgDnFt3OteCJQPiUelWzIR5bvT.jpg');
INSERT OR IGNORE INTO Actor (id_actor, nombre, foto_path) VALUES (141610, 'Luna Lauren Vélez', 'https://image.tmdb.org/t/p/original/98BvmTJCZHx0jPv0oNcv04Jkmfb.jpg');
INSERT OR IGNORE INTO Actor (id_actor, nombre, foto_path) VALUES (543505, 'Jake Johnson', 'https://image.tmdb.org/t/p/original/3UNfW2qZgRkW81neNVfQvaRC92K.jpg');
INSERT OR REPLACE INTO Pelicula (id_pelicula, titulo, descripcion, poster_path, backdrop_path, trailer, anio_estreno, duracion) VALUES (569094, 'Spider-Man: Cruzando el Multiverso', 'Tras reencontrarse con Gwen Stacy, el amigable vecindario de Spider-Man de Brooklyn al completo es catapultado a través del Multiverso, donde se encuentra con un equipo de Spidermans encargados de proteger su propia existencia. Pero cuando los héroes se enfrentan sobre cómo manejar una nueva amenaza, Miles se encuentra enfrentado a las otras Arañas y debe redefinir lo que significa ser un héroe para poder salvar a la gente que más quiere.', 'https://image.tmdb.org/t/p/original/37WcNMgNOMxdhT87MFl7tq7FM1.jpg', 'https://image.tmdb.org/t/p/original/9xfDWXAUbFXQK585JvByT5pEAhe.jpg', 'https://www.youtube.com/watch?v=b_yMOiRgMmQ', 2023, 140);
INSERT OR REPLACE INTO Pelicula_Actor (id_pelicula, id_actor, personaje) VALUES (569094, 587506, 'Miles Morales (voice)');
INSERT OR REPLACE INTO Pelicula_Actor (id_pelicula, id_actor, personaje) VALUES (569094, 130640, 'Gwen Stacy (voice)');
INSERT OR REPLACE INTO Pelicula_Actor (id_pelicula, id_actor, personaje) VALUES (569094, 226366, 'Jeff Morales (voice)');
INSERT OR REPLACE INTO Pelicula_Actor (id_pelicula, id_actor, personaje) VALUES (569094, 141610, 'Rio Morales (voice)');
INSERT OR REPLACE INTO Pelicula_Actor (id_pelicula, id_actor, personaje) VALUES (569094, 543505, 'Peter B. Parker (voice)');
INSERT OR IGNORE INTO Pelicula_Categoria (id_pelicula, id_categoria) VALUES (569094, 5);
INSERT OR IGNORE INTO Pelicula_Categoria (id_pelicula, id_categoria) VALUES (569094, 5);
INSERT OR IGNORE INTO Pelicula_Categoria (id_pelicula, id_categoria) VALUES (569094, 1);
INSERT OR IGNORE INTO Pelicula_Categoria (id_pelicula, id_categoria) VALUES (569094, 3);
INSERT OR IGNORE INTO Pelicula_Compania (id_pelicula, id_compania) VALUES (569094, undefined);
INSERT OR IGNORE INTO Pelicula_Coleccion (id_pelicula, id_coleccion) VALUES (569094, 573436);
-- Fin película: Spider-Man: Cruzando el Multiverso --
INSERT OR IGNORE INTO Actor (id_actor, nombre, foto_path) VALUES (819, 'Edward Norton', 'https://image.tmdb.org/t/p/original/8nytsqL59SFJTVYVrN72k6qkGgJ.jpg');
INSERT OR IGNORE INTO Actor (id_actor, nombre, foto_path) VALUES (820, 'Edward Furlong', 'https://image.tmdb.org/t/p/original/gzMDzH0UDXE4vS0xPhD1M8oTymo.jpg');
INSERT OR IGNORE INTO Actor (id_actor, nombre, foto_path) VALUES (821, 'Beverly D''Angelo', 'https://image.tmdb.org/t/p/original/8fYQIA8dAaA4GOTxOFSKIvTqzi.jpg');
INSERT OR IGNORE INTO Actor (id_actor, nombre, foto_path) VALUES (823, 'Jennifer Lien', 'https://image.tmdb.org/t/p/original/5wafpjORY55TY5OC6d9Cyb36O2r.jpg');
INSERT OR IGNORE INTO Actor (id_actor, nombre, foto_path) VALUES (824, 'Ethan Suplee', 'https://image.tmdb.org/t/p/original/gGSb8P9nQdDNu0JC65zyAyMUFhS.jpg');
INSERT OR REPLACE INTO Pelicula (id_pelicula, titulo, descripcion, poster_path, backdrop_path, trailer, anio_estreno, duracion) VALUES (73, 'American History X', 'Derek (Edward Norton) es un joven californiano que se convierte en el líder de una banda de neonazis tras el asesinato de su padre. Su hermano pequeño, Danny, le admira y sigue sus pasos de odio y violencia. Cuando Derek mata a dos ladrones negros, es condenado a tres años de cárcel, donde cambia su forma de pensar al conocer a otros presos. Al salir, intenta alejar a Danny del racismo y la delincuencia, pero se encuentra con la resistencia de sus antiguos compañeros y las consecuencias de su pasado.', 'https://image.tmdb.org/t/p/original/h2cDqHvnZkycBJKoF7WhcQ2MX1V.jpg', 'https://image.tmdb.org/t/p/original/6qHI1IYj7QlLSCwHRzkL62X175s.jpg', 'https://www.youtube.com/watch?v=oi7bhRmJzec', 1998, 119);
INSERT OR REPLACE INTO Pelicula_Actor (id_pelicula, id_actor, personaje) VALUES (73, 819, 'Derek');
INSERT OR REPLACE INTO Pelicula_Actor (id_pelicula, id_actor, personaje) VALUES (73, 820, 'Danny');
INSERT OR REPLACE INTO Pelicula_Actor (id_pelicula, id_actor, personaje) VALUES (73, 821, 'Doris');
INSERT OR REPLACE INTO Pelicula_Actor (id_pelicula, id_actor, personaje) VALUES (73, 823, 'Davina');
INSERT OR REPLACE INTO Pelicula_Actor (id_pelicula, id_actor, personaje) VALUES (73, 824, 'Seth');
INSERT OR IGNORE INTO Pelicula_Categoria (id_pelicula, id_categoria) VALUES (73, 7);
INSERT OR IGNORE INTO Pelicula_Compania (id_pelicula, id_compania) VALUES (73, undefined);
-- Fin película: American History X --
INSERT OR IGNORE INTO Actor (id_actor, nombre, foto_path) VALUES (3651176, 'Kikunosuke Toya', 'https://image.tmdb.org/t/p/original/tSAHe7tjN7luUD1Tx5yPSCuCnuD.jpg');
INSERT OR IGNORE INTO Actor (id_actor, nombre, foto_path) VALUES (1452028, 'Reina Ueda', 'https://image.tmdb.org/t/p/original/cddK6dQtVCg6ToQRpETbRYRJK4G.jpg');
INSERT OR IGNORE INTO Actor (id_actor, nombre, foto_path) VALUES (2004086, 'Tomori Kusunoki', 'https://image.tmdb.org/t/p/original/t5aBzyYiJZDE6DWeTcGMrcQpiI5.jpg');
INSERT OR IGNORE INTO Actor (id_actor, nombre, foto_path) VALUES (2812912, 'Shogo Sakata', 'https://image.tmdb.org/t/p/original/fRRPNBz3OCNRdmLdUTdpq7dGqxM.jpg');
INSERT OR IGNORE INTO Actor (id_actor, nombre, foto_path) VALUES (1296667, 'Maaya Uchida', 'https://image.tmdb.org/t/p/original/rq4glg2SZwGyt3TIxR3ElalKmhH.jpg');
INSERT OR REPLACE INTO Pelicula (id_pelicula, titulo, descripcion, poster_path, backdrop_path, trailer, anio_estreno, duracion) VALUES (1218925, 'Chainsaw Man - La película: El arco de Reze', 'Denji trabajaba como cazador de demonios para la yakuza, tratando de saldar la deuda que había heredado de sus padres, pero la yakuza lo traicionó y lo mató. Antes de perder el conocimiento, Pochita, el perro-demonio motosierra de Denji, hizo un trato con él y le salvó la vida. Así se fusionaron, creando al imparable Chainsaw Man. Ahora, en medio de una brutal guerra entre demonios, cazadores y enemigos secretos, una misteriosa chica llamada Reze irrumpe en su mundo y Denji se enfrenta a su batalla más mortífera, impulsado por el amor, en un mundo donde la supervivencia no conoce reglas.', 'https://image.tmdb.org/t/p/original/fJdnp5OO2wh07tdy6noACNyaqMJ.jpg', 'https://image.tmdb.org/t/p/original/gqTz24ZRsCP6AKjARmEivY7m0cK.jpg', 'https://www.youtube.com/watch?v=-KpVet_60Yc', 2025, 100);
INSERT OR REPLACE INTO Pelicula_Actor (id_pelicula, id_actor, personaje) VALUES (1218925, 3651176, 'Denji (voice)');
INSERT OR REPLACE INTO Pelicula_Actor (id_pelicula, id_actor, personaje) VALUES (1218925, 1452028, 'Reze (voice)');
INSERT OR REPLACE INTO Pelicula_Actor (id_pelicula, id_actor, personaje) VALUES (1218925, 2004086, 'Makima (voice)');
INSERT OR REPLACE INTO Pelicula_Actor (id_pelicula, id_actor, personaje) VALUES (1218925, 2812912, 'Aki (voice)');
INSERT OR REPLACE INTO Pelicula_Actor (id_pelicula, id_actor, personaje) VALUES (1218925, 1296667, 'Angel Devil (voice)');
INSERT OR IGNORE INTO Pelicula_Categoria (id_pelicula, id_categoria) VALUES (1218925, 5);
INSERT OR IGNORE INTO Pelicula_Categoria (id_pelicula, id_categoria) VALUES (1218925, 5);
INSERT OR IGNORE INTO Pelicula_Categoria (id_pelicula, id_categoria) VALUES (1218925, 10);
INSERT OR IGNORE INTO Pelicula_Categoria (id_pelicula, id_categoria) VALUES (1218925, 3);
INSERT OR IGNORE INTO Pelicula_Compania (id_pelicula, id_compania) VALUES (1218925, undefined);
-- Fin película: Chainsaw Man - La película: El arco de Reze --
INSERT OR IGNORE INTO Actor (id_actor, nombre, foto_path) VALUES (521, 'Michael J. Fox', 'https://image.tmdb.org/t/p/original/2JB4FMgQmnhbBlQ4SxWFN9EIVDi.jpg');
INSERT OR IGNORE INTO Actor (id_actor, nombre, foto_path) VALUES (1062, 'Christopher Lloyd', 'https://image.tmdb.org/t/p/original/nxVjpyb3UrfbPZnEyDNlQVlFAs5.jpg');
INSERT OR IGNORE INTO Actor (id_actor, nombre, foto_path) VALUES (1064, 'Crispin Glover', 'https://image.tmdb.org/t/p/original/imBnLpSXvg61qDDdEfvL6R4ITKt.jpg');
INSERT OR IGNORE INTO Actor (id_actor, nombre, foto_path) VALUES (1063, 'Lea Thompson', 'https://image.tmdb.org/t/p/original/85E9NTEfkRdUdK4kTrrnk5of25w.jpg');
INSERT OR IGNORE INTO Actor (id_actor, nombre, foto_path) VALUES (1066, 'Claudia Wells', 'https://image.tmdb.org/t/p/original/2VOsPvoV2vmEUd1O2KjW3kcN8JD.jpg');
INSERT OR REPLACE INTO Pelicula (id_pelicula, titulo, descripcion, poster_path, backdrop_path, trailer, anio_estreno, duracion) VALUES (105, 'Regreso al futuro', 'El adolescente Marty McFly es amigo de Doc, un científico al que todos toman por loco. Cuando Doc crea una máquina para viajar en el tiempo, un error fortuito hace que Marty llegue a 1955, año en el que sus futuros padres aún no se habían conocido. Después de impedir su primer encuentro, deberá conseguir que se conozcan y se casen; de lo contrario, su existencia no sería posible.', 'https://image.tmdb.org/t/p/original/owk40tn1sFJmC7bhamEpmhdZPKa.jpg', 'https://image.tmdb.org/t/p/original/qskzmLTbarKnXDbo2HRj4NJ3vcW.jpg', 'https://www.youtube.com/watch?v=xxSo8ZEvzE8', 1985, 116);
INSERT OR REPLACE INTO Pelicula_Actor (id_pelicula, id_actor, personaje) VALUES (105, 521, 'Marty McFly');
INSERT OR REPLACE INTO Pelicula_Actor (id_pelicula, id_actor, personaje) VALUES (105, 1062, 'Emmett Brown');
INSERT OR REPLACE INTO Pelicula_Actor (id_pelicula, id_actor, personaje) VALUES (105, 1064, 'George McFly');
INSERT OR REPLACE INTO Pelicula_Actor (id_pelicula, id_actor, personaje) VALUES (105, 1063, 'Lorraine Baines');
INSERT OR REPLACE INTO Pelicula_Actor (id_pelicula, id_actor, personaje) VALUES (105, 1066, 'Jennifer Parker');
INSERT OR IGNORE INTO Pelicula_Categoria (id_pelicula, id_categoria) VALUES (105, 1);
INSERT OR IGNORE INTO Pelicula_Categoria (id_pelicula, id_categoria) VALUES (105, 12);
INSERT OR IGNORE INTO Pelicula_Categoria (id_pelicula, id_categoria) VALUES (105, 3);
INSERT OR IGNORE INTO Pelicula_Compania (id_pelicula, id_compania) VALUES (105, undefined);
INSERT OR IGNORE INTO Pelicula_Coleccion (id_pelicula, id_coleccion) VALUES (105, 264);
-- Fin película: Regreso al futuro --
INSERT OR IGNORE INTO Actor (id_actor, nombre, foto_path) VALUES (622, '松田洋治', 'https://image.tmdb.org/t/p/original/42WeHwCymsgJh3mLAyknCdRcef8.jpg');
INSERT OR IGNORE INTO Actor (id_actor, nombre, foto_path) VALUES (20330, '石田ゆり子', 'https://image.tmdb.org/t/p/original/cADoBCi603Chz2IaxcwWT2mNwCf.jpg');
INSERT OR IGNORE INTO Actor (id_actor, nombre, foto_path) VALUES (20331, '田中裕子', 'https://image.tmdb.org/t/p/original/fMonAnp3OQ16FmGy5SGhEJRcuVI.jpg');
INSERT OR IGNORE INTO Actor (id_actor, nombre, foto_path) VALUES (20332, '小林薫', 'https://image.tmdb.org/t/p/original/zpnQ8L6SpyT8pI5vgbpKqXyMYoj.jpg');
INSERT OR IGNORE INTO Actor (id_actor, nombre, foto_path) VALUES (20333, 'Masahiko Nishimura', 'https://image.tmdb.org/t/p/original/2fXvxAI4KySYgp9KZMzkK4q2TkY.jpg');
INSERT OR REPLACE INTO Pelicula (id_pelicula, titulo, descripcion, poster_path, backdrop_path, trailer, anio_estreno, duracion) VALUES (128, 'La princesa Mononoke', 'Tras sufrir el ataque de un monstruoso jabalí maldito, el joven Ashitaka emprende el camino en busca de la cura que detenga la infección. Mientras, los humanos están acabando con los bosques y los dioses convertidos en temibles bestias hacen todo lo posible por protegerlo encabezados por Mononoke, una princesa guerrera. Ashikata deberá escoger bando y decidir si ayudar a los hombres o las deidades intentando detener la maldición de su herida que se extiende por su cuerpo sin cuartel.', 'https://image.tmdb.org/t/p/original/xP466sdt19CPLVljpRwI7luEgFn.jpg', 'https://image.tmdb.org/t/p/original/gl0jzn4BupSbL2qMVeqrjKkF9Js.jpg', 'https://www.youtube.com/watch?v=NixsPRMfqV0', 1997, 134);
INSERT OR REPLACE INTO Pelicula_Actor (id_pelicula, id_actor, personaje) VALUES (128, 622, 'Ashitaka (voice)');
INSERT OR REPLACE INTO Pelicula_Actor (id_pelicula, id_actor, personaje) VALUES (128, 20330, 'San / Kaya (voice)');
INSERT OR REPLACE INTO Pelicula_Actor (id_pelicula, id_actor, personaje) VALUES (128, 20331, 'Eboshi Gozen (voice)');
INSERT OR REPLACE INTO Pelicula_Actor (id_pelicula, id_actor, personaje) VALUES (128, 20332, 'Jikobo (voice)');
INSERT OR REPLACE INTO Pelicula_Actor (id_pelicula, id_actor, personaje) VALUES (128, 20333, 'Kouroku (voice)');
INSERT OR IGNORE INTO Pelicula_Categoria (id_pelicula, id_categoria) VALUES (128, 1);
INSERT OR IGNORE INTO Pelicula_Categoria (id_pelicula, id_categoria) VALUES (128, 3);
INSERT OR IGNORE INTO Pelicula_Categoria (id_pelicula, id_categoria) VALUES (128, 5);
INSERT OR IGNORE INTO Pelicula_Compania (id_pelicula, id_compania) VALUES (128, undefined);
-- Fin película: La princesa Mononoke --
INSERT OR IGNORE INTO Actor (id_actor, nombre, foto_path) VALUES (1907244, '王宥霁', 'https://image.tmdb.org/t/p/original/fm3Hpzr4Fb8g43Oo8TvDfv7O3O1.jpg');
INSERT OR IGNORE INTO Actor (id_actor, nombre, foto_path) VALUES (2156556, '劉朙月', 'https://image.tmdb.org/t/p/original/kqh1vBsQ35b617dvd9jtvQ2ii7l.jpg');
INSERT OR IGNORE INTO Actor (id_actor, nombre, foto_path) VALUES (2207399, '郝祥海', 'https://image.tmdb.org/t/p/original/mDGtY44WlZbk8pMmuzPToIommx4.jpg');
INSERT OR IGNORE INTO Actor (id_actor, nombre, foto_path) VALUES (2196313, '叮当', 'https://image.tmdb.org/t/p/original/vXMuscwMmOjVgv5tZMILhjguLWd.jpg');
INSERT OR IGNORE INTO Actor (id_actor, nombre, foto_path) VALUES (2339317, 'Yuntu Cao', 'https://image.tmdb.org/t/p/original/9qSDFftuxOJh2vKw255g0RsAV3h.jpg');
INSERT OR REPLACE INTO Pelicula (id_pelicula, titulo, descripcion, poster_path, backdrop_path, trailer, anio_estreno, duracion) VALUES (620249, 'La leyenda de Hei', 'Durante generaciones, los humanos han creído que los demonios eran leyendas, sin saber que realmente coexisten con nosotros. Hei es un gato demonio que ha vivido siempre feliz en los bosques de las montañas, hasta que la expansión de la ciudad acaba destruyendo su propio hogar. En ese momento, Hei comienza a vagar por el mundo buscando un nuevo lugar en el que cobijarse.  Una película precuela de la serie web Luo Xiao Hei Zhan Ji. Los espectadores descubrirán cómo Xiao Hei obtuvo el apellido Luo. También se espera que el episodio 28 de la serie sea lanzado justo antes de que la película se transmita en los cines después de un paréntesis de 2 años.', 'https://image.tmdb.org/t/p/original/ogqmdo6Vuofr1FkDQgwB1PHw4ZC.jpg', 'https://image.tmdb.org/t/p/original/aVFx1VtlOxR3v0ADEatalXOvwbu.jpg', '', 2019, 102);
INSERT OR REPLACE INTO Pelicula_Actor (id_pelicula, id_actor, personaje) VALUES (620249, 1907244, 'Luo Xiaohei / Nezha (voice)');
INSERT OR REPLACE INTO Pelicula_Actor (id_pelicula, id_actor, personaje) VALUES (620249, 2156556, 'Wuxian (voice)');
INSERT OR REPLACE INTO Pelicula_Actor (id_pelicula, id_actor, personaje) VALUES (620249, 2207399, 'Fengxi (voice)');
INSERT OR REPLACE INTO Pelicula_Actor (id_pelicula, id_actor, personaje) VALUES (620249, 2196313, 'Luozhu (voice)');
INSERT OR REPLACE INTO Pelicula_Actor (id_pelicula, id_actor, personaje) VALUES (620249, 2339317, 'Xuhuai (voice)');
INSERT OR IGNORE INTO Pelicula_Categoria (id_pelicula, id_categoria) VALUES (620249, 5);
INSERT OR IGNORE INTO Pelicula_Categoria (id_pelicula, id_categoria) VALUES (620249, 3);
INSERT OR IGNORE INTO Pelicula_Categoria (id_pelicula, id_categoria) VALUES (620249, 5);
INSERT OR IGNORE INTO Pelicula_Compania (id_pelicula, id_compania) VALUES (620249, undefined);
INSERT OR IGNORE INTO Pelicula_Coleccion (id_pelicula, id_coleccion) VALUES (620249, 1444577);
-- Fin película: La leyenda de Hei --
INSERT OR IGNORE INTO Actor (id_actor, nombre, foto_path) VALUES (7453, '志村喬', 'https://image.tmdb.org/t/p/original/ydyAm2vyBbEPZRICIMqqjDm0NM9.jpg');
INSERT OR IGNORE INTO Actor (id_actor, nombre, foto_path) VALUES (34375, '田中春男', 'https://image.tmdb.org/t/p/original/eziah9QZcIs3SVPgTS3iuyUpiW3.jpg');
INSERT OR IGNORE INTO Actor (id_actor, nombre, foto_path) VALUES (34376, '金子信雄', 'https://image.tmdb.org/t/p/original/uKkx38oqe1VqAzVjpXslOPSTajW.jpg');
INSERT OR IGNORE INTO Actor (id_actor, nombre, foto_path) VALUES (34377, '左卜全', 'https://image.tmdb.org/t/p/original/kvISvHgKAAWVPOnDjgVHWOgSOaO.jpg');
INSERT OR IGNORE INTO Actor (id_actor, nombre, foto_path) VALUES (34378, '小田切みき', 'https://image.tmdb.org/t/p/original/9pfgepQ89gE9wZyHLnMM3tMRV1Y.jpg');
INSERT OR REPLACE INTO Pelicula (id_pelicula, titulo, descripcion, poster_path, backdrop_path, trailer, anio_estreno, duracion) VALUES (3782, 'Vivir', 'Kanji Watanabe es un viejo funcionario público que arrastra una vida monótona y gris; sin embargo, no es consciente del vacío de su existencia hasta que le diagnostican un cáncer incurable. Con la certeza de que el fin de sus días se acerca, surge en él la necesidad de buscarle un sentido a la vida. Y cuando lo consigue se produce un cambio radical en su actitud respecto a los demás.', 'https://image.tmdb.org/t/p/original/eDg67pLOtZAewt0hKIoinECpzCG.jpg', 'https://image.tmdb.org/t/p/original/stiGp1XzkLSYdUUEWTyQOZRkr49.jpg', 'https://www.youtube.com/watch?v=qAPSdf8NmBQ', 1952, 123);
INSERT OR REPLACE INTO Pelicula_Actor (id_pelicula, id_actor, personaje) VALUES (3782, 7453, 'Kanji Watanabe');
INSERT OR REPLACE INTO Pelicula_Actor (id_pelicula, id_actor, personaje) VALUES (3782, 34375, 'Sakai');
INSERT OR REPLACE INTO Pelicula_Actor (id_pelicula, id_actor, personaje) VALUES (3782, 34376, 'Mitsuo, son of Kanji');
INSERT OR REPLACE INTO Pelicula_Actor (id_pelicula, id_actor, personaje) VALUES (3782, 34377, 'Ohara');
INSERT OR REPLACE INTO Pelicula_Actor (id_pelicula, id_actor, personaje) VALUES (3782, 34378, 'Toyo');
INSERT OR IGNORE INTO Pelicula_Categoria (id_pelicula, id_categoria) VALUES (3782, 7);
INSERT OR IGNORE INTO Pelicula_Compania (id_pelicula, id_compania) VALUES (3782, undefined);
-- Fin película: Vivir --
INSERT OR IGNORE INTO Actor (id_actor, nombre, foto_path) VALUES (1267329, 'Lupita Nyong''o', 'https://image.tmdb.org/t/p/original/y40Wu1T742kynOqtwXASc5Qgm49.jpg');
INSERT OR IGNORE INTO Actor (id_actor, nombre, foto_path) VALUES (1253360, 'Pedro Pascal', 'https://image.tmdb.org/t/p/original/cuhkTL3MezjArl80MnYl6QJQ4PQ.jpg');
INSERT OR IGNORE INTO Actor (id_actor, nombre, foto_path) VALUES (1538851, 'Kit Connor', 'https://image.tmdb.org/t/p/original/ut64CyBwiRudb3DxOgUa2j9Wxep.jpg');
INSERT OR IGNORE INTO Actor (id_actor, nombre, foto_path) VALUES (2440, 'Bill Nighy', 'https://image.tmdb.org/t/p/original/ixFI2YCGNGJfwlpI8iyhvVZRg8C.jpg');
INSERT OR IGNORE INTO Actor (id_actor, nombre, foto_path) VALUES (1381186, 'Stephanie Hsu', 'https://image.tmdb.org/t/p/original/8gb3lfIHKQAGOQyeC4ynQPsCiHr.jpg');
INSERT OR REPLACE INTO Pelicula (id_pelicula, titulo, descripcion, poster_path, backdrop_path, trailer, anio_estreno, duracion) VALUES (1184918, 'Robot salvaje', 'Esta aventura épica cuenta la historia de una robot, Rozzum 7-1-3-4, "Roz" para abreviar, que naufraga en una isla inhabitada y debe aprender a adaptarse a los entornos rigurosos construyendo relaciones con los animales de la isla y convirtiéndose en la madre adoptiva de una cría de ganso huérfana.', 'https://image.tmdb.org/t/p/original/a0a7RC01aTa7pOnskgJb3mCD2Ba.jpg', 'https://image.tmdb.org/t/p/original/1pmXyN3sKeYoUhu5VBZiDU4BX21.jpg', 'https://www.youtube.com/watch?v=TTu_rks8mUc', 2024, 101);
INSERT OR REPLACE INTO Pelicula_Actor (id_pelicula, id_actor, personaje) VALUES (1184918, 1267329, 'Roz / Rummage (voice)');
INSERT OR REPLACE INTO Pelicula_Actor (id_pelicula, id_actor, personaje) VALUES (1184918, 1253360, 'Fink (voice)');
INSERT OR REPLACE INTO Pelicula_Actor (id_pelicula, id_actor, personaje) VALUES (1184918, 1538851, 'Brightbill (voice)');
INSERT OR REPLACE INTO Pelicula_Actor (id_pelicula, id_actor, personaje) VALUES (1184918, 2440, 'Longneck (voice)');
INSERT OR REPLACE INTO Pelicula_Actor (id_pelicula, id_actor, personaje) VALUES (1184918, 1381186, 'Vontra (voice)');
INSERT OR IGNORE INTO Pelicula_Categoria (id_pelicula, id_categoria) VALUES (1184918, 5);
INSERT OR IGNORE INTO Pelicula_Categoria (id_pelicula, id_categoria) VALUES (1184918, 3);
INSERT OR IGNORE INTO Pelicula_Categoria (id_pelicula, id_categoria) VALUES (1184918, 12);
INSERT OR IGNORE INTO Pelicula_Categoria (id_pelicula, id_categoria) VALUES (1184918, 1);
INSERT OR IGNORE INTO Pelicula_Categoria (id_pelicula, id_categoria) VALUES (1184918, 7);
INSERT OR IGNORE INTO Pelicula_Compania (id_pelicula, id_compania) VALUES (1184918, undefined);
INSERT OR IGNORE INTO Pelicula_Coleccion (id_pelicula, id_coleccion) VALUES (1184918, 1370345);
-- Fin película: Robot salvaje --
INSERT OR IGNORE INTO Actor (id_actor, nombre, foto_path) VALUES (233590, 'Yoshitsugu Matsuoka', 'https://image.tmdb.org/t/p/original/ugDwdWEXnmv43jcbnfAi4XwiQ8C.jpg');
INSERT OR IGNORE INTO Actor (id_actor, nombre, foto_path) VALUES (119143, 'Kana Hanazawa', 'https://image.tmdb.org/t/p/original/5bK9ttcRydQBWmyZp7gXDmJYOPF.jpg');
INSERT OR IGNORE INTO Actor (id_actor, nombre, foto_path) VALUES (1072776, 'Ayana Taketatsu', 'https://image.tmdb.org/t/p/original/5JyZSnHwP18DIcVSqlGUwccA2WE.jpg');
INSERT OR IGNORE INTO Actor (id_actor, nombre, foto_path) VALUES (1530921, 'Miku Ito', 'https://image.tmdb.org/t/p/original/kP7JBvveQO9ucYpmOvUNcW5RLAp.jpg');
INSERT OR IGNORE INTO Actor (id_actor, nombre, foto_path) VALUES (992869, 'Ayane Sakura', 'https://image.tmdb.org/t/p/original/yPbTmntASE9psPIMhNGU5oo6vIH.jpg');
INSERT OR REPLACE INTO Pelicula (id_pelicula, titulo, descripcion, poster_path, backdrop_path, trailer, anio_estreno, duracion) VALUES (820067, 'Las Quintillizas: La Película', 'Como tutor a tiempo parcial, a Fuutarou se le asigna la tarea de guiar a las cinco hermosas chicas, que están “a punto de suspender” y “odian los estudios”, hasta la “graduación”. Fuutarou se esfuerza por preparar el festival escolar mientras vigila los estudios de Ichika, que ha decidido tomarse una licencia para concentrarse en la actuación, y Yotsuba está aún más decidida que de costumbre a que sea un festival escolar sin remordimientos.  Fuutarou se siente animado por la decisión de Itsuki de no rendirse, y busca respuestas a los sentimientos de Nino, la determinación de Miku y sus sentimientos por Ichika, Yotsuba e Itsuki. Con cada uno de ellos con sus propios pensamientos y sentimientos, el primer día del festival escolar, el último evento de su vida en el instituto, finalmente comenzó. “Ven al salón de clases a las 15:00, el primer día del festival escolar”. Las quintillizas se reúnen en el aula y Fuutarou finalmente les informa que tomará una decisión…', 'https://image.tmdb.org/t/p/original/6QsExD8uP3vLk64yLnxD8MSS4A6.jpg', 'https://image.tmdb.org/t/p/original/gcgKSyE2iqwfKWMDZ8TJPxeIu0P.jpg', '', 2022, 136);
INSERT OR REPLACE INTO Pelicula_Actor (id_pelicula, id_actor, personaje) VALUES (820067, 233590, 'Fuutarou Uesugi (voice)');
INSERT OR REPLACE INTO Pelicula_Actor (id_pelicula, id_actor, personaje) VALUES (820067, 119143, 'Ichika Nakano (voice)');
INSERT OR REPLACE INTO Pelicula_Actor (id_pelicula, id_actor, personaje) VALUES (820067, 1072776, 'Nino Nakano (voice)');
INSERT OR REPLACE INTO Pelicula_Actor (id_pelicula, id_actor, personaje) VALUES (820067, 1530921, 'Miku Nakano (voice)');
INSERT OR REPLACE INTO Pelicula_Actor (id_pelicula, id_actor, personaje) VALUES (820067, 992869, 'Yotsuba Nakano (voice)');
INSERT OR IGNORE INTO Pelicula_Categoria (id_pelicula, id_categoria) VALUES (820067, 5);
INSERT OR IGNORE INTO Pelicula_Categoria (id_pelicula, id_categoria) VALUES (820067, 12);
INSERT OR IGNORE INTO Pelicula_Categoria (id_pelicula, id_categoria) VALUES (820067, 10);
INSERT OR IGNORE INTO Pelicula_Compania (id_pelicula, id_compania) VALUES (820067, undefined);
INSERT OR IGNORE INTO Pelicula_Coleccion (id_pelicula, id_coleccion) VALUES (820067, 1287339);
-- Fin película: Las Quintillizas: La Película --
INSERT OR IGNORE INTO Actor (id_actor, nombre, foto_path) VALUES (2157, 'Robin Williams', 'https://image.tmdb.org/t/p/original/iYdeP6K0qz44Wg2Nw9LPJGMBkQ5.jpg');
INSERT OR IGNORE INTO Actor (id_actor, nombre, foto_path) VALUES (2692, 'Robert Sean Leonard', 'https://image.tmdb.org/t/p/original/jXehZM0AWLJ2OIz4o0jFtHEzcMI.jpg');
INSERT OR IGNORE INTO Actor (id_actor, nombre, foto_path) VALUES (569, 'Ethan Hawke', 'https://image.tmdb.org/t/p/original/2LoTr6x0TEM7L5em4kSx1VmGDgG.jpg');
INSERT OR IGNORE INTO Actor (id_actor, nombre, foto_path) VALUES (2694, 'Josh Charles', 'https://image.tmdb.org/t/p/original/xmFdIoFKVRNUmXaslBlErA3UHfF.jpg');
INSERT OR IGNORE INTO Actor (id_actor, nombre, foto_path) VALUES (2693, 'Gale Hansen', 'https://image.tmdb.org/t/p/original/gVZ9TFvseA3I0fLLJiXKInzBygp.jpg');
INSERT OR REPLACE INTO Pelicula (id_pelicula, titulo, descripcion, poster_path, backdrop_path, trailer, anio_estreno, duracion) VALUES (207, 'El club de los poetas muertos', 'En un elitista y estricto colegio privado de Nueva Inglaterra, un grupo de alumnos descubrirá la poesía, el significado de "Carpe Diem" -aprovechar el momento- y la importancia de perseguir los sueños, gracias a un excéntrico profesor que despierta sus mentes por medio de métodos poco convencionales.', 'https://image.tmdb.org/t/p/original/vsLcmuk8KBN73spAIEwm1nLNSjc.jpg', 'https://image.tmdb.org/t/p/original/yYvBNN96Ym3wtPxGCFl7F888WwB.jpg', 'https://www.youtube.com/watch?v=S52E2aje2l0', 1989, 128);
INSERT OR REPLACE INTO Pelicula_Actor (id_pelicula, id_actor, personaje) VALUES (207, 2157, 'John Keating');
INSERT OR REPLACE INTO Pelicula_Actor (id_pelicula, id_actor, personaje) VALUES (207, 2692, 'Neil Perry');
INSERT OR REPLACE INTO Pelicula_Actor (id_pelicula, id_actor, personaje) VALUES (207, 569, 'Todd Anderson');
INSERT OR REPLACE INTO Pelicula_Actor (id_pelicula, id_actor, personaje) VALUES (207, 2694, 'Knox Overstreet');
INSERT OR REPLACE INTO Pelicula_Actor (id_pelicula, id_actor, personaje) VALUES (207, 2693, 'Charlie Dalton');
INSERT OR IGNORE INTO Pelicula_Categoria (id_pelicula, id_categoria) VALUES (207, 7);
INSERT OR IGNORE INTO Pelicula_Compania (id_pelicula, id_compania) VALUES (207, undefined);
-- Fin película: El club de los poetas muertos --
INSERT OR IGNORE INTO Actor (id_actor, nombre, foto_path) VALUES (126698, '野島健児', 'https://image.tmdb.org/t/p/original/nRSPVjDkdpnrQabnK5mENH118zN.jpg');
INSERT OR IGNORE INTO Actor (id_actor, nombre, foto_path) VALUES (93801, 'Hiroshi Kamiya', 'https://image.tmdb.org/t/p/original/5aAAOlQ2hW5EqEQOzk4UeroxcTN.jpg');
INSERT OR IGNORE INTO Actor (id_actor, nombre, foto_path) VALUES (9720, 'Hideo Ishikawa', 'https://image.tmdb.org/t/p/original/gEjEDNGt3CHsyzFQdNqewZVbh0.jpg');
INSERT OR IGNORE INTO Actor (id_actor, nombre, foto_path) VALUES (2258797, 'Yurino', '');
INSERT OR REPLACE INTO Pelicula (id_pelicula, titulo, descripcion, poster_path, backdrop_path, trailer, anio_estreno, duracion) VALUES (372754, 'En la misma clase', 'Sajô y Kusakabe son más o menos igual de altos, tienen la misma edad y van a la misma clase. Por lo demás, no puede decirse que tengan mucho en común. Kusakabe, de carácter inquieto y despreocupado, toca en un grupo de rock con sus amigos y deja pasar los días sin pensar mucho en el futuro. Sajô, en cambio, es un alumno modélico que no termina de encajar en ese instituto de macarras, al que nadie sabe muy bien cómo fue a parar. Un día, Kusakabe se da cuenta de que su compañero no canta en los ensayos del coro para intentar disimular su falta de oído musical, así que se ofrece a darle unas lecciones. Entre refrescos compartidos bajo el sol de verano, nace entre ellos un amor de adolescencia que crecerá con el devenir de las estaciones. De la mano, compartiendo sinsabores y alegrías, ambos se encaminarán hacia el final de sus días de instituto y el comienzo de la vida adulta.', 'https://image.tmdb.org/t/p/original/7byisQANRFHf9SC60n5PaLywuMa.jpg', 'https://image.tmdb.org/t/p/original/tLmyP7akYmxLwyfTEt2qyj2sOR3.jpg', '', 2016, 60);
INSERT OR REPLACE INTO Pelicula_Actor (id_pelicula, id_actor, personaje) VALUES (372754, 126698, 'Rihito Sajo (voice)');
INSERT OR REPLACE INTO Pelicula_Actor (id_pelicula, id_actor, personaje) VALUES (372754, 93801, 'Hikaru Kusakabe (voice)');
INSERT OR REPLACE INTO Pelicula_Actor (id_pelicula, id_actor, personaje) VALUES (372754, 9720, 'Manabu Hara (voice)');
INSERT OR REPLACE INTO Pelicula_Actor (id_pelicula, id_actor, personaje) VALUES (372754, 2258797, 'Mikipon (voice)');
INSERT OR IGNORE INTO Pelicula_Categoria (id_pelicula, id_categoria) VALUES (372754, 10);
INSERT OR IGNORE INTO Pelicula_Categoria (id_pelicula, id_categoria) VALUES (372754, 5);
INSERT OR IGNORE INTO Pelicula_Compania (id_pelicula, id_compania) VALUES (372754, undefined);
-- Fin película: En la misma clase --
INSERT OR IGNORE INTO Actor (id_actor, nombre, foto_path) VALUES (65437, '岩男潤子', 'https://image.tmdb.org/t/p/original/bKyMLT1MgDTnXafsq2ur32VMwY5.jpg');
INSERT OR IGNORE INTO Actor (id_actor, nombre, foto_path) VALUES (65424, '松本梨香', 'https://image.tmdb.org/t/p/original/ykm6ZpLcX5wblCNp7rOAoZpCh3L.jpg');
INSERT OR IGNORE INTO Actor (id_actor, nombre, foto_path) VALUES (553949, '新山志保', 'https://image.tmdb.org/t/p/original/eUmzsJ0wqHYuzEBTviYy2MlXWw.jpg');
INSERT OR IGNORE INTO Actor (id_actor, nombre, foto_path) VALUES (1685, 'Masaaki Okura', 'https://image.tmdb.org/t/p/original/lQmV0Nzww7i3cmbr2ToqGJ5q6qr.jpg');
INSERT OR IGNORE INTO Actor (id_actor, nombre, foto_path) VALUES (65438, 'Shinpachi Tsuji', 'https://image.tmdb.org/t/p/original/af5ILJbixauO84bsuLOr8XSU9yd.jpg');
INSERT OR REPLACE INTO Pelicula (id_pelicula, titulo, descripcion, poster_path, backdrop_path, trailer, anio_estreno, duracion) VALUES (10494, 'Perfect Blue', 'Tras años siendo una ídolo juvenil que forma parte del exitoso trío musical CHAM!, Mima Kirigoe decide abandonar el grupo para perseguir su sueño de convertirse en actriz. Alentada por su entorno, decide romper con su imagen de niña buena y acepta un papel en una serie policíaca subida de tono, lo que provoca la ira de muchos de sus fans. Pronto descubre que alguien está escribiendo un blog en internet en el que explica detalles íntimos sobre su vida y además su misterioso acosador pasa a la acción amenazando a sus seres queridos. Mientras los cadáveres comienzan a acumularse a su alrededor, la realidad y las alucinaciones se mezclan en un mundo terrorífico en el que no hay lugar para la inocencia y los sueños se convierten en pesadillas.', 'https://image.tmdb.org/t/p/original/kk8p22JheV6MB0fBXOOUgZK9UWQ.jpg', 'https://image.tmdb.org/t/p/original/mHG7dpLb0ZScSY3LpP443IHRmjy.jpg', 'https://www.youtube.com/watch?v=RS3fB6KLz8A', 1998, 81);
INSERT OR REPLACE INTO Pelicula_Actor (id_pelicula, id_actor, personaje) VALUES (10494, 65437, 'Mima Kirigoe (voice)');
INSERT OR REPLACE INTO Pelicula_Actor (id_pelicula, id_actor, personaje) VALUES (10494, 65424, 'Rumi (voice)');
INSERT OR REPLACE INTO Pelicula_Actor (id_pelicula, id_actor, personaje) VALUES (10494, 553949, 'Rei (voice)');
INSERT OR REPLACE INTO Pelicula_Actor (id_pelicula, id_actor, personaje) VALUES (10494, 1685, 'Mamoru Uchida (voice)');
INSERT OR REPLACE INTO Pelicula_Actor (id_pelicula, id_actor, personaje) VALUES (10494, 65438, 'Tadokoro (voice)');
INSERT OR IGNORE INTO Pelicula_Categoria (id_pelicula, id_categoria) VALUES (10494, 5);
INSERT OR IGNORE INTO Pelicula_Categoria (id_pelicula, id_categoria) VALUES (10494, 6);
INSERT OR IGNORE INTO Pelicula_Compania (id_pelicula, id_compania) VALUES (10494, undefined);
-- Fin película: Perfect Blue --
