
-- === LOTE: Now Playing - Page 4 (2026-02-06T11:05:48.813Z) ===
INSERT OR IGNORE INTO Actor (id_actor, nombre, foto_path) VALUES (1448119, 'Tony Hinchcliffe', 'https://image.tmdb.org/t/p/original/nJbIalwNCvqaDZQ9PW6Uyujb8tw.jpg');
INSERT OR IGNORE INTO Actor (id_actor, nombre, foto_path) VALUES (1709774, 'Brian Redban', 'https://image.tmdb.org/t/p/original/xaYxS77D3Zt80Zf42YtyFX4K56C.jpg');
INSERT OR IGNORE INTO Actor (id_actor, nombre, foto_path) VALUES (86498, 'Gabriel Iglesias', 'https://image.tmdb.org/t/p/original/8Bjy3RZ5TfNs3oUOUpxTv84G01f.jpg');
INSERT OR IGNORE INTO Actor (id_actor, nombre, foto_path) VALUES (16846, 'Harland Williams', 'https://image.tmdb.org/t/p/original/mnor1Hoy3kvTBygccBIVuyWfvge.jpg');
INSERT OR IGNORE INTO Actor (id_actor, nombre, foto_path) VALUES (96010, 'Carrot Top', 'https://image.tmdb.org/t/p/original/gJHiu33FKGO6foXnnXNOUFKQREu.jpg');
INSERT OR REPLACE INTO Pelicula (id_pelicula, titulo, descripcion, poster_path, backdrop_path, trailer, anio_estreno, duracion) VALUES (1611487, 'Kill Tony: Once Upon a Time in Texas', '', 'https://image.tmdb.org/t/p/original/kepiMVDrjSvNM9afWewWxlWXXK6.jpg', 'https://image.tmdb.org/t/p/original/iKFZFt8Z3RIwQHrIkmzULdKlYIi.jpg', '', 2026, 0);
INSERT OR REPLACE INTO Pelicula_Actor (id_pelicula, id_actor, personaje) VALUES (1611487, 1448119, 'Self');
INSERT OR REPLACE INTO Pelicula_Actor (id_pelicula, id_actor, personaje) VALUES (1611487, 1709774, 'Self');
INSERT OR REPLACE INTO Pelicula_Actor (id_pelicula, id_actor, personaje) VALUES (1611487, 86498, 'Self');
INSERT OR REPLACE INTO Pelicula_Actor (id_pelicula, id_actor, personaje) VALUES (1611487, 16846, 'Self');
INSERT OR REPLACE INTO Pelicula_Actor (id_pelicula, id_actor, personaje) VALUES (1611487, 96010, 'Self');
INSERT OR IGNORE INTO Pelicula_Categoria (id_pelicula, id_categoria) VALUES (1611487, 12);
INSERT OR IGNORE INTO Pelicula_Compania (id_pelicula, id_compania) VALUES (1611487, undefined);
-- Fin película: Kill Tony: Once Upon a Time in Texas --
INSERT OR IGNORE INTO Actor (id_actor, nombre, foto_path) VALUES (61134, 'Tatiana Maslany', 'https://image.tmdb.org/t/p/original/x8lBkm9CBJbIlLpqjEwkQydZ2or.jpg');
INSERT OR IGNORE INTO Actor (id_actor, nombre, foto_path) VALUES (58014, 'Rossif Sutherland', 'https://image.tmdb.org/t/p/original/3ZBXM6CqZutyWWR6vbGvLcm8HDk.jpg');
INSERT OR IGNORE INTO Actor (id_actor, nombre, foto_path) VALUES (110525, 'Birkett Turton', 'https://image.tmdb.org/t/p/original/dsmW4TgzKUcLpWyE3hhZ8POmjS2.jpg');
INSERT OR IGNORE INTO Actor (id_actor, nombre, foto_path) VALUES (5636839, 'Eden Weiss', 'https://image.tmdb.org/t/p/original/11OxhppBdSFxdIJfkeQsLrXRTih.jpg');
INSERT OR IGNORE INTO Actor (id_actor, nombre, foto_path) VALUES (1281629, 'Cassandra Ebner', 'https://image.tmdb.org/t/p/original/ykIe7cvJjrdBgPilC5sCsZkwXCz.jpg');
INSERT OR REPLACE INTO Pelicula (id_pelicula, titulo, descripcion, poster_path, backdrop_path, trailer, anio_estreno, duracion) VALUES (1288072, 'Keeper', 'Una pareja, para celebrar su aniversario, hace una escapada romántica de fin de semana a una cabaña aislada. Cuando Malcolm (Sutherland) regresa repentinamente a la ciudad, Liz (Maslany) se encuentra aislada y en presencia de un mal indescriptible que desvela los horripilantes secretos de la cabaña.', 'https://image.tmdb.org/t/p/original/2sr2n0mZ8cG4VeXG4EHoPBz9QuF.jpg', 'https://image.tmdb.org/t/p/original/8GjH1BU5PtoqAlhMeXQ46eq9z1D.jpg', 'https://www.youtube.com/watch?v=Td4J0xJxmHQ', 2025, 99);
INSERT OR REPLACE INTO Pelicula_Actor (id_pelicula, id_actor, personaje) VALUES (1288072, 61134, 'Liz / Ada');
INSERT OR REPLACE INTO Pelicula_Actor (id_pelicula, id_actor, personaje) VALUES (1288072, 58014, 'Malcolm Westbridge');
INSERT OR REPLACE INTO Pelicula_Actor (id_pelicula, id_actor, personaje) VALUES (1288072, 110525, 'Darren');
INSERT OR REPLACE INTO Pelicula_Actor (id_pelicula, id_actor, personaje) VALUES (1288072, 5636839, 'Minka');
INSERT OR REPLACE INTO Pelicula_Actor (id_pelicula, id_actor, personaje) VALUES (1288072, 1281629, 'Baghead');
INSERT OR IGNORE INTO Pelicula_Categoria (id_pelicula, id_categoria) VALUES (1288072, 4);
INSERT OR IGNORE INTO Pelicula_Categoria (id_pelicula, id_categoria) VALUES (1288072, 1);
INSERT OR IGNORE INTO Pelicula_Compania (id_pelicula, id_compania) VALUES (1288072, undefined);
-- Fin película: Keeper --
INSERT OR IGNORE INTO Actor (id_actor, nombre, foto_path) VALUES (109, 'Elijah Wood', 'https://image.tmdb.org/t/p/original/7UKRbJBNG7mxBl2QQc5XsAh6F8B.jpg');
INSERT OR IGNORE INTO Actor (id_actor, nombre, foto_path) VALUES (1327, 'Ian McKellen', 'https://image.tmdb.org/t/p/original/coWjgMEYJjk2OrNddlXCBm8EIr3.jpg');
INSERT OR IGNORE INTO Actor (id_actor, nombre, foto_path) VALUES (110, 'Viggo Mortensen', 'https://image.tmdb.org/t/p/original/vH5gVSpHAMhDaFWfh0Q7BG61O1y.jpg');
INSERT OR IGNORE INTO Actor (id_actor, nombre, foto_path) VALUES (1328, 'Sean Astin', 'https://image.tmdb.org/t/p/original/As3ctGUtBYmG4zj4Ifyrcqd71HP.jpg');
INSERT OR IGNORE INTO Actor (id_actor, nombre, foto_path) VALUES (65, 'Ian Holm', 'https://image.tmdb.org/t/p/original/cOJDgvgj4nMec6Inzj1H5nugTO5.jpg');
INSERT OR REPLACE INTO Pelicula (id_pelicula, titulo, descripcion, poster_path, backdrop_path, trailer, anio_estreno, duracion) VALUES (120, 'El señor de los anillos: La comunidad del anillo', 'En la Tierra Media, el Señor Oscuro Saurón creó los Grandes Anillos de Poder, forjados por los herreros Elfos. Tres para los reyes Elfos, siete para los Señores Enanos, y nueve para los Hombres Mortales. Secretamente, Saurón también forjó un anillo maestro, el Anillo Único, que contiene en sí el poder para esclavizar a toda la Tierra Media. Con la ayuda de un grupo de amigos y de valientes aliados, Frodo emprende un peligroso viaje con la misión de destruir el Anillo Único. Pero el Señor Oscuro Sauron, quien creara el Anillo, envía a sus servidores para perseguir al grupo. Si Sauron lograra recuperar el Anillo, sería el final de la Tierra Media.', 'https://image.tmdb.org/t/p/original/9xtH1RmAzQ0rrMBNUMXstb2s3er.jpg', 'https://image.tmdb.org/t/p/original/a0lfia8tk8ifkrve0Tn8wkISUvs.jpg', 'https://www.youtube.com/watch?v=3GJp6p_mgPo', 2001, 179);
INSERT OR REPLACE INTO Pelicula_Actor (id_pelicula, id_actor, personaje) VALUES (120, 109, 'Frodo');
INSERT OR REPLACE INTO Pelicula_Actor (id_pelicula, id_actor, personaje) VALUES (120, 1327, 'Gandalf');
INSERT OR REPLACE INTO Pelicula_Actor (id_pelicula, id_actor, personaje) VALUES (120, 110, 'Aragorn');
INSERT OR REPLACE INTO Pelicula_Actor (id_pelicula, id_actor, personaje) VALUES (120, 1328, 'Sam');
INSERT OR REPLACE INTO Pelicula_Actor (id_pelicula, id_actor, personaje) VALUES (120, 65, 'Bilbo');
INSERT OR IGNORE INTO Pelicula_Categoria (id_pelicula, id_categoria) VALUES (120, 1);
INSERT OR IGNORE INTO Pelicula_Categoria (id_pelicula, id_categoria) VALUES (120, 3);
INSERT OR IGNORE INTO Pelicula_Categoria (id_pelicula, id_categoria) VALUES (120, 5);
INSERT OR IGNORE INTO Pelicula_Compania (id_pelicula, id_compania) VALUES (120, undefined);
INSERT OR IGNORE INTO Pelicula_Coleccion (id_pelicula, id_coleccion) VALUES (120, 119);
-- Fin película: El señor de los anillos: La comunidad del anillo --
INSERT OR IGNORE INTO Actor (id_actor, nombre, foto_path) VALUES (86302, 'Sunny Deol', 'https://image.tmdb.org/t/p/original/w9RenJriQVys2k5fa9ojkXpYMwO.jpg');
INSERT OR IGNORE INTO Actor (id_actor, nombre, foto_path) VALUES (1108119, 'Varun Dhawan', 'https://image.tmdb.org/t/p/original/gvvXYTpvO0Tu7naCDLL3tInyN2R.jpg');
INSERT OR IGNORE INTO Actor (id_actor, nombre, foto_path) VALUES (928221, 'Diljit Dosanjh', 'https://image.tmdb.org/t/p/original/xB57LAMYa1q3CaS0TZjgf4d2OaS.jpg');
INSERT OR IGNORE INTO Actor (id_actor, nombre, foto_path) VALUES (2633160, 'Ahan Shetty', 'https://image.tmdb.org/t/p/original/obZtTEPF38U7LVUVSLrIx4zUthv.jpg');
INSERT OR IGNORE INTO Actor (id_actor, nombre, foto_path) VALUES (99711, 'Mona Singh', 'https://image.tmdb.org/t/p/original/fBl5KYnlKY8HDUqlTs64xbDZtU8.jpg');
INSERT OR REPLACE INTO Pelicula (id_pelicula, titulo, descripcion, poster_path, backdrop_path, trailer, anio_estreno, duracion) VALUES (1213898, 'बॉर्डर २', '', 'https://image.tmdb.org/t/p/original/AmrCgmDPEJ6QxllS1rhjYwgO9Wb.jpg', 'https://image.tmdb.org/t/p/original/fzo85eKFEjfmJ781gubJQjpQAwF.jpg', '', 2026, 199);
INSERT OR REPLACE INTO Pelicula_Actor (id_pelicula, id_actor, personaje) VALUES (1213898, 86302, 'Lt. Col. Fateh Singh Kaler');
INSERT OR REPLACE INTO Pelicula_Actor (id_pelicula, id_actor, personaje) VALUES (1213898, 1108119, 'Major Hoshiar Singh Dahiya');
INSERT OR REPLACE INTO Pelicula_Actor (id_pelicula, id_actor, personaje) VALUES (1213898, 928221, 'Fg. Offr. Nirmal Jit Singh Sekhon');
INSERT OR REPLACE INTO Pelicula_Actor (id_pelicula, id_actor, personaje) VALUES (1213898, 2633160, 'Lt. Cdr. Mahendra S. Rawat');
INSERT OR REPLACE INTO Pelicula_Actor (id_pelicula, id_actor, personaje) VALUES (1213898, 99711, 'Simi Singh Kaler');
INSERT OR IGNORE INTO Pelicula_Categoria (id_pelicula, id_categoria) VALUES (1213898, 5);
INSERT OR IGNORE INTO Pelicula_Categoria (id_pelicula, id_categoria) VALUES (1213898, 7);
INSERT OR IGNORE INTO Pelicula_Categoria (id_pelicula, id_categoria) VALUES (1213898, 1);
INSERT OR IGNORE INTO Pelicula_Compania (id_pelicula, id_compania) VALUES (1213898, undefined);
INSERT OR IGNORE INTO Pelicula_Coleccion (id_pelicula, id_coleccion) VALUES (1213898, 1370659);
-- Fin película: बॉर्डर २ --
INSERT OR IGNORE INTO Actor (id_actor, nombre, foto_path) VALUES (550843, 'Elizabeth Olsen', 'https://image.tmdb.org/t/p/original/wIU675y4dofIDVuhaNWPizJNtep.jpg');
INSERT OR IGNORE INTO Actor (id_actor, nombre, foto_path) VALUES (996701, 'Miles Teller', 'https://image.tmdb.org/t/p/original/aciu7YM8fD0BzrrA6cJ5wDKZIA6.jpg');
INSERT OR IGNORE INTO Actor (id_actor, nombre, foto_path) VALUES (1371041, 'Callum Turner', 'https://image.tmdb.org/t/p/original/1QqpyYbX6zyyrtlKAJLbKM4B4k9.jpg');
INSERT OR IGNORE INTO Actor (id_actor, nombre, foto_path) VALUES (1180099, 'Da''Vine Joy Randolph', 'https://image.tmdb.org/t/p/original/7RuYeGxTwFRt2q8fkT8nuEz1nIC.jpg');
INSERT OR IGNORE INTO Actor (id_actor, nombre, foto_path) VALUES (1542758, 'John Early', 'https://image.tmdb.org/t/p/original/byDLwLfv267cqrhIMlGrQffcSn4.jpg');
INSERT OR REPLACE INTO Pelicula (id_pelicula, titulo, descripcion, poster_path, backdrop_path, trailer, anio_estreno, duracion) VALUES (1259102, 'Eternity', 'En un más allá donde las almas tienen una semana para decidir dónde pasarán la eternidad, Joan (Elizabeth Olsen) se enfrenta a la diabólica disyuntiva de elegir entre el hombre con el que ha compartido su vida (Miles Teller) y su primer amor (Callum Turner), que murió joven y ha estado décadas esperando a que ella llegara.', 'https://image.tmdb.org/t/p/original/5zCTIGICQ9ykuBXDmS4rL1kEK9l.jpg', 'https://image.tmdb.org/t/p/original/fuacZLpnohQtLD0AhtCErcPVL98.jpg', 'https://www.youtube.com/watch?v=CRhIbHregpk', 2025, 114);
INSERT OR REPLACE INTO Pelicula_Actor (id_pelicula, id_actor, personaje) VALUES (1259102, 550843, 'Joan');
INSERT OR REPLACE INTO Pelicula_Actor (id_pelicula, id_actor, personaje) VALUES (1259102, 996701, 'Larry');
INSERT OR REPLACE INTO Pelicula_Actor (id_pelicula, id_actor, personaje) VALUES (1259102, 1371041, 'Luke');
INSERT OR REPLACE INTO Pelicula_Actor (id_pelicula, id_actor, personaje) VALUES (1259102, 1180099, 'Anna');
INSERT OR REPLACE INTO Pelicula_Actor (id_pelicula, id_actor, personaje) VALUES (1259102, 1542758, 'Ryan');
INSERT OR IGNORE INTO Pelicula_Categoria (id_pelicula, id_categoria) VALUES (1259102, 10);
INSERT OR IGNORE INTO Pelicula_Categoria (id_pelicula, id_categoria) VALUES (1259102, 12);
INSERT OR IGNORE INTO Pelicula_Categoria (id_pelicula, id_categoria) VALUES (1259102, 7);
INSERT OR IGNORE INTO Pelicula_Compania (id_pelicula, id_compania) VALUES (1259102, undefined);
-- Fin película: Eternity --
INSERT OR IGNORE INTO Actor (id_actor, nombre, foto_path) VALUES (6968, 'Hugh Jackman', 'https://image.tmdb.org/t/p/original/4Xujtewxqt6aU0Y81tsS9gkjizk.jpg');
INSERT OR IGNORE INTO Actor (id_actor, nombre, foto_path) VALUES (11661, 'Kate Hudson', 'https://image.tmdb.org/t/p/original/s79lH1QzEg2fkXULKBxRmU9aNr8.jpg');
INSERT OR IGNORE INTO Actor (id_actor, nombre, foto_path) VALUES (11486, 'Michael Imperioli', 'https://image.tmdb.org/t/p/original/jfoEHR6BRMg8emtujXdM3G4JHIm.jpg');
INSERT OR IGNORE INTO Actor (id_actor, nombre, foto_path) VALUES (26473, 'Fisher Stevens', 'https://image.tmdb.org/t/p/original/wWC6wbLV56RJGtyytMmmGvi054t.jpg');
INSERT OR IGNORE INTO Actor (id_actor, nombre, foto_path) VALUES (26485, 'Jim Belushi', 'https://image.tmdb.org/t/p/original/sdWBUZLyvmaRGvnZ1gLjTXHYar1.jpg');
INSERT OR REPLACE INTO Pelicula (id_pelicula, titulo, descripcion, poster_path, backdrop_path, trailer, anio_estreno, duracion) VALUES (1371185, 'Song Sung Blue - Canción para dos', 'La historia de dos músicos de poca fortuna que se lanzan con ilusión a formar una banda tributo a Neil Diamond, demostrando que nunca es demasiado tarde para encontrar el amor y cumplir tus sueños.', 'https://image.tmdb.org/t/p/original/iACF4iWIDxMQnEB48DMtbgE9jnQ.jpg', 'https://image.tmdb.org/t/p/original/mnEx3lTjjQYHMj55ZnZHQZVUlZ.jpg', 'https://www.youtube.com/watch?v=JCgkpDbtP98', 2025, 133);
INSERT OR REPLACE INTO Pelicula_Actor (id_pelicula, id_actor, personaje) VALUES (1371185, 6968, 'Mike Sardina');
INSERT OR REPLACE INTO Pelicula_Actor (id_pelicula, id_actor, personaje) VALUES (1371185, 11661, 'Claire Sardina');
INSERT OR REPLACE INTO Pelicula_Actor (id_pelicula, id_actor, personaje) VALUES (1371185, 11486, 'Mark Shurilla');
INSERT OR REPLACE INTO Pelicula_Actor (id_pelicula, id_actor, personaje) VALUES (1371185, 26473, 'Dr. Dave Watson');
INSERT OR REPLACE INTO Pelicula_Actor (id_pelicula, id_actor, personaje) VALUES (1371185, 26485, 'Tom D Amato');
INSERT OR IGNORE INTO Pelicula_Categoria (id_pelicula, id_categoria) VALUES (1371185, 7);
INSERT OR IGNORE INTO Pelicula_Categoria (id_pelicula, id_categoria) VALUES (1371185, 11);
INSERT OR IGNORE INTO Pelicula_Categoria (id_pelicula, id_categoria) VALUES (1371185, 10);
INSERT OR IGNORE INTO Pelicula_Compania (id_pelicula, id_compania) VALUES (1371185, undefined);
-- Fin película: Song Sung Blue - Canción para dos --
INSERT OR IGNORE INTO Actor (id_actor, nombre, foto_path) VALUES (459980, 'André Holland', 'https://image.tmdb.org/t/p/original/riYqFOgYLYH4Hw8p2JYTw5lXGDE.jpg');
INSERT OR IGNORE INTO Actor (id_actor, nombre, foto_path) VALUES (51072, 'Kate Mara', 'https://image.tmdb.org/t/p/original/xZYD8wYHMmN9dMMPiohnKEFoTGx.jpg');
INSERT OR IGNORE INTO Actor (id_actor, nombre, foto_path) VALUES (1545693, 'Zazie Beetz', 'https://image.tmdb.org/t/p/original/ijrT4pvALvxU0gphea4YxDnDh6e.jpg');
INSERT OR IGNORE INTO Actor (id_actor, nombre, foto_path) VALUES (196179, 'Stephen McKinley Henderson', 'https://image.tmdb.org/t/p/original/z2weSPo4sdMNj47tP5o0me41r2z.jpg');
INSERT OR IGNORE INTO Actor (id_actor, nombre, foto_path) VALUES (83860, 'Aldis Hodge', 'https://image.tmdb.org/t/p/original/enDU0pemco1mFxxdLKUzWakC6sk.jpg');
INSERT OR REPLACE INTO Pelicula (id_pelicula, titulo, descripcion, poster_path, backdrop_path, trailer, anio_estreno, duracion) VALUES (1180417, 'The Dutchman', 'Un exitoso empresario negro, atormentado por su infeliz matrimonio y una crisis de identidad, se ve inmerso en un juego sexualizado del gato y el ratón con una misteriosa mujer blanca que les deparará consecuencias imprevisibles.', 'https://image.tmdb.org/t/p/original/v7CCosgX9LcSpt7bXmqw5OzTFTV.jpg', 'https://image.tmdb.org/t/p/original/bUktSJyiZIs4qPpMopjz2NMY0s9.jpg', '', 2026, 95);
INSERT OR REPLACE INTO Pelicula_Actor (id_pelicula, id_actor, personaje) VALUES (1180417, 459980, 'Clay');
INSERT OR REPLACE INTO Pelicula_Actor (id_pelicula, id_actor, personaje) VALUES (1180417, 51072, 'Lula');
INSERT OR REPLACE INTO Pelicula_Actor (id_pelicula, id_actor, personaje) VALUES (1180417, 1545693, 'Kaya');
INSERT OR REPLACE INTO Pelicula_Actor (id_pelicula, id_actor, personaje) VALUES (1180417, 196179, 'Dr. Amiri');
INSERT OR REPLACE INTO Pelicula_Actor (id_pelicula, id_actor, personaje) VALUES (1180417, 83860, 'Warren');
INSERT OR IGNORE INTO Pelicula_Categoria (id_pelicula, id_categoria) VALUES (1180417, 7);
INSERT OR IGNORE INTO Pelicula_Categoria (id_pelicula, id_categoria) VALUES (1180417, 6);
INSERT OR IGNORE INTO Pelicula_Compania (id_pelicula, id_compania) VALUES (1180417, undefined);
-- Fin película: The Dutchman --
INSERT OR IGNORE INTO Actor (id_actor, nombre, foto_path) VALUES (72129, 'Jennifer Lawrence', 'https://image.tmdb.org/t/p/original/mDKMsjOMytyBiy7MHNZTa7gp7wj.jpg');
INSERT OR IGNORE INTO Actor (id_actor, nombre, foto_path) VALUES (11288, 'Robert Pattinson', 'https://image.tmdb.org/t/p/original/8A4PS5iG7GWEAVFftyqMZKl3qcr.jpg');
INSERT OR IGNORE INTO Actor (id_actor, nombre, foto_path) VALUES (5606, 'Sissy Spacek', 'https://image.tmdb.org/t/p/original/xAxenjxjLNQFq4v1ccS2to3Mnoq.jpg');
INSERT OR IGNORE INTO Actor (id_actor, nombre, foto_path) VALUES (1200864, 'LaKeith Stanfield', 'https://image.tmdb.org/t/p/original/x3k0HCpMNqEtVf2VKQrSCol1ia2.jpg');
INSERT OR IGNORE INTO Actor (id_actor, nombre, foto_path) VALUES (1733, 'Nick Nolte', 'https://image.tmdb.org/t/p/original/jpYzFBi6zfn8CHVaXmqgiOTas4V.jpg');
INSERT OR REPLACE INTO Pelicula (id_pelicula, titulo, descripcion, poster_path, backdrop_path, trailer, anio_estreno, duracion) VALUES (1033148, 'Die My Love', 'Intenso drama psicológico y comedia negra que sigue a Grace (Jennifer Lawrence), una joven madre y escritora que comienza a sufrir una profunda depresión posparto tras mudarse con su esposo Jackson (Robert Pattinson) a la zona rural de Montana, buscando una vida más tranquila. A medida que la salud mental de Grace se deteriora, su matrimonio se ve afectado, transitando territorios de psicosis, tensión y desesperación. La película explora con crudeza y complejidad temas de maternidad, salud mental y el impacto de la depresión en la pareja. Dirigida por Lynne Ramsay, el filme está basado en la novela de Ariana Harwicz y fue aclamado en el Festival de Cannes 2025, destacando las actuaciones poderosas de Lawrence y Pattinson, junto a un elenco que incluye a LaKeith Stanfield, Nick Nolte y Sissy Spacek. Con una narrativa inquietante y una atmósfera absorbente, "Die My Love" invita a una reflexión profunda sobre las luchas internas y el amor en medio del caos emocional.', 'https://image.tmdb.org/t/p/original/8sgIIVQppRC96wHW099xegCrIzw.jpg', 'https://image.tmdb.org/t/p/original/dEkFlZzj2cb5F7SShvqkL54E4lr.jpg', '', 2025, 118);
INSERT OR REPLACE INTO Pelicula_Actor (id_pelicula, id_actor, personaje) VALUES (1033148, 72129, 'Grace');
INSERT OR REPLACE INTO Pelicula_Actor (id_pelicula, id_actor, personaje) VALUES (1033148, 11288, 'Jackson');
INSERT OR REPLACE INTO Pelicula_Actor (id_pelicula, id_actor, personaje) VALUES (1033148, 5606, 'Pam');
INSERT OR REPLACE INTO Pelicula_Actor (id_pelicula, id_actor, personaje) VALUES (1033148, 1200864, 'Karl');
INSERT OR REPLACE INTO Pelicula_Actor (id_pelicula, id_actor, personaje) VALUES (1033148, 1733, 'Harry');
INSERT OR IGNORE INTO Pelicula_Categoria (id_pelicula, id_categoria) VALUES (1033148, 7);
INSERT OR IGNORE INTO Pelicula_Compania (id_pelicula, id_compania) VALUES (1033148, undefined);
-- Fin película: Die My Love --
INSERT OR IGNORE INTO Actor (id_actor, nombre, foto_path) VALUES (2092476, 'Karla Rodríguez Coronado', 'https://image.tmdb.org/t/p/original/ll0jiVSdiKB3kW6k3DbmwIOUzOP.jpg');
INSERT OR IGNORE INTO Actor (id_actor, nombre, foto_path) VALUES (2626036, 'Yankel Stevan', 'https://image.tmdb.org/t/p/original/a2D0aRbMQP0Xc5T092KFnRvflLW.jpg');
INSERT OR IGNORE INTO Actor (id_actor, nombre, foto_path) VALUES (5477662, 'Julia Maque', 'https://image.tmdb.org/t/p/original/ntgNULYyQMaeIx7ERNiEQW02E97.jpg');
INSERT OR IGNORE INTO Actor (id_actor, nombre, foto_path) VALUES (5780764, 'Cesar Serrano Prado "Parker"', '');
INSERT OR IGNORE INTO Actor (id_actor, nombre, foto_path) VALUES (2784005, 'María Ulloa', '');
INSERT OR REPLACE INTO Pelicula (id_pelicula, titulo, descripcion, poster_path, backdrop_path, trailer, anio_estreno, duracion) VALUES (772462, 'No Me Sigas', 'Carla sueña con convertirse en una gran influencer, para lograrlo decide fingir un embasa en su apartamento. Sin embargo, al jugar con estas fuerzas oscuras, accidentalmente deja entrar a una entidad maligna real.', 'https://image.tmdb.org/t/p/original/gop4DwcBeb9T3JTaxwDEHdJNqSq.jpg', 'https://image.tmdb.org/t/p/original/bAYEj5QmPKxxEuwhOtDtcaBYdnm.jpg', 'https://www.youtube.com/watch?v=aBx-Myc1D-M', 2025, 83);
INSERT OR REPLACE INTO Pelicula_Actor (id_pelicula, id_actor, personaje) VALUES (772462, 2092476, 'Carla');
INSERT OR REPLACE INTO Pelicula_Actor (id_pelicula, id_actor, personaje) VALUES (772462, 2626036, 'Andrés');
INSERT OR REPLACE INTO Pelicula_Actor (id_pelicula, id_actor, personaje) VALUES (772462, 5477662, 'Sam France');
INSERT OR REPLACE INTO Pelicula_Actor (id_pelicula, id_actor, personaje) VALUES (772462, 5780764, 'Espectro');
INSERT OR REPLACE INTO Pelicula_Actor (id_pelicula, id_actor, personaje) VALUES (772462, 2784005, 'Luciana');
INSERT OR IGNORE INTO Pelicula_Categoria (id_pelicula, id_categoria) VALUES (772462, 4);
INSERT OR IGNORE INTO Pelicula_Categoria (id_pelicula, id_categoria) VALUES (772462, 1);
INSERT OR IGNORE INTO Pelicula_Compania (id_pelicula, id_compania) VALUES (772462, undefined);
-- Fin película: No Me Sigas --
INSERT OR IGNORE INTO Actor (id_actor, nombre, foto_path) VALUES (38673, 'Channing Tatum', 'https://image.tmdb.org/t/p/original/4TpgnS6l8YUXSne9Av9nda6mjxY.jpg');
INSERT OR IGNORE INTO Actor (id_actor, nombre, foto_path) VALUES (205, 'Kirsten Dunst', 'https://image.tmdb.org/t/p/original/yhLKGjuiMMdbGnFrR8AREkCZcVF.jpg');
INSERT OR IGNORE INTO Actor (id_actor, nombre, foto_path) VALUES (77335, 'Ben Mendelsohn', 'https://image.tmdb.org/t/p/original/pA9mu9D2IolVA0v2Yo0tJm6uUyI.jpg');
INSERT OR IGNORE INTO Actor (id_actor, nombre, foto_path) VALUES (1200864, 'LaKeith Stanfield', 'https://image.tmdb.org/t/p/original/x3k0HCpMNqEtVf2VKQrSCol1ia2.jpg');
INSERT OR IGNORE INTO Actor (id_actor, nombre, foto_path) VALUES (36594, 'Juno Temple', 'https://image.tmdb.org/t/p/original/nvsPrM4OKHVCDivgMx4FF6PgE5f.jpg');
INSERT OR REPLACE INTO Pelicula (id_pelicula, titulo, descripcion, poster_path, backdrop_path, trailer, anio_estreno, duracion) VALUES (1242419, 'Roofman', '', 'https://image.tmdb.org/t/p/original/xyMrN8wuD2nNWVDo1c4V2dkkzL5.jpg', 'https://image.tmdb.org/t/p/original/2YOnE2qmoyyOUqQsFit12gDSauk.jpg', '', 2025, 126);
INSERT OR REPLACE INTO Pelicula_Actor (id_pelicula, id_actor, personaje) VALUES (1242419, 38673, 'Jeffrey Manchester');
INSERT OR REPLACE INTO Pelicula_Actor (id_pelicula, id_actor, personaje) VALUES (1242419, 205, 'Leigh Wainscott');
INSERT OR REPLACE INTO Pelicula_Actor (id_pelicula, id_actor, personaje) VALUES (1242419, 77335, 'Pastor Ron');
INSERT OR REPLACE INTO Pelicula_Actor (id_pelicula, id_actor, personaje) VALUES (1242419, 1200864, 'Steve');
INSERT OR REPLACE INTO Pelicula_Actor (id_pelicula, id_actor, personaje) VALUES (1242419, 36594, 'Michelle');
INSERT OR IGNORE INTO Pelicula_Categoria (id_pelicula, id_categoria) VALUES (1242419, 9);
INSERT OR IGNORE INTO Pelicula_Categoria (id_pelicula, id_categoria) VALUES (1242419, 12);
INSERT OR IGNORE INTO Pelicula_Categoria (id_pelicula, id_categoria) VALUES (1242419, 7);
INSERT OR IGNORE INTO Pelicula_Compania (id_pelicula, id_compania) VALUES (1242419, undefined);
-- Fin película: Roofman --
INSERT OR IGNORE INTO Actor (id_actor, nombre, foto_path) VALUES (1335315, 'Georgina Campbell', 'https://image.tmdb.org/t/p/original/bZBCftcBTqdRwebl2v3tk8L32fr.jpg');
INSERT OR IGNORE INTO Actor (id_actor, nombre, foto_path) VALUES (1467219, 'Joe Keery', 'https://image.tmdb.org/t/p/original/szTqnUbV2uZE08MwREvnNmfx5fO.jpg');
INSERT OR IGNORE INTO Actor (id_actor, nombre, foto_path) VALUES (3896, 'Liam Neeson', 'https://image.tmdb.org/t/p/original/sRLev3wJioBgun3ZoeAUFpkLy0D.jpg');
INSERT OR IGNORE INTO Actor (id_actor, nombre, foto_path) VALUES (72305, 'Lesley Manville', 'https://image.tmdb.org/t/p/original/tioPlSoypjdME3oMu3g7XmgIIKS.jpg');
INSERT OR IGNORE INTO Actor (id_actor, nombre, foto_path) VALUES (1396124, 'Sosie Bacon', 'https://image.tmdb.org/t/p/original/2VyJpDaWrBvR75C6Ccw1fwF164.jpg');
INSERT OR REPLACE INTO Pelicula (id_pelicula, titulo, descripcion, poster_path, backdrop_path, trailer, anio_estreno, duracion) VALUES (696393, 'Alerta extinción', 'Un virus almacenado en una instalación gubernamental sale al exterior y causa estragos en el mundo.', 'https://image.tmdb.org/t/p/original/aioKGmYADqq09GEIY9vPhK5xoza.jpg', 'https://image.tmdb.org/t/p/original/sOLBfzX9hmFxrSMEIk3RKbV9QP6.jpg', '', 2026, 99);
INSERT OR REPLACE INTO Pelicula_Actor (id_pelicula, id_actor, personaje) VALUES (696393, 1335315, 'Naomi Williams');
INSERT OR REPLACE INTO Pelicula_Actor (id_pelicula, id_actor, personaje) VALUES (696393, 1467219, 'Travis 'Teacake' Meacham');
INSERT OR REPLACE INTO Pelicula_Actor (id_pelicula, id_actor, personaje) VALUES (696393, 3896, 'Robert Quinn');
INSERT OR REPLACE INTO Pelicula_Actor (id_pelicula, id_actor, personaje) VALUES (696393, 72305, 'Trini Romano');
INSERT OR REPLACE INTO Pelicula_Actor (id_pelicula, id_actor, personaje) VALUES (696393, 1396124, 'Dr. Hero Martins');
INSERT OR IGNORE INTO Pelicula_Categoria (id_pelicula, id_categoria) VALUES (696393, 12);
INSERT OR IGNORE INTO Pelicula_Categoria (id_pelicula, id_categoria) VALUES (696393, 3);
INSERT OR IGNORE INTO Pelicula_Categoria (id_pelicula, id_categoria) VALUES (696393, 6);
INSERT OR IGNORE INTO Pelicula_Compania (id_pelicula, id_compania) VALUES (696393, undefined);
-- Fin película: Alerta extinción --
INSERT OR IGNORE INTO Actor (id_actor, nombre, foto_path) VALUES (2890913, 'Lea Mathilde Skar-Myren', 'https://image.tmdb.org/t/p/original/wRsFFN1lhGcVM5kQFnLRW0wlQXR.jpg');
INSERT OR IGNORE INTO Actor (id_actor, nombre, foto_path) VALUES (63769, 'Ane Dahl Torp', 'https://image.tmdb.org/t/p/original/loW4MVWGzbJJzcBb8HNotalmLtk.jpg');
INSERT OR IGNORE INTO Actor (id_actor, nombre, foto_path) VALUES (1384976, 'Thea Sofie Loch Næss', 'https://image.tmdb.org/t/p/original/fzd0RI8Vnsw1LoG81YthvdnaeJD.jpg');
INSERT OR IGNORE INTO Actor (id_actor, nombre, foto_path) VALUES (3126191, 'Flo Fagerli', 'https://image.tmdb.org/t/p/original/yem43JCCG9xpjTT1IuosGtmZVNA.jpg');
INSERT OR IGNORE INTO Actor (id_actor, nombre, foto_path) VALUES (3676023, 'Isac Calmroth', 'https://image.tmdb.org/t/p/original/doyeUwvMsSkNuNzak9kBt26fNuP.jpg');
INSERT OR REPLACE INTO Pelicula (id_pelicula, titulo, descripcion, poster_path, backdrop_path, trailer, anio_estreno, duracion) VALUES (1284120, 'La hermanastra fea', 'Elvira lucha contra su hermosa hermanastra en un reino donde la belleza reina suprema. Ella recurre a medidas extremas para cautivar al príncipe, en medio de una despiadada competición por la perfección física.', 'https://image.tmdb.org/t/p/original/4KjMMLHqKcAxNRTd5mhMDtNXW1P.jpg', 'https://image.tmdb.org/t/p/original/ev9kxdoJ5IYVprt1OvH2SMWJdU1.jpg', '', 2025, 109);
INSERT OR REPLACE INTO Pelicula_Actor (id_pelicula, id_actor, personaje) VALUES (1284120, 2890913, 'Elvira');
INSERT OR REPLACE INTO Pelicula_Actor (id_pelicula, id_actor, personaje) VALUES (1284120, 63769, 'Rebekka');
INSERT OR REPLACE INTO Pelicula_Actor (id_pelicula, id_actor, personaje) VALUES (1284120, 1384976, 'Agnes');
INSERT OR REPLACE INTO Pelicula_Actor (id_pelicula, id_actor, personaje) VALUES (1284120, 3126191, 'Alma');
INSERT OR REPLACE INTO Pelicula_Actor (id_pelicula, id_actor, personaje) VALUES (1284120, 3676023, 'Prince Julian');
INSERT OR IGNORE INTO Pelicula_Categoria (id_pelicula, id_categoria) VALUES (1284120, 4);
INSERT OR IGNORE INTO Pelicula_Categoria (id_pelicula, id_categoria) VALUES (1284120, 12);
INSERT OR IGNORE INTO Pelicula_Categoria (id_pelicula, id_categoria) VALUES (1284120, 3);
INSERT OR IGNORE INTO Pelicula_Categoria (id_pelicula, id_categoria) VALUES (1284120, 7);
INSERT OR IGNORE INTO Pelicula_Compania (id_pelicula, id_compania) VALUES (1284120, undefined);
-- Fin película: La hermanastra fea --
INSERT OR IGNORE INTO Actor (id_actor, nombre, foto_path) VALUES (109, 'Elijah Wood', 'https://image.tmdb.org/t/p/original/7UKRbJBNG7mxBl2QQc5XsAh6F8B.jpg');
INSERT OR IGNORE INTO Actor (id_actor, nombre, foto_path) VALUES (1327, 'Ian McKellen', 'https://image.tmdb.org/t/p/original/coWjgMEYJjk2OrNddlXCBm8EIr3.jpg');
INSERT OR IGNORE INTO Actor (id_actor, nombre, foto_path) VALUES (110, 'Viggo Mortensen', 'https://image.tmdb.org/t/p/original/vH5gVSpHAMhDaFWfh0Q7BG61O1y.jpg');
INSERT OR IGNORE INTO Actor (id_actor, nombre, foto_path) VALUES (1328, 'Sean Astin', 'https://image.tmdb.org/t/p/original/As3ctGUtBYmG4zj4Ifyrcqd71HP.jpg');
INSERT OR IGNORE INTO Actor (id_actor, nombre, foto_path) VALUES (1333, 'Andy Serkis', 'https://image.tmdb.org/t/p/original/eNGqhebQ4cDssjVeNFrKtUvweV5.jpg');
INSERT OR REPLACE INTO Pelicula (id_pelicula, titulo, descripcion, poster_path, backdrop_path, trailer, anio_estreno, duracion) VALUES (121, 'El señor de los anillos: Las dos torres', 'La Compañía del Anillo se ha disuelto. El portador del anillo Frodo y su fiel amigo Sam se dirigen hacia Mordor para destruir el Anillo Único y acabar con el poder de Sauron. Mientras, y tras la dura batalla contra los orcos donde cayó Boromir, el hombre Aragorn, el elfo Legolas y el enano Gimli intentan rescatar a los medianos Merry y Pipin, secuestrados por los ogros de Mordor. Por su parte, Saurón y el traidor Sarumán continúan con sus planes en Mordor, en espera de la guerra contra las razas libres de la Tierra Media.', 'https://image.tmdb.org/t/p/original/z632eZtXaw76ZE5mMMGOBXCpm1T.jpg', 'https://image.tmdb.org/t/p/original/kWYfW2Re0rUDE6IHhy4CRuKWeFr.jpg', 'https://www.youtube.com/watch?v=h-9RYiqyqjk', 2002, 180);
INSERT OR REPLACE INTO Pelicula_Actor (id_pelicula, id_actor, personaje) VALUES (121, 109, 'Frodo');
INSERT OR REPLACE INTO Pelicula_Actor (id_pelicula, id_actor, personaje) VALUES (121, 1327, 'Gandalf');
INSERT OR REPLACE INTO Pelicula_Actor (id_pelicula, id_actor, personaje) VALUES (121, 110, 'Aragorn');
INSERT OR REPLACE INTO Pelicula_Actor (id_pelicula, id_actor, personaje) VALUES (121, 1328, 'Sam');
INSERT OR REPLACE INTO Pelicula_Actor (id_pelicula, id_actor, personaje) VALUES (121, 1333, 'Gollum');
INSERT OR IGNORE INTO Pelicula_Categoria (id_pelicula, id_categoria) VALUES (121, 1);
INSERT OR IGNORE INTO Pelicula_Categoria (id_pelicula, id_categoria) VALUES (121, 3);
INSERT OR IGNORE INTO Pelicula_Categoria (id_pelicula, id_categoria) VALUES (121, 5);
INSERT OR IGNORE INTO Pelicula_Compania (id_pelicula, id_compania) VALUES (121, undefined);
INSERT OR IGNORE INTO Pelicula_Coleccion (id_pelicula, id_coleccion) VALUES (121, 119);
-- Fin película: El señor de los anillos: Las dos torres --
INSERT OR IGNORE INTO Actor (id_actor, nombre, foto_path) VALUES (16972, 'Sergi López', 'https://image.tmdb.org/t/p/original/n3HcmUflYYaHUiQmzaayi0yqcRf.jpg');
INSERT OR IGNORE INTO Actor (id_actor, nombre, foto_path) VALUES (4180392, 'Bruno Núñez', 'https://image.tmdb.org/t/p/original/g8jn2IxoDJP7UctHnoxbO8hNsre.jpg');
INSERT OR IGNORE INTO Actor (id_actor, nombre, foto_path) VALUES (5362709, 'Stefania Gadda', 'https://image.tmdb.org/t/p/original/939QjJJZzlGOVDJsrC5D9RMxaBm.jpg');
INSERT OR IGNORE INTO Actor (id_actor, nombre, foto_path) VALUES (5362711, 'Joshua Liam Henderson', 'https://image.tmdb.org/t/p/original/jpijzr5w6WMFry6BTgGTWQ1TXz5.jpg');
INSERT OR IGNORE INTO Actor (id_actor, nombre, foto_path) VALUES (5678639, 'Richard Bellamy', 'https://image.tmdb.org/t/p/original/sGKh5mmADPWXMsCAVNpHHVHM5Ix.jpg');
INSERT OR REPLACE INTO Pelicula (id_pelicula, titulo, descripcion, poster_path, backdrop_path, trailer, anio_estreno, duracion) VALUES (1151272, 'Sirat: Trance en el desierto', 'Un hombre y su hijo que llegan a una rave perdidos en medio de lo que se describen como las áridas y fantasmagóricas montañas del sur de Marruecos.', 'https://image.tmdb.org/t/p/original/edEDZwU3kZerqdylZsyCn7feH23.jpg', 'https://image.tmdb.org/t/p/original/kOUV5WbisWMg56d8eB45ZHEVxYq.jpg', 'https://www.youtube.com/watch?v=MB6SL4gsldc', 2025, 130);
INSERT OR REPLACE INTO Pelicula_Actor (id_pelicula, id_actor, personaje) VALUES (1151272, 16972, 'Luis');
INSERT OR REPLACE INTO Pelicula_Actor (id_pelicula, id_actor, personaje) VALUES (1151272, 4180392, 'Esteban');
INSERT OR REPLACE INTO Pelicula_Actor (id_pelicula, id_actor, personaje) VALUES (1151272, 5362709, 'Steff');
INSERT OR REPLACE INTO Pelicula_Actor (id_pelicula, id_actor, personaje) VALUES (1151272, 5362711, 'Josh');
INSERT OR REPLACE INTO Pelicula_Actor (id_pelicula, id_actor, personaje) VALUES (1151272, 5678639, 'Bigui');
INSERT OR IGNORE INTO Pelicula_Categoria (id_pelicula, id_categoria) VALUES (1151272, 7);
INSERT OR IGNORE INTO Pelicula_Categoria (id_pelicula, id_categoria) VALUES (1151272, 6);
INSERT OR IGNORE INTO Pelicula_Categoria (id_pelicula, id_categoria) VALUES (1151272, 11);
INSERT OR IGNORE INTO Pelicula_Compania (id_pelicula, id_compania) VALUES (1151272, undefined);
-- Fin película: Sirat: Trance en el desierto --
INSERT OR IGNORE INTO Actor (id_actor, nombre, foto_path) VALUES (32895, 'Kevin James', 'https://image.tmdb.org/t/p/original/3WPW5duZyQcjveefxwLULgIyhM0.jpg');
INSERT OR IGNORE INTO Actor (id_actor, nombre, foto_path) VALUES (64295, 'Alan Ritchson', 'https://image.tmdb.org/t/p/original/92YNEEpCyugkTzPprJwZpvVtvuK.jpg');
INSERT OR IGNORE INTO Actor (id_actor, nombre, foto_path) VALUES (49001, 'Sarah Chalke', 'https://image.tmdb.org/t/p/original/ycwiu89cpjqCtSNC5FjbJggjj5R.jpg');
INSERT OR IGNORE INTO Actor (id_actor, nombre, foto_path) VALUES (52848, 'Isla Fisher', 'https://image.tmdb.org/t/p/original/zNKTzzuyMYaCGEZKhwhqV1K8ffo.jpg');
INSERT OR IGNORE INTO Actor (id_actor, nombre, foto_path) VALUES (21088, 'Alan Tudyk', 'https://image.tmdb.org/t/p/original/jUuUbPuMGonFT5E2pcs4alfqaCN.jpg');
INSERT OR REPLACE INTO Pelicula (id_pelicula, titulo, descripcion, poster_path, backdrop_path, trailer, anio_estreno, duracion) VALUES (1248226, 'Juegos de niños', 'Brian acaba de ser despedido de su trabajo, y se convierte en un padre que se queda en casa. Acepta una invitación para jugar de otro padre, que resulta ser un bala perdida.', 'https://image.tmdb.org/t/p/original/sWhglhFoGA0T7n5U6Yi0t8LBGjA.jpg', 'https://image.tmdb.org/t/p/original/5lQ4euO30sDin5nCifvi0vURFNd.jpg', '', 2025, 93);
INSERT OR REPLACE INTO Pelicula_Actor (id_pelicula, id_actor, personaje) VALUES (1248226, 32895, 'Brian');
INSERT OR REPLACE INTO Pelicula_Actor (id_pelicula, id_actor, personaje) VALUES (1248226, 64295, 'Jeff');
INSERT OR REPLACE INTO Pelicula_Actor (id_pelicula, id_actor, personaje) VALUES (1248226, 49001, 'Emily');
INSERT OR REPLACE INTO Pelicula_Actor (id_pelicula, id_actor, personaje) VALUES (1248226, 52848, 'Leslie');
INSERT OR REPLACE INTO Pelicula_Actor (id_pelicula, id_actor, personaje) VALUES (1248226, 21088, 'Simon Maddox');
INSERT OR IGNORE INTO Pelicula_Categoria (id_pelicula, id_categoria) VALUES (1248226, 5);
INSERT OR IGNORE INTO Pelicula_Categoria (id_pelicula, id_categoria) VALUES (1248226, 12);
INSERT OR IGNORE INTO Pelicula_Categoria (id_pelicula, id_categoria) VALUES (1248226, 12);
INSERT OR IGNORE INTO Pelicula_Compania (id_pelicula, id_compania) VALUES (1248226, undefined);
-- Fin película: Juegos de niños --
INSERT OR IGNORE INTO Actor (id_actor, nombre, foto_path) VALUES (157412, 'Charles Esten', 'https://image.tmdb.org/t/p/original/pd5Z0xe1CCRtaprwxdnP1rncNxj.jpg');
INSERT OR IGNORE INTO Actor (id_actor, nombre, foto_path) VALUES (18041, 'עודד פהר', 'https://image.tmdb.org/t/p/original/xt50Z02mO5pLTW0cNLZhIsiequJ.jpg');
INSERT OR IGNORE INTO Actor (id_actor, nombre, foto_path) VALUES (1469128, 'Brec Bassinger', 'https://image.tmdb.org/t/p/original/6nphhVy6fCrcfdYktAzaiScUAMP.jpg');
INSERT OR IGNORE INTO Actor (id_actor, nombre, foto_path) VALUES (1194140, 'Joel Johnstone', 'https://image.tmdb.org/t/p/original/rTZOxiElCdLrNl42ESe45vXJaDo.jpg');
INSERT OR IGNORE INTO Actor (id_actor, nombre, foto_path) VALUES (1906728, 'Lauren Call', 'https://image.tmdb.org/t/p/original/mzqJqeorBaYG8R3f52HGWbcBc7Z.jpg');
INSERT OR REPLACE INTO Pelicula (id_pelicula, titulo, descripcion, poster_path, backdrop_path, trailer, anio_estreno, duracion) VALUES (1249508, 'Grizzly Night', '', 'https://image.tmdb.org/t/p/original/3ppOwa6PEtGsIiDPdZHUbEqgIY7.jpg', 'https://image.tmdb.org/t/p/original/i275mAQP4KhPtYUpMUgBGMmK4WN.jpg', '', 2026, 93);
INSERT OR REPLACE INTO Pelicula_Actor (id_pelicula, id_actor, personaje) VALUES (1249508, 157412, 'Gary Bunney');
INSERT OR REPLACE INTO Pelicula_Actor (id_pelicula, id_actor, personaje) VALUES (1249508, 18041, 'Dr. John Lindberg');
INSERT OR REPLACE INTO Pelicula_Actor (id_pelicula, id_actor, personaje) VALUES (1249508, 1469128, 'Julie Helgeson');
INSERT OR REPLACE INTO Pelicula_Actor (id_pelicula, id_actor, personaje) VALUES (1249508, 1194140, 'Father Connolly');
INSERT OR REPLACE INTO Pelicula_Actor (id_pelicula, id_actor, personaje) VALUES (1249508, 1906728, 'Joan Devereaux');
INSERT OR IGNORE INTO Pelicula_Categoria (id_pelicula, id_categoria) VALUES (1249508, 4);
INSERT OR IGNORE INTO Pelicula_Categoria (id_pelicula, id_categoria) VALUES (1249508, 6);
INSERT OR IGNORE INTO Pelicula_Compania (id_pelicula, id_compania) VALUES (1249508, undefined);
-- Fin película: Grizzly Night --
INSERT OR IGNORE INTO Actor (id_actor, nombre, foto_path) VALUES (587506, 'Shameik Moore', 'https://image.tmdb.org/t/p/original/ovUKfVOwJ7CadEHaG3NDsfA5xRq.jpg');
INSERT OR IGNORE INTO Actor (id_actor, nombre, foto_path) VALUES (543505, 'Jake Johnson', 'https://image.tmdb.org/t/p/original/3UNfW2qZgRkW81neNVfQvaRC92K.jpg');
INSERT OR IGNORE INTO Actor (id_actor, nombre, foto_path) VALUES (130640, 'Hailee Steinfeld', 'https://image.tmdb.org/t/p/original/jiClUr3gaySWAyfXAHiCgmmtvij.jpg');
INSERT OR IGNORE INTO Actor (id_actor, nombre, foto_path) VALUES (932967, 'Mahershala Ali', 'https://image.tmdb.org/t/p/original/9ZmSejm5lnUVY5IJ1iNx2QEjnHb.jpg');
INSERT OR IGNORE INTO Actor (id_actor, nombre, foto_path) VALUES (226366, 'Brian Tyree Henry', 'https://image.tmdb.org/t/p/original/1UgDnFt3OteCJQPiUelWzIR5bvT.jpg');
INSERT OR REPLACE INTO Pelicula (id_pelicula, titulo, descripcion, poster_path, backdrop_path, trailer, anio_estreno, duracion) VALUES (324857, 'Spider-Man: un nuevo universo', 'En un universo paralelo donde Peter Parker ha muerto, un joven de secundaria llamado Miles Morales es el nuevo Spider-Man. Sin embargo, cuando el líder mafioso Wilson Fisk construye el ''Super Colisionador'' trae a una versión alternativa de Peter Parker que tratará de enseñar a Miles como ser un mejor Spider-Man. Pero no será el único Spider Man en entrar a este universo:  cuatro versiones alternativas buscan regresar a su universo antes de que toda la realidad se colapse.', 'https://image.tmdb.org/t/p/original/xRMZikjAHNFebD1FLRqgDZeGV4a.jpg', 'https://image.tmdb.org/t/p/original/8mnXR9rey5uQ08rZAvzojKWbDQS.jpg', 'https://www.youtube.com/watch?v=qLObEn9IK20', 2018, 116);
INSERT OR REPLACE INTO Pelicula_Actor (id_pelicula, id_actor, personaje) VALUES (324857, 587506, 'Miles Morales (voice)');
INSERT OR REPLACE INTO Pelicula_Actor (id_pelicula, id_actor, personaje) VALUES (324857, 543505, 'Peter B. Parker (voice)');
INSERT OR REPLACE INTO Pelicula_Actor (id_pelicula, id_actor, personaje) VALUES (324857, 130640, 'Gwen Stacy (voice)');
INSERT OR REPLACE INTO Pelicula_Actor (id_pelicula, id_actor, personaje) VALUES (324857, 932967, 'Uncle Aaron (voice)');
INSERT OR REPLACE INTO Pelicula_Actor (id_pelicula, id_actor, personaje) VALUES (324857, 226366, 'Jefferson Davis (voice)');
INSERT OR IGNORE INTO Pelicula_Categoria (id_pelicula, id_categoria) VALUES (324857, 5);
INSERT OR IGNORE INTO Pelicula_Categoria (id_pelicula, id_categoria) VALUES (324857, 5);
INSERT OR IGNORE INTO Pelicula_Categoria (id_pelicula, id_categoria) VALUES (324857, 1);
INSERT OR IGNORE INTO Pelicula_Categoria (id_pelicula, id_categoria) VALUES (324857, 3);
INSERT OR IGNORE INTO Pelicula_Compania (id_pelicula, id_compania) VALUES (324857, undefined);
INSERT OR IGNORE INTO Pelicula_Coleccion (id_pelicula, id_coleccion) VALUES (324857, 573436);
-- Fin película: Spider-Man: un nuevo universo --
INSERT OR IGNORE INTO Actor (id_actor, nombre, foto_path) VALUES (74568, 'Chris Hemsworth', 'https://image.tmdb.org/t/p/original/piQGdoIQOF3C1EI5cbYZLAW1gfj.jpg');
INSERT OR IGNORE INTO Actor (id_actor, nombre, foto_path) VALUES (4587, 'Halle Berry', 'https://image.tmdb.org/t/p/original/wtFetpWV8kjBsvzYKN9uEEmPdpy.jpg');
INSERT OR IGNORE INTO Actor (id_actor, nombre, foto_path) VALUES (103, 'Mark Ruffalo', 'https://image.tmdb.org/t/p/original/5GilHMOt5PAQh6rlUKZzGmaKEI7.jpg');
INSERT OR IGNORE INTO Actor (id_actor, nombre, foto_path) VALUES (1290466, 'Barry Keoghan', 'https://image.tmdb.org/t/p/original/ngoitknM6hw8fffLywyvjzy6Iti.jpg');
INSERT OR IGNORE INTO Actor (id_actor, nombre, foto_path) VALUES (1525043, 'Monica Barbaro', 'https://image.tmdb.org/t/p/original/fcujBTiKyZgJzaDenhv5ryo9SyB.jpg');
INSERT OR REPLACE INTO Pelicula (id_pelicula, titulo, descripcion, poster_path, backdrop_path, trailer, anio_estreno, duracion) VALUES (1171145, 'Ruta de escape', 'Davis es un escurridizo ladrón cuyos atracos de alto riesgo tienen desconcertada a la policía. Davis está planeando su mayor golpe, con la esperanza de que sea el último, cuando se cruza en su camino Sharon, una desilusionada ejecutiva de seguros con la que se ve obligado a trabajar, y Orman un ladrón rival, con métodos mucho más inquietantes que los de Davis. A medida que se acerca el golpe multimillonario, el implacable teniente Lubesnik, se acerca a la operación, aumentando considerablemente el riesgo de lo que está en juego y difuminando la línea entre cazador y presa. Pronto, cada uno tendrá que aceptar el coste de sus decisiones asumiendo que no hay vuelta atrás.', 'https://image.tmdb.org/t/p/original/wkmzt08vghSGlLYuqJpx4e2moRX.jpg', 'https://image.tmdb.org/t/p/original/2t25zHKX3PAUZWppuLD36JGdgCA.jpg', 'https://www.youtube.com/watch?v=fx72CaxjqNA', 2026, 141);
INSERT OR REPLACE INTO Pelicula_Actor (id_pelicula, id_actor, personaje) VALUES (1171145, 74568, 'Mike Davis');
INSERT OR REPLACE INTO Pelicula_Actor (id_pelicula, id_actor, personaje) VALUES (1171145, 4587, 'Sharon');
INSERT OR REPLACE INTO Pelicula_Actor (id_pelicula, id_actor, personaje) VALUES (1171145, 103, 'Detective Lou Lubesnick');
INSERT OR REPLACE INTO Pelicula_Actor (id_pelicula, id_actor, personaje) VALUES (1171145, 1290466, 'Ormon');
INSERT OR REPLACE INTO Pelicula_Actor (id_pelicula, id_actor, personaje) VALUES (1171145, 1525043, 'Maya');
INSERT OR IGNORE INTO Pelicula_Categoria (id_pelicula, id_categoria) VALUES (1171145, 9);
INSERT OR IGNORE INTO Pelicula_Categoria (id_pelicula, id_categoria) VALUES (1171145, 6);
INSERT OR IGNORE INTO Pelicula_Compania (id_pelicula, id_compania) VALUES (1171145, undefined);
-- Fin película: Ruta de escape --
INSERT OR IGNORE INTO Actor (id_actor, nombre, foto_path) VALUES (10982, 'Harry Melling', 'https://image.tmdb.org/t/p/original/b0pHwi2MeqxEpeWnF4Llihu53aJ.jpg');
INSERT OR IGNORE INTO Actor (id_actor, nombre, foto_path) VALUES (28846, 'Alexander Skarsgård', 'https://image.tmdb.org/t/p/original/yOzQcgu2y1ABr7azSCRqFxBMFdq.jpg');
INSERT OR IGNORE INTO Actor (id_actor, nombre, foto_path) VALUES (80366, 'Lesley Sharp', 'https://image.tmdb.org/t/p/original/oujHtdmwMCyppe9b7QHWJeNFN7i.jpg');
INSERT OR IGNORE INTO Actor (id_actor, nombre, foto_path) VALUES (80149, 'Douglas Hodge', 'https://image.tmdb.org/t/p/original/tENL3Uxt07Rn21o0y0eolwTnkoZ.jpg');
INSERT OR IGNORE INTO Actor (id_actor, nombre, foto_path) VALUES (1024242, 'Jake Shears', 'https://image.tmdb.org/t/p/original/gTKLY5Uk5remKLfUXCLnvbSU2bi.jpg');
INSERT OR REPLACE INTO Pelicula (id_pelicula, titulo, descripcion, poster_path, backdrop_path, trailer, anio_estreno, duracion) VALUES (1287141, 'Pillion', 'Colin, un hombre introvertido, se queda prendado de Ray, el carismático y atractivo líder de una banda de moteros que le toma como sumiso, dinamitando su rutina y cambiándole la vida.', 'https://image.tmdb.org/t/p/original/7Pd6ChSQjSXy4snJiorSdzg2cG3.jpg', 'https://image.tmdb.org/t/p/original/rBYrtkAy9YtRuFpX1g6JbcjRT8h.jpg', 'https://www.youtube.com/watch?v=_DGg2UEqraI', 2025, 107);
INSERT OR REPLACE INTO Pelicula_Actor (id_pelicula, id_actor, personaje) VALUES (1287141, 10982, 'Colin');
INSERT OR REPLACE INTO Pelicula_Actor (id_pelicula, id_actor, personaje) VALUES (1287141, 28846, 'Ray');
INSERT OR REPLACE INTO Pelicula_Actor (id_pelicula, id_actor, personaje) VALUES (1287141, 80366, 'Peggy');
INSERT OR REPLACE INTO Pelicula_Actor (id_pelicula, id_actor, personaje) VALUES (1287141, 80149, 'Pete');
INSERT OR REPLACE INTO Pelicula_Actor (id_pelicula, id_actor, personaje) VALUES (1287141, 1024242, 'Kevin');
INSERT OR IGNORE INTO Pelicula_Categoria (id_pelicula, id_categoria) VALUES (1287141, 10);
INSERT OR IGNORE INTO Pelicula_Categoria (id_pelicula, id_categoria) VALUES (1287141, 7);
INSERT OR IGNORE INTO Pelicula_Categoria (id_pelicula, id_categoria) VALUES (1287141, 12);
INSERT OR IGNORE INTO Pelicula_Compania (id_pelicula, id_compania) VALUES (1287141, undefined);
-- Fin película: Pillion --
INSERT OR IGNORE INTO Actor (id_actor, nombre, foto_path) VALUES (1716008, '이선빈', 'https://image.tmdb.org/t/p/original/8YwNd9PhSym4357gCu9RCDdPXqx.jpg');
INSERT OR IGNORE INTO Actor (id_actor, nombre, foto_path) VALUES (1256347, '김민석', 'https://image.tmdb.org/t/p/original/A8POmaPo3zo95dyHQeT4irCAMjn.jpg');
INSERT OR IGNORE INTO Actor (id_actor, nombre, foto_path) VALUES (2431103, '전익령', 'https://image.tmdb.org/t/p/original/aBfBZ4JqmFBoLSDah860sEX5ggE.jpg');
INSERT OR IGNORE INTO Actor (id_actor, nombre, foto_path) VALUES (2239782, '류경수', 'https://image.tmdb.org/t/p/original/4tjiTN3osUTaXE8lFAyK2Sjl8Lw.jpg');
INSERT OR IGNORE INTO Actor (id_actor, nombre, foto_path) VALUES (3652323, '한수아', 'https://image.tmdb.org/t/p/original/gFOoNJK0l3wginNKrsjBpPwVnxf.jpg');
INSERT OR REPLACE INTO Pelicula (id_pelicula, titulo, descripcion, poster_path, backdrop_path, trailer, anio_estreno, duracion) VALUES (1194963, '노이즈', '', 'https://image.tmdb.org/t/p/original/eh6yfJkbdhHnGkQ4EA6owlk6B7J.jpg', 'https://image.tmdb.org/t/p/original/zeMMVjOFwXPfRIW6HzaEr0UQlRY.jpg', '', 2025, 95);
INSERT OR REPLACE INTO Pelicula_Actor (id_pelicula, id_actor, personaje) VALUES (1194963, 1716008, 'Joo-young');
INSERT OR REPLACE INTO Pelicula_Actor (id_pelicula, id_actor, personaje) VALUES (1194963, 1256347, 'Gi-hun');
INSERT OR REPLACE INTO Pelicula_Actor (id_pelicula, id_actor, personaje) VALUES (1194963, 2431103, 'Jeong-in');
INSERT OR REPLACE INTO Pelicula_Actor (id_pelicula, id_actor, personaje) VALUES (1194963, 2239782, 'Park Geun-bae');
INSERT OR REPLACE INTO Pelicula_Actor (id_pelicula, id_actor, personaje) VALUES (1194963, 3652323, 'Joo-hee');
INSERT OR IGNORE INTO Pelicula_Categoria (id_pelicula, id_categoria) VALUES (1194963, 4);
INSERT OR IGNORE INTO Pelicula_Categoria (id_pelicula, id_categoria) VALUES (1194963, 6);
INSERT OR IGNORE INTO Pelicula_Compania (id_pelicula, id_compania) VALUES (1194963, undefined);
-- Fin película: 노이즈 --
