
-- === LOTE: Top Rated - Page 2 (2026-02-06T11:03:13.442Z) ===
INSERT OR IGNORE INTO Actor (id_actor, nombre, foto_path) VALUES (819, 'Edward Norton', 'https://image.tmdb.org/t/p/original/8nytsqL59SFJTVYVrN72k6qkGgJ.jpg');
INSERT OR IGNORE INTO Actor (id_actor, nombre, foto_path) VALUES (287, 'Brad Pitt', 'https://image.tmdb.org/t/p/original/cckcYc2v0yh1tc9QjRelptcOBko.jpg');
INSERT OR IGNORE INTO Actor (id_actor, nombre, foto_path) VALUES (1283, 'Helena Bonham Carter', 'https://image.tmdb.org/t/p/original/hJMbNSPJ2PCahsP3rNEU39C8GWU.jpg');
INSERT OR IGNORE INTO Actor (id_actor, nombre, foto_path) VALUES (7470, 'Meat Loaf', 'https://image.tmdb.org/t/p/original/7gKLR1u46OB8WJ6m06LemNBCMx6.jpg');
INSERT OR IGNORE INTO Actor (id_actor, nombre, foto_path) VALUES (7499, 'Jared Leto', 'https://image.tmdb.org/t/p/original/ca3x0OfIKbJppZh8S1Alx3GfUZO.jpg');
INSERT OR REPLACE INTO Pelicula (id_pelicula, titulo, descripcion, poster_path, backdrop_path, trailer, anio_estreno, duracion) VALUES (550, 'El Club de la Lucha', 'Un hombre consumido por el insomnio y una vida sin sentido conoce a Tyler Durden, un carismático anarquista que lo arrastra a un club secreto donde el dolor despierta algo dormido. Lo que comienza como liberación pronto se convierte en una guerra contra el sistema…', 'https://image.tmdb.org/t/p/original/sgTAWJFaB2kBvdQxRGabYFiQqEK.jpg', 'https://image.tmdb.org/t/p/original/5TiwfWEaPSwD20uwXjCTUqpQX70.jpg', 'https://www.youtube.com/watch?v=aIo4Adm96EA', 1999, 139);
INSERT OR REPLACE INTO Pelicula_Actor (id_pelicula, id_actor, personaje) VALUES (550, 819, 'Narrator');
INSERT OR REPLACE INTO Pelicula_Actor (id_pelicula, id_actor, personaje) VALUES (550, 287, 'Tyler Durden');
INSERT OR REPLACE INTO Pelicula_Actor (id_pelicula, id_actor, personaje) VALUES (550, 1283, 'Marla Singer');
INSERT OR REPLACE INTO Pelicula_Actor (id_pelicula, id_actor, personaje) VALUES (550, 7470, 'Robert Paulson');
INSERT OR REPLACE INTO Pelicula_Actor (id_pelicula, id_actor, personaje) VALUES (550, 7499, 'Angel Face');
INSERT OR IGNORE INTO Pelicula_Categoria (id_pelicula, id_categoria) VALUES (550, 7);
INSERT OR IGNORE INTO Pelicula_Categoria (id_pelicula, id_categoria) VALUES (550, 6);
INSERT OR IGNORE INTO Pelicula_Compania (id_pelicula, id_compania) VALUES (550, undefined);
-- Fin película: El Club de la Lucha --
INSERT OR IGNORE INTO Actor (id_actor, nombre, foto_path) VALUES (70131, 'Tatsuya Nakadai', 'https://image.tmdb.org/t/p/original/4LygOe0vFQplLIft5IUWI5OewPX.jpg');
INSERT OR IGNORE INTO Actor (id_actor, nombre, foto_path) VALUES (76977, '石濱朗', 'https://image.tmdb.org/t/p/original/sQC3XSIR0LeYPz11VJt8nJoeRKY.jpg');
INSERT OR IGNORE INTO Actor (id_actor, nombre, foto_path) VALUES (76976, '岩下志麻', 'https://image.tmdb.org/t/p/original/jVKVxWiaBP3ul4rztvB5vMgPoFv.jpg');
INSERT OR IGNORE INTO Actor (id_actor, nombre, foto_path) VALUES (10071, '丹波哲郎', 'https://image.tmdb.org/t/p/original/hrjJ1JfkVxjAOQ6IaSM6wBsIaAO.jpg');
INSERT OR IGNORE INTO Actor (id_actor, nombre, foto_path) VALUES (125721, '三島雅夫', 'https://image.tmdb.org/t/p/original/bfPdwV4TCWJ7jjf16MFNsOndHWB.jpg');
INSERT OR REPLACE INTO Pelicula (id_pelicula, titulo, descripcion, poster_path, backdrop_path, trailer, anio_estreno, duracion) VALUES (14537, 'Harakiri', 'Un samurái pide permiso para practicarse el Seppuku (o Harakiri), ceremonia durante la cual se quitará la vida abriéndose el estómago al tiempo que otro samurái lo decapitará. Solicita también poder contar la historia que le ha llevado a tomar tan trágica decisión.', 'https://image.tmdb.org/t/p/original/3uRTEObwdN7Q3u5xswL2Vf8EsOn.jpg', 'https://image.tmdb.org/t/p/original/e3hG3uadtcP0pYdRa5ch4ysQW76.jpg', 'https://www.youtube.com/watch?v=d4XmPZvKh0g', 1962, 133);
INSERT OR REPLACE INTO Pelicula_Actor (id_pelicula, id_actor, personaje) VALUES (14537, 70131, 'Hanshiro Tsugumo');
INSERT OR REPLACE INTO Pelicula_Actor (id_pelicula, id_actor, personaje) VALUES (14537, 76977, 'Motome Chijiiwa');
INSERT OR REPLACE INTO Pelicula_Actor (id_pelicula, id_actor, personaje) VALUES (14537, 76976, 'Miho Tsugumo');
INSERT OR REPLACE INTO Pelicula_Actor (id_pelicula, id_actor, personaje) VALUES (14537, 10071, 'Hikokuro Omodaka');
INSERT OR REPLACE INTO Pelicula_Actor (id_pelicula, id_actor, personaje) VALUES (14537, 125721, 'Tango Inaba');
INSERT OR IGNORE INTO Pelicula_Categoria (id_pelicula, id_categoria) VALUES (14537, 5);
INSERT OR IGNORE INTO Pelicula_Categoria (id_pelicula, id_categoria) VALUES (14537, 7);
INSERT OR IGNORE INTO Pelicula_Categoria (id_pelicula, id_categoria) VALUES (14537, 1);
INSERT OR IGNORE INTO Pelicula_Compania (id_pelicula, id_compania) VALUES (14537, undefined);
-- Fin película: Harakiri --
INSERT OR IGNORE INTO Actor (id_actor, nombre, foto_path) VALUES (24366, 'Philippe Noiret', 'https://image.tmdb.org/t/p/original/c2SR01KxuSOGpKh6rOtQMpmSREe.jpg');
INSERT OR IGNORE INTO Actor (id_actor, nombre, foto_path) VALUES (20030, 'Jacques Perrin', 'https://image.tmdb.org/t/p/original/lGbDfSdDgFg3QHgungWIDsV9uh7.jpg');
INSERT OR IGNORE INTO Actor (id_actor, nombre, foto_path) VALUES (27643, 'Marco Leonardi', 'https://image.tmdb.org/t/p/original/5VVhO9rPvRgKsZME2gZKtG9WgWD.jpg');
INSERT OR IGNORE INTO Actor (id_actor, nombre, foto_path) VALUES (68635, 'Salvatore Cascio', 'https://image.tmdb.org/t/p/original/7t59ZGfLUv30DBgoUcqXXhK0t6Y.jpg');
INSERT OR IGNORE INTO Actor (id_actor, nombre, foto_path) VALUES (120152, 'Agnese Nano', 'https://image.tmdb.org/t/p/original/gUbvX3dm8rIq58phY8jSl3oPgUe.jpg');
INSERT OR REPLACE INTO Pelicula (id_pelicula, titulo, descripcion, poster_path, backdrop_path, trailer, anio_estreno, duracion) VALUES (11216, 'Cinema Paradiso', 'En un pequeño pueblo siciliano durante los años previos a la llegada de la televisión (justo al finalizar la Segunda Guerra Mundial) el joven Toto vivía fascinado por el cine. Toto trata de entablar amistad con Alfredo, el proyeccionista del cine local, una persona muy irritable pero con un gran corazón. Todos estos hechos se presentan en forma de nostálgicos recuerdos de Toto que ha crecido hasta convertirse en un cineasta de éxito, y que revive a su infancia cuando recibe la noticia de que Alfredo ha muerto.', 'https://image.tmdb.org/t/p/original/hHwsr3t5n7VVUbPyU8VZswn0jkL.jpg', 'https://image.tmdb.org/t/p/original/zoVeIgKzGJzpdG6Gwnr7iOYfIMU.jpg', '', 1988, 155);
INSERT OR REPLACE INTO Pelicula_Actor (id_pelicula, id_actor, personaje) VALUES (11216, 24366, 'Alfredo');
INSERT OR REPLACE INTO Pelicula_Actor (id_pelicula, id_actor, personaje) VALUES (11216, 20030, 'Salvatore 'Totò' Di Vita (adult)');
INSERT OR REPLACE INTO Pelicula_Actor (id_pelicula, id_actor, personaje) VALUES (11216, 27643, 'Salvatore 'Totò' Di Vita (teen)');
INSERT OR REPLACE INTO Pelicula_Actor (id_pelicula, id_actor, personaje) VALUES (11216, 68635, 'Salvatore 'Totò' Di Vita (child)');
INSERT OR REPLACE INTO Pelicula_Actor (id_pelicula, id_actor, personaje) VALUES (11216, 120152, 'Elena Mendola (teen) / Elena's daughter (in Director's cut)');
INSERT OR IGNORE INTO Pelicula_Categoria (id_pelicula, id_categoria) VALUES (11216, 7);
INSERT OR IGNORE INTO Pelicula_Categoria (id_pelicula, id_categoria) VALUES (11216, 10);
INSERT OR IGNORE INTO Pelicula_Compania (id_pelicula, id_compania) VALUES (11216, undefined);
-- Fin película: Cinema Paradiso --
INSERT OR IGNORE INTO Actor (id_actor, nombre, foto_path) VALUES (8595, 'Alexandre Rodrigues', 'https://image.tmdb.org/t/p/original/iExs5h6LeFmdR3kDtSS5xYU1Qgx.jpg');
INSERT OR IGNORE INTO Actor (id_actor, nombre, foto_path) VALUES (8596, 'Leandro Firmino', 'https://image.tmdb.org/t/p/original/aEzWJgEzId04EP8C2UFQaF28WTW.jpg');
INSERT OR IGNORE INTO Actor (id_actor, nombre, foto_path) VALUES (8597, 'Phellipe Haagensen', 'https://image.tmdb.org/t/p/original/3dxy4unadLTAb6aUQUyX2r3AkE.jpg');
INSERT OR IGNORE INTO Actor (id_actor, nombre, foto_path) VALUES (8598, 'Douglas Silva', 'https://image.tmdb.org/t/p/original/7C2ZoLBU0W2gwnGbNRbi1cyIU2h.jpg');
INSERT OR IGNORE INTO Actor (id_actor, nombre, foto_path) VALUES (8599, 'Jonathan Haagensen', 'https://image.tmdb.org/t/p/original/cha3GxI1MfbCjc973iUNKUvopQF.jpg');
INSERT OR REPLACE INTO Pelicula (id_pelicula, titulo, descripcion, poster_path, backdrop_path, trailer, anio_estreno, duracion) VALUES (598, 'Ciudad de Dios', 'Basada en hechos reales, cuenta la historia del crecimiento del crimen organizado en los suburbios de la ciudad de Río de Janeiro, desde finales de los años sesenta hasta el comienzo de los ochenta, cuando el tráfico de drogas y la violencia impusieron su ley entre la miseria de las favelas.“Buscapé” tiene 11 años y es sólo un niño más en Cidade de Deus, un suburbio de Río de Janeiro. Tímido y delicado, observa a los niños duros de su barrio, sus robos, sus peleas, sus enfrentamientos diarios con la policía. Ya sabe lo que quiere ser si consigue sobrevivir: fotógrafo. “Dadinho”, un niño de su misma edad, se traslada al barrio. Sueña con ser el criminal más peligroso de Río de Janeiro y empieza su aprendizaje haciendo recados para los delincuentes locales. Dos vidas paralelas en Cidade de Deus.', 'https://image.tmdb.org/t/p/original/zYjngc6yGUO1IEuAwk0yAhg8CKh.jpg', 'https://image.tmdb.org/t/p/original/uvitbjFU4JqvMwIkMWHp69bmUzG.jpg', 'https://www.youtube.com/watch?v=63kaF1n5sz0', 2002, 130);
INSERT OR REPLACE INTO Pelicula_Actor (id_pelicula, id_actor, personaje) VALUES (598, 8595, 'Buscapé - Rocket');
INSERT OR REPLACE INTO Pelicula_Actor (id_pelicula, id_actor, personaje) VALUES (598, 8596, 'Zé Pequeno - Li'l Zé');
INSERT OR REPLACE INTO Pelicula_Actor (id_pelicula, id_actor, personaje) VALUES (598, 8597, 'Bené - Benny');
INSERT OR REPLACE INTO Pelicula_Actor (id_pelicula, id_actor, personaje) VALUES (598, 8598, 'Dadinho - Li'l Dice');
INSERT OR REPLACE INTO Pelicula_Actor (id_pelicula, id_actor, personaje) VALUES (598, 8599, 'Cabeleira - Shaggy');
INSERT OR IGNORE INTO Pelicula_Categoria (id_pelicula, id_categoria) VALUES (598, 7);
INSERT OR IGNORE INTO Pelicula_Categoria (id_pelicula, id_categoria) VALUES (598, 9);
INSERT OR IGNORE INTO Pelicula_Compania (id_pelicula, id_compania) VALUES (598, undefined);
-- Fin película: Ciudad de Dios --
INSERT OR IGNORE INTO Actor (id_actor, nombre, foto_path) VALUES (109, 'Elijah Wood', 'https://image.tmdb.org/t/p/original/7UKRbJBNG7mxBl2QQc5XsAh6F8B.jpg');
INSERT OR IGNORE INTO Actor (id_actor, nombre, foto_path) VALUES (1327, 'Ian McKellen', 'https://image.tmdb.org/t/p/original/coWjgMEYJjk2OrNddlXCBm8EIr3.jpg');
INSERT OR IGNORE INTO Actor (id_actor, nombre, foto_path) VALUES (110, 'Viggo Mortensen', 'https://image.tmdb.org/t/p/original/vH5gVSpHAMhDaFWfh0Q7BG61O1y.jpg');
INSERT OR IGNORE INTO Actor (id_actor, nombre, foto_path) VALUES (1328, 'Sean Astin', 'https://image.tmdb.org/t/p/original/As3ctGUtBYmG4zj4Ifyrcqd71HP.jpg');
INSERT OR IGNORE INTO Actor (id_actor, nombre, foto_path) VALUES (65, 'Ian Holm', 'https://image.tmdb.org/t/p/original/cOJDgvgj4nMec6Inzj1H5nugTO5.jpg');
INSERT OR REPLACE INTO Pelicula (id_pelicula, titulo, descripcion, poster_path, backdrop_path, trailer, anio_estreno, duracion) VALUES (120, 'El señor de los anillos: La comunidad del anillo', 'En la Tierra Media, el Señor Oscuro Saurón creó los Grandes Anillos de Poder, forjados por los herreros Elfos. Tres para los reyes Elfos, siete para los Señores Enanos, y nueve para los Hombres Mortales. Secretamente, Saurón también forjó un anillo maestro, el Anillo Único, que contiene en sí el poder para esclavizar a toda la Tierra Media. Con la ayuda de un grupo de amigos y de valientes aliados, Frodo emprende un peligroso viaje con la misión de destruir el Anillo Único. Pero el Señor Oscuro Sauron, quien creara el Anillo, envía a sus servidores para perseguir al grupo. Si Sauron lograra recuperar el Anillo, sería el final de la Tierra Media.', 'https://image.tmdb.org/t/p/original/9xtH1RmAzQ0rrMBNUMXstb2s3er.jpg', 'https://image.tmdb.org/t/p/original/a0lfia8tk8ifkrve0Tn8wkISUvs.jpg', 'https://www.youtube.com/watch?v=3GJp6p_mgPo', 2001, 179);
INSERT OR REPLACE INTO Pelicula_Actor (id_pelicula, id_actor, personaje) VALUES (120, 109, 'Frodo');
INSERT OR REPLACE INTO Pelicula_Actor (id_pelicula, id_actor, personaje) VALUES (120, 1327, 'Gandalf');
INSERT OR REPLACE INTO Pelicula_Actor (id_pelicula, id_actor, personaje) VALUES (120, 110, 'Aragorn');
INSERT OR REPLACE INTO Pelicula_Actor (id_pelicula, id_actor, personaje) VALUES (120, 1328, 'Sam');
INSERT OR REPLACE INTO Pelicula_Actor (id_pelicula, id_actor, personaje) VALUES (120, 65, 'Bilbo');
INSERT OR IGNORE INTO Pelicula_Categoria (id_pelicula, id_categoria) VALUES (120, 1);
INSERT OR IGNORE INTO Pelicula_Categoria (id_pelicula, id_categoria) VALUES (120, 3);
INSERT OR IGNORE INTO Pelicula_Categoria (id_pelicula, id_categoria) VALUES (120, 5);
INSERT OR IGNORE INTO Pelicula_Compania (id_pelicula, id_compania) VALUES (120, undefined);
INSERT OR IGNORE INTO Pelicula_Coleccion (id_pelicula, id_coleccion) VALUES (120, 119);
-- Fin película: El señor de los anillos: La comunidad del anillo --
INSERT OR IGNORE INTO Actor (id_actor, nombre, foto_path) VALUES (1508206, 'Nora Velázquez', 'https://image.tmdb.org/t/p/original/lh3fpLrabTkEuJ6rDGaighy1N1C.jpg');
INSERT OR IGNORE INTO Actor (id_actor, nombre, foto_path) VALUES (1379379, 'Benny Emmanuel', 'https://image.tmdb.org/t/p/original/rSqiumttAOg08Auypm5Z7FpdvMS.jpg');
INSERT OR IGNORE INTO Actor (id_actor, nombre, foto_path) VALUES (224508, 'Luisa Huertas', 'https://image.tmdb.org/t/p/original/pk2t0f2EcRGxg55xG9gkbyk2xkH.jpg');
INSERT OR IGNORE INTO Actor (id_actor, nombre, foto_path) VALUES (941366, 'Salvador Garcini', '');
INSERT OR IGNORE INTO Actor (id_actor, nombre, foto_path) VALUES (1549908, 'Andrés Delgado', 'https://image.tmdb.org/t/p/original/gq7nwfzsF9R81qGCc2tlzgO2FI7.jpg');
INSERT OR REPLACE INTO Pelicula (id_pelicula, titulo, descripcion, poster_path, backdrop_path, trailer, anio_estreno, duracion) VALUES (667257, 'Cosas imposibles', 'La vida es tan curiosa e impredecible que, a veces, uno encuentra la felicidad donde menos lo espera. Matilde es una mujer que, tras la muerte de su esposo –un hombre que abusó de ella constantemente–, encuentra a su nuevo gran amigo en Miguel, su vecino joven, inseguro, desorientado y hasta dealer..', 'https://image.tmdb.org/t/p/original/eaf7GQj0ieOwm08rrvjJQNbN0kN.jpg', 'https://image.tmdb.org/t/p/original/bxSBOAD8AuMHYMdW3jso9npAkgt.jpg', 'https://www.youtube.com/watch?v=WNysxnl_4co', 2021, 88);
INSERT OR REPLACE INTO Pelicula_Actor (id_pelicula, id_actor, personaje) VALUES (667257, 1508206, 'Matilde');
INSERT OR REPLACE INTO Pelicula_Actor (id_pelicula, id_actor, personaje) VALUES (667257, 1379379, 'Miguel');
INSERT OR REPLACE INTO Pelicula_Actor (id_pelicula, id_actor, personaje) VALUES (667257, 224508, 'Eugenia');
INSERT OR REPLACE INTO Pelicula_Actor (id_pelicula, id_actor, personaje) VALUES (667257, 941366, 'Porfirio');
INSERT OR REPLACE INTO Pelicula_Actor (id_pelicula, id_actor, personaje) VALUES (667257, 1549908, 'Lalo');
INSERT OR IGNORE INTO Pelicula_Categoria (id_pelicula, id_categoria) VALUES (667257, 12);
INSERT OR IGNORE INTO Pelicula_Categoria (id_pelicula, id_categoria) VALUES (667257, 7);
INSERT OR IGNORE INTO Pelicula_Compania (id_pelicula, id_compania) VALUES (667257, undefined);
-- Fin película: Cosas imposibles --
INSERT OR IGNORE INTO Actor (id_actor, nombre, foto_path) VALUES (7301, 'Anthony Perkins', 'https://image.tmdb.org/t/p/original/7FipKwmg2woHNvt5ATeXLBirHXs.jpg');
INSERT OR IGNORE INTO Actor (id_actor, nombre, foto_path) VALUES (7302, 'Janet Leigh', 'https://image.tmdb.org/t/p/original/2dv9IqJEx31RSoH7xAHlJZXF5uB.jpg');
INSERT OR IGNORE INTO Actor (id_actor, nombre, foto_path) VALUES (7303, 'Vera Miles', 'https://image.tmdb.org/t/p/original/9PDTsJnBfrAlvVPOBBFS3ehN8lD.jpg');
INSERT OR IGNORE INTO Actor (id_actor, nombre, foto_path) VALUES (7304, 'John Gavin', 'https://image.tmdb.org/t/p/original/n8vlG1PRtNzv6vlwjTNK7UnoKr0.jpg');
INSERT OR IGNORE INTO Actor (id_actor, nombre, foto_path) VALUES (1936, 'Martin Balsam', 'https://image.tmdb.org/t/p/original/2q7xs6j6vGll3pc9Mm6TUEvvwBf.jpg');
INSERT OR REPLACE INTO Pelicula (id_pelicula, titulo, descripcion, poster_path, backdrop_path, trailer, anio_estreno, duracion) VALUES (539, 'Psicosis', 'Una joven secretaria, tras cometer un robo, se marcha de la ciudad y conduce durante horas, parando para descansar en un pequeño motel de carretera regentado por un joven llamado Norman. Todo parece normal y tranquilo en el apartado motel y en la casa de al lado en la que viven Norman y su madre pero, mientras está en la ducha, la joven es asesinada salvajemente a cuchilladas.', 'https://image.tmdb.org/t/p/original/xFbnc2QPG5H5gYWsGbZT4q8Akya.jpg', 'https://image.tmdb.org/t/p/original/vzXQEAmXIEWAtPCgB81bAS6EJCy.jpg', 'https://www.youtube.com/watch?v=mC2gOyWuSEY', 1960, 109);
INSERT OR REPLACE INTO Pelicula_Actor (id_pelicula, id_actor, personaje) VALUES (539, 7301, 'Norman Bates');
INSERT OR REPLACE INTO Pelicula_Actor (id_pelicula, id_actor, personaje) VALUES (539, 7302, 'Marion Crane');
INSERT OR REPLACE INTO Pelicula_Actor (id_pelicula, id_actor, personaje) VALUES (539, 7303, 'Lila Crane');
INSERT OR REPLACE INTO Pelicula_Actor (id_pelicula, id_actor, personaje) VALUES (539, 7304, 'Sam Loomis');
INSERT OR REPLACE INTO Pelicula_Actor (id_pelicula, id_actor, personaje) VALUES (539, 1936, 'Milton Arbogast');
INSERT OR IGNORE INTO Pelicula_Categoria (id_pelicula, id_categoria) VALUES (539, 4);
INSERT OR IGNORE INTO Pelicula_Categoria (id_pelicula, id_categoria) VALUES (539, 6);
INSERT OR IGNORE INTO Pelicula_Categoria (id_pelicula, id_categoria) VALUES (539, 1);
INSERT OR IGNORE INTO Pelicula_Compania (id_pelicula, id_compania) VALUES (539, undefined);
INSERT OR IGNORE INTO Pelicula_Coleccion (id_pelicula, id_coleccion) VALUES (539, 119674);
-- Fin película: Psicosis --
INSERT OR IGNORE INTO Actor (id_actor, nombre, foto_path) VALUES (8600, 'Matheus Nachtergaele', 'https://image.tmdb.org/t/p/original/zgTT5AP7NYa2hN0jUqHIHkNyp2v.jpg');
INSERT OR IGNORE INTO Actor (id_actor, nombre, foto_path) VALUES (87341, 'Selton Mello', 'https://image.tmdb.org/t/p/original/sBVDTAAEDJuVBTKzVGA0PrqeD17.jpg');
INSERT OR IGNORE INTO Actor (id_actor, nombre, foto_path) VALUES (123757, 'Rogério Cardoso', 'https://image.tmdb.org/t/p/original/ertp7Yo3BhAA9FXaXJo4LDK9Out.jpg');
INSERT OR IGNORE INTO Actor (id_actor, nombre, foto_path) VALUES (123758, 'Denise Fraga', 'https://image.tmdb.org/t/p/original/oLn1Av1qF0vbip8WKnTb4EQkaZ5.jpg');
INSERT OR IGNORE INTO Actor (id_actor, nombre, foto_path) VALUES (102551, 'Diogo Vilela', 'https://image.tmdb.org/t/p/original/hsAky8EzEgWMlbCr9YgJJ69B5lt.jpg');
INSERT OR REPLACE INTO Pelicula (id_pelicula, titulo, descripcion, poster_path, backdrop_path, trailer, anio_estreno, duracion) VALUES (40096, 'O Auto da Compadecida', 'En el interior del estado de Paríba, en el pueblo de Taperoá, viven João Grilo y Chicó, dos tipos muy pobres que van anunciando por las calles la mejor película del mundo, ''La Pasión de Cristo''. La sesión tiene éxito y ellos ganan algo de dinero pero siguen luchando por la supervivencia. João Grilo y Chicó planean nuevas tretas para conseguir algún dinero y se enfrentan a numeroso desafíos provocando múltiples confusiones causadas por la astucia de João Grilo, siempre acompañado de Chicó.', 'https://image.tmdb.org/t/p/original/imcOp1kJsCsAFCoOtY5OnPrFbAf.jpg', 'https://image.tmdb.org/t/p/original/alQqTpmEkxSLgajfEYTsTH6nAKB.jpg', '', 2000, 104);
INSERT OR REPLACE INTO Pelicula_Actor (id_pelicula, id_actor, personaje) VALUES (40096, 8600, 'João Grilo');
INSERT OR REPLACE INTO Pelicula_Actor (id_pelicula, id_actor, personaje) VALUES (40096, 87341, 'Chicó');
INSERT OR REPLACE INTO Pelicula_Actor (id_pelicula, id_actor, personaje) VALUES (40096, 123757, 'Padre João');
INSERT OR REPLACE INTO Pelicula_Actor (id_pelicula, id_actor, personaje) VALUES (40096, 123758, 'Dora');
INSERT OR REPLACE INTO Pelicula_Actor (id_pelicula, id_actor, personaje) VALUES (40096, 102551, 'Eurico');
INSERT OR IGNORE INTO Pelicula_Categoria (id_pelicula, id_categoria) VALUES (40096, 12);
INSERT OR IGNORE INTO Pelicula_Categoria (id_pelicula, id_categoria) VALUES (40096, 7);
INSERT OR IGNORE INTO Pelicula_Categoria (id_pelicula, id_categoria) VALUES (40096, 3);
INSERT OR IGNORE INTO Pelicula_Categoria (id_pelicula, id_categoria) VALUES (40096, 10);
INSERT OR IGNORE INTO Pelicula_Compania (id_pelicula, id_compania) VALUES (40096, undefined);
INSERT OR IGNORE INTO Pelicula_Coleccion (id_pelicula, id_coleccion) VALUES (40096, 1219938);
-- Fin película: O Auto da Compadecida --
INSERT OR IGNORE INTO Actor (id_actor, nombre, foto_path) VALUES (514, 'Jack Nicholson', 'https://image.tmdb.org/t/p/original/hBHcQIEa6P48HQAlLZkh0eKSSkG.jpg');
INSERT OR IGNORE INTO Actor (id_actor, nombre, foto_path) VALUES (1370, 'Brad Dourif', 'https://image.tmdb.org/t/p/original/ex7AmuHM3owhUetYZAyOmN1ehWS.jpg');
INSERT OR IGNORE INTO Actor (id_actor, nombre, foto_path) VALUES (7071, 'Louise Fletcher', 'https://image.tmdb.org/t/p/original/hN15em5LqXqDe1QgDa6lXK9fx3z.jpg');
INSERT OR IGNORE INTO Actor (id_actor, nombre, foto_path) VALUES (518, 'Danny DeVito', 'https://image.tmdb.org/t/p/original/6kO4IN7ndoIGw2JhyhAQN3SFmdx.jpg');
INSERT OR IGNORE INTO Actor (id_actor, nombre, foto_path) VALUES (7072, 'William Redfield', 'https://image.tmdb.org/t/p/original/6w7BRi6bTRZq263Bxkfogy4ekLB.jpg');
INSERT OR REPLACE INTO Pelicula (id_pelicula, titulo, descripcion, poster_path, backdrop_path, trailer, anio_estreno, duracion) VALUES (510, 'Alguien voló sobre el nido del cuco', 'Randle McMurphy (Jack Nicholson), un violador de espíritu libre, que vive contracorriente, es recluido en un hospital psiquiátrico. La inflexible disciplina del centro acentúa su contagiosa tendencia al desorden, que acabará desencadenando una guerra entre los pacientes y el personal de la clínica con la fría y severa enfermera Ratched (Louise Fletcher) a la cabeza. La suerte de cada paciente del pabellón está en juego.', 'https://image.tmdb.org/t/p/original/lBYmCynNEPt7HVaJvuXgfHvLhbJ.jpg', 'https://image.tmdb.org/t/p/original/6Oa3zTiluBz2W8D2ou1MY16dUiF.jpg', '', 1975, 133);
INSERT OR REPLACE INTO Pelicula_Actor (id_pelicula, id_actor, personaje) VALUES (510, 514, 'Randle Patrick McMurphy');
INSERT OR REPLACE INTO Pelicula_Actor (id_pelicula, id_actor, personaje) VALUES (510, 1370, 'Billy Bibbit');
INSERT OR REPLACE INTO Pelicula_Actor (id_pelicula, id_actor, personaje) VALUES (510, 7071, 'Nurse Mildred Ratched');
INSERT OR REPLACE INTO Pelicula_Actor (id_pelicula, id_actor, personaje) VALUES (510, 518, 'Martini');
INSERT OR REPLACE INTO Pelicula_Actor (id_pelicula, id_actor, personaje) VALUES (510, 7072, 'Dale Harding');
INSERT OR IGNORE INTO Pelicula_Categoria (id_pelicula, id_categoria) VALUES (510, 7);
INSERT OR IGNORE INTO Pelicula_Compania (id_pelicula, id_compania) VALUES (510, undefined);
-- Fin película: Alguien voló sobre el nido del cuco --
INSERT OR IGNORE INTO Actor (id_actor, nombre, foto_path) VALUES (109, 'Elijah Wood', 'https://image.tmdb.org/t/p/original/7UKRbJBNG7mxBl2QQc5XsAh6F8B.jpg');
INSERT OR IGNORE INTO Actor (id_actor, nombre, foto_path) VALUES (1327, 'Ian McKellen', 'https://image.tmdb.org/t/p/original/coWjgMEYJjk2OrNddlXCBm8EIr3.jpg');
INSERT OR IGNORE INTO Actor (id_actor, nombre, foto_path) VALUES (110, 'Viggo Mortensen', 'https://image.tmdb.org/t/p/original/vH5gVSpHAMhDaFWfh0Q7BG61O1y.jpg');
INSERT OR IGNORE INTO Actor (id_actor, nombre, foto_path) VALUES (1328, 'Sean Astin', 'https://image.tmdb.org/t/p/original/As3ctGUtBYmG4zj4Ifyrcqd71HP.jpg');
INSERT OR IGNORE INTO Actor (id_actor, nombre, foto_path) VALUES (1333, 'Andy Serkis', 'https://image.tmdb.org/t/p/original/eNGqhebQ4cDssjVeNFrKtUvweV5.jpg');
INSERT OR REPLACE INTO Pelicula (id_pelicula, titulo, descripcion, poster_path, backdrop_path, trailer, anio_estreno, duracion) VALUES (121, 'El señor de los anillos: Las dos torres', 'La Compañía del Anillo se ha disuelto. El portador del anillo Frodo y su fiel amigo Sam se dirigen hacia Mordor para destruir el Anillo Único y acabar con el poder de Sauron. Mientras, y tras la dura batalla contra los orcos donde cayó Boromir, el hombre Aragorn, el elfo Legolas y el enano Gimli intentan rescatar a los medianos Merry y Pipin, secuestrados por los ogros de Mordor. Por su parte, Saurón y el traidor Sarumán continúan con sus planes en Mordor, en espera de la guerra contra las razas libres de la Tierra Media.', 'https://image.tmdb.org/t/p/original/z632eZtXaw76ZE5mMMGOBXCpm1T.jpg', 'https://image.tmdb.org/t/p/original/kWYfW2Re0rUDE6IHhy4CRuKWeFr.jpg', 'https://www.youtube.com/watch?v=h-9RYiqyqjk', 2002, 180);
INSERT OR REPLACE INTO Pelicula_Actor (id_pelicula, id_actor, personaje) VALUES (121, 109, 'Frodo');
INSERT OR REPLACE INTO Pelicula_Actor (id_pelicula, id_actor, personaje) VALUES (121, 1327, 'Gandalf');
INSERT OR REPLACE INTO Pelicula_Actor (id_pelicula, id_actor, personaje) VALUES (121, 110, 'Aragorn');
INSERT OR REPLACE INTO Pelicula_Actor (id_pelicula, id_actor, personaje) VALUES (121, 1328, 'Sam');
INSERT OR REPLACE INTO Pelicula_Actor (id_pelicula, id_actor, personaje) VALUES (121, 1333, 'Gollum');
INSERT OR IGNORE INTO Pelicula_Categoria (id_pelicula, id_categoria) VALUES (121, 1);
INSERT OR IGNORE INTO Pelicula_Categoria (id_pelicula, id_categoria) VALUES (121, 3);
INSERT OR IGNORE INTO Pelicula_Categoria (id_pelicula, id_categoria) VALUES (121, 5);
INSERT OR IGNORE INTO Pelicula_Compania (id_pelicula, id_compania) VALUES (121, undefined);
INSERT OR IGNORE INTO Pelicula_Coleccion (id_pelicula, id_coleccion) VALUES (121, 119);
-- Fin película: El señor de los anillos: Las dos torres --
INSERT OR IGNORE INTO Actor (id_actor, nombre, foto_path) VALUES (1312450, 'Melanie Zanetti', 'https://image.tmdb.org/t/p/original/lbUQ7ilvBtWMU23reKsHg3jRmsf.jpg');
INSERT OR IGNORE INTO Actor (id_actor, nombre, foto_path) VALUES (544002, 'Giulio Berruti', 'https://image.tmdb.org/t/p/original/cCOWVvjQ1TblPvM7TgMBqMczkOX.jpg');
INSERT OR IGNORE INTO Actor (id_actor, nombre, foto_path) VALUES (73659, 'Kurt McKinney', 'https://image.tmdb.org/t/p/original/setj0mgP81HdUdBiXF4SU5Gs1Dx.jpg');
INSERT OR IGNORE INTO Actor (id_actor, nombre, foto_path) VALUES (1188681, 'Agnes Albright', 'https://image.tmdb.org/t/p/original/39laAb3lRSVQv4NtXzIwuowuFry.jpg');
INSERT OR IGNORE INTO Actor (id_actor, nombre, foto_path) VALUES (2595115, 'Margaux Brooke', 'https://image.tmdb.org/t/p/original/leLl5l6KnjMdg5O48FhDfB7GquI.jpg');
INSERT OR REPLACE INTO Pelicula (id_pelicula, titulo, descripcion, poster_path, backdrop_path, trailer, anio_estreno, duracion) VALUES (696374, 'Gabriel''s Inferno', 'El enigmático y atractivo profesor Gabriel Emerson, reconocido especialista en Dante, es un hombre torturado por su pasado y orgulloso del prestigio que ha conseguido, aunque también es consciente de que es un imán para el pecado y, en especial, para la lujuria.', 'https://image.tmdb.org/t/p/original/oyG9TL7FcRP4EZ9Vid6uKzwdndz.jpg', 'https://image.tmdb.org/t/p/original/nIkcTtuhmkl1GZO2LfZi7SwFz7F.jpg', '', 2020, 122);
INSERT OR REPLACE INTO Pelicula_Actor (id_pelicula, id_actor, personaje) VALUES (696374, 1312450, 'Julianne Mitchell');
INSERT OR REPLACE INTO Pelicula_Actor (id_pelicula, id_actor, personaje) VALUES (696374, 544002, 'Gabriel Emerson');
INSERT OR REPLACE INTO Pelicula_Actor (id_pelicula, id_actor, personaje) VALUES (696374, 73659, 'Tom Mitchell');
INSERT OR REPLACE INTO Pelicula_Actor (id_pelicula, id_actor, personaje) VALUES (696374, 1188681, 'Paulina');
INSERT OR REPLACE INTO Pelicula_Actor (id_pelicula, id_actor, personaje) VALUES (696374, 2595115, 'Christa Peterson');
INSERT OR IGNORE INTO Pelicula_Categoria (id_pelicula, id_categoria) VALUES (696374, 10);
INSERT OR IGNORE INTO Pelicula_Categoria (id_pelicula, id_categoria) VALUES (696374, 7);
INSERT OR IGNORE INTO Pelicula_Compania (id_pelicula, id_compania) VALUES (696374, undefined);
INSERT OR IGNORE INTO Pelicula_Coleccion (id_pelicula, id_coleccion) VALUES (696374, 729322);
-- Fin película: Gabriel''s Inferno --
INSERT OR IGNORE INTO Actor (id_actor, nombre, foto_path) VALUES (587506, 'Shameik Moore', 'https://image.tmdb.org/t/p/original/ovUKfVOwJ7CadEHaG3NDsfA5xRq.jpg');
INSERT OR IGNORE INTO Actor (id_actor, nombre, foto_path) VALUES (543505, 'Jake Johnson', 'https://image.tmdb.org/t/p/original/3UNfW2qZgRkW81neNVfQvaRC92K.jpg');
INSERT OR IGNORE INTO Actor (id_actor, nombre, foto_path) VALUES (130640, 'Hailee Steinfeld', 'https://image.tmdb.org/t/p/original/jiClUr3gaySWAyfXAHiCgmmtvij.jpg');
INSERT OR IGNORE INTO Actor (id_actor, nombre, foto_path) VALUES (932967, 'Mahershala Ali', 'https://image.tmdb.org/t/p/original/9ZmSejm5lnUVY5IJ1iNx2QEjnHb.jpg');
INSERT OR IGNORE INTO Actor (id_actor, nombre, foto_path) VALUES (226366, 'Brian Tyree Henry', 'https://image.tmdb.org/t/p/original/1UgDnFt3OteCJQPiUelWzIR5bvT.jpg');
INSERT OR REPLACE INTO Pelicula (id_pelicula, titulo, descripcion, poster_path, backdrop_path, trailer, anio_estreno, duracion) VALUES (324857, 'Spider-Man: un nuevo universo', 'En un universo paralelo donde Peter Parker ha muerto, un joven de secundaria llamado Miles Morales es el nuevo Spider-Man. Sin embargo, cuando el líder mafioso Wilson Fisk construye el ''Super Colisionador'' trae a una versión alternativa de Peter Parker que tratará de enseñar a Miles como ser un mejor Spider-Man. Pero no será el único Spider Man en entrar a este universo:  cuatro versiones alternativas buscan regresar a su universo antes de que toda la realidad se colapse.', 'https://image.tmdb.org/t/p/original/xRMZikjAHNFebD1FLRqgDZeGV4a.jpg', 'https://image.tmdb.org/t/p/original/8mnXR9rey5uQ08rZAvzojKWbDQS.jpg', 'https://www.youtube.com/watch?v=qLObEn9IK20', 2018, 116);
INSERT OR REPLACE INTO Pelicula_Actor (id_pelicula, id_actor, personaje) VALUES (324857, 587506, 'Miles Morales (voice)');
INSERT OR REPLACE INTO Pelicula_Actor (id_pelicula, id_actor, personaje) VALUES (324857, 543505, 'Peter B. Parker (voice)');
INSERT OR REPLACE INTO Pelicula_Actor (id_pelicula, id_actor, personaje) VALUES (324857, 130640, 'Gwen Stacy (voice)');
INSERT OR REPLACE INTO Pelicula_Actor (id_pelicula, id_actor, personaje) VALUES (324857, 932967, 'Uncle Aaron (voice)');
INSERT OR REPLACE INTO Pelicula_Actor (id_pelicula, id_actor, personaje) VALUES (324857, 226366, 'Jefferson Davis (voice)');
INSERT OR IGNORE INTO Pelicula_Categoria (id_pelicula, id_categoria) VALUES (324857, 5);
INSERT OR IGNORE INTO Pelicula_Categoria (id_pelicula, id_categoria) VALUES (324857, 5);
INSERT OR IGNORE INTO Pelicula_Categoria (id_pelicula, id_categoria) VALUES (324857, 1);
INSERT OR IGNORE INTO Pelicula_Categoria (id_pelicula, id_categoria) VALUES (324857, 3);
INSERT OR IGNORE INTO Pelicula_Compania (id_pelicula, id_compania) VALUES (324857, undefined);
INSERT OR IGNORE INTO Pelicula_Coleccion (id_pelicula, id_coleccion) VALUES (324857, 573436);
-- Fin película: Spider-Man: un nuevo universo --
INSERT OR IGNORE INTO Actor (id_actor, nombre, foto_path) VALUES (85008, '설경구', 'https://image.tmdb.org/t/p/original/teD7AMzfNl4qhQO2b6MAWwLtPVn.jpg');
INSERT OR IGNORE INTO Actor (id_actor, nombre, foto_path) VALUES (1299243, '엄지원', 'https://image.tmdb.org/t/p/original/21ln2aJX0BWCWURqpDW2CjKL9BB.jpg');
INSERT OR IGNORE INTO Actor (id_actor, nombre, foto_path) VALUES (1299244, '이레', 'https://image.tmdb.org/t/p/original/i1A5E4v5xRFammipC3H4jeOwczv.jpg');
INSERT OR IGNORE INTO Actor (id_actor, nombre, foto_path) VALUES (123820, '김상호', 'https://image.tmdb.org/t/p/original/jGo5mG7OEj9LAGh55UPEwL4cEQl.jpg');
INSERT OR IGNORE INTO Actor (id_actor, nombre, foto_path) VALUES (93252, '김해숙', 'https://image.tmdb.org/t/p/original/dt5bmKeG7qbvDwHrxFZFxiGc9fZ.jpg');
INSERT OR REPLACE INTO Pelicula (id_pelicula, titulo, descripcion, poster_path, backdrop_path, trailer, anio_estreno, duracion) VALUES (255709, 'So Won', 'Una niña llamada So Won se convierte en víctima de la violencia. Su familia pasa por la desesperación y el dolor al intentar abrir otra puerta en su vida.', 'https://image.tmdb.org/t/p/original/PZlNvDwKwHeHUsXnd6SEDXWZNn.jpg', 'https://image.tmdb.org/t/p/original/4Nx40jwpoTHPjCWNGoaZ6kaoGxa.jpg', '', 2013, 123);
INSERT OR REPLACE INTO Pelicula_Actor (id_pelicula, id_actor, personaje) VALUES (255709, 85008, 'Dong-hoon');
INSERT OR REPLACE INTO Pelicula_Actor (id_pelicula, id_actor, personaje) VALUES (255709, 1299243, 'Mi-hee');
INSERT OR REPLACE INTO Pelicula_Actor (id_pelicula, id_actor, personaje) VALUES (255709, 1299244, 'So-won');
INSERT OR REPLACE INTO Pelicula_Actor (id_pelicula, id_actor, personaje) VALUES (255709, 123820, 'Gwang-sik');
INSERT OR REPLACE INTO Pelicula_Actor (id_pelicula, id_actor, personaje) VALUES (255709, 93252, 'Psychiatrist Jung-sook');
INSERT OR IGNORE INTO Pelicula_Categoria (id_pelicula, id_categoria) VALUES (255709, 7);
INSERT OR IGNORE INTO Pelicula_Compania (id_pelicula, id_compania) VALUES (255709, undefined);
-- Fin película: So Won --
INSERT OR IGNORE INTO Actor (id_actor, nombre, foto_path) VALUES (2, 'Mark Hamill', 'https://image.tmdb.org/t/p/original/zMQ93JTLW8KxusKhOlHFZhih3YQ.jpg');
INSERT OR IGNORE INTO Actor (id_actor, nombre, foto_path) VALUES (3, 'Harrison Ford', 'https://image.tmdb.org/t/p/original/zVnHagUvXkR2StdOtquEwsiwSVt.jpg');
INSERT OR IGNORE INTO Actor (id_actor, nombre, foto_path) VALUES (4, 'Carrie Fisher', 'https://image.tmdb.org/t/p/original/of4yHmryKPy92eeskUQ7MRmjC3l.jpg');
INSERT OR IGNORE INTO Actor (id_actor, nombre, foto_path) VALUES (3799, 'Billy Dee Williams', 'https://image.tmdb.org/t/p/original/AwFFWuXJbGCXb0cA5uZvCNtg68H.jpg');
INSERT OR IGNORE INTO Actor (id_actor, nombre, foto_path) VALUES (6, 'Anthony Daniels', 'https://image.tmdb.org/t/p/original/7kR4kwXtvXtvrsxWeX3QLX5NS5V.jpg');
INSERT OR REPLACE INTO Pelicula (id_pelicula, titulo, descripcion, poster_path, backdrop_path, trailer, anio_estreno, duracion) VALUES (1891, 'El imperio contraataca', 'Tras un ataque sorpresa de las tropas imperiales a las bases camufladas de la alianza rebelde, Luke Skywalker, en compañía de R2D2, parte hacia el planeta Dagobah en busca de Yoda, el último maestro Jedi, para que le enseñe los secretos de la Fuerza. Mientras, Han Solo, la princesa Leia, Chewbacca, y C3PO esquivan a las fuerzas imperiales y piden refugio al antiguo propietario del Halcón Milenario, Lando Calrissian, en la ciudad minera de Bespin, donde les prepara una trampa urdida por Darth Vader.', 'https://image.tmdb.org/t/p/original/eU7KcNAOeZj9PBIcGUMSsuJz8qj.jpg', 'https://image.tmdb.org/t/p/original/aJCtkxLLzkk1pECehVjKHA2lBgw.jpg', 'https://www.youtube.com/watch?v=xr3hPFJAHO4', 1980, 124);
INSERT OR REPLACE INTO Pelicula_Actor (id_pelicula, id_actor, personaje) VALUES (1891, 2, 'Luke Skywalker');
INSERT OR REPLACE INTO Pelicula_Actor (id_pelicula, id_actor, personaje) VALUES (1891, 3, 'Han Solo');
INSERT OR REPLACE INTO Pelicula_Actor (id_pelicula, id_actor, personaje) VALUES (1891, 4, 'Princess Leia');
INSERT OR REPLACE INTO Pelicula_Actor (id_pelicula, id_actor, personaje) VALUES (1891, 3799, 'Lando Calrissian');
INSERT OR REPLACE INTO Pelicula_Actor (id_pelicula, id_actor, personaje) VALUES (1891, 6, 'C-3PO');
INSERT OR IGNORE INTO Pelicula_Categoria (id_pelicula, id_categoria) VALUES (1891, 1);
INSERT OR IGNORE INTO Pelicula_Categoria (id_pelicula, id_categoria) VALUES (1891, 5);
INSERT OR IGNORE INTO Pelicula_Categoria (id_pelicula, id_categoria) VALUES (1891, 3);
INSERT OR IGNORE INTO Pelicula_Compania (id_pelicula, id_compania) VALUES (1891, undefined);
INSERT OR IGNORE INTO Pelicula_Coleccion (id_pelicula, id_coleccion) VALUES (1891, 10);
-- Fin película: El imperio contraataca --
INSERT OR IGNORE INTO Actor (id_actor, nombre, foto_path) VALUES (380, 'Robert De Niro', 'https://image.tmdb.org/t/p/original/cT8htcckIuyI1Lqwt1CvD02ynTh.jpg');
INSERT OR IGNORE INTO Actor (id_actor, nombre, foto_path) VALUES (4512, 'James Woods', 'https://image.tmdb.org/t/p/original/tLH7mpH4KqkWL5VgjueTbewGsfK.jpg');
INSERT OR IGNORE INTO Actor (id_actor, nombre, foto_path) VALUES (4513, 'Elizabeth McGovern', 'https://image.tmdb.org/t/p/original/nA5jJkV5YyYvhpaMD285qQnOWGv.jpg');
INSERT OR IGNORE INTO Actor (id_actor, nombre, foto_path) VALUES (4515, 'Treat Williams', 'https://image.tmdb.org/t/p/original/jbRMOU2K7ePg7Zs59nfgEYLeD1e.jpg');
INSERT OR IGNORE INTO Actor (id_actor, nombre, foto_path) VALUES (4514, 'Tuesday Weld', 'https://image.tmdb.org/t/p/original/9d58qElviT6Q9soeixJmxWtaMBc.jpg');
INSERT OR REPLACE INTO Pelicula (id_pelicula, titulo, descripcion, poster_path, backdrop_path, trailer, anio_estreno, duracion) VALUES (311, 'Érase una vez en América', 'David Aaronson "Noodles", un pobre joven judío, conoce en los suburbios de principios del siglo XX de Manhattan, Nueva York, a Maximilian Bercovicz "Max", otro joven de origen hebreo dispuesto a llegar lejos por cualquier método. Entablan una gran amistad y forman, con los 3 colegas de "Noodles", Patrick Goldberg "Patsy", Philip Stein "Cockeye", y Dominic una banda que prospera rápidamente. Desgraciadamente, son perseguidos por Bugsy, el tipo para el que Noodles y sus amigos trabajaban anteriormente, y en uno de sus asaltos, mata a Dominic. Rápidamente Noodles se tira encima suyo y le mata, por lo que pasará 12 años en prisión. Cuando Noodles sale de prisión le recibe Max, que sigue con su banda junto a los otros 2 amigos, Patsy y Cockeye. Rápidamente, entre los 4, llegan a convertirse, en tiempos de la prohibición, en unos de los mayores gánsteres de todo el país.', 'https://image.tmdb.org/t/p/original/u4VnqaxINtKVscmdldZsBojU6jm.jpg', 'https://image.tmdb.org/t/p/original/xlDUjb0Q5Dv6jPQRF5VE4IMjIy.jpg', '', 1984, 225);
INSERT OR REPLACE INTO Pelicula_Actor (id_pelicula, id_actor, personaje) VALUES (311, 380, 'David 'Noodles' Aaronson');
INSERT OR REPLACE INTO Pelicula_Actor (id_pelicula, id_actor, personaje) VALUES (311, 4512, 'Maximilian 'Max' Bercovicz');
INSERT OR REPLACE INTO Pelicula_Actor (id_pelicula, id_actor, personaje) VALUES (311, 4513, 'Deborah Gelly');
INSERT OR REPLACE INTO Pelicula_Actor (id_pelicula, id_actor, personaje) VALUES (311, 4515, 'James Conway O Donnell');
INSERT OR REPLACE INTO Pelicula_Actor (id_pelicula, id_actor, personaje) VALUES (311, 4514, 'Carol');
INSERT OR IGNORE INTO Pelicula_Categoria (id_pelicula, id_categoria) VALUES (311, 7);
INSERT OR IGNORE INTO Pelicula_Categoria (id_pelicula, id_categoria) VALUES (311, 9);
INSERT OR IGNORE INTO Pelicula_Compania (id_pelicula, id_compania) VALUES (311, undefined);
-- Fin película: Érase una vez en América --
INSERT OR IGNORE INTO Actor (id_actor, nombre, foto_path) VALUES (533325, '倍賞千恵子', 'https://image.tmdb.org/t/p/original/b8ANR4WfdUZtoU4ktlnMFzbq759.jpg');
INSERT OR IGNORE INTO Actor (id_actor, nombre, foto_path) VALUES (12670, '木村拓哉', 'https://image.tmdb.org/t/p/original/sswCg8kvFsgSaVJwcIKKe4K7jOe.jpg');
INSERT OR IGNORE INTO Actor (id_actor, nombre, foto_path) VALUES (20338, '美輪明宏', 'https://image.tmdb.org/t/p/original/pCfBeLJigKnUWOAy7hsdBR7K0UV.jpg');
INSERT OR IGNORE INTO Actor (id_actor, nombre, foto_path) VALUES (19592, 'Tatsuya Gashûin', 'https://image.tmdb.org/t/p/original/fLqIdkShknsJmZy4EfBWuWyHN4C.jpg');
INSERT OR IGNORE INTO Actor (id_actor, nombre, foto_path) VALUES (225730, 'Ryunosuke Kamiki', 'https://image.tmdb.org/t/p/original/ut7ewXjdgUmgkhJ1EtbOo9tbc7s.jpg');
INSERT OR REPLACE INTO Pelicula (id_pelicula, titulo, descripcion, poster_path, backdrop_path, trailer, anio_estreno, duracion) VALUES (4935, 'El castillo ambulante', 'Sophie, una joven sobre la que pesa una horrible maldición que le confiere el aspecto de una anciana, decide pedir ayuda al mago Howl, que vive en un castillo ambulante, pero tal vez sea Howl quien necesite la ayuda de Sophie.', 'https://image.tmdb.org/t/p/original/p8EARnEw8KPZzlZg3vkseYVMczu.jpg', 'https://image.tmdb.org/t/p/original/pjy0T63vIFYvxRSJ3ZtjB4tmWV4.jpg', '', 2004, 120);
INSERT OR REPLACE INTO Pelicula_Actor (id_pelicula, id_actor, personaje) VALUES (4935, 533325, 'Sophie (voice)');
INSERT OR REPLACE INTO Pelicula_Actor (id_pelicula, id_actor, personaje) VALUES (4935, 12670, 'Howl (voice)');
INSERT OR REPLACE INTO Pelicula_Actor (id_pelicula, id_actor, personaje) VALUES (4935, 20338, 'Witch of the Waste (voice)');
INSERT OR REPLACE INTO Pelicula_Actor (id_pelicula, id_actor, personaje) VALUES (4935, 19592, 'Calcifer (voice)');
INSERT OR REPLACE INTO Pelicula_Actor (id_pelicula, id_actor, personaje) VALUES (4935, 225730, 'Markl (voice)');
INSERT OR IGNORE INTO Pelicula_Categoria (id_pelicula, id_categoria) VALUES (4935, 3);
INSERT OR IGNORE INTO Pelicula_Categoria (id_pelicula, id_categoria) VALUES (4935, 5);
INSERT OR IGNORE INTO Pelicula_Categoria (id_pelicula, id_categoria) VALUES (4935, 1);
INSERT OR IGNORE INTO Pelicula_Compania (id_pelicula, id_compania) VALUES (4935, undefined);
-- Fin película: El castillo ambulante --
INSERT OR IGNORE INTO Actor (id_actor, nombre, foto_path) VALUES (19588, 'Miyu Irino', 'https://image.tmdb.org/t/p/original/8qEEhHUObNvGQr4e6eqLu5z4qTz.jpg');
INSERT OR IGNORE INTO Actor (id_actor, nombre, foto_path) VALUES (221773, 'Saori Hayami', 'https://image.tmdb.org/t/p/original/gLv9lO7dlUbIsmyJUvgegqAAXki.jpg');
INSERT OR IGNORE INTO Actor (id_actor, nombre, foto_path) VALUES (936275, 'Aoi Yuki', 'https://image.tmdb.org/t/p/original/a5Mkd66GV1l3c9bZZtnvjUf33T2.jpg');
INSERT OR IGNORE INTO Actor (id_actor, nombre, foto_path) VALUES (1065297, 'Kensho Ono', 'https://image.tmdb.org/t/p/original/wUYJ3HIeygHfh4rAqupE4RPoG3W.jpg');
INSERT OR IGNORE INTO Actor (id_actor, nombre, foto_path) VALUES (1258549, '金子有希', 'https://image.tmdb.org/t/p/original/pqbqe4CxC6t94ptUW2tJfK5j2J2.jpg');
INSERT OR REPLACE INTO Pelicula (id_pelicula, titulo, descripcion, poster_path, backdrop_path, trailer, anio_estreno, duracion) VALUES (378064, 'A Silent Voice', 'Shōko, una niña con discapacidad auditiva, es víctima de acoso en su escuela, siendo Shōya su principal agresor. Cuando ella se cambia de colegio, él sufre el rechazo de sus compañeros y queda aislado. Años después, intenta enmendar su error y hacer las paces con Shōko.', 'https://image.tmdb.org/t/p/original/hGQnljXpDGI429SC39LohaQBHhf.jpg', 'https://image.tmdb.org/t/p/original/5lAMQMWpXMsirvtLLvW7cJgEPkU.jpg', 'https://www.youtube.com/watch?v=JLixtembASE', 2016, 130);
INSERT OR REPLACE INTO Pelicula_Actor (id_pelicula, id_actor, personaje) VALUES (378064, 19588, 'Shouya Ishida (voice)');
INSERT OR REPLACE INTO Pelicula_Actor (id_pelicula, id_actor, personaje) VALUES (378064, 221773, 'Shouko Nishimiya (voice)');
INSERT OR REPLACE INTO Pelicula_Actor (id_pelicula, id_actor, personaje) VALUES (378064, 936275, 'Yuzuru Nishimiya (voice)');
INSERT OR REPLACE INTO Pelicula_Actor (id_pelicula, id_actor, personaje) VALUES (378064, 1065297, 'Tomohiro Nagatsuka (voice)');
INSERT OR REPLACE INTO Pelicula_Actor (id_pelicula, id_actor, personaje) VALUES (378064, 1258549, 'Naoka Ueno (voice)');
INSERT OR IGNORE INTO Pelicula_Categoria (id_pelicula, id_categoria) VALUES (378064, 5);
INSERT OR IGNORE INTO Pelicula_Categoria (id_pelicula, id_categoria) VALUES (378064, 7);
INSERT OR IGNORE INTO Pelicula_Categoria (id_pelicula, id_categoria) VALUES (378064, 10);
INSERT OR IGNORE INTO Pelicula_Compania (id_pelicula, id_compania) VALUES (378064, undefined);
-- Fin película: A Silent Voice --
INSERT OR IGNORE INTO Actor (id_actor, nombre, foto_path) VALUES (192, 'Morgan Freeman', 'https://image.tmdb.org/t/p/original/jPsLqiYGSofU4s6BjrxnefMfabb.jpg');
INSERT OR IGNORE INTO Actor (id_actor, nombre, foto_path) VALUES (287, 'Brad Pitt', 'https://image.tmdb.org/t/p/original/cckcYc2v0yh1tc9QjRelptcOBko.jpg');
INSERT OR IGNORE INTO Actor (id_actor, nombre, foto_path) VALUES (12052, 'Gwyneth Paltrow', 'https://image.tmdb.org/t/p/original/8x3jpWD7DEvyMXO1FOjwNdd1UZT.jpg');
INSERT OR IGNORE INTO Actor (id_actor, nombre, foto_path) VALUES (12055, 'John Cassini', 'https://image.tmdb.org/t/p/original/kn2Rtn0I8ivCR7ydZTY74XUBh1K.jpg');
INSERT OR IGNORE INTO Actor (id_actor, nombre, foto_path) VALUES (30487, 'Peter Crombie', 'https://image.tmdb.org/t/p/original/pMvhE1wwQo3eTSp4vwq8Hb22CwN.jpg');
INSERT OR REPLACE INTO Pelicula (id_pelicula, titulo, descripcion, poster_path, backdrop_path, trailer, anio_estreno, duracion) VALUES (807, 'Seven', 'El teniente Somerset, del departamento de homicidios, está a punto de jubilarse y ser reemplazado por el ambicioso y brillante detective David Mills. Ambos tendrán que colaborar en la resolución de una serie de asesinatos cometidos por un psicópata que toma como base la relación de los siete pecados capitales: gula, pereza, soberbia, avaricia, envidia, lujuria e ira. Los cuerpos de las víctimas, sobre los que el asesino se ensaña de manera impúdica, se convertirán para los policías en un enigma que les obligará a viajar al horror y la barbarie más absoluta.', 'https://image.tmdb.org/t/p/original/uVPcVz4b2hnSGrXYLdIGRXwcivs.jpg', 'https://image.tmdb.org/t/p/original/iwgl8zlrrfvfWp9k9Paj8lvFEvS.jpg', '', 1995, 127);
INSERT OR REPLACE INTO Pelicula_Actor (id_pelicula, id_actor, personaje) VALUES (807, 192, 'Somerset');
INSERT OR REPLACE INTO Pelicula_Actor (id_pelicula, id_actor, personaje) VALUES (807, 287, 'Mills');
INSERT OR REPLACE INTO Pelicula_Actor (id_pelicula, id_actor, personaje) VALUES (807, 12052, 'Tracy');
INSERT OR REPLACE INTO Pelicula_Actor (id_pelicula, id_actor, personaje) VALUES (807, 12055, 'Officer Davis');
INSERT OR REPLACE INTO Pelicula_Actor (id_pelicula, id_actor, personaje) VALUES (807, 30487, 'Dr. O'Neill');
INSERT OR IGNORE INTO Pelicula_Categoria (id_pelicula, id_categoria) VALUES (807, 9);
INSERT OR IGNORE INTO Pelicula_Categoria (id_pelicula, id_categoria) VALUES (807, 1);
INSERT OR IGNORE INTO Pelicula_Categoria (id_pelicula, id_categoria) VALUES (807, 6);
INSERT OR IGNORE INTO Pelicula_Compania (id_pelicula, id_compania) VALUES (807, undefined);
-- Fin película: Seven --
INSERT OR IGNORE INTO Actor (id_actor, nombre, foto_path) VALUES (3490, 'Adrien Brody', 'https://image.tmdb.org/t/p/original/qBc7ahQrpVpcllaZ5hkivsOEb3C.jpg');
INSERT OR IGNORE INTO Actor (id_actor, nombre, foto_path) VALUES (3491, 'Thomas Kretschmann', 'https://image.tmdb.org/t/p/original/kBnPu1KREhckuPpnAUppm24kkVX.jpg');
INSERT OR IGNORE INTO Actor (id_actor, nombre, foto_path) VALUES (6637, 'Frank Finlay', 'https://image.tmdb.org/t/p/original/fO7CYAaGydu9d3s5numYRi1BRvL.jpg');
INSERT OR IGNORE INTO Actor (id_actor, nombre, foto_path) VALUES (6638, 'Maureen Lipman', 'https://image.tmdb.org/t/p/original/kx26NOAw9GnsHjJIJ4l40YHblJ.jpg');
INSERT OR IGNORE INTO Actor (id_actor, nombre, foto_path) VALUES (6639, 'Emilia Fox', 'https://image.tmdb.org/t/p/original/lZpNRsHAOW8m0f7bRfgUDmRRjo.jpg');
INSERT OR REPLACE INTO Pelicula (id_pelicula, titulo, descripcion, poster_path, backdrop_path, trailer, anio_estreno, duracion) VALUES (423, 'El pianista', 'Varsovia, 1939. El pianista polaco de origen judío Wladyslaw Szpilman (Adrien Brody) interpreta un tema de Chopin en la radio nacional de Polonia mientras la aviación alemana bombardea la capital. El régimen nazi ha invadido el país, y como hace en otros países invadidos, lleva a cabo la misma política con respecto a los judíos. Así Szpilman y toda su familia -sus padres, su hermano y sus dos hermanas- se ven obligados a dejar su casa y todo lo que les pertenece para trasladarse con miles de personas de origen judío al ghetto de Varsovia. Mientras Wladyslaw trabaja como pianista en un restaurante propiedad de un judío que colabora con los nazis, su hermano Henryk (Ed Stoppard) prefiere luchar contra los nazis. Pero tres años más tarde, los habitantes del ghetto son trasladados en trenes hacia campos de concentración.', 'https://image.tmdb.org/t/p/original/mxfLOWnHnSlbdraKfzRn5mqoqk7.jpg', 'https://image.tmdb.org/t/p/original/1XqIhsqnAozznGhxlGdI0GPcCro.jpg', '', 2002, 150);
INSERT OR REPLACE INTO Pelicula_Actor (id_pelicula, id_actor, personaje) VALUES (423, 3490, 'Władysław 'Władek' Szpilman');
INSERT OR REPLACE INTO Pelicula_Actor (id_pelicula, id_actor, personaje) VALUES (423, 3491, 'Captain Wilm Hosenfeld');
INSERT OR REPLACE INTO Pelicula_Actor (id_pelicula, id_actor, personaje) VALUES (423, 6637, 'Father');
INSERT OR REPLACE INTO Pelicula_Actor (id_pelicula, id_actor, personaje) VALUES (423, 6638, 'Mother');
INSERT OR REPLACE INTO Pelicula_Actor (id_pelicula, id_actor, personaje) VALUES (423, 6639, 'Dorota');
INSERT OR IGNORE INTO Pelicula_Categoria (id_pelicula, id_categoria) VALUES (423, 7);
INSERT OR IGNORE INTO Pelicula_Categoria (id_pelicula, id_categoria) VALUES (423, 1);
INSERT OR IGNORE INTO Pelicula_Compania (id_pelicula, id_compania) VALUES (423, undefined);
-- Fin película: El pianista --
INSERT OR IGNORE INTO Actor (id_actor, nombre, foto_path) VALUES (996701, 'Miles Teller', 'https://image.tmdb.org/t/p/original/aciu7YM8fD0BzrrA6cJ5wDKZIA6.jpg');
INSERT OR IGNORE INTO Actor (id_actor, nombre, foto_path) VALUES (18999, 'J.K. Simmons', 'https://image.tmdb.org/t/p/original/ScmKoJ9eiSUOthAt1PDNLi8Fkw.jpg');
INSERT OR IGNORE INTO Actor (id_actor, nombre, foto_path) VALUES (781, 'Paul Reiser', 'https://image.tmdb.org/t/p/original/rGryzG00uSk8LsidacSBXVgo3iv.jpg');
INSERT OR IGNORE INTO Actor (id_actor, nombre, foto_path) VALUES (129104, 'Melissa Benoist', 'https://image.tmdb.org/t/p/original/fUPIkDDVmyZPejPu67HyfdDar9W.jpg');
INSERT OR IGNORE INTO Actor (id_actor, nombre, foto_path) VALUES (970216, 'Austin Stowell', 'https://image.tmdb.org/t/p/original/At09XQpVXnChgedNsxu4ceR5W9i.jpg');
INSERT OR REPLACE INTO Pelicula (id_pelicula, titulo, descripcion, poster_path, backdrop_path, trailer, anio_estreno, duracion) VALUES (244786, 'Whiplash', 'El objetivo de Andrew Neiman, un joven y ambicioso baterista de jazz, es triunfar en el elitista Conservatorio de Música de la Costa Este en el que estudia. Marcado por el fracaso de la carrera literaria de su padre, Andrew alberga sueños de grandeza. Terence Fletcher, un profesor conocido tanto por su talento como por sus rigurosos métodos de enseñanza, dirige el mejor conjunto de jazz del Conservatorio. Cuando Fletcher elige a Andrew y para formar parte del conjunto musical que dirige, cambia para siempre la vida del joven. La pasión de Andrew por alcanzar la perfección se convierte en obsesión, al tiempo que su despiadado profesor lo lleva al límite de su capacidad y de su salud mental.', 'https://image.tmdb.org/t/p/original/uy36CPy5ARuC8qrH8Esg2ndFyJ5.jpg', 'https://image.tmdb.org/t/p/original/1kuYEvLkX2nTkbfzN6X0w0xQFQU.jpg', 'https://www.youtube.com/watch?v=tXploxlYWL4', 2014, 105);
INSERT OR REPLACE INTO Pelicula_Actor (id_pelicula, id_actor, personaje) VALUES (244786, 996701, 'Andrew');
INSERT OR REPLACE INTO Pelicula_Actor (id_pelicula, id_actor, personaje) VALUES (244786, 18999, 'Fletcher');
INSERT OR REPLACE INTO Pelicula_Actor (id_pelicula, id_actor, personaje) VALUES (244786, 781, 'Jim');
INSERT OR REPLACE INTO Pelicula_Actor (id_pelicula, id_actor, personaje) VALUES (244786, 129104, 'Nicole');
INSERT OR REPLACE INTO Pelicula_Actor (id_pelicula, id_actor, personaje) VALUES (244786, 970216, 'Ryan');
INSERT OR IGNORE INTO Pelicula_Categoria (id_pelicula, id_categoria) VALUES (244786, 7);
INSERT OR IGNORE INTO Pelicula_Categoria (id_pelicula, id_categoria) VALUES (244786, 11);
INSERT OR IGNORE INTO Pelicula_Compania (id_pelicula, id_compania) VALUES (244786, undefined);
-- Fin película: Whiplash --
