
-- === LOTE: Top Rated - Page 1 (2026-02-06T11:02:57.899Z) ===
INSERT OR IGNORE INTO Actor (id_actor, nombre, foto_path) VALUES (504, 'Tim Robbins', 'https://image.tmdb.org/t/p/original/3FfJMIVwXgsIXbAT8ECBSZJAncR.jpg');
INSERT OR IGNORE INTO Actor (id_actor, nombre, foto_path) VALUES (192, 'Morgan Freeman', 'https://image.tmdb.org/t/p/original/jPsLqiYGSofU4s6BjrxnefMfabb.jpg');
INSERT OR IGNORE INTO Actor (id_actor, nombre, foto_path) VALUES (4029, 'Bob Gunton', 'https://image.tmdb.org/t/p/original/ulbVvuBToBN3aCGcV028hwO0MOP.jpg');
INSERT OR IGNORE INTO Actor (id_actor, nombre, foto_path) VALUES (6573, 'William Sadler', 'https://image.tmdb.org/t/p/original/xC9sijoDnjS3oDZ5eszcGKHKAOp.jpg');
INSERT OR IGNORE INTO Actor (id_actor, nombre, foto_path) VALUES (6574, 'Clancy Brown', 'https://image.tmdb.org/t/p/original/1JeBRNG7VS7r64V9lOvej9bZXW5.jpg');
INSERT OR REPLACE INTO Pelicula (id_pelicula, titulo, descripcion, poster_path, backdrop_path, trailer, anio_estreno, duracion) VALUES (278, 'Cadena perpetua', 'Acusado del asesinato de su mujer, Andrew Dufresne, tras ser condenado a cadena perpetua, es enviado a la prisión de Shawshank. Con el paso de los años conseguirá ganarse la confianza del director del centro y el respeto de sus compañeros presidiarios, especialmente de Red, el jefe de la mafia de los sobornos.', 'https://image.tmdb.org/t/p/original/uRRTV7p6l2ivtODWJVVAMRrwTn2.jpg', 'https://image.tmdb.org/t/p/original/zfbjgQE1uSd9wiPTX4VzsLi0rGG.jpg', 'https://www.youtube.com/watch?v=4u87tmlj4oE', 1994, 143);
INSERT OR REPLACE INTO Pelicula_Actor (id_pelicula, id_actor, personaje) VALUES (278, 504, 'Andy Dufresne');
INSERT OR REPLACE INTO Pelicula_Actor (id_pelicula, id_actor, personaje) VALUES (278, 192, 'Ellis Boyd 'Red' Redding');
INSERT OR REPLACE INTO Pelicula_Actor (id_pelicula, id_actor, personaje) VALUES (278, 4029, 'Warden Norton');
INSERT OR REPLACE INTO Pelicula_Actor (id_pelicula, id_actor, personaje) VALUES (278, 6573, 'Heywood');
INSERT OR REPLACE INTO Pelicula_Actor (id_pelicula, id_actor, personaje) VALUES (278, 6574, 'Captain Byron T. Hadley');
INSERT OR IGNORE INTO Pelicula_Categoria (id_pelicula, id_categoria) VALUES (278, 7);
INSERT OR IGNORE INTO Pelicula_Categoria (id_pelicula, id_categoria) VALUES (278, 9);
INSERT OR IGNORE INTO Pelicula_Compania (id_pelicula, id_compania) VALUES (278, undefined);
-- Fin película: Cadena perpetua --
INSERT OR IGNORE INTO Actor (id_actor, nombre, foto_path) VALUES (3084, 'Marlon Brando', 'https://image.tmdb.org/t/p/original/iyO183LVAJ0I4ZkNibINPjfAjCP.jpg');
INSERT OR IGNORE INTO Actor (id_actor, nombre, foto_path) VALUES (1158, 'Al Pacino', 'https://image.tmdb.org/t/p/original/m8HAAjq1T75JypKk0v1FFQn4ysZ.jpg');
INSERT OR IGNORE INTO Actor (id_actor, nombre, foto_path) VALUES (3085, 'James Caan', 'https://image.tmdb.org/t/p/original/v3flJtQEyczxENi29yJyvnN6LVt.jpg');
INSERT OR IGNORE INTO Actor (id_actor, nombre, foto_path) VALUES (3087, 'Robert Duvall', 'https://image.tmdb.org/t/p/original/ybMmK25h4IVtfE7qrnlVp47RQlh.jpg');
INSERT OR IGNORE INTO Actor (id_actor, nombre, foto_path) VALUES (3086, 'Richard S. Castellano', 'https://image.tmdb.org/t/p/original/1vr75BdHWret81vuSJ3ugiCBkxw.jpg');
INSERT OR REPLACE INTO Pelicula (id_pelicula, titulo, descripcion, poster_path, backdrop_path, trailer, anio_estreno, duracion) VALUES (238, 'El padrino', 'Don Vito Corleone, conocido dentro de los círculos del hampa como ''El Padrino'', es el patriarca de una de las cinco familias que ejercen el mando de la Cosa Nostra en Nueva York en los años cuarenta. Don Corleone tiene cuatro hijos: una chica, Connie, y tres varones; Sonny, Michael y Fredo. Cuando el Padrino reclina intervenir en el negocio de estupefacientes, empieza una cruenta lucha de violentos episodios entre las distintas familias del crimen organizado.', 'https://image.tmdb.org/t/p/original/ApiEfzSkrqS4m1L5a2GwWXzIiAs.jpg', 'https://image.tmdb.org/t/p/original/tSPT36ZKlP2WVHJLM4cQPLSzv3b.jpg', 'https://www.youtube.com/watch?v=v72XprPxy3E', 1972, 175);
INSERT OR REPLACE INTO Pelicula_Actor (id_pelicula, id_actor, personaje) VALUES (238, 3084, 'Don Vito Corleone');
INSERT OR REPLACE INTO Pelicula_Actor (id_pelicula, id_actor, personaje) VALUES (238, 1158, 'Michael Corleone');
INSERT OR REPLACE INTO Pelicula_Actor (id_pelicula, id_actor, personaje) VALUES (238, 3085, 'Sonny Corleone');
INSERT OR REPLACE INTO Pelicula_Actor (id_pelicula, id_actor, personaje) VALUES (238, 3087, 'Tom Hagen');
INSERT OR REPLACE INTO Pelicula_Actor (id_pelicula, id_actor, personaje) VALUES (238, 3086, 'Clemenza');
INSERT OR IGNORE INTO Pelicula_Categoria (id_pelicula, id_categoria) VALUES (238, 7);
INSERT OR IGNORE INTO Pelicula_Categoria (id_pelicula, id_categoria) VALUES (238, 9);
INSERT OR IGNORE INTO Pelicula_Compania (id_pelicula, id_compania) VALUES (238, undefined);
INSERT OR IGNORE INTO Pelicula_Coleccion (id_pelicula, id_coleccion) VALUES (238, 230);
-- Fin película: El padrino --
INSERT OR IGNORE INTO Actor (id_actor, nombre, foto_path) VALUES (1158, 'Al Pacino', 'https://image.tmdb.org/t/p/original/m8HAAjq1T75JypKk0v1FFQn4ysZ.jpg');
INSERT OR IGNORE INTO Actor (id_actor, nombre, foto_path) VALUES (3087, 'Robert Duvall', 'https://image.tmdb.org/t/p/original/ybMmK25h4IVtfE7qrnlVp47RQlh.jpg');
INSERT OR IGNORE INTO Actor (id_actor, nombre, foto_path) VALUES (3092, 'Diane Keaton', 'https://image.tmdb.org/t/p/original/A8B3BsFgbmw2WEmJuQX38qeU9eR.jpg');
INSERT OR IGNORE INTO Actor (id_actor, nombre, foto_path) VALUES (380, 'Robert De Niro', 'https://image.tmdb.org/t/p/original/cT8htcckIuyI1Lqwt1CvD02ynTh.jpg');
INSERT OR IGNORE INTO Actor (id_actor, nombre, foto_path) VALUES (3096, 'John Cazale', 'https://image.tmdb.org/t/p/original/7uKBc2BVbLlAiHuSdfioe1OUnCX.jpg');
INSERT OR REPLACE INTO Pelicula (id_pelicula, titulo, descripcion, poster_path, backdrop_path, trailer, anio_estreno, duracion) VALUES (240, 'El Padrino Parte II', 'Continuación de la saga de los Corleone con dos historias paralelas: la elección de Michael Corleone como jefe de los negocios familiares y los orígenes del patriarca, el ya fallecido Don Vito, primero en Sicilia y luego en Estados Unidos, donde, empezando desde abajo, llegó a ser un poderosísimo jefe de la mafia de Nueva York.', 'https://image.tmdb.org/t/p/original/mbry0W5PRylSUHsYzdiY2FSJwze.jpg', 'https://image.tmdb.org/t/p/original/kGzFbGhp99zva6oZODW5atUtnqi.jpg', 'https://www.youtube.com/watch?v=rMT8b3MJ-RI', 1974, 200);
INSERT OR REPLACE INTO Pelicula_Actor (id_pelicula, id_actor, personaje) VALUES (240, 1158, 'Don Michael Corleone');
INSERT OR REPLACE INTO Pelicula_Actor (id_pelicula, id_actor, personaje) VALUES (240, 3087, 'Tom Hagen');
INSERT OR REPLACE INTO Pelicula_Actor (id_pelicula, id_actor, personaje) VALUES (240, 3092, 'Kay Corleone');
INSERT OR REPLACE INTO Pelicula_Actor (id_pelicula, id_actor, personaje) VALUES (240, 380, 'Vito Corleone');
INSERT OR REPLACE INTO Pelicula_Actor (id_pelicula, id_actor, personaje) VALUES (240, 3096, 'Frederico 'Fredo' Corleone');
INSERT OR IGNORE INTO Pelicula_Categoria (id_pelicula, id_categoria) VALUES (240, 7);
INSERT OR IGNORE INTO Pelicula_Categoria (id_pelicula, id_categoria) VALUES (240, 9);
INSERT OR IGNORE INTO Pelicula_Compania (id_pelicula, id_compania) VALUES (240, undefined);
INSERT OR IGNORE INTO Pelicula_Coleccion (id_pelicula, id_coleccion) VALUES (240, 230);
-- Fin película: El Padrino Parte II --
INSERT OR IGNORE INTO Actor (id_actor, nombre, foto_path) VALUES (3896, 'Liam Neeson', 'https://image.tmdb.org/t/p/original/sRLev3wJioBgun3ZoeAUFpkLy0D.jpg');
INSERT OR IGNORE INTO Actor (id_actor, nombre, foto_path) VALUES (2282, 'Ben Kingsley', 'https://image.tmdb.org/t/p/original/vQtBqpF2HDdzbfXHDzR4u37i1Ac.jpg');
INSERT OR IGNORE INTO Actor (id_actor, nombre, foto_path) VALUES (5469, 'Ralph Fiennes', 'https://image.tmdb.org/t/p/original/u29BOqiV5GCQ8k8WUJM50i9xlBf.jpg');
INSERT OR IGNORE INTO Actor (id_actor, nombre, foto_path) VALUES (6692, 'Caroline Goodall', 'https://image.tmdb.org/t/p/original/4cagGtMqACvkuw6Llq8Li8UJ1AR.jpg');
INSERT OR IGNORE INTO Actor (id_actor, nombre, foto_path) VALUES (6693, 'Jonathan Sagall', 'https://image.tmdb.org/t/p/original/waxNDsgfw7CXXO3LH8EdKi8z7VV.jpg');
INSERT OR REPLACE INTO Pelicula (id_pelicula, titulo, descripcion, poster_path, backdrop_path, trailer, anio_estreno, duracion) VALUES (424, 'La lista de Schindler', 'Oskar Schindler, un hombre de enorme astucia y talento para las relaciones públicas, organiza un ambicioso plan para ganarse la simpatía de los nazis. Después de la invasión de Polonia por los alemanes, consigue, gracias a sus relaciones con los nazis, la propiedad de una fábrica de Cracovia. Allí emplea a cientos de operarios judíos, cuya explotación le hace prosperar rápidamente. Su gerente, también judío, es el verdadero director en la sombra, pues Schindler no tiene el menor conocimiento industrial.', 'https://image.tmdb.org/t/p/original/3Ho0pXsnMxpGJWqdOi0KDNdaTkT.jpg', 'https://image.tmdb.org/t/p/original/zb6fM1CX41D9rF9hdgclu0peUmy.jpg', 'https://www.youtube.com/watch?v=0Z9cLiliBh0', 1993, 195);
INSERT OR REPLACE INTO Pelicula_Actor (id_pelicula, id_actor, personaje) VALUES (424, 3896, 'Oskar Schindler');
INSERT OR REPLACE INTO Pelicula_Actor (id_pelicula, id_actor, personaje) VALUES (424, 2282, 'Itzhak Stern');
INSERT OR REPLACE INTO Pelicula_Actor (id_pelicula, id_actor, personaje) VALUES (424, 5469, 'Amon Goeth');
INSERT OR REPLACE INTO Pelicula_Actor (id_pelicula, id_actor, personaje) VALUES (424, 6692, 'Emilie Schindler');
INSERT OR REPLACE INTO Pelicula_Actor (id_pelicula, id_actor, personaje) VALUES (424, 6693, 'Poldek Pfefferberg');
INSERT OR IGNORE INTO Pelicula_Categoria (id_pelicula, id_categoria) VALUES (424, 7);
INSERT OR IGNORE INTO Pelicula_Categoria (id_pelicula, id_categoria) VALUES (424, 1);
INSERT OR IGNORE INTO Pelicula_Categoria (id_pelicula, id_categoria) VALUES (424, 1);
INSERT OR IGNORE INTO Pelicula_Compania (id_pelicula, id_compania) VALUES (424, undefined);
-- Fin película: La lista de Schindler --
INSERT OR IGNORE INTO Actor (id_actor, nombre, foto_path) VALUES (1936, 'Martin Balsam', 'https://image.tmdb.org/t/p/original/2q7xs6j6vGll3pc9Mm6TUEvvwBf.jpg');
INSERT OR IGNORE INTO Actor (id_actor, nombre, foto_path) VALUES (5247, 'John Fiedler', 'https://image.tmdb.org/t/p/original/27sXisLWQJQ49PD40j89miNhL73.jpg');
INSERT OR IGNORE INTO Actor (id_actor, nombre, foto_path) VALUES (5248, 'Lee J. Cobb', 'https://image.tmdb.org/t/p/original/yxMxBvM0PZwu7YXQamG0kFwt9DZ.jpg');
INSERT OR IGNORE INTO Actor (id_actor, nombre, foto_path) VALUES (5249, 'E.G. Marshall', 'https://image.tmdb.org/t/p/original/psimeVoRk64DV7UNm4cLQylRFy2.jpg');
INSERT OR IGNORE INTO Actor (id_actor, nombre, foto_path) VALUES (5250, 'Jack Klugman', 'https://image.tmdb.org/t/p/original/oJxveOxlunD8C9OczqKeryU0k6D.jpg');
INSERT OR REPLACE INTO Pelicula (id_pelicula, titulo, descripcion, poster_path, backdrop_path, trailer, anio_estreno, duracion) VALUES (389, '12 hombres sin piedad', 'Tras escuchar todos los testimonios y valorar las pruebas presentadas, un jurado popular compuesto por doce hombres tiene que decidir, por unanimidad, si absuelve o condena a muerte a un joven acusado de haber matado a su padre. Al principio, once están completamente convencidos de su culpabilidad y se inclinan por la condena, pero el que discrepa empieza a plantear dudas razonables que, poco a poco, van resquebrajando la inicial seguridad de los demás.', 'https://image.tmdb.org/t/p/original/qyVoDb3EKO5SnhpSRpztNmZjo70.jpg', 'https://image.tmdb.org/t/p/original/w4bTBXcqXc2TUyS5Fc4h67uWbPn.jpg', '', 1957, 92);
INSERT OR REPLACE INTO Pelicula_Actor (id_pelicula, id_actor, personaje) VALUES (389, 1936, 'Juror 1');
INSERT OR REPLACE INTO Pelicula_Actor (id_pelicula, id_actor, personaje) VALUES (389, 5247, 'Juror 2');
INSERT OR REPLACE INTO Pelicula_Actor (id_pelicula, id_actor, personaje) VALUES (389, 5248, 'Juror 3');
INSERT OR REPLACE INTO Pelicula_Actor (id_pelicula, id_actor, personaje) VALUES (389, 5249, 'Juror 4');
INSERT OR REPLACE INTO Pelicula_Actor (id_pelicula, id_actor, personaje) VALUES (389, 5250, 'Juror 5');
INSERT OR IGNORE INTO Pelicula_Categoria (id_pelicula, id_categoria) VALUES (389, 7);
INSERT OR IGNORE INTO Pelicula_Compania (id_pelicula, id_compania) VALUES (389, undefined);
-- Fin película: 12 hombres sin piedad --
INSERT OR IGNORE INTO Actor (id_actor, nombre, foto_path) VALUES (19587, 'Rumi Hiiragi', 'https://image.tmdb.org/t/p/original/zITaVtFyc4xSM3mxSoPRWHbqgJI.jpg');
INSERT OR IGNORE INTO Actor (id_actor, nombre, foto_path) VALUES (19588, 'Miyu Irino', 'https://image.tmdb.org/t/p/original/8qEEhHUObNvGQr4e6eqLu5z4qTz.jpg');
INSERT OR IGNORE INTO Actor (id_actor, nombre, foto_path) VALUES (19589, 'Mari Natsuki', 'https://image.tmdb.org/t/p/original/MIFzUc77Sx57FQOZsoiGWEbpH2.jpg');
INSERT OR IGNORE INTO Actor (id_actor, nombre, foto_path) VALUES (19590, 'Takashi Naito', 'https://image.tmdb.org/t/p/original/xwsm0ygjG79jLIogutwo6r64igy.jpg');
INSERT OR IGNORE INTO Actor (id_actor, nombre, foto_path) VALUES (19591, 'Yasuko Sawaguchi', 'https://image.tmdb.org/t/p/original/rWspusb13VeJowmctnniXYYTcqq.jpg');
INSERT OR REPLACE INTO Pelicula (id_pelicula, titulo, descripcion, poster_path, backdrop_path, trailer, anio_estreno, duracion) VALUES (129, 'El viaje de Chihiro', 'Durante el traslado de su familia a los suburbios, una niña de 10 años de edad deambula por un mundo gobernado por dioses, brujas y espíritus, y donde los humanos se convierten en bestias.', 'https://image.tmdb.org/t/p/original/laXrmaTRuroArSPfsGlvTbeWxVA.jpg', 'https://image.tmdb.org/t/p/original/ukfI9QkU1aIhOhKXYWE9n3z1mFR.jpg', 'https://www.youtube.com/watch?v=5Fgq4Osh6XQ', 2001, 122);
INSERT OR REPLACE INTO Pelicula_Actor (id_pelicula, id_actor, personaje) VALUES (129, 19587, 'Chihiro (voice)');
INSERT OR REPLACE INTO Pelicula_Actor (id_pelicula, id_actor, personaje) VALUES (129, 19588, 'Haku (voice)');
INSERT OR REPLACE INTO Pelicula_Actor (id_pelicula, id_actor, personaje) VALUES (129, 19589, 'Yubaba / Zeniba (voice)');
INSERT OR REPLACE INTO Pelicula_Actor (id_pelicula, id_actor, personaje) VALUES (129, 19590, 'Father (voice)');
INSERT OR REPLACE INTO Pelicula_Actor (id_pelicula, id_actor, personaje) VALUES (129, 19591, 'Mother (voice)');
INSERT OR IGNORE INTO Pelicula_Categoria (id_pelicula, id_categoria) VALUES (129, 5);
INSERT OR IGNORE INTO Pelicula_Categoria (id_pelicula, id_categoria) VALUES (129, 12);
INSERT OR IGNORE INTO Pelicula_Categoria (id_pelicula, id_categoria) VALUES (129, 3);
INSERT OR IGNORE INTO Pelicula_Compania (id_pelicula, id_compania) VALUES (129, undefined);
-- Fin película: El viaje de Chihiro --
INSERT OR IGNORE INTO Actor (id_actor, nombre, foto_path) VALUES (3894, 'Christian Bale', 'https://image.tmdb.org/t/p/original/7Pxez9J8fuPd2Mn9kex13YALrCQ.jpg');
INSERT OR IGNORE INTO Actor (id_actor, nombre, foto_path) VALUES (1810, 'Heath Ledger', 'https://image.tmdb.org/t/p/original/p2z2bURSg7nuMsN9P2s61e2RvNz.jpg');
INSERT OR IGNORE INTO Actor (id_actor, nombre, foto_path) VALUES (6383, 'Aaron Eckhart', 'https://image.tmdb.org/t/p/original/u5JjnRMr9zKEVvOP7k3F6gdcwT6.jpg');
INSERT OR IGNORE INTO Actor (id_actor, nombre, foto_path) VALUES (3895, 'Michael Caine', 'https://image.tmdb.org/t/p/original/bVZRMlpjTAO2pJK6v90buFgVbSW.jpg');
INSERT OR IGNORE INTO Actor (id_actor, nombre, foto_path) VALUES (1579, 'Maggie Gyllenhaal', 'https://image.tmdb.org/t/p/original/vsfkWdYWmA9CpzMHTJzrFxlDnEZ.jpg');
INSERT OR REPLACE INTO Pelicula (id_pelicula, titulo, descripcion, poster_path, backdrop_path, trailer, anio_estreno, duracion) VALUES (155, 'El caballero oscuro', 'Batman/Bruce Wayne regresa para continuar su guerra contra el crimen. Con la ayuda del teniente Jim Gordon y del Fiscal del Distrito Harvey Dent, Batman se propone destruir el crimen organizado en la ciudad de Gotham. El triunvirato demuestra su eficacia, pero, de repente, aparece Joker, un nuevo criminal que desencadena el caos y tiene aterrados a los ciudadanos.', 'https://image.tmdb.org/t/p/original/8QDQExnfNFOtabLDKqfDQuHDsIg.jpg', 'https://image.tmdb.org/t/p/original/dqK9Hag1054tghRQSqLSfrkvQnA.jpg', '', 2008, 152);
INSERT OR REPLACE INTO Pelicula_Actor (id_pelicula, id_actor, personaje) VALUES (155, 3894, 'Bruce Wayne');
INSERT OR REPLACE INTO Pelicula_Actor (id_pelicula, id_actor, personaje) VALUES (155, 1810, 'Joker');
INSERT OR REPLACE INTO Pelicula_Actor (id_pelicula, id_actor, personaje) VALUES (155, 6383, 'Harvey Dent');
INSERT OR REPLACE INTO Pelicula_Actor (id_pelicula, id_actor, personaje) VALUES (155, 3895, 'Alfred');
INSERT OR REPLACE INTO Pelicula_Actor (id_pelicula, id_actor, personaje) VALUES (155, 1579, 'Rachel');
INSERT OR IGNORE INTO Pelicula_Categoria (id_pelicula, id_categoria) VALUES (155, 5);
INSERT OR IGNORE INTO Pelicula_Categoria (id_pelicula, id_categoria) VALUES (155, 9);
INSERT OR IGNORE INTO Pelicula_Categoria (id_pelicula, id_categoria) VALUES (155, 6);
INSERT OR IGNORE INTO Pelicula_Compania (id_pelicula, id_compania) VALUES (155, undefined);
INSERT OR IGNORE INTO Pelicula_Coleccion (id_pelicula, id_coleccion) VALUES (155, 263);
-- Fin película: El caballero oscuro --
INSERT OR IGNORE INTO Actor (id_actor, nombre, foto_path) VALUES (55061, 'Kajol', 'https://image.tmdb.org/t/p/original/h4m0TkDuEMCUNaPrQxMRyFb2AQ7.jpg');
INSERT OR IGNORE INTO Actor (id_actor, nombre, foto_path) VALUES (35742, 'शाहरुख़ ख़ान', 'https://image.tmdb.org/t/p/original/d8jQehnCiGuLhZbs1DyB2uDu5BA.jpg');
INSERT OR IGNORE INTO Actor (id_actor, nombre, foto_path) VALUES (691, 'Amrish Puri', 'https://image.tmdb.org/t/p/original/uhMGFS7tuG71LDv2wk9LfZZ4EG6.jpg');
INSERT OR IGNORE INTO Actor (id_actor, nombre, foto_path) VALUES (146971, 'Farida Jalal', 'https://image.tmdb.org/t/p/original/tJdqL4BRSAWVFX1W6cmwxFs9IFh.jpg');
INSERT OR IGNORE INTO Actor (id_actor, nombre, foto_path) VALUES (6217, 'Anupam Kher', 'https://image.tmdb.org/t/p/original/kgU5Ap1Kf9RnicB5DMcXEZqed2f.jpg');
INSERT OR REPLACE INTO Pelicula (id_pelicula, titulo, descripcion, poster_path, backdrop_path, trailer, anio_estreno, duracion) VALUES (19404, 'Un amor contra viento y marea', 'Los Singh son una familia india con grandes convicciones culturales de su nación de origen, que emigraron a Reino Unido antes de nacer sus primeros hijos. Uno de ellos querrá casarse con una mujer ajena a su cultura y para ello deberá hacer todos los esfuerzos por convencer a su familia.', 'https://image.tmdb.org/t/p/original/2CAL2433ZeIihfX1Hb2139CX0pW.jpg', 'https://image.tmdb.org/t/p/original/zQDFHYNVVVp9OAYSixYAG1SyX1l.jpg', '', 1995, 189);
INSERT OR REPLACE INTO Pelicula_Actor (id_pelicula, id_actor, personaje) VALUES (19404, 55061, 'Simran Singh');
INSERT OR REPLACE INTO Pelicula_Actor (id_pelicula, id_actor, personaje) VALUES (19404, 35742, 'Raj Malhotra');
INSERT OR REPLACE INTO Pelicula_Actor (id_pelicula, id_actor, personaje) VALUES (19404, 691, 'Chaudhry Baldev Singh');
INSERT OR REPLACE INTO Pelicula_Actor (id_pelicula, id_actor, personaje) VALUES (19404, 146971, 'Lajwanti 'Lajjo' Singh');
INSERT OR REPLACE INTO Pelicula_Actor (id_pelicula, id_actor, personaje) VALUES (19404, 6217, 'Dharamvir Malhotra');
INSERT OR IGNORE INTO Pelicula_Categoria (id_pelicula, id_categoria) VALUES (19404, 12);
INSERT OR IGNORE INTO Pelicula_Categoria (id_pelicula, id_categoria) VALUES (19404, 7);
INSERT OR IGNORE INTO Pelicula_Categoria (id_pelicula, id_categoria) VALUES (19404, 10);
INSERT OR IGNORE INTO Pelicula_Compania (id_pelicula, id_compania) VALUES (19404, undefined);
-- Fin película: Un amor contra viento y marea --
INSERT OR IGNORE INTO Actor (id_actor, nombre, foto_path) VALUES (31, 'Tom Hanks', 'https://image.tmdb.org/t/p/original/oFvZoKI6lvU03n4YoNGAll9rkas.jpg');
INSERT OR IGNORE INTO Actor (id_actor, nombre, foto_path) VALUES (52, 'David Morse', 'https://image.tmdb.org/t/p/original/tzBIwZYV2dmWZGSrGkJJx5F7Cei.jpg');
INSERT OR IGNORE INTO Actor (id_actor, nombre, foto_path) VALUES (5149, 'Bonnie Hunt', 'https://image.tmdb.org/t/p/original/tT9C6uLztgN8OxJULq6F9iEzqlA.jpg');
INSERT OR IGNORE INTO Actor (id_actor, nombre, foto_path) VALUES (61981, 'Michael Clarke Duncan', 'https://image.tmdb.org/t/p/original/3RX8OBqt3gbvFwKYZqiom4O3Ta6.jpg');
INSERT OR IGNORE INTO Actor (id_actor, nombre, foto_path) VALUES (2505, 'James Cromwell', 'https://image.tmdb.org/t/p/original/17AIez58rJyk7EzU5a9L2r6Tn3u.jpg');
INSERT OR REPLACE INTO Pelicula (id_pelicula, titulo, descripcion, poster_path, backdrop_path, trailer, anio_estreno, duracion) VALUES (497, 'La milla verde', 'En el sur de los Estados Unidos, en plena Depresión, Paul Edgecomb es un vigilante penitenciario a cargo de la Milla Verde, un pasillo que separa las celdas de los reclusos condenados a la silla eléctrica. Esperando su ejecución está John Coffey, un gigantesco negro acusado de asesinar brutalmente a dos hermanas de nueve años. Tras una personalidad ingenua, Coffey esconde un don sobrenatural prodigioso. A medida que transcurre la historia, Paul Edgecomb aprende que los milagros ocurren... incluso en los lugares más insospechados.', 'https://image.tmdb.org/t/p/original/aBQiJRxGRrX0mXFMjxyzWYFtEnf.jpg', 'https://image.tmdb.org/t/p/original/b6HWTOxn1xevvyHU2K9ICvaRU6g.jpg', 'https://www.youtube.com/watch?v=hBtSF4-cnzk', 1999, 189);
INSERT OR REPLACE INTO Pelicula_Actor (id_pelicula, id_actor, personaje) VALUES (497, 31, 'Paul Edgecomb');
INSERT OR REPLACE INTO Pelicula_Actor (id_pelicula, id_actor, personaje) VALUES (497, 52, 'Brutus 'Brutal' Howell');
INSERT OR REPLACE INTO Pelicula_Actor (id_pelicula, id_actor, personaje) VALUES (497, 5149, 'Jan Edgecomb');
INSERT OR REPLACE INTO Pelicula_Actor (id_pelicula, id_actor, personaje) VALUES (497, 61981, 'John Coffey');
INSERT OR REPLACE INTO Pelicula_Actor (id_pelicula, id_actor, personaje) VALUES (497, 2505, 'Warden Hal Moores');
INSERT OR IGNORE INTO Pelicula_Categoria (id_pelicula, id_categoria) VALUES (497, 3);
INSERT OR IGNORE INTO Pelicula_Categoria (id_pelicula, id_categoria) VALUES (497, 7);
INSERT OR IGNORE INTO Pelicula_Categoria (id_pelicula, id_categoria) VALUES (497, 9);
INSERT OR IGNORE INTO Pelicula_Compania (id_pelicula, id_compania) VALUES (497, undefined);
-- Fin película: La milla verde --
INSERT OR IGNORE INTO Actor (id_actor, nombre, foto_path) VALUES (20738, 'Song Kang-ho', 'https://image.tmdb.org/t/p/original/7dw9wIpFZ5nJZ3zqrue8t7hUUgQ.jpg');
INSERT OR IGNORE INTO Actor (id_actor, nombre, foto_path) VALUES (115290, 'Lee Sun-kyun', 'https://image.tmdb.org/t/p/original/nHFBbSFohzOUOvMxPVwe3Es2nJw.jpg');
INSERT OR IGNORE INTO Actor (id_actor, nombre, foto_path) VALUES (556435, 'Cho Yeo-jeong', 'https://image.tmdb.org/t/p/original/5MgWM8pkUiYkj9MEaEpO0Ir1FD9.jpg');
INSERT OR IGNORE INTO Actor (id_actor, nombre, foto_path) VALUES (1255881, 'Choi Woo-shik', 'https://image.tmdb.org/t/p/original/hRDiuKWwe156zRjEu826eci7H3r.jpg');
INSERT OR IGNORE INTO Actor (id_actor, nombre, foto_path) VALUES (1442583, 'Park So-dam', 'https://image.tmdb.org/t/p/original/fGVOikpvivopeATDy6ZzLdKYXDu.jpg');
INSERT OR REPLACE INTO Pelicula (id_pelicula, titulo, descripcion, poster_path, backdrop_path, trailer, anio_estreno, duracion) VALUES (496243, 'Parásitos', 'Tanto Gi Taek (Song Kang-ho) como su familia están sin trabajo. Cuando su hijo mayor, Gi Woo (Choi Woo-sik), empieza a dar clases particulares en casa de Park (Lee Seon-gyun), las dos familias, que tienen mucho en común pese a pertenecer a dos mundos totalmente distintos, comienzan una interrelación de resultados imprevisibles.', 'https://image.tmdb.org/t/p/original/4N55tgxDW0RRATyrZHbx0q9HUKv.jpg', 'https://image.tmdb.org/t/p/original/hiKmpZMGZsrkA3cdce8a7Dpos1j.jpg', 'https://www.youtube.com/watch?v=-PtU49Aol00', 2019, 132);
INSERT OR REPLACE INTO Pelicula_Actor (id_pelicula, id_actor, personaje) VALUES (496243, 20738, 'Kim Ki-taek');
INSERT OR REPLACE INTO Pelicula_Actor (id_pelicula, id_actor, personaje) VALUES (496243, 115290, 'Park Dong-ik');
INSERT OR REPLACE INTO Pelicula_Actor (id_pelicula, id_actor, personaje) VALUES (496243, 556435, 'Yeon-kyo');
INSERT OR REPLACE INTO Pelicula_Actor (id_pelicula, id_actor, personaje) VALUES (496243, 1255881, 'Ki-woo');
INSERT OR REPLACE INTO Pelicula_Actor (id_pelicula, id_actor, personaje) VALUES (496243, 1442583, 'Ki-jung');
INSERT OR IGNORE INTO Pelicula_Categoria (id_pelicula, id_categoria) VALUES (496243, 12);
INSERT OR IGNORE INTO Pelicula_Categoria (id_pelicula, id_categoria) VALUES (496243, 6);
INSERT OR IGNORE INTO Pelicula_Categoria (id_pelicula, id_categoria) VALUES (496243, 7);
INSERT OR IGNORE INTO Pelicula_Compania (id_pelicula, id_compania) VALUES (496243, undefined);
-- Fin película: Parásitos --
INSERT OR IGNORE INTO Actor (id_actor, nombre, foto_path) VALUES (109, 'Elijah Wood', 'https://image.tmdb.org/t/p/original/7UKRbJBNG7mxBl2QQc5XsAh6F8B.jpg');
INSERT OR IGNORE INTO Actor (id_actor, nombre, foto_path) VALUES (1327, 'Ian McKellen', 'https://image.tmdb.org/t/p/original/coWjgMEYJjk2OrNddlXCBm8EIr3.jpg');
INSERT OR IGNORE INTO Actor (id_actor, nombre, foto_path) VALUES (110, 'Viggo Mortensen', 'https://image.tmdb.org/t/p/original/vH5gVSpHAMhDaFWfh0Q7BG61O1y.jpg');
INSERT OR IGNORE INTO Actor (id_actor, nombre, foto_path) VALUES (1328, 'Sean Astin', 'https://image.tmdb.org/t/p/original/As3ctGUtBYmG4zj4Ifyrcqd71HP.jpg');
INSERT OR IGNORE INTO Actor (id_actor, nombre, foto_path) VALUES (1333, 'Andy Serkis', 'https://image.tmdb.org/t/p/original/eNGqhebQ4cDssjVeNFrKtUvweV5.jpg');
INSERT OR REPLACE INTO Pelicula (id_pelicula, titulo, descripcion, poster_path, backdrop_path, trailer, anio_estreno, duracion) VALUES (122, 'El señor de los anillos: El retorno del rey', 'Las fuerzas de Saruman han sido destruidas, y su fortaleza sitiada. Ha llegado el momento de que se decida el destino de la Tierra Media, y por primera vez en mucho tiempo, parece que hay una pequeña esperanza. La atención del señor oscuro Sauron se centra ahora en Gondor, el último reducto de los hombres, y del cual Aragorn tendrá que reclamar el trono para ocupar su puesto de rey. Pero las fuerzas de Sauron ya se preparan para lanzar el último y definitivo ataque contra el reino de Gondor, la batalla que decidirá el destino de todos. Mientras tanto, Frodo y Sam continuan su camino hacia Mordor, a la espera de que Sauron no repare en que dos pequeños Hobbits se acercan cada día más al final de su camino, el Monte del Destino.', 'https://image.tmdb.org/t/p/original/mWuFbQrXyLk2kMBKF9TUPtDwuPx.jpg', 'https://image.tmdb.org/t/p/original/2u7zbn8EudG6kLlBzUYqP8RyFU4.jpg', 'https://www.youtube.com/watch?v=h-9RYiqyqjk', 2003, 202);
INSERT OR REPLACE INTO Pelicula_Actor (id_pelicula, id_actor, personaje) VALUES (122, 109, 'Frodo');
INSERT OR REPLACE INTO Pelicula_Actor (id_pelicula, id_actor, personaje) VALUES (122, 1327, 'Gandalf');
INSERT OR REPLACE INTO Pelicula_Actor (id_pelicula, id_actor, personaje) VALUES (122, 110, 'Aragorn');
INSERT OR REPLACE INTO Pelicula_Actor (id_pelicula, id_actor, personaje) VALUES (122, 1328, 'Sam');
INSERT OR REPLACE INTO Pelicula_Actor (id_pelicula, id_actor, personaje) VALUES (122, 1333, 'Gollum / Smeagol');
INSERT OR IGNORE INTO Pelicula_Categoria (id_pelicula, id_categoria) VALUES (122, 1);
INSERT OR IGNORE INTO Pelicula_Categoria (id_pelicula, id_categoria) VALUES (122, 3);
INSERT OR IGNORE INTO Pelicula_Categoria (id_pelicula, id_categoria) VALUES (122, 5);
INSERT OR IGNORE INTO Pelicula_Compania (id_pelicula, id_compania) VALUES (122, undefined);
INSERT OR IGNORE INTO Pelicula_Coleccion (id_pelicula, id_coleccion) VALUES (122, 119);
-- Fin película: El señor de los anillos: El retorno del rey --
INSERT OR IGNORE INTO Actor (id_actor, nombre, foto_path) VALUES (8891, 'John Travolta', 'https://image.tmdb.org/t/p/original/ap8eEYfBKTLixmVVpRlq4NslDD5.jpg');
INSERT OR IGNORE INTO Actor (id_actor, nombre, foto_path) VALUES (2231, 'Samuel L. Jackson', 'https://image.tmdb.org/t/p/original/AiAYAqwpM5xmiFrAIeQvUXDCVvo.jpg');
INSERT OR IGNORE INTO Actor (id_actor, nombre, foto_path) VALUES (139, 'Uma Thurman', 'https://image.tmdb.org/t/p/original/sBgAZWi3o4FsnaTvnTNtK6jpQcF.jpg');
INSERT OR IGNORE INTO Actor (id_actor, nombre, foto_path) VALUES (62, 'Bruce Willis', 'https://image.tmdb.org/t/p/original/w3aXr1e7gQCn8MSp1vW4sXHn99P.jpg');
INSERT OR IGNORE INTO Actor (id_actor, nombre, foto_path) VALUES (10182, 'Ving Rhames', 'https://image.tmdb.org/t/p/original/rqPdVVIdt45wNDsXuREu2M6PApU.jpg');
INSERT OR REPLACE INTO Pelicula (id_pelicula, titulo, descripcion, poster_path, backdrop_path, trailer, anio_estreno, duracion) VALUES (680, 'Pulp Fiction', 'Jules y Vincent, dos asesinos a sueldo con muy pocas luces, trabajan para Marsellus Wallace. Vincent le confiesa a Jules que Marsellus le ha pedido que cuide de Mia, su mujer. Jules le recomienda prudencia porque es muy peligroso sobrepasarse con la novia del jefe. Cuando llega la hora de trabajar, ambos deben ponerse manos a la obra. Su misión: recuperar un misterioso maletín.', 'https://image.tmdb.org/t/p/original/hNcQAuquJxTxl2fJFs1R42DrWcf.jpg', 'https://image.tmdb.org/t/p/original/96hiUXEuYsu4tcnvlaY8tEMFM0m.jpg', 'https://www.youtube.com/watch?v=Yydi7TMo5n0', 1994, 154);
INSERT OR REPLACE INTO Pelicula_Actor (id_pelicula, id_actor, personaje) VALUES (680, 8891, 'Vincent Vega');
INSERT OR REPLACE INTO Pelicula_Actor (id_pelicula, id_actor, personaje) VALUES (680, 2231, 'Jules Winnfield');
INSERT OR REPLACE INTO Pelicula_Actor (id_pelicula, id_actor, personaje) VALUES (680, 139, 'Mia Wallace');
INSERT OR REPLACE INTO Pelicula_Actor (id_pelicula, id_actor, personaje) VALUES (680, 62, 'Butch Coolidge');
INSERT OR REPLACE INTO Pelicula_Actor (id_pelicula, id_actor, personaje) VALUES (680, 10182, 'Marsellus Wallace');
INSERT OR IGNORE INTO Pelicula_Categoria (id_pelicula, id_categoria) VALUES (680, 6);
INSERT OR IGNORE INTO Pelicula_Categoria (id_pelicula, id_categoria) VALUES (680, 9);
INSERT OR IGNORE INTO Pelicula_Categoria (id_pelicula, id_categoria) VALUES (680, 12);
INSERT OR IGNORE INTO Pelicula_Compania (id_pelicula, id_compania) VALUES (680, undefined);
-- Fin película: Pulp Fiction --
INSERT OR IGNORE INTO Actor (id_actor, nombre, foto_path) VALUES (225730, 'Ryunosuke Kamiki', 'https://image.tmdb.org/t/p/original/ut7ewXjdgUmgkhJ1EtbOo9tbc7s.jpg');
INSERT OR IGNORE INTO Actor (id_actor, nombre, foto_path) VALUES (1369100, '上白石萌音', 'https://image.tmdb.org/t/p/original/cPydoy2sSqFDsbXeBPmzQGPmq0R.jpg');
INSERT OR IGNORE INTO Actor (id_actor, nombre, foto_path) VALUES (1668610, '成田凌', 'https://image.tmdb.org/t/p/original/f42OXn4J7cM62wtykL196YW7x85.jpg');
INSERT OR IGNORE INTO Actor (id_actor, nombre, foto_path) VALUES (936275, 'Aoi Yuki', 'https://image.tmdb.org/t/p/original/a5Mkd66GV1l3c9bZZtnvjUf33T2.jpg');
INSERT OR IGNORE INTO Actor (id_actor, nombre, foto_path) VALUES (1210634, 'Nobunaga Shimazaki', 'https://image.tmdb.org/t/p/original/qke5rZusHsjSlvB0NKlJ5dQF5D.jpg');
INSERT OR REPLACE INTO Pelicula (id_pelicula, titulo, descripcion, poster_path, backdrop_path, trailer, anio_estreno, duracion) VALUES (372058, 'Your Name', 'Taki y Mitsuha descubren un día que durante el sueño sus cuerpos se intercambian, y comienzan a comunicarse por medio de notas. A medida que consiguen superar torpemente un reto tras otro, se va creando entre los dos un vínculo que poco a poco se convierte en algo más romántico.', 'https://image.tmdb.org/t/p/original/iaiy3tg9QVkDpObm1IGqmbC9A5C.jpg', 'https://image.tmdb.org/t/p/original/8x9iKH8kWA0zdkgNdpAew7OstYe.jpg', '', 2016, 106);
INSERT OR REPLACE INTO Pelicula_Actor (id_pelicula, id_actor, personaje) VALUES (372058, 225730, 'Taki Tachibana (voice)');
INSERT OR REPLACE INTO Pelicula_Actor (id_pelicula, id_actor, personaje) VALUES (372058, 1369100, 'Mitsuha Miyamizu (voice)');
INSERT OR REPLACE INTO Pelicula_Actor (id_pelicula, id_actor, personaje) VALUES (372058, 1668610, 'Katsuhiko Teshigawara (voice)');
INSERT OR REPLACE INTO Pelicula_Actor (id_pelicula, id_actor, personaje) VALUES (372058, 936275, 'Sayaka Natori (voice)');
INSERT OR REPLACE INTO Pelicula_Actor (id_pelicula, id_actor, personaje) VALUES (372058, 1210634, 'Tsukasa Fujii (voice)');
INSERT OR IGNORE INTO Pelicula_Categoria (id_pelicula, id_categoria) VALUES (372058, 5);
INSERT OR IGNORE INTO Pelicula_Categoria (id_pelicula, id_categoria) VALUES (372058, 10);
INSERT OR IGNORE INTO Pelicula_Categoria (id_pelicula, id_categoria) VALUES (372058, 7);
INSERT OR IGNORE INTO Pelicula_Compania (id_pelicula, id_compania) VALUES (372058, undefined);
-- Fin película: Your Name --
INSERT OR IGNORE INTO Actor (id_actor, nombre, foto_path) VALUES (190, 'Clint Eastwood', 'https://image.tmdb.org/t/p/original/8TwdCfeOZH7ucRlfLZ6wObxa7cO.jpg');
INSERT OR IGNORE INTO Actor (id_actor, nombre, foto_path) VALUES (3265, 'Eli Wallach', 'https://image.tmdb.org/t/p/original/egLe8r2PwbTx9ocwS1Zu2vsYC9v.jpg');
INSERT OR IGNORE INTO Actor (id_actor, nombre, foto_path) VALUES (4078, 'Lee Van Cleef', 'https://image.tmdb.org/t/p/original/oEEsdGCBjpyJyVZlx1X8PKvHe7S.jpg');
INSERT OR IGNORE INTO Actor (id_actor, nombre, foto_path) VALUES (5813, 'Aldo Giuffrè', 'https://image.tmdb.org/t/p/original/aT6eECl1R3YGYL4KatyIQrq0zG8.jpg');
INSERT OR IGNORE INTO Actor (id_actor, nombre, foto_path) VALUES (5814, 'Luigi Pistilli', 'https://image.tmdb.org/t/p/original/bH5vmD2CMBHzJyBe0P0bL6iTUNL.jpg');
INSERT OR REPLACE INTO Pelicula (id_pelicula, titulo, descripcion, poster_path, backdrop_path, trailer, anio_estreno, duracion) VALUES (429, 'El bueno, el feo y el malo', 'Durante la Guerra de Secesión, tres cazadores de recompensas se lanzan a la búsqueda de un tesoro que ninguno de los tres truhanes puede localizar sin la ayuda de los otros dos. Tuco sabe que el tesoro se encuentra en un cementerio, mientras que Joe conoce el nombre inscrito en la tumba que lo esconde. Mientras tanto, Sentenza no duda en matar a mujeres y niños para conseguir su meta. De esta forma, los tres hombres colaboran en apariencia, pero al final intentarán eliminarse mutuamente.', 'https://image.tmdb.org/t/p/original/fSWnIXsxA47smMLwRELSWkxbVJ.jpg', 'https://image.tmdb.org/t/p/original/Adrip2Jqzw56KeuV2nAxucKMNXA.jpg', 'https://www.youtube.com/watch?v=9gEiRcNc2Rs', 1966, 161);
INSERT OR REPLACE INTO Pelicula_Actor (id_pelicula, id_actor, personaje) VALUES (429, 190, 'Blondie');
INSERT OR REPLACE INTO Pelicula_Actor (id_pelicula, id_actor, personaje) VALUES (429, 3265, 'Tuco Ramirez');
INSERT OR REPLACE INTO Pelicula_Actor (id_pelicula, id_actor, personaje) VALUES (429, 4078, 'Sentenza / Angel Eyes');
INSERT OR REPLACE INTO Pelicula_Actor (id_pelicula, id_actor, personaje) VALUES (429, 5813, 'Alcoholic Union Captain');
INSERT OR REPLACE INTO Pelicula_Actor (id_pelicula, id_actor, personaje) VALUES (429, 5814, 'Father Pablo Ramirez');
INSERT OR IGNORE INTO Pelicula_Categoria (id_pelicula, id_categoria) VALUES (429, 2);
INSERT OR IGNORE INTO Pelicula_Compania (id_pelicula, id_compania) VALUES (429, undefined);
-- Fin película: El bueno, el feo y el malo --
INSERT OR IGNORE INTO Actor (id_actor, nombre, foto_path) VALUES (10297, 'Matthew McConaughey', 'https://image.tmdb.org/t/p/original/lCySuYjhXix3FzQdS4oceDDrXKI.jpg');
INSERT OR IGNORE INTO Actor (id_actor, nombre, foto_path) VALUES (1813, 'Anne Hathaway', 'https://image.tmdb.org/t/p/original/nbccV2pMoyLTCeg5DQip24Eq0Jp.jpg');
INSERT OR IGNORE INTO Actor (id_actor, nombre, foto_path) VALUES (3895, 'Michael Caine', 'https://image.tmdb.org/t/p/original/bVZRMlpjTAO2pJK6v90buFgVbSW.jpg');
INSERT OR IGNORE INTO Actor (id_actor, nombre, foto_path) VALUES (83002, 'Jessica Chastain', 'https://image.tmdb.org/t/p/original/bXFXSlfCzoE5Py7KBP9P0Y0Ot1v.jpg');
INSERT OR IGNORE INTO Actor (id_actor, nombre, foto_path) VALUES (1893, 'Casey Affleck', 'https://image.tmdb.org/t/p/original/304ilSygaCRWykoBWAL67TOw8g9.jpg');
INSERT OR REPLACE INTO Pelicula (id_pelicula, titulo, descripcion, poster_path, backdrop_path, trailer, anio_estreno, duracion) VALUES (157336, 'Interstellar', 'Un grupo de exploradores hacen uso de un agujero de gusano recientemente descubierto para superar las limitaciones de los viajes espaciales tripulados y vencer las inmensas distancias que tiene un viaje interestelar.', 'https://image.tmdb.org/t/p/original/fbUwSqYIP0isCiJXey3staY3DNn.jpg', 'https://image.tmdb.org/t/p/original/5XNQBqnBwPA9yT0jZ0p3s8bbLh0.jpg', 'https://www.youtube.com/watch?v=UoSSbmD9vqc', 2014, 169);
INSERT OR REPLACE INTO Pelicula_Actor (id_pelicula, id_actor, personaje) VALUES (157336, 10297, 'Cooper');
INSERT OR REPLACE INTO Pelicula_Actor (id_pelicula, id_actor, personaje) VALUES (157336, 1813, 'Brand');
INSERT OR REPLACE INTO Pelicula_Actor (id_pelicula, id_actor, personaje) VALUES (157336, 3895, 'Professor Brand');
INSERT OR REPLACE INTO Pelicula_Actor (id_pelicula, id_actor, personaje) VALUES (157336, 83002, 'Murph');
INSERT OR REPLACE INTO Pelicula_Actor (id_pelicula, id_actor, personaje) VALUES (157336, 1893, 'Tom');
INSERT OR IGNORE INTO Pelicula_Categoria (id_pelicula, id_categoria) VALUES (157336, 1);
INSERT OR IGNORE INTO Pelicula_Categoria (id_pelicula, id_categoria) VALUES (157336, 7);
INSERT OR IGNORE INTO Pelicula_Categoria (id_pelicula, id_categoria) VALUES (157336, 3);
INSERT OR IGNORE INTO Pelicula_Compania (id_pelicula, id_compania) VALUES (157336, undefined);
-- Fin película: Interstellar --
INSERT OR IGNORE INTO Actor (id_actor, nombre, foto_path) VALUES (31, 'Tom Hanks', 'https://image.tmdb.org/t/p/original/oFvZoKI6lvU03n4YoNGAll9rkas.jpg');
INSERT OR IGNORE INTO Actor (id_actor, nombre, foto_path) VALUES (32, 'Robin Wright', 'https://image.tmdb.org/t/p/original/d3rIv0y2p0jMsQ7ViR7O1606NZa.jpg');
INSERT OR IGNORE INTO Actor (id_actor, nombre, foto_path) VALUES (33, 'Gary Sinise', 'https://image.tmdb.org/t/p/original/olRjiV8ZhBixQiTvrGwXhpVXxsV.jpg');
INSERT OR IGNORE INTO Actor (id_actor, nombre, foto_path) VALUES (35, 'Sally Field', 'https://image.tmdb.org/t/p/original/5fBK36MdmdwQQMuP0W70rXADXih.jpg');
INSERT OR IGNORE INTO Actor (id_actor, nombre, foto_path) VALUES (34, 'Mykelti Williamson', 'https://image.tmdb.org/t/p/original/dR16zD9AjnHWbeN5OVmJWE0vSax.jpg');
INSERT OR REPLACE INTO Pelicula (id_pelicula, titulo, descripcion, poster_path, backdrop_path, trailer, anio_estreno, duracion) VALUES (13, 'Forrest Gump', 'Forrest Gump es un chico con deficiencias mentales no muy profundas y con alguna incapacidad motora que, a pesar de todo, llegará a convertirse, entre otras cosas, en un héroe durante la Guerra del Vietnam. Su persistencia y bondad le llevarán a conseguir una gran fortuna, ser objeto del clamor popular y a codearse con las más altas esferas sociales y políticas del país. Siempre sin olvidar a Jenny, su gran amor desde que era niño.', 'https://image.tmdb.org/t/p/original/oiqKEhEfxl9knzWXvWecJKN3aj6.jpg', 'https://image.tmdb.org/t/p/original/67HggiWaP9ZLv5sPYmyRV37yAJM.jpg', 'https://www.youtube.com/watch?v=aSEPD9w_dLM', 1994, 142);
INSERT OR REPLACE INTO Pelicula_Actor (id_pelicula, id_actor, personaje) VALUES (13, 31, 'Forrest Gump');
INSERT OR REPLACE INTO Pelicula_Actor (id_pelicula, id_actor, personaje) VALUES (13, 32, 'Jenny Curran');
INSERT OR REPLACE INTO Pelicula_Actor (id_pelicula, id_actor, personaje) VALUES (13, 33, 'Lieutenant Dan Taylor');
INSERT OR REPLACE INTO Pelicula_Actor (id_pelicula, id_actor, personaje) VALUES (13, 35, 'Mrs. Gump');
INSERT OR REPLACE INTO Pelicula_Actor (id_pelicula, id_actor, personaje) VALUES (13, 34, 'Bubba Blue');
INSERT OR IGNORE INTO Pelicula_Categoria (id_pelicula, id_categoria) VALUES (13, 12);
INSERT OR IGNORE INTO Pelicula_Categoria (id_pelicula, id_categoria) VALUES (13, 7);
INSERT OR IGNORE INTO Pelicula_Categoria (id_pelicula, id_categoria) VALUES (13, 10);
INSERT OR IGNORE INTO Pelicula_Compania (id_pelicula, id_compania) VALUES (13, undefined);
-- Fin película: Forrest Gump --
INSERT OR IGNORE INTO Actor (id_actor, nombre, foto_path) VALUES (380, 'Robert De Niro', 'https://image.tmdb.org/t/p/original/cT8htcckIuyI1Lqwt1CvD02ynTh.jpg');
INSERT OR IGNORE INTO Actor (id_actor, nombre, foto_path) VALUES (11477, 'Ray Liotta', 'https://image.tmdb.org/t/p/original/rhaCUi04uEXDFvuPM5Drj1AprE6.jpg');
INSERT OR IGNORE INTO Actor (id_actor, nombre, foto_path) VALUES (4517, 'Joe Pesci', 'https://image.tmdb.org/t/p/original/zbAdhqbMfRXSz26TjxJvB5f2eL5.jpg');
INSERT OR IGNORE INTO Actor (id_actor, nombre, foto_path) VALUES (11478, 'Lorraine Bracco', 'https://image.tmdb.org/t/p/original/tAtpCzN4sTOy1RHpMpJj52zTO4S.jpg');
INSERT OR IGNORE INTO Actor (id_actor, nombre, foto_path) VALUES (7004, 'Paul Sorvino', 'https://image.tmdb.org/t/p/original/1gF0UskusEdDcNaBDJ2CMsz5Agi.jpg');
INSERT OR REPLACE INTO Pelicula (id_pelicula, titulo, descripcion, poster_path, backdrop_path, trailer, anio_estreno, duracion) VALUES (769, 'Uno de los nuestros', 'Henry, un niño de trece años de Brooklyn, vive fascinado con el mundo de los gángsters. Su sueño se hace realidad cuando entra a formar parte de la familia Pauline, dueña absoluta de la zona, que lo educan como un miembro más de la banda convirtiéndole en un destacado mafioso.', 'https://image.tmdb.org/t/p/original/3Yy0zBO9AlyAZH1cTI8Ko2ouCi.jpg', 'https://image.tmdb.org/t/p/original/gILte6Zd7m1YneIr6MVhh30S9pr.jpg', 'https://www.youtube.com/watch?v=Shj-QWYDn_M', 1990, 146);
INSERT OR REPLACE INTO Pelicula_Actor (id_pelicula, id_actor, personaje) VALUES (769, 380, 'James Conway');
INSERT OR REPLACE INTO Pelicula_Actor (id_pelicula, id_actor, personaje) VALUES (769, 11477, 'Henry Hill');
INSERT OR REPLACE INTO Pelicula_Actor (id_pelicula, id_actor, personaje) VALUES (769, 4517, 'Tommy DeVito');
INSERT OR REPLACE INTO Pelicula_Actor (id_pelicula, id_actor, personaje) VALUES (769, 11478, 'Karen Hill');
INSERT OR REPLACE INTO Pelicula_Actor (id_pelicula, id_actor, personaje) VALUES (769, 7004, 'Paul Cicero');
INSERT OR IGNORE INTO Pelicula_Categoria (id_pelicula, id_categoria) VALUES (769, 7);
INSERT OR IGNORE INTO Pelicula_Categoria (id_pelicula, id_categoria) VALUES (769, 9);
INSERT OR IGNORE INTO Pelicula_Compania (id_pelicula, id_compania) VALUES (769, undefined);
-- Fin película: Uno de los nuestros --
INSERT OR IGNORE INTO Actor (id_actor, nombre, foto_path) VALUES (7450, 'Toshirō Mifune', 'https://image.tmdb.org/t/p/original/3A9PqrtiXHLp8B2JL7m3YvVXrmL.jpg');
INSERT OR IGNORE INTO Actor (id_actor, nombre, foto_path) VALUES (7453, '志村喬', 'https://image.tmdb.org/t/p/original/ydyAm2vyBbEPZRICIMqqjDm0NM9.jpg');
INSERT OR IGNORE INTO Actor (id_actor, nombre, foto_path) VALUES (20828, '稲葉義男', 'https://image.tmdb.org/t/p/original/5qIAqM5PegWTNq67qNofz78fb6U.jpg');
INSERT OR IGNORE INTO Actor (id_actor, nombre, foto_path) VALUES (20829, '宮口精二', 'https://image.tmdb.org/t/p/original/mAGkZlsowKzgpvvi40mRLU4vA53.jpg');
INSERT OR IGNORE INTO Actor (id_actor, nombre, foto_path) VALUES (7454, '千秋実', 'https://image.tmdb.org/t/p/original/9E3efYEg8pxANdfVLqYGiX8zJE8.jpg');
INSERT OR REPLACE INTO Pelicula (id_pelicula, titulo, descripcion, poster_path, backdrop_path, trailer, anio_estreno, duracion) VALUES (346, 'Los siete samuráis', 'Una banda de forajidos atemorizan a los habitantes de un pequeño pueblo, saqueándolos periódicamente sin piedad. Para repeler estos ataques, los aldeanos deciden contratar a mercenarios. Finalmente, consiguen los servicios de 7 guerreros, 7 samurais dispuestos a defenderlos a cambio, tan solo, de cobijo y comida.', 'https://image.tmdb.org/t/p/original/zr4DkzWIMjaWtj6hlsbN6dnNeTX.jpg', 'https://image.tmdb.org/t/p/original/qvZ91FwMq6O47VViAr8vZNQz3WI.jpg', '', 1954, 207);
INSERT OR REPLACE INTO Pelicula_Actor (id_pelicula, id_actor, personaje) VALUES (346, 7450, 'Kikuchiyo');
INSERT OR REPLACE INTO Pelicula_Actor (id_pelicula, id_actor, personaje) VALUES (346, 7453, 'Kambei Shimada');
INSERT OR REPLACE INTO Pelicula_Actor (id_pelicula, id_actor, personaje) VALUES (346, 20828, 'Gorobei Katayama');
INSERT OR REPLACE INTO Pelicula_Actor (id_pelicula, id_actor, personaje) VALUES (346, 20829, 'Kyuzo');
INSERT OR REPLACE INTO Pelicula_Actor (id_pelicula, id_actor, personaje) VALUES (346, 7454, 'Heihachi Hayashida');
INSERT OR IGNORE INTO Pelicula_Categoria (id_pelicula, id_categoria) VALUES (346, 5);
INSERT OR IGNORE INTO Pelicula_Categoria (id_pelicula, id_categoria) VALUES (346, 7);
INSERT OR IGNORE INTO Pelicula_Compania (id_pelicula, id_compania) VALUES (346, undefined);
-- Fin película: Los siete samuráis --
INSERT OR IGNORE INTO Actor (id_actor, nombre, foto_path) VALUES (72413, '辰巳努', 'https://image.tmdb.org/t/p/original/opRQfqXqAcUaqLMNARi78S7KZVa.jpg');
INSERT OR IGNORE INTO Actor (id_actor, nombre, foto_path) VALUES (72414, '白石綾乃', 'https://image.tmdb.org/t/p/original/ltxZJRUAMsKqnflUKw1zlSjMhcu.jpg');
INSERT OR IGNORE INTO Actor (id_actor, nombre, foto_path) VALUES (72415, '志乃原良子', 'https://image.tmdb.org/t/p/original/yvpARjDfEri1a3nh7OXywzWb1Xn.jpg');
INSERT OR IGNORE INTO Actor (id_actor, nombre, foto_path) VALUES (72416, '山口朱美', '');
INSERT OR IGNORE INTO Actor (id_actor, nombre, foto_path) VALUES (3773484, 'Masayo Sakai', '');
INSERT OR REPLACE INTO Pelicula (id_pelicula, titulo, descripcion, poster_path, backdrop_path, trailer, anio_estreno, duracion) VALUES (12477, 'La tumba de las luciérnagas', 'Verano de 1945. La aviación estadounidense somete las ciudades japonesas a continuos ataques aéreos. En uno de ellos, una incursión con bombas incendiarias convierte la ciudad de Kōbe en un infierno humeante, para los dos protagonistas (Seita, de 14 años, y su hermanita Setsuko, de 5). El joven Seita y su pequeña hermana Setsuko son hijos de un oficial de la marina japonesa. Durante la Segunda Guerra Mundial, ambos viven con su madre, pero un día, tras un bombardeo, ellos se retrasan y no consiguen llegar al búnker donde ella los espera.', 'https://image.tmdb.org/t/p/original/juKTAn2AuoE9MvCNvf3kwZrt1t4.jpg', 'https://image.tmdb.org/t/p/original/aHaqZpOL7UyVu0nKqp3SMz0o2E1.jpg', 'https://www.youtube.com/watch?v=3YeP-UMHVaE', 1988, 95);
INSERT OR REPLACE INTO Pelicula_Actor (id_pelicula, id_actor, personaje) VALUES (12477, 72413, 'Seita (voice)');
INSERT OR REPLACE INTO Pelicula_Actor (id_pelicula, id_actor, personaje) VALUES (12477, 72414, 'Setsuko (voice)');
INSERT OR REPLACE INTO Pelicula_Actor (id_pelicula, id_actor, personaje) VALUES (12477, 72415, 'Mother (voice)');
INSERT OR REPLACE INTO Pelicula_Actor (id_pelicula, id_actor, personaje) VALUES (12477, 72416, 'Auntie (voice)');
INSERT OR REPLACE INTO Pelicula_Actor (id_pelicula, id_actor, personaje) VALUES (12477, 3773484, 'Woman who takes care of Setsuko (voice)');
INSERT OR IGNORE INTO Pelicula_Categoria (id_pelicula, id_categoria) VALUES (12477, 5);
INSERT OR IGNORE INTO Pelicula_Categoria (id_pelicula, id_categoria) VALUES (12477, 7);
INSERT OR IGNORE INTO Pelicula_Categoria (id_pelicula, id_categoria) VALUES (12477, 1);
INSERT OR IGNORE INTO Pelicula_Compania (id_pelicula, id_compania) VALUES (12477, undefined);
-- Fin película: La tumba de las luciérnagas --
INSERT OR IGNORE INTO Actor (id_actor, nombre, foto_path) VALUES (4818, 'Roberto Benigni', 'https://image.tmdb.org/t/p/original/ba1Sg02XxCphu6E1dWDMAH1GzeE.jpg');
INSERT OR IGNORE INTO Actor (id_actor, nombre, foto_path) VALUES (9235, 'Nicoletta Braschi', 'https://image.tmdb.org/t/p/original/9IeE3Iz9HXZVTrvhjSCKlR4FLxB.jpg');
INSERT OR IGNORE INTO Actor (id_actor, nombre, foto_path) VALUES (9236, 'Giorgio Cantarini', 'https://image.tmdb.org/t/p/original/1tKZHpVTYcw8EP3naVTZFlrOkhQ.jpg');
INSERT OR IGNORE INTO Actor (id_actor, nombre, foto_path) VALUES (9237, 'Giustino Durano', 'https://image.tmdb.org/t/p/original/5VbG50qZNUnpx6UW7594RUlX7SZ.jpg');
INSERT OR IGNORE INTO Actor (id_actor, nombre, foto_path) VALUES (9239, 'Sergio Bini Bustric', 'https://image.tmdb.org/t/p/original/crnlLn1SxP2LqbsXNr8CQrvaiNc.jpg');
INSERT OR REPLACE INTO Pelicula (id_pelicula, titulo, descripcion, poster_path, backdrop_path, trailer, anio_estreno, duracion) VALUES (637, 'La vida es bella', 'En 1939, a punto de estallar la Segunda Guerra Mundial (1939-1945), el extravagante Guido llega a Arezzo, en la Toscana, con la intención de abrir una librería. Allí conoce a la encantadora Dora y, a pesar de que es la prometida del fascista Rodolfo, se casa con ella y tiene un hijo. Al estallar la guerra, los tres son internados en un campo de exterminio, donde Guido hará lo imposible para hacer creer a su hijo que la terrible situación que están padeciendo es tan sólo un juego.', 'https://image.tmdb.org/t/p/original/aZ7MFlKPfB02Lr9NwZQ4vsYRgcy.jpg', 'https://image.tmdb.org/t/p/original/6aNKD81RHR1DqUUa8kOZ1TBY1Lp.jpg', '', 1997, 117);
INSERT OR REPLACE INTO Pelicula_Actor (id_pelicula, id_actor, personaje) VALUES (637, 4818, 'Guido');
INSERT OR REPLACE INTO Pelicula_Actor (id_pelicula, id_actor, personaje) VALUES (637, 9235, 'Dora');
INSERT OR REPLACE INTO Pelicula_Actor (id_pelicula, id_actor, personaje) VALUES (637, 9236, 'Giosué');
INSERT OR REPLACE INTO Pelicula_Actor (id_pelicula, id_actor, personaje) VALUES (637, 9237, 'Zio');
INSERT OR REPLACE INTO Pelicula_Actor (id_pelicula, id_actor, personaje) VALUES (637, 9239, 'Ferruccio');
INSERT OR IGNORE INTO Pelicula_Categoria (id_pelicula, id_categoria) VALUES (637, 12);
INSERT OR IGNORE INTO Pelicula_Categoria (id_pelicula, id_categoria) VALUES (637, 7);
INSERT OR IGNORE INTO Pelicula_Compania (id_pelicula, id_compania) VALUES (637, undefined);
-- Fin película: La vida es bella --
