
-- === LOTE: Upcoming - Page 4 (2026-02-06T11:07:41.907Z) ===
INSERT OR IGNORE INTO Actor (id_actor, nombre, foto_path) VALUES (37917, 'Kristen Stewart', 'https://image.tmdb.org/t/p/original/ryhCjTGqS6G6OprbR0qUEH355lA.jpg');
INSERT OR IGNORE INTO Actor (id_actor, nombre, foto_path) VALUES (11288, 'Robert Pattinson', 'https://image.tmdb.org/t/p/original/8A4PS5iG7GWEAVFftyqMZKl3qcr.jpg');
INSERT OR IGNORE INTO Actor (id_actor, nombre, foto_path) VALUES (84214, 'Taylor Lautner', 'https://image.tmdb.org/t/p/original/fpaxCUZEpBHtg6HuXjjJPf0tep9.jpg');
INSERT OR IGNORE INTO Actor (id_actor, nombre, foto_path) VALUES (501, 'Dakota Fanning', 'https://image.tmdb.org/t/p/original/hwcO08SVWkelfvgfIa5HsTMxsK8.jpg');
INSERT OR IGNORE INTO Actor (id_actor, nombre, foto_path) VALUES (3968, 'Michael Sheen', 'https://image.tmdb.org/t/p/original/nGxIcIcfJjdPN3k8zFabtA1gRqL.jpg');
INSERT OR REPLACE INTO Pelicula (id_pelicula, titulo, descripcion, poster_path, backdrop_path, trailer, anio_estreno, duracion) VALUES (18239, 'La saga Crepúsculo: Luna nueva', 'Edward Cullen decide abandonar a Bella Swan para mantenerla alejada de los peligros del mundo vampírico. Con la ayuda de Jacob Black, su amigo de la infancia y miembro de la misteriosa tribu quileute, Bella intentará superar el abandono de Edward, que la ha dejado sumida en el mayor de los desconsuelos. Pero los peligros siguen acechando a la joven; nuevas y asombrosas criaturas sobrenaturales se cruzarán en su camino, y Bella sólo contará con el apoyo del cada vez más cercano e irresistible Jacob. Repentinamente, Bella se encuentra inmersa en el mundo de los hombres lobo, ancestrales enemigos de los vampiros, y su lealtad es puesta a prueba...', 'https://image.tmdb.org/t/p/original/l5lF8VHTO5QKObAKE3Wp2QQfGZJ.jpg', 'https://image.tmdb.org/t/p/original/dF2c20sRDgySZLaLS2OUerL07sz.jpg', 'https://www.youtube.com/watch?v=oDu2ifwrQNA', 2009, 131);
INSERT OR REPLACE INTO Pelicula_Actor (id_pelicula, id_actor, personaje) VALUES (18239, 37917, 'Bella Swan');
INSERT OR REPLACE INTO Pelicula_Actor (id_pelicula, id_actor, personaje) VALUES (18239, 11288, 'Edward Cullen');
INSERT OR REPLACE INTO Pelicula_Actor (id_pelicula, id_actor, personaje) VALUES (18239, 84214, 'Jacob Black');
INSERT OR REPLACE INTO Pelicula_Actor (id_pelicula, id_actor, personaje) VALUES (18239, 501, 'Jane');
INSERT OR REPLACE INTO Pelicula_Actor (id_pelicula, id_actor, personaje) VALUES (18239, 3968, 'Aro');
INSERT OR IGNORE INTO Pelicula_Categoria (id_pelicula, id_categoria) VALUES (18239, 1);
INSERT OR IGNORE INTO Pelicula_Categoria (id_pelicula, id_categoria) VALUES (18239, 3);
INSERT OR IGNORE INTO Pelicula_Categoria (id_pelicula, id_categoria) VALUES (18239, 7);
INSERT OR IGNORE INTO Pelicula_Categoria (id_pelicula, id_categoria) VALUES (18239, 10);
INSERT OR IGNORE INTO Pelicula_Compania (id_pelicula, id_compania) VALUES (18239, undefined);
INSERT OR IGNORE INTO Pelicula_Coleccion (id_pelicula, id_coleccion) VALUES (18239, 33514);
-- Fin película: La saga Crepúsculo: Luna nueva --
INSERT OR IGNORE INTO Actor (id_actor, nombre, foto_path) VALUES (2982534, 'Emile Chérif', 'https://image.tmdb.org/t/p/original/1piOAICtgfVvKAU8QSZLjNILUJ3.jpg');
INSERT OR IGNORE INTO Actor (id_actor, nombre, foto_path) VALUES (4072268, 'Lilli Falk', 'https://image.tmdb.org/t/p/original/rdvtuPzvSkfYu3R14keUNS3rg1w.jpg');
INSERT OR IGNORE INTO Actor (id_actor, nombre, foto_path) VALUES (4670408, 'Johan von Ehrlich', 'https://image.tmdb.org/t/p/original/iPWqsR5AlZHEgk1RKvymgQtbWna.jpg');
INSERT OR IGNORE INTO Actor (id_actor, nombre, foto_path) VALUES (4670430, 'Sophie Lelenta', 'https://image.tmdb.org/t/p/original/jigsqYSV9zVGkbjVqhAPVGpLcSQ.jpg');
INSERT OR IGNORE INTO Actor (id_actor, nombre, foto_path) VALUES (4523550, 'Olivia Sinclair', 'https://image.tmdb.org/t/p/original/ck6hnWslF3lQobJOVQ8KS42rd4m.jpg');
INSERT OR REPLACE INTO Pelicula (id_pelicula, titulo, descripcion, poster_path, backdrop_path, trailer, anio_estreno, duracion) VALUES (1278853, 'Woodwalkers 2', '', 'https://image.tmdb.org/t/p/original/yQjKR2J93rzpOYkpBfytkubc3jP.jpg', 'https://image.tmdb.org/t/p/original/sueKcqeTG4tk7yeDXCHDvkYS8rl.jpg', '', 2026, 102);
INSERT OR REPLACE INTO Pelicula_Actor (id_pelicula, id_actor, personaje) VALUES (1278853, 2982534, 'Carag');
INSERT OR REPLACE INTO Pelicula_Actor (id_pelicula, id_actor, personaje) VALUES (1278853, 4072268, 'Holly');
INSERT OR REPLACE INTO Pelicula_Actor (id_pelicula, id_actor, personaje) VALUES (1278853, 4670408, 'Brandon');
INSERT OR REPLACE INTO Pelicula_Actor (id_pelicula, id_actor, personaje) VALUES (1278853, 4670430, 'Lou');
INSERT OR REPLACE INTO Pelicula_Actor (id_pelicula, id_actor, personaje) VALUES (1278853, 4523550, 'Tikaani');
INSERT OR IGNORE INTO Pelicula_Categoria (id_pelicula, id_categoria) VALUES (1278853, 3);
INSERT OR IGNORE INTO Pelicula_Categoria (id_pelicula, id_categoria) VALUES (1278853, 12);
INSERT OR IGNORE INTO Pelicula_Categoria (id_pelicula, id_categoria) VALUES (1278853, 1);
INSERT OR IGNORE INTO Pelicula_Compania (id_pelicula, id_compania) VALUES (1278853, undefined);
INSERT OR IGNORE INTO Pelicula_Coleccion (id_pelicula, id_coleccion) VALUES (1278853, 1278855);
-- Fin película: Woodwalkers 2 --
INSERT OR IGNORE INTO Actor (id_actor, nombre, foto_path) VALUES (622, '松田洋治', 'https://image.tmdb.org/t/p/original/42WeHwCymsgJh3mLAyknCdRcef8.jpg');
INSERT OR IGNORE INTO Actor (id_actor, nombre, foto_path) VALUES (20330, '石田ゆり子', 'https://image.tmdb.org/t/p/original/cADoBCi603Chz2IaxcwWT2mNwCf.jpg');
INSERT OR IGNORE INTO Actor (id_actor, nombre, foto_path) VALUES (20331, '田中裕子', 'https://image.tmdb.org/t/p/original/fMonAnp3OQ16FmGy5SGhEJRcuVI.jpg');
INSERT OR IGNORE INTO Actor (id_actor, nombre, foto_path) VALUES (20332, '小林薫', 'https://image.tmdb.org/t/p/original/zpnQ8L6SpyT8pI5vgbpKqXyMYoj.jpg');
INSERT OR IGNORE INTO Actor (id_actor, nombre, foto_path) VALUES (20333, 'Masahiko Nishimura', 'https://image.tmdb.org/t/p/original/2fXvxAI4KySYgp9KZMzkK4q2TkY.jpg');
INSERT OR REPLACE INTO Pelicula (id_pelicula, titulo, descripcion, poster_path, backdrop_path, trailer, anio_estreno, duracion) VALUES (128, 'La princesa Mononoke', 'Tras sufrir el ataque de un monstruoso jabalí maldito, el joven Ashitaka emprende el camino en busca de la cura que detenga la infección. Mientras, los humanos están acabando con los bosques y los dioses convertidos en temibles bestias hacen todo lo posible por protegerlo encabezados por Mononoke, una princesa guerrera. Ashikata deberá escoger bando y decidir si ayudar a los hombres o las deidades intentando detener la maldición de su herida que se extiende por su cuerpo sin cuartel.', 'https://image.tmdb.org/t/p/original/xP466sdt19CPLVljpRwI7luEgFn.jpg', 'https://image.tmdb.org/t/p/original/gl0jzn4BupSbL2qMVeqrjKkF9Js.jpg', 'https://www.youtube.com/watch?v=NixsPRMfqV0', 1997, 134);
INSERT OR REPLACE INTO Pelicula_Actor (id_pelicula, id_actor, personaje) VALUES (128, 622, 'Ashitaka (voice)');
INSERT OR REPLACE INTO Pelicula_Actor (id_pelicula, id_actor, personaje) VALUES (128, 20330, 'San / Kaya (voice)');
INSERT OR REPLACE INTO Pelicula_Actor (id_pelicula, id_actor, personaje) VALUES (128, 20331, 'Eboshi Gozen (voice)');
INSERT OR REPLACE INTO Pelicula_Actor (id_pelicula, id_actor, personaje) VALUES (128, 20332, 'Jikobo (voice)');
INSERT OR REPLACE INTO Pelicula_Actor (id_pelicula, id_actor, personaje) VALUES (128, 20333, 'Kouroku (voice)');
INSERT OR IGNORE INTO Pelicula_Categoria (id_pelicula, id_categoria) VALUES (128, 1);
INSERT OR IGNORE INTO Pelicula_Categoria (id_pelicula, id_categoria) VALUES (128, 3);
INSERT OR IGNORE INTO Pelicula_Categoria (id_pelicula, id_categoria) VALUES (128, 5);
INSERT OR IGNORE INTO Pelicula_Compania (id_pelicula, id_compania) VALUES (128, undefined);
-- Fin película: La princesa Mononoke --
INSERT OR IGNORE INTO Actor (id_actor, nombre, foto_path) VALUES (85034, 'रणबीर कपूर', 'https://image.tmdb.org/t/p/original/ymYNHV9luwgyrw17NXHqbOWTQkg.jpg');
INSERT OR IGNORE INTO Actor (id_actor, nombre, foto_path) VALUES (1752056, 'Rashmika Mandanna', 'https://image.tmdb.org/t/p/original/c1wQq0OAzU9nFhGYn4iOoi7dmqD.jpg');
INSERT OR IGNORE INTO Actor (id_actor, nombre, foto_path) VALUES (72118, 'Anil Kapoor', 'https://image.tmdb.org/t/p/original/6RcrXGFzO50Tazqc8tbDlzYKvTd.jpg');
INSERT OR IGNORE INTO Actor (id_actor, nombre, foto_path) VALUES (77235, 'Bobby Deol', 'https://image.tmdb.org/t/p/original/2npVa3PduichY8e7qBiE54m9VVP.jpg');
INSERT OR IGNORE INTO Actor (id_actor, nombre, foto_path) VALUES (2100209, 'Triptii Dimri', 'https://image.tmdb.org/t/p/original/bAwn2jF0X67qUzmO27X34THLJ4w.jpg');
INSERT OR REPLACE INTO Pelicula (id_pelicula, titulo, descripcion, poster_path, backdrop_path, trailer, anio_estreno, duracion) VALUES (781732, 'Animal', '', 'https://image.tmdb.org/t/p/original/hr9rjR3J0xBBKmlJ4n3gHId9ccx.jpg', 'https://image.tmdb.org/t/p/original/lprsAHkwMxk2iC6VZxNmV0H7g1t.jpg', '', 2023, 201);
INSERT OR REPLACE INTO Pelicula_Actor (id_pelicula, id_actor, personaje) VALUES (781732, 85034, 'Ranvijay Balbir Singh / Aziz Haque');
INSERT OR REPLACE INTO Pelicula_Actor (id_pelicula, id_actor, personaje) VALUES (781732, 1752056, 'Geetanjali Singh');
INSERT OR REPLACE INTO Pelicula_Actor (id_pelicula, id_actor, personaje) VALUES (781732, 72118, 'Balbir Singh');
INSERT OR REPLACE INTO Pelicula_Actor (id_pelicula, id_actor, personaje) VALUES (781732, 77235, 'Abrar Haque');
INSERT OR REPLACE INTO Pelicula_Actor (id_pelicula, id_actor, personaje) VALUES (781732, 2100209, 'Zoya Riaz');
INSERT OR IGNORE INTO Pelicula_Categoria (id_pelicula, id_categoria) VALUES (781732, 5);
INSERT OR IGNORE INTO Pelicula_Categoria (id_pelicula, id_categoria) VALUES (781732, 9);
INSERT OR IGNORE INTO Pelicula_Categoria (id_pelicula, id_categoria) VALUES (781732, 7);
INSERT OR IGNORE INTO Pelicula_Compania (id_pelicula, id_compania) VALUES (781732, undefined);
INSERT OR IGNORE INTO Pelicula_Coleccion (id_pelicula, id_coleccion) VALUES (781732, 1214005);
-- Fin película: Animal --
INSERT OR IGNORE INTO Actor (id_actor, nombre, foto_path) VALUES (7056, 'Emma Thompson', 'https://image.tmdb.org/t/p/original/xVrrH7dAoeotune3TWjv5Tr3F3U.jpg');
INSERT OR IGNORE INTO Actor (id_actor, nombre, foto_path) VALUES (20750, 'Judy Greer', 'https://image.tmdb.org/t/p/original/j5fyC7BdkhheN9A93ryEvHAP4Nl.jpg');
INSERT OR IGNORE INTO Actor (id_actor, nombre, foto_path) VALUES (212776, 'Marc Menchaca', 'https://image.tmdb.org/t/p/original/fL0LmdBwau30M4AFPVJrpLRXXsU.jpg');
INSERT OR IGNORE INTO Actor (id_actor, nombre, foto_path) VALUES (2850009, 'Laurel Marsden', 'https://image.tmdb.org/t/p/original/9qXzNvaTevBkR0odMrRBsL1GQ35.jpg');
INSERT OR IGNORE INTO Actor (id_actor, nombre, foto_path) VALUES (1339199, 'Gaia Wise', 'https://image.tmdb.org/t/p/original/8K9vxA6M8goWV3HZGdz3hSPcqGe.jpg');
INSERT OR REPLACE INTO Pelicula (id_pelicula, titulo, descripcion, poster_path, backdrop_path, trailer, anio_estreno, duracion) VALUES (1235746, 'Muerte en la nieve', 'Una mujer, que viaja sola por el norte nevado de Minnesota, interrumpe el secuestro de una adolescente. A horas del pueblo más cercano y sin cobertura telefónica, se da cuenta de que es la única esperanza de la joven.', 'https://image.tmdb.org/t/p/original/Ac0Lm6Pj5LT2joGfMWmmLf5hRi9.jpg', 'https://image.tmdb.org/t/p/original/ajdB8AoHKrYlOR4yMDMZYLFyfdj.jpg', '', 2025, 97);
INSERT OR REPLACE INTO Pelicula_Actor (id_pelicula, id_actor, personaje) VALUES (1235746, 7056, 'Barb');
INSERT OR REPLACE INTO Pelicula_Actor (id_pelicula, id_actor, personaje) VALUES (1235746, 20750, 'Purple Lady');
INSERT OR REPLACE INTO Pelicula_Actor (id_pelicula, id_actor, personaje) VALUES (1235746, 212776, 'Camo Jacket');
INSERT OR REPLACE INTO Pelicula_Actor (id_pelicula, id_actor, personaje) VALUES (1235746, 2850009, 'Leah');
INSERT OR REPLACE INTO Pelicula_Actor (id_pelicula, id_actor, personaje) VALUES (1235746, 1339199, 'Young Barb');
INSERT OR IGNORE INTO Pelicula_Categoria (id_pelicula, id_categoria) VALUES (1235746, 6);
INSERT OR IGNORE INTO Pelicula_Categoria (id_pelicula, id_categoria) VALUES (1235746, 5);
INSERT OR IGNORE INTO Pelicula_Compania (id_pelicula, id_compania) VALUES (1235746, undefined);
-- Fin película: Muerte en la nieve --
INSERT OR IGNORE INTO Actor (id_actor, nombre, foto_path) VALUES (5971511, 'Hind Rajab', 'https://image.tmdb.org/t/p/original/fBvts2i8DT6hF6pLSIO1G9eFhPQ.jpg');
INSERT OR IGNORE INTO Actor (id_actor, nombre, foto_path) VALUES (3120512, 'Motaz Malhees', 'https://image.tmdb.org/t/p/original/zJpFeotJjnlCDzPJldh2HnCGWnJ.jpg');
INSERT OR IGNORE INTO Actor (id_actor, nombre, foto_path) VALUES (4813228, 'Saja Kilani', 'https://image.tmdb.org/t/p/original/4I9iG1c8J2CYlWYgOtuWOrLVhQK.jpg');
INSERT OR IGNORE INTO Actor (id_actor, nombre, foto_path) VALUES (764, 'Amer Hlehel', 'https://image.tmdb.org/t/p/original/5jMEeDf5OeQVxkFOZoiNmUMXSP.jpg');
INSERT OR IGNORE INTO Actor (id_actor, nombre, foto_path) VALUES (41645, 'Clara Khoury', 'https://image.tmdb.org/t/p/original/fZRKDltimEEw6CKV7BHyT4cJVHi.jpg');
INSERT OR REPLACE INTO Pelicula (id_pelicula, titulo, descripcion, poster_path, backdrop_path, trailer, anio_estreno, duracion) VALUES (1480382, 'La voz de Hind Rajab', 'Voluntarios de la Media Luna Roja reciben una llamada urgente de una niña de 6 años atrapada en un auto bajo fuego en Gaza. Mientras intentan mantenerla en línea, luchan contra el tiempo para enviar una ambulancia a rescatarla.', 'https://image.tmdb.org/t/p/original/g6Mq2ymivGJoB7Y6XO7fNU9IJqR.jpg', 'https://image.tmdb.org/t/p/original/mQwD7GtPTkv6WF5m8AJWGrO5XOE.jpg', 'https://www.youtube.com/watch?v=Fcg-OHDCKcY', 2025, 89);
INSERT OR REPLACE INTO Pelicula_Actor (id_pelicula, id_actor, personaje) VALUES (1480382, 5971511, 'Self (Voice)');
INSERT OR REPLACE INTO Pelicula_Actor (id_pelicula, id_actor, personaje) VALUES (1480382, 3120512, 'Omar A. Alqam');
INSERT OR REPLACE INTO Pelicula_Actor (id_pelicula, id_actor, personaje) VALUES (1480382, 4813228, 'Rana Hassan Faqih');
INSERT OR REPLACE INTO Pelicula_Actor (id_pelicula, id_actor, personaje) VALUES (1480382, 764, 'Mahdi M. Aljamal');
INSERT OR REPLACE INTO Pelicula_Actor (id_pelicula, id_actor, personaje) VALUES (1480382, 41645, 'Nisreen Jeries Qawas');
INSERT OR IGNORE INTO Pelicula_Categoria (id_pelicula, id_categoria) VALUES (1480382, 7);
INSERT OR IGNORE INTO Pelicula_Compania (id_pelicula, id_compania) VALUES (1480382, undefined);
-- Fin película: La voz de Hind Rajab --
INSERT OR IGNORE INTO Actor (id_actor, nombre, foto_path) VALUES (4862780, 'Llúcia Garcia', 'https://image.tmdb.org/t/p/original/aplZBBmzWbaiyJ3jdgasFMtMjlV.jpg');
INSERT OR IGNORE INTO Actor (id_actor, nombre, foto_path) VALUES (4548339, 'Mitch', 'https://image.tmdb.org/t/p/original/qfvnvvoNSqMviDIGByiUfXYzKrW.jpg');
INSERT OR IGNORE INTO Actor (id_actor, nombre, foto_path) VALUES (16441, 'Tristán Ulloa', 'https://image.tmdb.org/t/p/original/sglKcvdU3e8hTy1kOghEbT0GdHS.jpg');
INSERT OR IGNORE INTO Actor (id_actor, nombre, foto_path) VALUES (1165500, 'Alberto Gracia', 'https://image.tmdb.org/t/p/original/zzH96jYK9VXOOsJBwz3suPcrHnR.jpg');
INSERT OR IGNORE INTO Actor (id_actor, nombre, foto_path) VALUES (140517, 'Miryam Gallego', 'https://image.tmdb.org/t/p/original/bW3DNCqGZpREUMF84A3znHe2Vw8.jpg');
INSERT OR REPLACE INTO Pelicula (id_pelicula, titulo, descripcion, poster_path, backdrop_path, trailer, anio_estreno, duracion) VALUES (1182861, 'Romería', 'Marina viaja a Vigo para conocer a la familia de su padre biológico, que murió de sida, al igual que su madre, cuando ella era muy pequeña. A través de los encuentros con sus tíos, tías y abuelos, Marina intenta reconstruir un relato coherente de su padre y de la historia de amor que vivió con su madre, pero no lo consigue: Todos sienten demasiada vergüenza hacia los conflictos de drogas de la pareja, algo que Marina les recuerda con su presencia.', 'https://image.tmdb.org/t/p/original/svscmm7MZml1JqBMl62REnbxhjP.jpg', 'https://image.tmdb.org/t/p/original/kohW6AcOSH2tHGNO60HGBHlaIFh.jpg', 'https://www.youtube.com/watch?v=-VKQ7z-_WrE', 2025, 115);
INSERT OR REPLACE INTO Pelicula_Actor (id_pelicula, id_actor, personaje) VALUES (1182861, 4862780, 'Marina');
INSERT OR REPLACE INTO Pelicula_Actor (id_pelicula, id_actor, personaje) VALUES (1182861, 4548339, 'Nuno');
INSERT OR REPLACE INTO Pelicula_Actor (id_pelicula, id_actor, personaje) VALUES (1182861, 16441, 'Lois');
INSERT OR REPLACE INTO Pelicula_Actor (id_pelicula, id_actor, personaje) VALUES (1182861, 1165500, 'Iago');
INSERT OR REPLACE INTO Pelicula_Actor (id_pelicula, id_actor, personaje) VALUES (1182861, 140517, 'Olalla');
INSERT OR IGNORE INTO Pelicula_Categoria (id_pelicula, id_categoria) VALUES (1182861, 7);
INSERT OR IGNORE INTO Pelicula_Compania (id_pelicula, id_compania) VALUES (1182861, undefined);
-- Fin película: Romería --
INSERT OR IGNORE INTO Actor (id_actor, nombre, foto_path) VALUES (37917, 'Kristen Stewart', 'https://image.tmdb.org/t/p/original/ryhCjTGqS6G6OprbR0qUEH355lA.jpg');
INSERT OR IGNORE INTO Actor (id_actor, nombre, foto_path) VALUES (11288, 'Robert Pattinson', 'https://image.tmdb.org/t/p/original/8A4PS5iG7GWEAVFftyqMZKl3qcr.jpg');
INSERT OR IGNORE INTO Actor (id_actor, nombre, foto_path) VALUES (84214, 'Taylor Lautner', 'https://image.tmdb.org/t/p/original/fpaxCUZEpBHtg6HuXjjJPf0tep9.jpg');
INSERT OR IGNORE INTO Actor (id_actor, nombre, foto_path) VALUES (18997, 'Bryce Dallas Howard', 'https://image.tmdb.org/t/p/original/rzojCKldmWQRE8RZxLeEFyoLDoQ.jpg');
INSERT OR IGNORE INTO Actor (id_actor, nombre, foto_path) VALUES (501, 'Dakota Fanning', 'https://image.tmdb.org/t/p/original/hwcO08SVWkelfvgfIa5HsTMxsK8.jpg');
INSERT OR REPLACE INTO Pelicula (id_pelicula, titulo, descripcion, poster_path, backdrop_path, trailer, anio_estreno, duracion) VALUES (24021, 'La saga Crepúsculo: Eclipse', 'En esta tercera entrega de la exitosa saga de vampiros de las novelas de Stephenie Meyer, Bella tendrá que elegir entre Edward y Jacob. La ciudad de Seattle es devastada por una serie de misteriosos asesinatos que va en aumento, mientras una vampiresa busca venganza. Bella debe escoger entre su amor por Edward y su amistad con Jacob, consciente de que su decisión puede iniciar una batalla entre vampiros y licántropos. Rodeada de peligro y con su graduación acercándose, ahora se enfrenta a la decisión más importante de su vida.', 'https://image.tmdb.org/t/p/original/mckJPxNAQ51beBQw82evAa9a2Wd.jpg', 'https://image.tmdb.org/t/p/original/oguoQWtQJcqIkmmUNbe3CmLx6AP.jpg', 'https://www.youtube.com/watch?v=I1_3xCHJ0wk', 2010, 124);
INSERT OR REPLACE INTO Pelicula_Actor (id_pelicula, id_actor, personaje) VALUES (24021, 37917, 'Bella Swan');
INSERT OR REPLACE INTO Pelicula_Actor (id_pelicula, id_actor, personaje) VALUES (24021, 11288, 'Edward Cullen');
INSERT OR REPLACE INTO Pelicula_Actor (id_pelicula, id_actor, personaje) VALUES (24021, 84214, 'Jacob Black');
INSERT OR REPLACE INTO Pelicula_Actor (id_pelicula, id_actor, personaje) VALUES (24021, 18997, 'Victoria');
INSERT OR REPLACE INTO Pelicula_Actor (id_pelicula, id_actor, personaje) VALUES (24021, 501, 'Jane');
INSERT OR IGNORE INTO Pelicula_Categoria (id_pelicula, id_categoria) VALUES (24021, 1);
INSERT OR IGNORE INTO Pelicula_Categoria (id_pelicula, id_categoria) VALUES (24021, 3);
INSERT OR IGNORE INTO Pelicula_Categoria (id_pelicula, id_categoria) VALUES (24021, 7);
INSERT OR IGNORE INTO Pelicula_Categoria (id_pelicula, id_categoria) VALUES (24021, 10);
INSERT OR IGNORE INTO Pelicula_Compania (id_pelicula, id_compania) VALUES (24021, undefined);
INSERT OR IGNORE INTO Pelicula_Coleccion (id_pelicula, id_coleccion) VALUES (24021, 33514);
-- Fin película: La saga Crepúsculo: Eclipse --
INSERT OR IGNORE INTO Actor (id_actor, nombre, foto_path) VALUES (1944459, 'Jacob Fortune-Lloyd', 'https://image.tmdb.org/t/p/original/vWP0TglQTAANp4ikgB7CCEBUJoP.jpg');
INSERT OR IGNORE INTO Actor (id_actor, nombre, foto_path) VALUES (1665, 'Eddie Marsan', 'https://image.tmdb.org/t/p/original/9atfOgIxhfOKvv2be8HEp6SzOct.jpg');
INSERT OR IGNORE INTO Actor (id_actor, nombre, foto_path) VALUES (1639, 'Emily Watson', 'https://image.tmdb.org/t/p/original/bd0qiJXHoLNpkCqABsh67AKRtjC.jpg');
INSERT OR IGNORE INTO Actor (id_actor, nombre, foto_path) VALUES (2732459, 'Blake Richardson', 'https://image.tmdb.org/t/p/original/4G04eH726kBKRursnewxp2mXY2w.jpg');
INSERT OR IGNORE INTO Actor (id_actor, nombre, foto_path) VALUES (559627, 'Jonah Lees', 'https://image.tmdb.org/t/p/original/jLXRVYNyQ8X2Mn9bgVelbIoQDDh.jpg');
INSERT OR REPLACE INTO Pelicula (id_pelicula, titulo, descripcion, poster_path, backdrop_path, trailer, anio_estreno, duracion) VALUES (819277, 'Midas Man', '', 'https://image.tmdb.org/t/p/original/4nAfF0Szcb72eRn9WwRFsdvZu5q.jpg', 'https://image.tmdb.org/t/p/original/q7jEo6UkM7HsBioHJ3BpUnfgnjP.jpg', '', 2024, 112);
INSERT OR REPLACE INTO Pelicula_Actor (id_pelicula, id_actor, personaje) VALUES (819277, 1944459, 'Brian Epstein');
INSERT OR REPLACE INTO Pelicula_Actor (id_pelicula, id_actor, personaje) VALUES (819277, 1665, 'Harry Epstein');
INSERT OR REPLACE INTO Pelicula_Actor (id_pelicula, id_actor, personaje) VALUES (819277, 1639, 'Queenie Epstein');
INSERT OR REPLACE INTO Pelicula_Actor (id_pelicula, id_actor, personaje) VALUES (819277, 2732459, 'Paul McCartney');
INSERT OR REPLACE INTO Pelicula_Actor (id_pelicula, id_actor, personaje) VALUES (819277, 559627, 'John Lennon');
INSERT OR IGNORE INTO Pelicula_Categoria (id_pelicula, id_categoria) VALUES (819277, 11);
INSERT OR IGNORE INTO Pelicula_Categoria (id_pelicula, id_categoria) VALUES (819277, 7);
INSERT OR IGNORE INTO Pelicula_Categoria (id_pelicula, id_categoria) VALUES (819277, 1);
INSERT OR IGNORE INTO Pelicula_Compania (id_pelicula, id_compania) VALUES (819277, undefined);
-- Fin película: Midas Man --
INSERT OR IGNORE INTO Actor (id_actor, nombre, foto_path) VALUES (1464650, 'Dafne Keen', 'https://image.tmdb.org/t/p/original/g325OIjIHrFr0te8ewPfhKQ2SKj.jpg');
INSERT OR IGNORE INTO Actor (id_actor, nombre, foto_path) VALUES (1008607, 'Sophie Nélisse', 'https://image.tmdb.org/t/p/original/1ScgAuQ4XFslWxjvHN6TGlg5ql9.jpg');
INSERT OR IGNORE INTO Actor (id_actor, nombre, foto_path) VALUES (2388828, 'Sky Yang', 'https://image.tmdb.org/t/p/original/vOkkOgn7CrSHY1pecVr5p8ZHIcB.jpg');
INSERT OR IGNORE INTO Actor (id_actor, nombre, foto_path) VALUES (1993743, 'Jhaleil Swaby', 'https://image.tmdb.org/t/p/original/5mgVhVMYtfTkvyK38OQ98n0Xs34.jpg');
INSERT OR IGNORE INTO Actor (id_actor, nombre, foto_path) VALUES (117995, 'Alissa Skovbye', 'https://image.tmdb.org/t/p/original/smnFa3aKNJyzwtYmGQThBsXHG4J.jpg');
INSERT OR REPLACE INTO Pelicula (id_pelicula, titulo, descripcion, poster_path, backdrop_path, trailer, anio_estreno, duracion) VALUES (1193501, 'Whistle: El silbido del mal', 'Un grupo de estudiantes inadaptados encuentra por accidente un objeto maldito: un antiguo silbato de la muerte azteca. Al soplarlo, descubren que el terrorífico sonido que produce invoca a sus propias muertes futuras para perseguirlos. Mientras las víctimas aumentan, los amigos intentan descubrir el origen del artefacto y detener la terrible cadena de sucesos que han provocado.', 'https://image.tmdb.org/t/p/original/otCoDQYnNy2x1QzTVn3JCp0jV4O.jpg', 'https://image.tmdb.org/t/p/original/n4Vd7XfTsTaO7Mmc68WiktyLXQo.jpg', '', 2026, 100);
INSERT OR REPLACE INTO Pelicula_Actor (id_pelicula, id_actor, personaje) VALUES (1193501, 1464650, 'Chrys Willet');
INSERT OR REPLACE INTO Pelicula_Actor (id_pelicula, id_actor, personaje) VALUES (1193501, 1008607, 'Ellie Gains');
INSERT OR REPLACE INTO Pelicula_Actor (id_pelicula, id_actor, personaje) VALUES (1193501, 2388828, 'Rel');
INSERT OR REPLACE INTO Pelicula_Actor (id_pelicula, id_actor, personaje) VALUES (1193501, 1993743, 'Dean');
INSERT OR REPLACE INTO Pelicula_Actor (id_pelicula, id_actor, personaje) VALUES (1193501, 117995, 'Grace Friedkin');
INSERT OR IGNORE INTO Pelicula_Categoria (id_pelicula, id_categoria) VALUES (1193501, 4);
INSERT OR IGNORE INTO Pelicula_Categoria (id_pelicula, id_categoria) VALUES (1193501, 1);
INSERT OR IGNORE INTO Pelicula_Compania (id_pelicula, id_compania) VALUES (1193501, undefined);
-- Fin película: Whistle: El silbido del mal --
INSERT OR IGNORE INTO Actor (id_actor, nombre, foto_path) VALUES (2427914, 'Joyena Sun', 'https://image.tmdb.org/t/p/original/lhx8as19gDStrb1WJA5lGnOmKqJ.jpg');
INSERT OR IGNORE INTO Actor (id_actor, nombre, foto_path) VALUES (3328190, 'Jess Hong', 'https://image.tmdb.org/t/p/original/Jh43zseZl6S0k7NYk8HqR4TZ6n.jpg');
INSERT OR IGNORE INTO Actor (id_actor, nombre, foto_path) VALUES (4359739, 'Eden Hart', 'https://image.tmdb.org/t/p/original/kV2gj2zeXUskWRtjC0h34ErZGgY.jpg');
INSERT OR IGNORE INTO Actor (id_actor, nombre, foto_path) VALUES (1097391, 'Jared Turner', 'https://image.tmdb.org/t/p/original/hwiA2W4XUiMJuVKwoExDHPircL1.jpg');
INSERT OR IGNORE INTO Actor (id_actor, nombre, foto_path) VALUES (4841427, 'Sepi Toa', 'https://image.tmdb.org/t/p/original/6mJNS4AOxDaaAdremY1FUwO4rb7.jpg');
INSERT OR REPLACE INTO Pelicula (id_pelicula, titulo, descripcion, poster_path, backdrop_path, trailer, anio_estreno, duracion) VALUES (1201262, 'Grafted', 'Una mezcla de terror corporal y comedia negra sobre cómo las mujeres cambian su apariencia para encajar en la sociedad. La historia sigue a Wei, una estudiante que consigue una beca para investigar un proyecto sobre regeneración de piel, relacionado con la misteriosa muerte de su padre.', 'https://image.tmdb.org/t/p/original/rTBWjsW64E1ouo5afwRaLbUN9yb.jpg', 'https://image.tmdb.org/t/p/original/sSrU5zYRqraYqNl2xsQOonNQbhh.jpg', '', 2024, 93);
INSERT OR REPLACE INTO Pelicula_Actor (id_pelicula, id_actor, personaje) VALUES (1201262, 2427914, 'Wei');
INSERT OR REPLACE INTO Pelicula_Actor (id_pelicula, id_actor, personaje) VALUES (1201262, 3328190, 'Angela');
INSERT OR REPLACE INTO Pelicula_Actor (id_pelicula, id_actor, personaje) VALUES (1201262, 4359739, 'Eve');
INSERT OR REPLACE INTO Pelicula_Actor (id_pelicula, id_actor, personaje) VALUES (1201262, 1097391, 'Paul');
INSERT OR REPLACE INTO Pelicula_Actor (id_pelicula, id_actor, personaje) VALUES (1201262, 4841427, 'Jasmine');
INSERT OR IGNORE INTO Pelicula_Categoria (id_pelicula, id_categoria) VALUES (1201262, 4);
INSERT OR IGNORE INTO Pelicula_Compania (id_pelicula, id_compania) VALUES (1201262, undefined);
-- Fin película: Grafted --
INSERT OR IGNORE INTO Actor (id_actor, nombre, foto_path) VALUES (186341, 'Miyuki Sawashiro', 'https://image.tmdb.org/t/p/original/11mGqwpmu8CoEy1YJgabj2g7MIv.jpg');
INSERT OR IGNORE INTO Actor (id_actor, nombre, foto_path) VALUES (1253008, 'Yoshimasa Hosoya', 'https://image.tmdb.org/t/p/original/lUR5oN1LrqGgp25IOcI1qOH1Ud5.jpg');
INSERT OR IGNORE INTO Actor (id_actor, nombre, foto_path) VALUES (1835721, 'Manaka Iwami', 'https://image.tmdb.org/t/p/original/leKMaCBswXG8u4mfQNQ7J3y6Xow.jpg');
INSERT OR IGNORE INTO Actor (id_actor, nombre, foto_path) VALUES (1210634, 'Nobunaga Shimazaki', 'https://image.tmdb.org/t/p/original/qke5rZusHsjSlvB0NKlJ5dQF5D.jpg');
INSERT OR IGNORE INTO Actor (id_actor, nombre, foto_path) VALUES (1492992, 'Yuma Uchida', 'https://image.tmdb.org/t/p/original/2otstbLfQ7MXuFt1X8MFOb4OIgd.jpg');
INSERT OR REPLACE INTO Pelicula (id_pelicula, titulo, descripcion, poster_path, backdrop_path, trailer, anio_estreno, duracion) VALUES (896499, 'Fruits Basket: ~Prelude~', 'Kyoko, que no podía creer nada en el mundo y vivía una vida desolada, conoce a Katsuya Honda, quien ha sido asignado como aprendiz educativo. Está a merced de Katsuya, que es grosero y tiene un fuerte hábito, y poco a poco se siente atraída por ella. Sin embargo, sus padres la repudian a raíz de un incidente con su compañero malo. Es un castigo que he estado haciendo tanto como me gusta. Katsuya aparece frente a Kyoko, quien piensa que sí...', 'https://image.tmdb.org/t/p/original/9EpOhoSZApJEojx3L3hwr3V3CWd.jpg', 'https://image.tmdb.org/t/p/original/9OUohsezE4kZr74oy9DA8Dt4jXo.jpg', '', 2022, 88);
INSERT OR REPLACE INTO Pelicula_Actor (id_pelicula, id_actor, personaje) VALUES (896499, 186341, 'Kyoko Honda (voice)');
INSERT OR REPLACE INTO Pelicula_Actor (id_pelicula, id_actor, personaje) VALUES (896499, 1253008, 'Katsuya Honda (voice)');
INSERT OR REPLACE INTO Pelicula_Actor (id_pelicula, id_actor, personaje) VALUES (896499, 1835721, 'Tohru Honda (voice)');
INSERT OR REPLACE INTO Pelicula_Actor (id_pelicula, id_actor, personaje) VALUES (896499, 1210634, 'Yuki Souma (voice)');
INSERT OR REPLACE INTO Pelicula_Actor (id_pelicula, id_actor, personaje) VALUES (896499, 1492992, 'Kyou Souma (voice)');
INSERT OR IGNORE INTO Pelicula_Categoria (id_pelicula, id_categoria) VALUES (896499, 5);
INSERT OR IGNORE INTO Pelicula_Categoria (id_pelicula, id_categoria) VALUES (896499, 7);
INSERT OR IGNORE INTO Pelicula_Categoria (id_pelicula, id_categoria) VALUES (896499, 10);
INSERT OR IGNORE INTO Pelicula_Compania (id_pelicula, id_compania) VALUES (896499, undefined);
-- Fin película: Fruits Basket: ~Prelude~ --
INSERT OR IGNORE INTO Actor (id_actor, nombre, foto_path) VALUES (2326151, 'Paul Mescal', 'https://image.tmdb.org/t/p/original/vrzZ41TGNAFgfmZjC2sOJySzBLd.jpg');
INSERT OR IGNORE INTO Actor (id_actor, nombre, foto_path) VALUES (1206334, 'Josh O''Connor', 'https://image.tmdb.org/t/p/original/iFGxCv7wMaComYR40Mt7fwbfY1k.jpg');
INSERT OR IGNORE INTO Actor (id_actor, nombre, foto_path) VALUES (150972, 'Molly Price', 'https://image.tmdb.org/t/p/original/45xro2ZF2mYxoHj32jGwBEBSJpe.jpg');
INSERT OR IGNORE INTO Actor (id_actor, nombre, foto_path) VALUES (90777, 'Alison Bartlett', 'https://image.tmdb.org/t/p/original/ryF35dFdKhJTEhefzIRrfWvRwt0.jpg');
INSERT OR IGNORE INTO Actor (id_actor, nombre, foto_path) VALUES (1713385, 'Michael Schantz', 'https://image.tmdb.org/t/p/original/33kapHk7WJvwluCfRYFb47KElJA.jpg');
INSERT OR REPLACE INTO Pelicula (id_pelicula, titulo, descripcion, poster_path, backdrop_path, trailer, anio_estreno, duracion) VALUES (891584, 'The History of Sound', 'En 1917, dos jóvenes estudiantes de música del Conservatorio de Boston se unen por su pasión mutua por la música folclórica. Unos años después se reencuentran al embarcarse en un viaje de recopilación de canciones por los remansos de Maine.', 'https://image.tmdb.org/t/p/original/xxNIFJdihUi3ZFW6iGiieeGjOCJ.jpg', 'https://image.tmdb.org/t/p/original/e13Io18jl6p5UiS5Cxhug9ptTPU.jpg', 'https://www.youtube.com/watch?v=y60FTf5CMME', 2025, 128);
INSERT OR REPLACE INTO Pelicula_Actor (id_pelicula, id_actor, personaje) VALUES (891584, 2326151, 'Lionel');
INSERT OR REPLACE INTO Pelicula_Actor (id_pelicula, id_actor, personaje) VALUES (891584, 1206334, 'David');
INSERT OR REPLACE INTO Pelicula_Actor (id_pelicula, id_actor, personaje) VALUES (891584, 150972, 'Lionel s Mother');
INSERT OR REPLACE INTO Pelicula_Actor (id_pelicula, id_actor, personaje) VALUES (891584, 90777, 'Samantha');
INSERT OR REPLACE INTO Pelicula_Actor (id_pelicula, id_actor, personaje) VALUES (891584, 1713385, 'Bob');
INSERT OR IGNORE INTO Pelicula_Categoria (id_pelicula, id_categoria) VALUES (891584, 7);
INSERT OR IGNORE INTO Pelicula_Categoria (id_pelicula, id_categoria) VALUES (891584, 10);
INSERT OR IGNORE INTO Pelicula_Categoria (id_pelicula, id_categoria) VALUES (891584, 11);
INSERT OR IGNORE INTO Pelicula_Compania (id_pelicula, id_compania) VALUES (891584, undefined);
-- Fin película: The History of Sound --
INSERT OR IGNORE INTO Actor (id_actor, nombre, foto_path) VALUES (145121, 'Pierre Niney', 'https://image.tmdb.org/t/p/original/zlJslZH2lt4zeNUfTJOo3dEYxJH.jpg');
INSERT OR IGNORE INTO Actor (id_actor, nombre, foto_path) VALUES (910944, 'Bastien Bouillon', 'https://image.tmdb.org/t/p/original/8ksm25v40MS2p2y0EyyNrxdt7it.jpg');
INSERT OR IGNORE INTO Actor (id_actor, nombre, foto_path) VALUES (123989, 'Anaïs Demoustier', 'https://image.tmdb.org/t/p/original/kObYOu3UYkNcQGg1gnl4xitwhNc.jpg');
INSERT OR IGNORE INTO Actor (id_actor, nombre, foto_path) VALUES (93532, 'Laurent Lafitte', 'https://image.tmdb.org/t/p/original/9mTtfK5F9WMoYqvUvqlugnsX6SS.jpg');
INSERT OR IGNORE INTO Actor (id_actor, nombre, foto_path) VALUES (17839, 'Pierfrancesco Favino', 'https://image.tmdb.org/t/p/original/hedzgTKFKrSleWvLkBlANng8w4T.jpg');
INSERT OR REPLACE INTO Pelicula (id_pelicula, titulo, descripcion, poster_path, backdrop_path, trailer, anio_estreno, duracion) VALUES (1084736, 'El Conde de Montecristo', 'Todos los sueños del joven Edmundo Dantés están a punto de hacerse realidad. Traicionado por sus rivales, es encarcelado sin juicio en el Castillo de If sin esperanza de escapar. Tras catorce años de encierro, Dantés consigue escapar y hacerse con el legendario tesoro escondido en la isla de Montecristo. Ahora, con una enorme fortuna, urde un plan extraordinario para vengarse.', 'https://image.tmdb.org/t/p/original/r2PGzaGA7bgcuy6PX7nx0BfDYsK.jpg', 'https://image.tmdb.org/t/p/original/bxT8jFcWNuWK5LmVo1oGhAm4dnZ.jpg', 'https://www.youtube.com/watch?v=95cMkm7RH00', 2024, 178);
INSERT OR REPLACE INTO Pelicula_Actor (id_pelicula, id_actor, personaje) VALUES (1084736, 145121, 'Edmond Dantès / The Count of Monte Cristo');
INSERT OR REPLACE INTO Pelicula_Actor (id_pelicula, id_actor, personaje) VALUES (1084736, 910944, 'Fernand de Morcerf');
INSERT OR REPLACE INTO Pelicula_Actor (id_pelicula, id_actor, personaje) VALUES (1084736, 123989, 'Mercédès Herrera');
INSERT OR REPLACE INTO Pelicula_Actor (id_pelicula, id_actor, personaje) VALUES (1084736, 93532, 'Gérard de Villefort');
INSERT OR REPLACE INTO Pelicula_Actor (id_pelicula, id_actor, personaje) VALUES (1084736, 17839, 'Abbé Faria');
INSERT OR IGNORE INTO Pelicula_Categoria (id_pelicula, id_categoria) VALUES (1084736, 1);
INSERT OR IGNORE INTO Pelicula_Categoria (id_pelicula, id_categoria) VALUES (1084736, 5);
INSERT OR IGNORE INTO Pelicula_Categoria (id_pelicula, id_categoria) VALUES (1084736, 7);
INSERT OR IGNORE INTO Pelicula_Compania (id_pelicula, id_compania) VALUES (1084736, undefined);
-- Fin película: El Conde de Montecristo --
INSERT OR IGNORE INTO Actor (id_actor, nombre, foto_path) VALUES (5828909, 'Liva Guldberg Schrøder', '');
INSERT OR IGNORE INTO Actor (id_actor, nombre, foto_path) VALUES (1013156, 'Mikkel Boe Følsgaard', 'https://image.tmdb.org/t/p/original/oKC5KLsbj0npfRJA3j9nEIMglmg.jpg');
INSERT OR IGNORE INTO Actor (id_actor, nombre, foto_path) VALUES (1353296, 'Sigurd Philip Dalgas', 'https://image.tmdb.org/t/p/original/7XSCPYH3oo97OktGaWZbA9ywaVb.jpg');
INSERT OR IGNORE INTO Actor (id_actor, nombre, foto_path) VALUES (1783172, 'Bertil Karlshøj Truelsen Smith', 'https://image.tmdb.org/t/p/original/dh6HYWsxQKEVqQNPosEQYYmUTa2.jpg');
INSERT OR IGNORE INTO Actor (id_actor, nombre, foto_path) VALUES (1297500, 'Johanne Louise Schmidt', 'https://image.tmdb.org/t/p/original/2TC1HQeQE7fGR79K91vABaDziJk.jpg');
INSERT OR REPLACE INTO Pelicula (id_pelicula, titulo, descripcion, poster_path, backdrop_path, trailer, anio_estreno, duracion) VALUES (680770, 'Fleak', '', 'https://image.tmdb.org/t/p/original/xfTB0HLxD1mwoFTHWhQrxJI1Q5n.jpg', 'https://image.tmdb.org/t/p/original/hyQPfCbALQmi0FQc2vLFyfENpHM.jpg', '', 2025, 83);
INSERT OR REPLACE INTO Pelicula_Actor (id_pelicula, id_actor, personaje) VALUES (680770, 5828909, 'Cecilie');
INSERT OR REPLACE INTO Pelicula_Actor (id_pelicula, id_actor, personaje) VALUES (680770, 1013156, 'Far');
INSERT OR REPLACE INTO Pelicula_Actor (id_pelicula, id_actor, personaje) VALUES (680770, 1353296, 'Jan');
INSERT OR REPLACE INTO Pelicula_Actor (id_pelicula, id_actor, personaje) VALUES (680770, 1783172, 'Mikkel');
INSERT OR REPLACE INTO Pelicula_Actor (id_pelicula, id_actor, personaje) VALUES (680770, 1297500, 'Mor');
INSERT OR IGNORE INTO Pelicula_Categoria (id_pelicula, id_categoria) VALUES (680770, 1);
INSERT OR IGNORE INTO Pelicula_Categoria (id_pelicula, id_categoria) VALUES (680770, 5);
INSERT OR IGNORE INTO Pelicula_Categoria (id_pelicula, id_categoria) VALUES (680770, 12);
INSERT OR IGNORE INTO Pelicula_Categoria (id_pelicula, id_categoria) VALUES (680770, 12);
INSERT OR IGNORE INTO Pelicula_Categoria (id_pelicula, id_categoria) VALUES (680770, 3);
INSERT OR IGNORE INTO Pelicula_Compania (id_pelicula, id_compania) VALUES (680770, undefined);
-- Fin película: Fleak --
INSERT OR IGNORE INTO Actor (id_actor, nombre, foto_path) VALUES (234503, 'Patrick Hivon', 'https://image.tmdb.org/t/p/original/hFzf98t22oW5JHBYgdoRnjojzKp.jpg');
INSERT OR IGNORE INTO Actor (id_actor, nombre, foto_path) VALUES (15555, 'Piper Perabo', 'https://image.tmdb.org/t/p/original/5XrzISDEox0KubRDzJU668Oxmxy.jpg');
INSERT OR IGNORE INTO Actor (id_actor, nombre, foto_path) VALUES (81467, 'Gilles Renaud', 'https://image.tmdb.org/t/p/original/lQprp6pM0i3xxA8MIG9OjkDlnS0.jpg');
INSERT OR IGNORE INTO Actor (id_actor, nombre, foto_path) VALUES (4279329, 'Elizabeth Mageren', 'https://image.tmdb.org/t/p/original/xzGjBsJwSG0hQMlkpR2agM337j8.jpg');
INSERT OR IGNORE INTO Actor (id_actor, nombre, foto_path) VALUES (1346048, 'Eric K. Boulianne', 'https://image.tmdb.org/t/p/original/rZidIbEwjMGkbng8cG8skbDKYnX.jpg');
INSERT OR REPLACE INTO Pelicula (id_pelicula, titulo, descripcion, poster_path, backdrop_path, trailer, anio_estreno, duracion) VALUES (1283671, 'Amour apocalypse', '', 'https://image.tmdb.org/t/p/original/ru0PSgQkJGMeXzL0JUwb16FQ3ut.jpg', 'https://image.tmdb.org/t/p/original/h9ie4uakrX6hWVeRG9prvFytbiE.jpg', '', 2025, 100);
INSERT OR REPLACE INTO Pelicula_Actor (id_pelicula, id_actor, personaje) VALUES (1283671, 234503, 'Adam');
INSERT OR REPLACE INTO Pelicula_Actor (id_pelicula, id_actor, personaje) VALUES (1283671, 15555, 'Tina');
INSERT OR REPLACE INTO Pelicula_Actor (id_pelicula, id_actor, personaje) VALUES (1283671, 81467, 'Eugène');
INSERT OR REPLACE INTO Pelicula_Actor (id_pelicula, id_actor, personaje) VALUES (1283671, 4279329, 'Romy');
INSERT OR REPLACE INTO Pelicula_Actor (id_pelicula, id_actor, personaje) VALUES (1283671, 1346048, 'Frank');
INSERT OR IGNORE INTO Pelicula_Categoria (id_pelicula, id_categoria) VALUES (1283671, 12);
INSERT OR IGNORE INTO Pelicula_Categoria (id_pelicula, id_categoria) VALUES (1283671, 10);
INSERT OR IGNORE INTO Pelicula_Categoria (id_pelicula, id_categoria) VALUES (1283671, 7);
INSERT OR IGNORE INTO Pelicula_Compania (id_pelicula, id_compania) VALUES (1283671, undefined);
-- Fin película: Amour apocalypse --
INSERT OR IGNORE INTO Actor (id_actor, nombre, foto_path) VALUES (1337, 'Tony Leung Chiu-Wai', 'https://image.tmdb.org/t/p/original/nQbSQAws5BdakPEB5MtiqWVeaMV.jpg');
INSERT OR IGNORE INTO Actor (id_actor, nombre, foto_path) VALUES (121529, 'Léa Seydoux', 'https://image.tmdb.org/t/p/original/7JAUieStGsHZAy6ed2WuFy4CJjm.jpg');
INSERT OR IGNORE INTO Actor (id_actor, nombre, foto_path) VALUES (1502016, 'Luna Wedler', 'https://image.tmdb.org/t/p/original/1tcXZhNuw6zg2TWTxyW2f2l7Eta.jpg');
INSERT OR IGNORE INTO Actor (id_actor, nombre, foto_path) VALUES (4062998, 'Enzo Brumm', 'https://image.tmdb.org/t/p/original/2uHazg0phiVHkk3OAqeE7I29ivx.jpg');
INSERT OR IGNORE INTO Actor (id_actor, nombre, foto_path) VALUES (41965, 'Sylvester Groth', 'https://image.tmdb.org/t/p/original/baIqxNzKPLffJLSuLLFIXG0yZ3l.jpg');
INSERT OR REPLACE INTO Pelicula (id_pelicula, titulo, descripcion, poster_path, backdrop_path, trailer, anio_estreno, duracion) VALUES (1168719, 'Silent Friend', '', 'https://image.tmdb.org/t/p/original/1YCKtx2Cdu19LhEiBf9TRPZstvO.jpg', 'https://image.tmdb.org/t/p/original/e40FMjHg2RoypsjxygoTFB5jLUd.jpg', '', 2026, 145);
INSERT OR REPLACE INTO Pelicula_Actor (id_pelicula, id_actor, personaje) VALUES (1168719, 1337, 'Tony Wong');
INSERT OR REPLACE INTO Pelicula_Actor (id_pelicula, id_actor, personaje) VALUES (1168719, 121529, 'Alice');
INSERT OR REPLACE INTO Pelicula_Actor (id_pelicula, id_actor, personaje) VALUES (1168719, 1502016, 'Grete');
INSERT OR REPLACE INTO Pelicula_Actor (id_pelicula, id_actor, personaje) VALUES (1168719, 4062998, 'Hannes');
INSERT OR REPLACE INTO Pelicula_Actor (id_pelicula, id_actor, personaje) VALUES (1168719, 41965, 'Anton');
INSERT OR IGNORE INTO Pelicula_Categoria (id_pelicula, id_categoria) VALUES (1168719, 7);
INSERT OR IGNORE INTO Pelicula_Compania (id_pelicula, id_compania) VALUES (1168719, undefined);
-- Fin película: Silent Friend --
INSERT OR IGNORE INTO Actor (id_actor, nombre, foto_path) VALUES (1810, 'Heath Ledger', 'https://image.tmdb.org/t/p/original/p2z2bURSg7nuMsN9P2s61e2RvNz.jpg');
INSERT OR IGNORE INTO Actor (id_actor, nombre, foto_path) VALUES (131, 'Jake Gyllenhaal', 'https://image.tmdb.org/t/p/original/j2Yahha9C0zN5DRaTDzYA7WtdOT.jpg');
INSERT OR IGNORE INTO Actor (id_actor, nombre, foto_path) VALUES (1812, 'Michelle Williams', 'https://image.tmdb.org/t/p/original/jn3BVMVbIptz2gc6Fhxo1qwJVvW.jpg');
INSERT OR IGNORE INTO Actor (id_actor, nombre, foto_path) VALUES (1813, 'Anne Hathaway', 'https://image.tmdb.org/t/p/original/nbccV2pMoyLTCeg5DQip24Eq0Jp.jpg');
INSERT OR IGNORE INTO Actor (id_actor, nombre, foto_path) VALUES (1811, 'Randy Quaid', 'https://image.tmdb.org/t/p/original/rGWvDokcMLIwck10dKIutSoTM9r.jpg');
INSERT OR REPLACE INTO Pelicula (id_pelicula, titulo, descripcion, poster_path, backdrop_path, trailer, anio_estreno, duracion) VALUES (142, 'Brokeback Mountain: En terreno vedado', 'Verano de 1963. Dos vaqueros, Ennis Del Mar y Jack Twist, se conocen mientras hacen cola para ser contratados por el ranchero Joe Aguirre. Los dos aspiran a conseguir un trabajo estable, casarse y formar una familia. Cuando Aguirre les envía a cuidar ganado a la majestuosa montaña Brokeback, entre ambos surge un sentimiento de camaradería que deriva hacia una relación íntima. Al concluir el verano, tienen que abandonar Brokeback y seguir caminos diferentes.', 'https://image.tmdb.org/t/p/original/kRgrTPM6uDiLBgASk8j3RBTE49d.jpg', 'https://image.tmdb.org/t/p/original/vXzqV2RtJlT9WhNEM4NYWCEC6ZI.jpg', 'https://www.youtube.com/watch?v=Jd_yMVG9oM0', 2005, 134);
INSERT OR REPLACE INTO Pelicula_Actor (id_pelicula, id_actor, personaje) VALUES (142, 1810, 'Ennis Del Mar');
INSERT OR REPLACE INTO Pelicula_Actor (id_pelicula, id_actor, personaje) VALUES (142, 131, 'Jack Twist');
INSERT OR REPLACE INTO Pelicula_Actor (id_pelicula, id_actor, personaje) VALUES (142, 1812, 'Alma Beers');
INSERT OR REPLACE INTO Pelicula_Actor (id_pelicula, id_actor, personaje) VALUES (142, 1813, 'Lureen Newsome');
INSERT OR REPLACE INTO Pelicula_Actor (id_pelicula, id_actor, personaje) VALUES (142, 1811, 'Joe Aguirre');
INSERT OR IGNORE INTO Pelicula_Categoria (id_pelicula, id_categoria) VALUES (142, 7);
INSERT OR IGNORE INTO Pelicula_Categoria (id_pelicula, id_categoria) VALUES (142, 10);
INSERT OR IGNORE INTO Pelicula_Compania (id_pelicula, id_compania) VALUES (142, undefined);
-- Fin película: Brokeback Mountain: En terreno vedado --
INSERT OR IGNORE INTO Actor (id_actor, nombre, foto_path) VALUES (76788, 'Dev Patel', 'https://image.tmdb.org/t/p/original/1g07SUVwZHvKgM1Z7H4RYIEOXcm.jpg');
INSERT OR IGNORE INTO Actor (id_actor, nombre, foto_path) VALUES (2648396, 'Rosy McEwen', 'https://image.tmdb.org/t/p/original/zop5fp2NdwYmf0sd6E3HZC9RTU4.jpg');
INSERT OR IGNORE INTO Actor (id_actor, nombre, foto_path) VALUES (1303071, 'Jade Croot', 'https://image.tmdb.org/t/p/original/j4DuuFPDdnEcDWFWCyBUuhhHkxg.jpg');
INSERT OR IGNORE INTO Actor (id_actor, nombre, foto_path) VALUES (5324721, 'Nicholas Sampson', '');
INSERT OR REPLACE INTO Pelicula (id_pelicula, titulo, descripcion, poster_path, backdrop_path, trailer, anio_estreno, duracion) VALUES (1193824, 'Rabbit Trap', '', 'https://image.tmdb.org/t/p/original/sKnwnnmBpjo9BEskHtja6ToXUV1.jpg', 'https://image.tmdb.org/t/p/original/xkKDKUHQKgjgGuyzFihKoWQIvK0.jpg', '', 2025, 88);
INSERT OR REPLACE INTO Pelicula_Actor (id_pelicula, id_actor, personaje) VALUES (1193824, 76788, 'Darcy Davenport');
INSERT OR REPLACE INTO Pelicula_Actor (id_pelicula, id_actor, personaje) VALUES (1193824, 2648396, 'Daphne Davenport');
INSERT OR REPLACE INTO Pelicula_Actor (id_pelicula, id_actor, personaje) VALUES (1193824, 1303071, 'The Child');
INSERT OR REPLACE INTO Pelicula_Actor (id_pelicula, id_actor, personaje) VALUES (1193824, 5324721, 'The Shadow');
INSERT OR IGNORE INTO Pelicula_Categoria (id_pelicula, id_categoria) VALUES (1193824, 4);
INSERT OR IGNORE INTO Pelicula_Categoria (id_pelicula, id_categoria) VALUES (1193824, 1);
INSERT OR IGNORE INTO Pelicula_Categoria (id_pelicula, id_categoria) VALUES (1193824, 6);
INSERT OR IGNORE INTO Pelicula_Categoria (id_pelicula, id_categoria) VALUES (1193824, 3);
INSERT OR IGNORE INTO Pelicula_Compania (id_pelicula, id_compania) VALUES (1193824, undefined);
-- Fin película: Rabbit Trap --
INSERT OR IGNORE INTO Actor (id_actor, nombre, foto_path) VALUES (1002745, 'Denise Weinberg', 'https://image.tmdb.org/t/p/original/l4XZHjhc7GFjTfxBp3mqlHrvz6N.jpg');
INSERT OR IGNORE INTO Actor (id_actor, nombre, foto_path) VALUES (17289, 'Rodrigo Santoro', 'https://image.tmdb.org/t/p/original/d3MaF9SPHDn2PMYHuqdnO0Csik6.jpg');
INSERT OR IGNORE INTO Actor (id_actor, nombre, foto_path) VALUES (1044156, 'Miriam Socarrás', 'https://image.tmdb.org/t/p/original/bk46SozlDMyzyMhv2dwk1QVl31I.jpg');
INSERT OR IGNORE INTO Actor (id_actor, nombre, foto_path) VALUES (2407625, 'Adanilo', 'https://image.tmdb.org/t/p/original/ksRD7iE7qpLs7C0PIJXSjkTMdh.jpg');
INSERT OR IGNORE INTO Actor (id_actor, nombre, foto_path) VALUES (4330987, 'Rosa Malagueta', 'https://image.tmdb.org/t/p/original/sEc2M5xgri81QQc50K6TUP1DI00.jpg');
INSERT OR REPLACE INTO Pelicula (id_pelicula, titulo, descripcion, poster_path, backdrop_path, trailer, anio_estreno, duracion) VALUES (1172265, 'El Sendero Azul', 'Tereza, de 77 años, ha vivido siempre en una pequeña ciudad industrial de Brasil. Un día recibe una notificación oficial del gobierno para trasladarse a una colonia remota, creada para que los jubilados pasen "sus últimos años” y así dejar espacio a los más jóvenes para que sigan siendo plenamente productivos. Pero en lugar de aceptar este destino impuesto, Tereza se rebela y decide embarcarse en un viaje transformador por el Amazonas, para cumplir un último deseo antes de que le arrebaten su libertad. Esto marcará su vida para siempre.', 'https://image.tmdb.org/t/p/original/sY7dcqyvUKbVKwaNFOPaPgljyj0.jpg', 'https://image.tmdb.org/t/p/original/2UXrkv2G1aXMyn3VY70krD9Anid.jpg', 'https://www.youtube.com/watch?v=SfnaML_GjCA', 2025, 86);
INSERT OR REPLACE INTO Pelicula_Actor (id_pelicula, id_actor, personaje) VALUES (1172265, 1002745, 'Tereza');
INSERT OR REPLACE INTO Pelicula_Actor (id_pelicula, id_actor, personaje) VALUES (1172265, 17289, 'Cadu');
INSERT OR REPLACE INTO Pelicula_Actor (id_pelicula, id_actor, personaje) VALUES (1172265, 1044156, 'Roberta');
INSERT OR REPLACE INTO Pelicula_Actor (id_pelicula, id_actor, personaje) VALUES (1172265, 2407625, 'Ludemir');
INSERT OR REPLACE INTO Pelicula_Actor (id_pelicula, id_actor, personaje) VALUES (1172265, 4330987, 'Esmeraldina');
INSERT OR IGNORE INTO Pelicula_Categoria (id_pelicula, id_categoria) VALUES (1172265, 7);
INSERT OR IGNORE INTO Pelicula_Categoria (id_pelicula, id_categoria) VALUES (1172265, 3);
INSERT OR IGNORE INTO Pelicula_Categoria (id_pelicula, id_categoria) VALUES (1172265, 12);
INSERT OR IGNORE INTO Pelicula_Compania (id_pelicula, id_compania) VALUES (1172265, undefined);
-- Fin película: El Sendero Azul --
