
-- === LOTE: Now Playing - Page 1 (2026-02-06T06:33:10.758Z) ===
INSERT OR IGNORE INTO Actor (id_actor, nombre, foto_path) VALUES (543530, 'Dave Bautista', 'https://image.tmdb.org/t/p/original/snk6JiXOOoRjPtHU5VMoy6qbd32.jpg');
INSERT OR IGNORE INTO Actor (id_actor, nombre, foto_path) VALUES (117642, 'Jason Momoa', 'https://image.tmdb.org/t/p/original/3troAR6QbSb6nUFMDu61YCCWLKa.jpg');
INSERT OR IGNORE INTO Actor (id_actor, nombre, foto_path) VALUES (7242, 'Temuera Morrison', 'https://image.tmdb.org/t/p/original/AvtSC0f9QW7fMyFFNXEWDeQyfUk.jpg');
INSERT OR IGNORE INTO Actor (id_actor, nombre, foto_path) VALUES (54882, 'Morena Baccarin', 'https://image.tmdb.org/t/p/original/kBSKKaOtsqIzZPhtEeHfCBmhWl9.jpg');
INSERT OR IGNORE INTO Actor (id_actor, nombre, foto_path) VALUES (1298669, 'Roimata Fox', 'https://image.tmdb.org/t/p/original/iTNBvtrI8R5UofzJZjsVnyEGz9D.jpg');
INSERT OR REPLACE INTO Pelicula (id_pelicula, titulo, descripcion, poster_path, backdrop_path, trailer, anio_estreno, duracion) VALUES (1168190, 'Los hermanos demolición', 'Un improbable dúo de hermanastros, uno un impulsivo detective y el otro un disciplinado, se ven atraídos por el asesinato de su padre en Hawai, lo que les lleva a un peligroso viaje para desenmascarar una conspiración de largo alcance.', 'https://image.tmdb.org/t/p/original/ttEESBvVrO8ngZr19qp6eBMVS9F.jpg', 'https://image.tmdb.org/t/p/original/cz4vLJrmaV1zJlRYbxqtvLzeLWB.jpg', 'https://www.youtube.com/watch?v=hHSqxP7g8JY', 2026, 124);
INSERT OR REPLACE INTO Pelicula_Actor (id_pelicula, id_actor, personaje) VALUES (1168190, 543530, 'James Hale');
INSERT OR REPLACE INTO Pelicula_Actor (id_pelicula, id_actor, personaje) VALUES (1168190, 117642, 'Jonny Hale');
INSERT OR REPLACE INTO Pelicula_Actor (id_pelicula, id_actor, personaje) VALUES (1168190, 7242, 'Governor Peter Mahoe');
INSERT OR REPLACE INTO Pelicula_Actor (id_pelicula, id_actor, personaje) VALUES (1168190, 54882, 'Valentina');
INSERT OR REPLACE INTO Pelicula_Actor (id_pelicula, id_actor, personaje) VALUES (1168190, 1298669, 'Leila Hale');
INSERT OR IGNORE INTO Pelicula_Categoria (id_pelicula, id_categoria) VALUES (1168190, 5);
INSERT OR IGNORE INTO Pelicula_Categoria (id_pelicula, id_categoria) VALUES (1168190, 12);
INSERT OR IGNORE INTO Pelicula_Categoria (id_pelicula, id_categoria) VALUES (1168190, 9);
-- Fin película: Los hermanos demolición --
INSERT OR IGNORE INTO Actor (id_actor, nombre, foto_path) VALUES (17276, 'Gerard Butler', 'https://image.tmdb.org/t/p/original/rTO5opVC3Gs6hPYAxWSP9eEjogi.jpg');
INSERT OR IGNORE INTO Actor (id_actor, nombre, foto_path) VALUES (54882, 'Morena Baccarin', 'https://image.tmdb.org/t/p/original/kBSKKaOtsqIzZPhtEeHfCBmhWl9.jpg');
INSERT OR IGNORE INTO Actor (id_actor, nombre, foto_path) VALUES (2054851, 'Roman Griffin Davis', 'https://image.tmdb.org/t/p/original/jEox6Bq4TlINrnp5EUjqSlDK3eP.jpg');
INSERT OR IGNORE INTO Actor (id_actor, nombre, foto_path) VALUES (1754784, 'Tommie Earl Jenkins', 'https://image.tmdb.org/t/p/original/kl2dzZU3p6pOjuKBi52wOnEGvEp.jpg');
INSERT OR IGNORE INTO Actor (id_actor, nombre, foto_path) VALUES (85151, 'Trond Fausa Aurvåg', 'https://image.tmdb.org/t/p/original/rFWC22ZScaQwA85NBo7l1j9XQdo.jpg');
INSERT OR REPLACE INTO Pelicula (id_pelicula, titulo, descripcion, poster_path, backdrop_path, trailer, anio_estreno, duracion) VALUES (840464, 'Greenland 2', 'La familia Garrity superviviente debe abandonar la seguridad del búnker de Groenlandia y embarcarse en un peligroso viaje a través del diezmado páramo helado de Europa para encontrar un nuevo hogar.', 'https://image.tmdb.org/t/p/original/uoFJ6nGGvf8moZGpharm8Qyrpzm.jpg', 'https://image.tmdb.org/t/p/original/tyjXlexbNZQ0ZT1KEJslQtBirqc.jpg', 'https://www.youtube.com/watch?v=sIv1YggKK-I', 2026, 98);
INSERT OR REPLACE INTO Pelicula_Actor (id_pelicula, id_actor, personaje) VALUES (840464, 17276, 'John Garrity');
INSERT OR REPLACE INTO Pelicula_Actor (id_pelicula, id_actor, personaje) VALUES (840464, 54882, 'Allison Garrity');
INSERT OR REPLACE INTO Pelicula_Actor (id_pelicula, id_actor, personaje) VALUES (840464, 2054851, 'Nathan Garrity');
INSERT OR REPLACE INTO Pelicula_Actor (id_pelicula, id_actor, personaje) VALUES (840464, 1754784, 'General Sharpe');
INSERT OR REPLACE INTO Pelicula_Actor (id_pelicula, id_actor, personaje) VALUES (840464, 85151, 'Adam Shaw');
INSERT OR IGNORE INTO Pelicula_Categoria (id_pelicula, id_categoria) VALUES (840464, 1);
INSERT OR IGNORE INTO Pelicula_Categoria (id_pelicula, id_categoria) VALUES (840464, 6);
INSERT OR IGNORE INTO Pelicula_Categoria (id_pelicula, id_categoria) VALUES (840464, 3);
-- Fin película: Greenland 2 --
INSERT OR IGNORE INTO Actor (id_actor, nombre, foto_path) VALUES (18897, 'Jackie Chan', 'https://image.tmdb.org/t/p/original/nraZoTzwJQPHspAVsKfgl3RXKKa.jpg');
INSERT OR IGNORE INTO Actor (id_actor, nombre, foto_path) VALUES (1173805, '张子枫', 'https://image.tmdb.org/t/p/original/3S8yEnTVqH8T3bTVf9FmtXxWcu2.jpg');
INSERT OR IGNORE INTO Actor (id_actor, nombre, foto_path) VALUES (56861, '梁家輝', 'https://image.tmdb.org/t/p/original/n5XtznlOfGSfYvckuxCiTapG4tB.jpg');
INSERT OR IGNORE INTO Actor (id_actor, nombre, foto_path) VALUES (3167855, '此沙', 'https://image.tmdb.org/t/p/original/eWytg5M0VUCb0aHEKpUDijQ7JxF.jpg');
INSERT OR IGNORE INTO Actor (id_actor, nombre, foto_path) VALUES (1625880, '文俊辉', 'https://image.tmdb.org/t/p/original/z1seXrQQWG7nsQVHqSWKefJQ8DO.jpg');
INSERT OR REPLACE INTO Pelicula (id_pelicula, titulo, descripcion, poster_path, backdrop_path, trailer, anio_estreno, duracion) VALUES (1419406, 'The Shadow''s Edge', 'Unos astutos y traicioneros ladrones desafian a la Policía Judicial de Macao. La Policía, que se encontraba en una dura batalla, invita de nuevo al experto en rastreo Huang De Zhong, retirado desde hace muchos años, a unir fuerzas con la joven élite del Departamento de Investigación Criminal de la Policía Judicial. Bajo la colisión de las técnicas tradicionales de rastreo y la alta tecnología, la policía y los criminales luchan con ingenio y valentía, y se lanzan a un duelo entre el bien y el mal parecido al juego del gato y el ratón.', 'https://image.tmdb.org/t/p/original/o0D5KROIPGtjO7eQgmk3cRslR6p.jpg', 'https://image.tmdb.org/t/p/original/4BtL2vvEufDXDP4u6xQjjQ1Y2aT.jpg', '', 2025, 142);
INSERT OR REPLACE INTO Pelicula_Actor (id_pelicula, id_actor, personaje) VALUES (1419406, 18897, 'Wong Tak Chung');
INSERT OR REPLACE INTO Pelicula_Actor (id_pelicula, id_actor, personaje) VALUES (1419406, 1173805, 'He Qiuguo');
INSERT OR REPLACE INTO Pelicula_Actor (id_pelicula, id_actor, personaje) VALUES (1419406, 56861, 'Fu Longsheng');
INSERT OR REPLACE INTO Pelicula_Actor (id_pelicula, id_actor, personaje) VALUES (1419406, 3167855, 'Simon / Xiwang');
INSERT OR REPLACE INTO Pelicula_Actor (id_pelicula, id_actor, personaje) VALUES (1419406, 1625880, 'Hu Feng');
INSERT OR IGNORE INTO Pelicula_Categoria (id_pelicula, id_categoria) VALUES (1419406, 5);
INSERT OR IGNORE INTO Pelicula_Categoria (id_pelicula, id_categoria) VALUES (1419406, 9);
INSERT OR IGNORE INTO Pelicula_Categoria (id_pelicula, id_categoria) VALUES (1419406, 7);
INSERT OR IGNORE INTO Pelicula_Categoria (id_pelicula, id_categoria) VALUES (1419406, 6);
-- Fin película: The Shadow''s Edge --
INSERT OR IGNORE INTO Actor (id_actor, nombre, foto_path) VALUES (115440, 'Sydney Sweeney', 'https://image.tmdb.org/t/p/original/uDnIdU4KGjQg7liFvb9wnALvg95.jpg');
INSERT OR IGNORE INTO Actor (id_actor, nombre, foto_path) VALUES (71070, 'Amanda Seyfried', 'https://image.tmdb.org/t/p/original/gtBUIpZ3dvLpOMIVORxE6sHSyZj.jpg');
INSERT OR IGNORE INTO Actor (id_actor, nombre, foto_path) VALUES (1855143, 'Brandon Sklenar', 'https://image.tmdb.org/t/p/original/1f1NMi0IYL5p1BHVyV9IoYcwzJt.jpg');
INSERT OR IGNORE INTO Actor (id_actor, nombre, foto_path) VALUES (2349355, 'Michele Morrone', 'https://image.tmdb.org/t/p/original/saKjzGAuw8Fiutlv9LweLjAti0Z.jpg');
INSERT OR IGNORE INTO Actor (id_actor, nombre, foto_path) VALUES (4342318, 'Indiana Elle', 'https://image.tmdb.org/t/p/original/d9Bk6BWiPmWIx1Ssx36GqReFjQJ.jpg');
INSERT OR REPLACE INTO Pelicula (id_pelicula, titulo, descripcion, poster_path, backdrop_path, trailer, anio_estreno, duracion) VALUES (1368166, 'La asistenta', 'Millie es una joven que, tras perder su trabajo, acepta un puesto como sirvienta en la lujosa pero inquietante mansión de los Winchester. Pronto se da cuenta de que algo no está bien en la casa y con sus habitantes, especialmente con Nina, la dueña, que actúa de manera errática.', 'https://image.tmdb.org/t/p/original/A6S15iqfHpoit02leDfDVnpklys.jpg', 'https://image.tmdb.org/t/p/original/tNONILTe9OJz574KZWaLze4v6RC.jpg', 'https://www.youtube.com/watch?v=IMrebLqjVVQ', 2025, 131);
INSERT OR REPLACE INTO Pelicula_Actor (id_pelicula, id_actor, personaje) VALUES (1368166, 115440, 'Millie Calloway');
INSERT OR REPLACE INTO Pelicula_Actor (id_pelicula, id_actor, personaje) VALUES (1368166, 71070, 'Nina Winchester');
INSERT OR REPLACE INTO Pelicula_Actor (id_pelicula, id_actor, personaje) VALUES (1368166, 1855143, 'Andrew Winchester');
INSERT OR REPLACE INTO Pelicula_Actor (id_pelicula, id_actor, personaje) VALUES (1368166, 2349355, 'Enzo');
INSERT OR REPLACE INTO Pelicula_Actor (id_pelicula, id_actor, personaje) VALUES (1368166, 4342318, 'Cece Winchester');
INSERT OR IGNORE INTO Pelicula_Categoria (id_pelicula, id_categoria) VALUES (1368166, 1);
INSERT OR IGNORE INTO Pelicula_Categoria (id_pelicula, id_categoria) VALUES (1368166, 6);
-- Fin película: La asistenta --
INSERT OR IGNORE INTO Actor (id_actor, nombre, foto_path) VALUES (64856, 'Michael Jai White', 'https://image.tmdb.org/t/p/original/YPoHYuzR37wFpPpwEXZYQlhLln.jpg');
INSERT OR IGNORE INTO Actor (id_actor, nombre, foto_path) VALUES (8169, 'Tyrese Gibson', 'https://image.tmdb.org/t/p/original/jxoy4fbXNKFQtBdK73cLXEz3ufS.jpg');
INSERT OR IGNORE INTO Actor (id_actor, nombre, foto_path) VALUES (21353, 'Isaiah Washington', 'https://image.tmdb.org/t/p/original/3yY5h1t7AKZpf4lfdSMwDQvCroQ.jpg');
INSERT OR IGNORE INTO Actor (id_actor, nombre, foto_path) VALUES (4316762, 'Andrew C. English Jr.', '');
INSERT OR IGNORE INTO Actor (id_actor, nombre, foto_path) VALUES (1264690, 'Cecile Cubiló', 'https://image.tmdb.org/t/p/original/9mQO51lWMoc2qC2SwXhtmXjTOwu.jpg');
INSERT OR REPLACE INTO Pelicula (id_pelicula, titulo, descripcion, poster_path, backdrop_path, trailer, anio_estreno, duracion) VALUES (1601243, 'Oscar Shaw', 'Tras retirarse de la policía, un implacable detective atormentado por la trágica pérdida de su mejor amigo emprende una peligrosa búsqueda de venganza, buscando la redención y luchando también por devolver la justicia a las calles que una vez juró proteger.', 'https://image.tmdb.org/t/p/original/tsE3nySukwrfUjouz8vzvKTcXNC.jpg', 'https://image.tmdb.org/t/p/original/6D6M5z4reppUxo2cnBEKI02Csp1.jpg', '', 2026, 93);
INSERT OR REPLACE INTO Pelicula_Actor (id_pelicula, id_actor, personaje) VALUES (1601243, 64856, 'Oscar Shaw');
INSERT OR REPLACE INTO Pelicula_Actor (id_pelicula, id_actor, personaje) VALUES (1601243, 8169, 'Ray Jay');
INSERT OR REPLACE INTO Pelicula_Actor (id_pelicula, id_actor, personaje) VALUES (1601243, 21353, 'Ernie');
INSERT OR REPLACE INTO Pelicula_Actor (id_pelicula, id_actor, personaje) VALUES (1601243, 4316762, 'Tron');
INSERT OR REPLACE INTO Pelicula_Actor (id_pelicula, id_actor, personaje) VALUES (1601243, 1264690, 'Detective Nina Perez');
INSERT OR IGNORE INTO Pelicula_Categoria (id_pelicula, id_categoria) VALUES (1601243, 5);
INSERT OR IGNORE INTO Pelicula_Categoria (id_pelicula, id_categoria) VALUES (1601243, 9);
INSERT OR IGNORE INTO Pelicula_Categoria (id_pelicula, id_categoria) VALUES (1601243, 6);
-- Fin película: Oscar Shaw --
INSERT OR IGNORE INTO Actor (id_actor, nombre, foto_path) VALUES (1266721, '林柏宏', 'https://image.tmdb.org/t/p/original/ab0t5eYYEWWDtMwN6R4VTfbSz3Q.jpg');
INSERT OR IGNORE INTO Actor (id_actor, nombre, foto_path) VALUES (1354895, '宋芸樺', 'https://image.tmdb.org/t/p/original/xHBne0spwBf5xHyHulLOaOB9Fa3.jpg');
INSERT OR IGNORE INTO Actor (id_actor, nombre, foto_path) VALUES (966327, '王柏傑', 'https://image.tmdb.org/t/p/original/6tvYMx0HdBMEOB01rcQ7hUjo3CD.jpg');
INSERT OR IGNORE INTO Actor (id_actor, nombre, foto_path) VALUES (2155170, '李李仁', 'https://image.tmdb.org/t/p/original/ce3SBqfjQnUkOhlclWuulLuiLC2.jpg');
INSERT OR IGNORE INTO Actor (id_actor, nombre, foto_path) VALUES (1742837, '姚以緹', 'https://image.tmdb.org/t/p/original/3GN4k4A8kRs7I9oL56nb7XJZPGH.jpg');
INSERT OR REPLACE INTO Pelicula (id_pelicula, titulo, descripcion, poster_path, backdrop_path, trailer, anio_estreno, duracion) VALUES (1271895, '96 Minutes', 'Un experto en bombas y su prometida suben a un tren que contiene explosivos, mientras un profesor de física envuelto en un escándalo toma el mismo tren con la esperanza de reconciliarse con su esposa, quien partió en un tren anterior.', 'https://image.tmdb.org/t/p/original/4XpYp1yrNI49OY8lz4qZuI7baeQ.jpg', 'https://image.tmdb.org/t/p/original/lAtuFCx6cYkNBmTMSNnLE0qlCLx.jpg', '', 2025, 117);
INSERT OR REPLACE INTO Pelicula_Actor (id_pelicula, id_actor, personaje) VALUES (1271895, 1266721, 'Song, Ken-Ren');
INSERT OR REPLACE INTO Pelicula_Actor (id_pelicula, id_actor, personaje) VALUES (1271895, 1354895, 'Huang, Xin');
INSERT OR REPLACE INTO Pelicula_Actor (id_pelicula, id_actor, personaje) VALUES (1271895, 966327, 'Liu, Kai');
INSERT OR REPLACE INTO Pelicula_Actor (id_pelicula, id_actor, personaje) VALUES (1271895, 2155170, 'Li, Jie');
INSERT OR REPLACE INTO Pelicula_Actor (id_pelicula, id_actor, personaje) VALUES (1271895, 1742837, 'Yang, Ting-Juan');
INSERT OR IGNORE INTO Pelicula_Categoria (id_pelicula, id_categoria) VALUES (1271895, 5);
INSERT OR IGNORE INTO Pelicula_Categoria (id_pelicula, id_categoria) VALUES (1271895, 9);
INSERT OR IGNORE INTO Pelicula_Categoria (id_pelicula, id_categoria) VALUES (1271895, 10);
-- Fin película: 96 Minutes --
INSERT OR IGNORE INTO Actor (id_actor, nombre, foto_path) VALUES (70851, 'Jack Black', 'https://image.tmdb.org/t/p/original/59IhgCtiWI5yTfzPhsjzg7GjCjm.jpg');
INSERT OR IGNORE INTO Actor (id_actor, nombre, foto_path) VALUES (22226, 'Paul Rudd', 'https://image.tmdb.org/t/p/original/6jtwNOLKy0LdsRAKwZqgYMAfd5n.jpg');
INSERT OR IGNORE INTO Actor (id_actor, nombre, foto_path) VALUES (18324, 'Steve Zahn', 'https://image.tmdb.org/t/p/original/rwrPdKGwXnByxUVMxMf8Y7oswi3.jpg');
INSERT OR IGNORE INTO Actor (id_actor, nombre, foto_path) VALUES (9030, 'Thandiwe Newton', 'https://image.tmdb.org/t/p/original/hZQLvxj7nV7pBrRyWTvWVz1CDi8.jpg');
INSERT OR IGNORE INTO Actor (id_actor, nombre, foto_path) VALUES (1784612, 'Daniela Melchior', 'https://image.tmdb.org/t/p/original/tjAEB90Sa7DJtyTlDAkzVhPLQin.jpg');
INSERT OR REPLACE INTO Pelicula (id_pelicula, titulo, descripcion, poster_path, backdrop_path, trailer, anio_estreno, duracion) VALUES (1234731, 'Anaconda', 'Doug y Griff son muy buenos amigos desde que eran niños y siempre han soñado con hacer un remake de su película favorita de todos los tiempos: el «clásico cinematográfico» Anaconda. Cuando una crisis de mediana edad les anima a lanzarse por fin a la aventura, se adentran en la selva amazónica para empezar a rodar. Pero las cosas se ponen serias cuando aparece una anaconda gigante de verdad, convirtiendo su caótico y cómico plató de rodaje en una situación mortal.', 'https://image.tmdb.org/t/p/original/zX1KJPiGTrzpFcjfOWlmqdRgpQd.jpg', 'https://image.tmdb.org/t/p/original/swxhEJsAWms6X1fDZ4HdbvYBSf9.jpg', 'https://www.youtube.com/watch?v=FVPjkbmgX74', 2025, 100);
INSERT OR REPLACE INTO Pelicula_Actor (id_pelicula, id_actor, personaje) VALUES (1234731, 70851, 'Doug McCallister');
INSERT OR REPLACE INTO Pelicula_Actor (id_pelicula, id_actor, personaje) VALUES (1234731, 22226, 'Ronald Griffin Jr.');
INSERT OR REPLACE INTO Pelicula_Actor (id_pelicula, id_actor, personaje) VALUES (1234731, 18324, 'Kenny Trent');
INSERT OR REPLACE INTO Pelicula_Actor (id_pelicula, id_actor, personaje) VALUES (1234731, 9030, 'Claire Simons');
INSERT OR REPLACE INTO Pelicula_Actor (id_pelicula, id_actor, personaje) VALUES (1234731, 1784612, 'Ana Almeida');
INSERT OR IGNORE INTO Pelicula_Categoria (id_pelicula, id_categoria) VALUES (1234731, 1);
INSERT OR IGNORE INTO Pelicula_Categoria (id_pelicula, id_categoria) VALUES (1234731, 12);
INSERT OR IGNORE INTO Pelicula_Categoria (id_pelicula, id_categoria) VALUES (1234731, 4);
-- Fin película: Anaconda --
INSERT OR IGNORE INTO Actor (id_actor, nombre, foto_path) VALUES (1520844, 'Lizzy Greene', 'https://image.tmdb.org/t/p/original/uK648OpFU1kfhTJEtxI71oEekdv.jpg');
INSERT OR IGNORE INTO Actor (id_actor, nombre, foto_path) VALUES (222141, 'Megan Boone', 'https://image.tmdb.org/t/p/original/8SjSPu2IJQVvuM2rP0KPNmze6Dz.jpg');
INSERT OR IGNORE INTO Actor (id_actor, nombre, foto_path) VALUES (1827955, 'Sky Katz', 'https://image.tmdb.org/t/p/original/xhvma0NjQh8rD5sLfkWIeYt8dAl.jpg');
INSERT OR IGNORE INTO Actor (id_actor, nombre, foto_path) VALUES (58428, 'Philip Winchester', 'https://image.tmdb.org/t/p/original/oc7lc2d98lM393blvmFfAGnXSMf.jpg');
INSERT OR IGNORE INTO Actor (id_actor, nombre, foto_path) VALUES (3042038, 'Alix Villaret', 'https://image.tmdb.org/t/p/original/yUJZgLhUb3xy8vkWOS3gS9qdsot.jpg');
INSERT OR REPLACE INTO Pelicula (id_pelicula, titulo, descripcion, poster_path, backdrop_path, trailer, anio_estreno, duracion) VALUES (1584215, 'The Internship', 'Una asesina entrenada por la CIA recluta a otros graduados de su programa secreto de la infancia, The Internship, para destruir violentamente la organización. La CIA contraataca con fuerza letal.', 'https://image.tmdb.org/t/p/original/fYqSOkix4rbDiZW0ACNnvZCpT6X.jpg', 'https://image.tmdb.org/t/p/original/eUERZRVjCTNdgnESlQxyaOJ2d4K.jpg', '', 2026, 91);
INSERT OR REPLACE INTO Pelicula_Actor (id_pelicula, id_actor, personaje) VALUES (1584215, 1520844, 'Renee');
INSERT OR REPLACE INTO Pelicula_Actor (id_pelicula, id_actor, personaje) VALUES (1584215, 222141, 'Candace Dalton');
INSERT OR REPLACE INTO Pelicula_Actor (id_pelicula, id_actor, personaje) VALUES (1584215, 1827955, 'Apothecary');
INSERT OR REPLACE INTO Pelicula_Actor (id_pelicula, id_actor, personaje) VALUES (1584215, 58428, 'Dick Jones');
INSERT OR REPLACE INTO Pelicula_Actor (id_pelicula, id_actor, personaje) VALUES (1584215, 3042038, 'Dagger');
INSERT OR IGNORE INTO Pelicula_Categoria (id_pelicula, id_categoria) VALUES (1584215, 5);
-- Fin película: The Internship --
INSERT OR IGNORE INTO Actor (id_actor, nombre, foto_path) VALUES (65731, 'Sam Worthington', 'https://image.tmdb.org/t/p/original/mflBcox36s9ZPbsZPVOuhf6axaJ.jpg');
INSERT OR IGNORE INTO Actor (id_actor, nombre, foto_path) VALUES (8691, 'Zoe Saldaña', 'https://image.tmdb.org/t/p/original/vQBwmsSOAd0JDaEcZ5p43J9xzsY.jpg');
INSERT OR IGNORE INTO Actor (id_actor, nombre, foto_path) VALUES (10205, 'Sigourney Weaver', 'https://image.tmdb.org/t/p/original/wTSnfktNBLd6kwQxgvkqYw6vEon.jpg');
INSERT OR IGNORE INTO Actor (id_actor, nombre, foto_path) VALUES (32747, 'Stephen Lang', 'https://image.tmdb.org/t/p/original/gnO5VfkDgA2fsHweD0622LUY3Hu.jpg');
INSERT OR IGNORE INTO Actor (id_actor, nombre, foto_path) VALUES (566331, 'Oona Chaplin', 'https://image.tmdb.org/t/p/original/tT7QQOrumeGRquaLmWNZk2DyL3Z.jpg');
INSERT OR REPLACE INTO Pelicula (id_pelicula, titulo, descripcion, poster_path, backdrop_path, trailer, anio_estreno, duracion) VALUES (83533, 'Avatar: Fuego y ceniza', 'Jake Sully y Neytiri enfrentan una nueva amenaza en Pandora: los Ash People, una tribu Na''vi violenta y sedienta de poder, liderada por la implacable Varang. Tras la devastadora guerra contra la RDA y la pérdida de su hijo mayor, la familia de Jake deberá luchar por su supervivencia y el futuro de Pandora en un conflicto que llevará a los personajes a sus límites emocionales y físicos. Con nuevos y antiguos aliados, esta épica visual y emocional redefine el destino de un mundo al borde del abismo.', 'https://image.tmdb.org/t/p/original/4n1U0Mwn7djux6VKNYDRWPgS2x6.jpg', 'https://image.tmdb.org/t/p/original/sdZSjtGUTSN8B3al5o0f2WoQfQQ.jpg', 'https://www.youtube.com/watch?v=ndYS51j7G3o', 2025, 198);
INSERT OR REPLACE INTO Pelicula_Actor (id_pelicula, id_actor, personaje) VALUES (83533, 65731, 'Jake');
INSERT OR REPLACE INTO Pelicula_Actor (id_pelicula, id_actor, personaje) VALUES (83533, 8691, 'Neytiri');
INSERT OR REPLACE INTO Pelicula_Actor (id_pelicula, id_actor, personaje) VALUES (83533, 10205, 'Kiri');
INSERT OR REPLACE INTO Pelicula_Actor (id_pelicula, id_actor, personaje) VALUES (83533, 32747, 'Quaritch');
INSERT OR REPLACE INTO Pelicula_Actor (id_pelicula, id_actor, personaje) VALUES (83533, 566331, 'Varang');
INSERT OR IGNORE INTO Pelicula_Categoria (id_pelicula, id_categoria) VALUES (83533, 3);
INSERT OR IGNORE INTO Pelicula_Categoria (id_pelicula, id_categoria) VALUES (83533, 1);
INSERT OR IGNORE INTO Pelicula_Categoria (id_pelicula, id_categoria) VALUES (83533, 3);
-- Fin película: Avatar: Fuego y ceniza --
INSERT OR IGNORE INTO Actor (id_actor, nombre, foto_path) VALUES (1892, 'Matt Damon', 'https://image.tmdb.org/t/p/original/andBr2Vvf5Gj54gFyoz7ctBKLBj.jpg');
INSERT OR IGNORE INTO Actor (id_actor, nombre, foto_path) VALUES (880, 'Ben Affleck', 'https://image.tmdb.org/t/p/original/u525jeDOzg9hVdvYfeehTGnw7Aa.jpg');
INSERT OR IGNORE INTO Actor (id_actor, nombre, foto_path) VALUES (215055, 'Steven Yeun', 'https://image.tmdb.org/t/p/original/fOMFO2Xx4duzpNgS9Q5ytO44yGb.jpg');
INSERT OR IGNORE INTO Actor (id_actor, nombre, foto_path) VALUES (964679, 'Teyana Taylor', 'https://image.tmdb.org/t/p/original/yC6w0SERmCxUTTu6KYXDxhtkj0j.jpg');
INSERT OR IGNORE INTO Actor (id_actor, nombre, foto_path) VALUES (5887, 'Catalina Sandino Moreno', 'https://image.tmdb.org/t/p/original/78V4H40NXJ6dzqFZaEe1fBelw56.jpg');
INSERT OR REPLACE INTO Pelicula (id_pelicula, titulo, descripcion, poster_path, backdrop_path, trailer, anio_estreno, duracion) VALUES (1306368, 'El botín', 'El descubrimiento de varios millones de dólares en efectivo en un zulo abandonado de Miami quiebra la confianza de un grupo de policías. Ahora, todo y todos están bajo sospecha.', 'https://image.tmdb.org/t/p/original/55C5loKFkw7Cj0nMLWux4FJCRHI.jpg', 'https://image.tmdb.org/t/p/original/3F2EXWF1thX0BdrVaKvnm6mAhqh.jpg', '', 2026, 113);
INSERT OR REPLACE INTO Pelicula_Actor (id_pelicula, id_actor, personaje) VALUES (1306368, 1892, 'Lieutenant Dane Dumars');
INSERT OR REPLACE INTO Pelicula_Actor (id_pelicula, id_actor, personaje) VALUES (1306368, 880, 'Detective Sergeant J.D. Byrne');
INSERT OR REPLACE INTO Pelicula_Actor (id_pelicula, id_actor, personaje) VALUES (1306368, 215055, 'Detective Mike Ro');
INSERT OR REPLACE INTO Pelicula_Actor (id_pelicula, id_actor, personaje) VALUES (1306368, 964679, 'Detective Numa Baptistie');
INSERT OR REPLACE INTO Pelicula_Actor (id_pelicula, id_actor, personaje) VALUES (1306368, 5887, 'Detective Lolo Salazar');
INSERT OR IGNORE INTO Pelicula_Categoria (id_pelicula, id_categoria) VALUES (1306368, 5);
INSERT OR IGNORE INTO Pelicula_Categoria (id_pelicula, id_categoria) VALUES (1306368, 6);
INSERT OR IGNORE INTO Pelicula_Categoria (id_pelicula, id_categoria) VALUES (1306368, 9);
-- Fin película: El botín --
INSERT OR IGNORE INTO Actor (id_actor, nombre, foto_path) VALUES (2507851, 'Brandon Engman', 'https://image.tmdb.org/t/p/original/9PhXVdDPb5NTEvD5dbFfTJnssQw.jpg');
INSERT OR IGNORE INTO Actor (id_actor, nombre, foto_path) VALUES (1822256, 'Brian Stivale', 'https://image.tmdb.org/t/p/original/ggNQronrHaUZnFZeolK0SGfW38V.jpg');
INSERT OR IGNORE INTO Actor (id_actor, nombre, foto_path) VALUES (2805492, 'Shahar Taboch', 'https://image.tmdb.org/t/p/original/hpuiheYJrOU4HYczWgCJNeBPWlZ.jpg');
INSERT OR IGNORE INTO Actor (id_actor, nombre, foto_path) VALUES (1677363, 'Aaron Tavaler', '');
INSERT OR IGNORE INTO Actor (id_actor, nombre, foto_path) VALUES (5981973, 'Hector', '');
INSERT OR REPLACE INTO Pelicula (id_pelicula, titulo, descripcion, poster_path, backdrop_path, trailer, anio_estreno, duracion) VALUES (1167307, 'David', 'En un reino gobernado por el miedo, un joven pastor se atreve a enfrentarse a un gigante y a la oscuridad que se oculta tras él. Su valor despertará a una nación y demostrará que la verdadera fuerza proviene de la confianza, no del poder.', 'https://image.tmdb.org/t/p/original/bESlrLOrsQ9gKzaGQGHXKOyIUtX.jpg', 'https://image.tmdb.org/t/p/original/oN4TQ1TxchynXlFiXFBL3NHLT54.jpg', '', 2025, 115);
INSERT OR REPLACE INTO Pelicula_Actor (id_pelicula, id_actor, personaje) VALUES (1167307, 2507851, 'Young David (voice)');
INSERT OR REPLACE INTO Pelicula_Actor (id_pelicula, id_actor, personaje) VALUES (1167307, 1822256, 'Samuel (voice)');
INSERT OR REPLACE INTO Pelicula_Actor (id_pelicula, id_actor, personaje) VALUES (1167307, 2805492, 'Ozem (voice)');
INSERT OR REPLACE INTO Pelicula_Actor (id_pelicula, id_actor, personaje) VALUES (1167307, 1677363, 'Nethanel (voice)');
INSERT OR REPLACE INTO Pelicula_Actor (id_pelicula, id_actor, personaje) VALUES (1167307, 5981973, 'Jesse (voice)');
INSERT OR IGNORE INTO Pelicula_Categoria (id_pelicula, id_categoria) VALUES (1167307, 5);
INSERT OR IGNORE INTO Pelicula_Categoria (id_pelicula, id_categoria) VALUES (1167307, 12);
INSERT OR IGNORE INTO Pelicula_Categoria (id_pelicula, id_categoria) VALUES (1167307, 7);
-- Fin película: David --
INSERT OR IGNORE INTO Actor (id_actor, nombre, foto_path) VALUES (53714, 'Rachel McAdams', 'https://image.tmdb.org/t/p/original/gDViN28cKRA1u1tB47ClVqjXYdj.jpg');
INSERT OR IGNORE INTO Actor (id_actor, nombre, foto_path) VALUES (527393, 'Dylan O''Brien', 'https://image.tmdb.org/t/p/original/xN3GdvIlqsR838gDoblhPH0numP.jpg');
INSERT OR IGNORE INTO Actor (id_actor, nombre, foto_path) VALUES (4477127, 'Edyll Ismail', 'https://image.tmdb.org/t/p/original/4JNIAlJXlw1HTF2log6GUeErDcT.jpg');
INSERT OR IGNORE INTO Actor (id_actor, nombre, foto_path) VALUES (352, 'Dennis Haysbert', 'https://image.tmdb.org/t/p/original/lcnjaw2CFN6q9eaes1jTYrUB0rb.jpg');
INSERT OR IGNORE INTO Actor (id_actor, nombre, foto_path) VALUES (109438, 'Xavier Samuel', 'https://image.tmdb.org/t/p/original/gHvKqCXfpzaGp46gqsy9MVDfmSf.jpg');
INSERT OR REPLACE INTO Pelicula (id_pelicula, titulo, descripcion, poster_path, backdrop_path, trailer, anio_estreno, duracion) VALUES (1198994, 'SEND HELP (Enviad ayuda)', 'Después de que un accidente de avión deje varados en una isla remota a una competente empleada y a su insoportable jefe, ella deberá utilizar sus habilidades de supervivencia para mantenerlos a ambos con vida, a pesar de su difícil relación.', 'https://image.tmdb.org/t/p/original/m6cubm61t8UfL4KhkP4DJVrWjhj.jpg', 'https://image.tmdb.org/t/p/original/hO2jx1H3XafR7Y8QbFgVH1sHTY9.jpg', 'https://www.youtube.com/watch?v=OTMeWZNhE64', 2026, 113);
INSERT OR REPLACE INTO Pelicula_Actor (id_pelicula, id_actor, personaje) VALUES (1198994, 53714, 'Linda Liddle');
INSERT OR REPLACE INTO Pelicula_Actor (id_pelicula, id_actor, personaje) VALUES (1198994, 527393, 'Bradley Preston');
INSERT OR REPLACE INTO Pelicula_Actor (id_pelicula, id_actor, personaje) VALUES (1198994, 4477127, 'Zuri');
INSERT OR REPLACE INTO Pelicula_Actor (id_pelicula, id_actor, personaje) VALUES (1198994, 352, 'Franklin');
INSERT OR REPLACE INTO Pelicula_Actor (id_pelicula, id_actor, personaje) VALUES (1198994, 109438, 'Donovan');
INSERT OR IGNORE INTO Pelicula_Categoria (id_pelicula, id_categoria) VALUES (1198994, 4);
INSERT OR IGNORE INTO Pelicula_Categoria (id_pelicula, id_categoria) VALUES (1198994, 6);
INSERT OR IGNORE INTO Pelicula_Categoria (id_pelicula, id_categoria) VALUES (1198994, 12);
-- Fin película: SEND HELP (Enviad ayuda) --
INSERT OR IGNORE INTO Actor (id_actor, nombre, foto_path) VALUES (976, 'Jason Statham', 'https://image.tmdb.org/t/p/original/o7sfT7EBtzxwiJiKmCafoebJQ2q.jpg');
INSERT OR IGNORE INTO Actor (id_actor, nombre, foto_path) VALUES (4088089, 'Bodhi Rae Breathnach', 'https://image.tmdb.org/t/p/original/sONxErk3r0xfoESAmU3GVTxoPDe.jpg');
INSERT OR IGNORE INTO Actor (id_actor, nombre, foto_path) VALUES (1563431, 'Michael Shaeffer', 'https://image.tmdb.org/t/p/original/5O0UCmRy8NWpYvHeCJDntPKXmti.jpg');
INSERT OR IGNORE INTO Actor (id_actor, nombre, foto_path) VALUES (1233545, 'Anna Crilly', 'https://image.tmdb.org/t/p/original/wT6e4gDsQwrJjhXlIAj5IhcLICy.jpg');
INSERT OR IGNORE INTO Actor (id_actor, nombre, foto_path) VALUES (2440, 'Bill Nighy', 'https://image.tmdb.org/t/p/original/ixFI2YCGNGJfwlpI8iyhvVZRg8C.jpg');
INSERT OR REPLACE INTO Pelicula (id_pelicula, titulo, descripcion, poster_path, backdrop_path, trailer, anio_estreno, duracion) VALUES (1290821, 'Shelter: El Protector', 'Un recluso en una remota isla escocesa rescata a una niña del mar, desencadenando una peligrosa secuencia de acontecimientos.', 'https://image.tmdb.org/t/p/original/klvZs66SG19qmacdwxSRkdFQhQS.jpg', 'https://image.tmdb.org/t/p/original/uCGzI1EtQWXG5yRPB5PSyOdFNcC.jpg', 'https://www.youtube.com/watch?v=tjRn9EeN3rE', 2026, 107);
INSERT OR REPLACE INTO Pelicula_Actor (id_pelicula, id_actor, personaje) VALUES (1290821, 976, 'Mason');
INSERT OR REPLACE INTO Pelicula_Actor (id_pelicula, id_actor, personaje) VALUES (1290821, 4088089, 'Jesse');
INSERT OR REPLACE INTO Pelicula_Actor (id_pelicula, id_actor, personaje) VALUES (1290821, 1563431, 'Uncle');
INSERT OR REPLACE INTO Pelicula_Actor (id_pelicula, id_actor, personaje) VALUES (1290821, 1233545, 'Haneron');
INSERT OR REPLACE INTO Pelicula_Actor (id_pelicula, id_actor, personaje) VALUES (1290821, 2440, 'Manafort');
INSERT OR IGNORE INTO Pelicula_Categoria (id_pelicula, id_categoria) VALUES (1290821, 5);
INSERT OR IGNORE INTO Pelicula_Categoria (id_pelicula, id_categoria) VALUES (1290821, 9);
INSERT OR IGNORE INTO Pelicula_Categoria (id_pelicula, id_categoria) VALUES (1290821, 6);
-- Fin película: Shelter: El Protector --
INSERT OR IGNORE INTO Actor (id_actor, nombre, foto_path) VALUES (1019, 'Mads Mikkelsen', 'https://image.tmdb.org/t/p/original/AsX4bdvZ8UCayWTmAf9lAqOA8V7.jpg');
INSERT OR IGNORE INTO Actor (id_actor, nombre, foto_path) VALUES (3969369, 'Sophie Sloan', 'https://image.tmdb.org/t/p/original/orJhg6oQ4h2qdBSTaKSwdEvD4xa.jpg');
INSERT OR IGNORE INTO Actor (id_actor, nombre, foto_path) VALUES (10205, 'Sigourney Weaver', 'https://image.tmdb.org/t/p/original/wTSnfktNBLd6kwQxgvkqYw6vEon.jpg');
INSERT OR IGNORE INTO Actor (id_actor, nombre, foto_path) VALUES (83854, 'David Dastmalchian', 'https://image.tmdb.org/t/p/original/nER1Vzhk51pGHb60KBF1Ja5tEXA.jpg');
INSERT OR IGNORE INTO Actor (id_actor, nombre, foto_path) VALUES (1851642, 'Sheila Atim', 'https://image.tmdb.org/t/p/original/esAjvG2IXvzQODNEHVCVsc4WALI.jpg');
INSERT OR REPLACE INTO Pelicula (id_pelicula, titulo, descripcion, poster_path, backdrop_path, trailer, anio_estreno, duracion) VALUES (1043197, 'Dust Bunny', 'Una niña de ocho años le pide ayuda a su insidiosa vecina en su misión para matar al monstruo que vive debajo de su cama, el cual, según ella, devoró a su familia.', 'https://image.tmdb.org/t/p/original/vobigFZFvbYPf6ElYJu07P9rH8C.jpg', 'https://image.tmdb.org/t/p/original/AecGG1XVCmkk7fT10ko3FC0dLIP.jpg', '', 2025, 106);
INSERT OR REPLACE INTO Pelicula_Actor (id_pelicula, id_actor, personaje) VALUES (1043197, 1019, 'Intriguing Neighbor');
INSERT OR REPLACE INTO Pelicula_Actor (id_pelicula, id_actor, personaje) VALUES (1043197, 3969369, 'Aurora');
INSERT OR REPLACE INTO Pelicula_Actor (id_pelicula, id_actor, personaje) VALUES (1043197, 10205, 'Laverne');
INSERT OR REPLACE INTO Pelicula_Actor (id_pelicula, id_actor, personaje) VALUES (1043197, 83854, 'Conspicuously Inconspicuous Man');
INSERT OR REPLACE INTO Pelicula_Actor (id_pelicula, id_actor, personaje) VALUES (1043197, 1851642, 'Brenda');
INSERT OR IGNORE INTO Pelicula_Categoria (id_pelicula, id_categoria) VALUES (1043197, 5);
INSERT OR IGNORE INTO Pelicula_Categoria (id_pelicula, id_categoria) VALUES (1043197, 3);
INSERT OR IGNORE INTO Pelicula_Categoria (id_pelicula, id_categoria) VALUES (1043197, 6);
-- Fin película: Dust Bunny --
INSERT OR IGNORE INTO Actor (id_actor, nombre, foto_path) VALUES (212429, 'Italia Ricci', 'https://image.tmdb.org/t/p/original/sLQAYErTlb9DiiLlXmUH7me47vK.jpg');
INSERT OR IGNORE INTO Actor (id_actor, nombre, foto_path) VALUES (41464, 'Scott Mechlowicz', 'https://image.tmdb.org/t/p/original/2PMsSnuukuRmHCKcQqqCnD0MIN8.jpg');
INSERT OR IGNORE INTO Actor (id_actor, nombre, foto_path) VALUES (2554513, 'Zachary Golinger', 'https://image.tmdb.org/t/p/original/rtGsdhPDEEc132Ev4NJ2dubb3t0.jpg');
INSERT OR IGNORE INTO Actor (id_actor, nombre, foto_path) VALUES (1411625, 'Terence Rosemore', 'https://image.tmdb.org/t/p/original/mjBaREqAREvJLxDpOlUGLxaYrIP.jpg');
INSERT OR IGNORE INTO Actor (id_actor, nombre, foto_path) VALUES (1213245, 'Justin Matthew Smith', 'https://image.tmdb.org/t/p/original/kJ0PvqWuhpuH35SlGlrUfwYwqg8.jpg');
INSERT OR REPLACE INTO Pelicula (id_pelicula, titulo, descripcion, poster_path, backdrop_path, trailer, anio_estreno, duracion) VALUES (1454741, 'The Confession', '', 'https://image.tmdb.org/t/p/original/xJCwYlJX6UfYQuUmLfWWcRP27gK.jpg', 'https://image.tmdb.org/t/p/original/lALfCsv7YMNrqpWzIaxjS81JKOm.jpg', '', 2026, 87);
INSERT OR REPLACE INTO Pelicula_Actor (id_pelicula, id_actor, personaje) VALUES (1454741, 212429, 'Naomi Riley');
INSERT OR REPLACE INTO Pelicula_Actor (id_pelicula, id_actor, personaje) VALUES (1454741, 41464, 'Grayson Phillips');
INSERT OR REPLACE INTO Pelicula_Actor (id_pelicula, id_actor, personaje) VALUES (1454741, 2554513, 'Dylan Riley');
INSERT OR REPLACE INTO Pelicula_Actor (id_pelicula, id_actor, personaje) VALUES (1454741, 1411625, 'Harling Guidry');
INSERT OR REPLACE INTO Pelicula_Actor (id_pelicula, id_actor, personaje) VALUES (1454741, 1213245, 'The Piper');
INSERT OR IGNORE INTO Pelicula_Categoria (id_pelicula, id_categoria) VALUES (1454741, 4);
-- Fin película: The Confession --
INSERT OR IGNORE INTO Actor (id_actor, nombre, foto_path) VALUES (1494060, 'Mark Fischbach', 'https://image.tmdb.org/t/p/original/2y59nq7vipTBdRMmMTsy1d4HeiG.jpg');
INSERT OR IGNORE INTO Actor (id_actor, nombre, foto_path) VALUES (2602912, 'Caroline Kaplan', 'https://image.tmdb.org/t/p/original/oMOswhHN3LfRtziULWTxNiYgAFj.jpg');
INSERT OR IGNORE INTO Actor (id_actor, nombre, foto_path) VALUES (963818, 'Troy Baker', 'https://image.tmdb.org/t/p/original/9jeUft7h20HscRCrsVQTgKHXRwJ.jpg');
INSERT OR IGNORE INTO Actor (id_actor, nombre, foto_path) VALUES (2444615, 'Elsie Lovelock', 'https://image.tmdb.org/t/p/original/wcYA8LHM9F6aVzlaiMhnFgpXJi5.jpg');
INSERT OR IGNORE INTO Actor (id_actor, nombre, foto_path) VALUES (1042667, 'Elle LaMont', 'https://image.tmdb.org/t/p/original/uR16F3g1J32HgvnlHW890ZAFnnT.jpg');
INSERT OR REPLACE INTO Pelicula (id_pelicula, titulo, descripcion, poster_path, backdrop_path, trailer, anio_estreno, duracion) VALUES (1116201, 'Iron Lung', 'En un futuro devastado por "El Rapto Silencioso", un prisionero navega un océano de sangre en una luna desolada usando un submarino llamado "Iron Lung" mientras busca estrellas y planetas perdidos.', 'https://image.tmdb.org/t/p/original/sIwakdbMGS1krtgendTWpxTY9Hw.jpg', 'https://image.tmdb.org/t/p/original/gqGQ0zADV5FIcgMWtWX8FcGQjFp.jpg', '', 2026, 125);
INSERT OR REPLACE INTO Pelicula_Actor (id_pelicula, id_actor, personaje) VALUES (1116201, 1494060, 'Simon');
INSERT OR REPLACE INTO Pelicula_Actor (id_pelicula, id_actor, personaje) VALUES (1116201, 2602912, 'Ava');
INSERT OR REPLACE INTO Pelicula_Actor (id_pelicula, id_actor, personaje) VALUES (1116201, 963818, 'David');
INSERT OR REPLACE INTO Pelicula_Actor (id_pelicula, id_actor, personaje) VALUES (1116201, 2444615, 'SM-8 Research Lead / The Speaker (voice)');
INSERT OR REPLACE INTO Pelicula_Actor (id_pelicula, id_actor, personaje) VALUES (1116201, 1042667, 'SM-8 Research Assistant / The Whisper (voice)');
INSERT OR IGNORE INTO Pelicula_Categoria (id_pelicula, id_categoria) VALUES (1116201, 4);
INSERT OR IGNORE INTO Pelicula_Categoria (id_pelicula, id_categoria) VALUES (1116201, 3);
-- Fin película: Iron Lung --
INSERT OR IGNORE INTO Actor (id_actor, nombre, foto_path) VALUES (78798, 'Tom Kenny', 'https://image.tmdb.org/t/p/original/dKOxpGnRkIMaPkZSHKIns99WxQa.jpg');
INSERT OR IGNORE INTO Actor (id_actor, nombre, foto_path) VALUES (6574, 'Clancy Brown', 'https://image.tmdb.org/t/p/original/1JeBRNG7VS7r64V9lOvej9bZXW5.jpg');
INSERT OR IGNORE INTO Actor (id_actor, nombre, foto_path) VALUES (70615, 'Rodger Bumpass', 'https://image.tmdb.org/t/p/original/lGQkw6adxqB6Hcm7VK8nVHbKupe.jpg');
INSERT OR IGNORE INTO Actor (id_actor, nombre, foto_path) VALUES (34398, 'Bill Fagerbakke', 'https://image.tmdb.org/t/p/original/zntKKc1uT53BnIihmzbq601eWKZ.jpg');
INSERT OR IGNORE INTO Actor (id_actor, nombre, foto_path) VALUES (78799, 'Carolyn Lawrence', 'https://image.tmdb.org/t/p/original/vHycxQTs8EuyFdFJNww15xXB5lT.jpg');
INSERT OR REPLACE INTO Pelicula (id_pelicula, titulo, descripcion, poster_path, backdrop_path, trailer, anio_estreno, duracion) VALUES (991494, 'Bob Esponja: Una aventura pirata', 'Desesperado por ser un gran tipo, Bob Esponja se propone demostrar su valentía al Sr. Krabs siguiendo a The Flying Dutchman, un misterioso pirata fantasma, en una aventura marítima que lo lleva a las profundidades más profundas del mar profundo, donde ninguna Esponja ha ido antes.', 'https://image.tmdb.org/t/p/original/xmRdMdHaEfzMlI5H4dxjnk74q1o.jpg', 'https://image.tmdb.org/t/p/original/kVSUUWiXoNwq2wVCZ4Mcqkniqvr.jpg', 'https://www.youtube.com/watch?v=VPBk6izFecU', 2025, 88);
INSERT OR REPLACE INTO Pelicula_Actor (id_pelicula, id_actor, personaje) VALUES (991494, 78798, 'SpongeBob SquarePants / Gary / Morning DJ (voice)');
INSERT OR REPLACE INTO Pelicula_Actor (id_pelicula, id_actor, personaje) VALUES (991494, 6574, 'Mr. Krabs / Pirate / Narrator');
INSERT OR REPLACE INTO Pelicula_Actor (id_pelicula, id_actor, personaje) VALUES (991494, 70615, 'Squidward Tentacles (voice)');
INSERT OR REPLACE INTO Pelicula_Actor (id_pelicula, id_actor, personaje) VALUES (991494, 34398, 'Patrick Star (voice)');
INSERT OR REPLACE INTO Pelicula_Actor (id_pelicula, id_actor, personaje) VALUES (991494, 78799, 'Sandy Cheeks (voice)');
INSERT OR IGNORE INTO Pelicula_Categoria (id_pelicula, id_categoria) VALUES (991494, 5);
INSERT OR IGNORE INTO Pelicula_Categoria (id_pelicula, id_categoria) VALUES (991494, 12);
INSERT OR IGNORE INTO Pelicula_Categoria (id_pelicula, id_categoria) VALUES (991494, 12);
INSERT OR IGNORE INTO Pelicula_Categoria (id_pelicula, id_categoria) VALUES (991494, 1);
INSERT OR IGNORE INTO Pelicula_Categoria (id_pelicula, id_categoria) VALUES (991494, 3);
-- Fin película: Bob Esponja: Una aventura pirata --
INSERT OR IGNORE INTO Actor (id_actor, nombre, foto_path) VALUES (1256603, 'Natsuki Hanae', 'https://image.tmdb.org/t/p/original/alTb0DlcPIbcwM08WSmxFai58sd.jpg');
INSERT OR IGNORE INTO Actor (id_actor, nombre, foto_path) VALUES (9705, 'Takahiro Sakurai', 'https://image.tmdb.org/t/p/original/8s8owcKmpRAuhzEGjSdRpztthUg.jpg');
INSERT OR IGNORE INTO Actor (id_actor, nombre, foto_path) VALUES (81244, 'Akira Ishida', 'https://image.tmdb.org/t/p/original/jnW2Gn2NlR2uwOCeyOuzypnTmkH.jpg');
INSERT OR IGNORE INTO Actor (id_actor, nombre, foto_path) VALUES (119145, 'Hiro Shimono', 'https://image.tmdb.org/t/p/original/yrSDcgFefHtWkFmLnTrcw2t0MV.jpg');
INSERT OR IGNORE INTO Actor (id_actor, nombre, foto_path) VALUES (1253008, 'Yoshimasa Hosoya', 'https://image.tmdb.org/t/p/original/lUR5oN1LrqGgp25IOcI1qOH1Ud5.jpg');
INSERT OR REPLACE INTO Pelicula (id_pelicula, titulo, descripcion, poster_path, backdrop_path, trailer, anio_estreno, duracion) VALUES (1311031, 'Guardianes de la noche: Kimetsu no Yaiba La fortaleza infinita', 'El Cuerpo de Cazadores de Demonios se enfrenta a los Doce Kizuki restantes antes de enfrentarse a Muzan en el Castillo del Infinito para derrotarlo de una vez por todas.', 'https://image.tmdb.org/t/p/original/iWLV12z9oexSRLz2WKyqCZbKoPA.jpg', 'https://image.tmdb.org/t/p/original/1RgPyOhN4DRs225BGTlHJqCudII.jpg', 'https://www.youtube.com/watch?v=X3E4zogzWsY', 2025, 155);
INSERT OR REPLACE INTO Pelicula_Actor (id_pelicula, id_actor, personaje) VALUES (1311031, 1256603, 'Tanjiro Kamado (voice)');
INSERT OR REPLACE INTO Pelicula_Actor (id_pelicula, id_actor, personaje) VALUES (1311031, 9705, 'Giyu Tomioka (voice)');
INSERT OR REPLACE INTO Pelicula_Actor (id_pelicula, id_actor, personaje) VALUES (1311031, 81244, 'Akaza (voice)');
INSERT OR REPLACE INTO Pelicula_Actor (id_pelicula, id_actor, personaje) VALUES (1311031, 119145, 'Zenitsu Agatsuma (voice)');
INSERT OR REPLACE INTO Pelicula_Actor (id_pelicula, id_actor, personaje) VALUES (1311031, 1253008, 'Kaigaku (voice)');
INSERT OR IGNORE INTO Pelicula_Categoria (id_pelicula, id_categoria) VALUES (1311031, 5);
INSERT OR IGNORE INTO Pelicula_Categoria (id_pelicula, id_categoria) VALUES (1311031, 5);
INSERT OR IGNORE INTO Pelicula_Categoria (id_pelicula, id_categoria) VALUES (1311031, 3);
-- Fin película: Guardianes de la noche: Kimetsu no Yaiba La fortaleza infinita --
INSERT OR IGNORE INTO Actor (id_actor, nombre, foto_path) VALUES (1196041, 'Rohan Campbell', 'https://image.tmdb.org/t/p/original/r1PDcoPF1NDvvxwqkOJTrFaT1za.jpg');
INSERT OR IGNORE INTO Actor (id_actor, nombre, foto_path) VALUES (1602964, 'Ruby Modine', 'https://image.tmdb.org/t/p/original/3SEz3Edts4A7dIYYnV08VKGM7u9.jpg');
INSERT OR IGNORE INTO Actor (id_actor, nombre, foto_path) VALUES (32751, 'Mark Acheson', 'https://image.tmdb.org/t/p/original/84KnNSPJGQvVD57aDlhyUfFO7vz.jpg');
INSERT OR IGNORE INTO Actor (id_actor, nombre, foto_path) VALUES (55616, 'David Lawrence Brown', 'https://image.tmdb.org/t/p/original/aQEVuW5IWam68nWajc7ij6xTyoN.jpg');
INSERT OR IGNORE INTO Actor (id_actor, nombre, foto_path) VALUES (3893535, 'David Tomlinson', 'https://image.tmdb.org/t/p/original/akWyL8TVWydGGLuQLpjARkkfVM4.jpg');
INSERT OR REPLACE INTO Pelicula (id_pelicula, titulo, descripcion, poster_path, backdrop_path, trailer, anio_estreno, duracion) VALUES (801937, 'Noche de Paz, Noche de Muerte', 'Un niño presencia el asesinato de sus padres por de hombre disfrazado de Papá Noel. Años más tarde, ya adulto, se pone él mismo un disfraz de Papá Noel y se embarca en una violenta búsqueda de venganza contra los responsables.', 'https://image.tmdb.org/t/p/original/ecpETxTPyVFai17hMMoFGy1ruLO.jpg', 'https://image.tmdb.org/t/p/original/kv8kCuvfhSQ50YxjowqpVn1QqhJ.jpg', '', 2025, 96);
INSERT OR REPLACE INTO Pelicula_Actor (id_pelicula, id_actor, personaje) VALUES (801937, 1196041, 'Billy Chapman');
INSERT OR REPLACE INTO Pelicula_Actor (id_pelicula, id_actor, personaje) VALUES (801937, 1602964, 'Pamela Sims');
INSERT OR REPLACE INTO Pelicula_Actor (id_pelicula, id_actor, personaje) VALUES (801937, 32751, 'Charlie (Shotgun Santa)');
INSERT OR REPLACE INTO Pelicula_Actor (id_pelicula, id_actor, personaje) VALUES (801937, 55616, 'Dean Sims');
INSERT OR REPLACE INTO Pelicula_Actor (id_pelicula, id_actor, personaje) VALUES (801937, 3893535, 'Max Benedict');
INSERT OR IGNORE INTO Pelicula_Categoria (id_pelicula, id_categoria) VALUES (801937, 4);
INSERT OR IGNORE INTO Pelicula_Categoria (id_pelicula, id_categoria) VALUES (801937, 6);
-- Fin película: Noche de Paz, Noche de Muerte --
INSERT OR IGNORE INTO Actor (id_actor, nombre, foto_path) VALUES (1498158, 'Jessie Buckley', 'https://image.tmdb.org/t/p/original/i8IlkFbZqKUgkypZKpdhrw00uqw.jpg');
INSERT OR IGNORE INTO Actor (id_actor, nombre, foto_path) VALUES (2326151, 'Paul Mescal', 'https://image.tmdb.org/t/p/original/vrzZ41TGNAFgfmZjC2sOJySzBLd.jpg');
INSERT OR IGNORE INTO Actor (id_actor, nombre, foto_path) VALUES (1639, 'Emily Watson', 'https://image.tmdb.org/t/p/original/bd0qiJXHoLNpkCqABsh67AKRtjC.jpg');
INSERT OR IGNORE INTO Actor (id_actor, nombre, foto_path) VALUES (1496392, 'Joe Alwyn', 'https://image.tmdb.org/t/p/original/Avo928rzU4WczRzqgq9FwdoXwKd.jpg');
INSERT OR IGNORE INTO Actor (id_actor, nombre, foto_path) VALUES (3115247, 'Jacobi Jupe', 'https://image.tmdb.org/t/p/original/AbmnZOPvC1vA5yilvG3IyXdTSPB.jpg');
INSERT OR REPLACE INTO Pelicula (id_pelicula, titulo, descripcion, poster_path, backdrop_path, trailer, anio_estreno, duracion) VALUES (858024, 'Hamnet', 'Descubre la poderosa historia de amor que inspiró la creación de Hamlet, la intemporal obra maestra de Shakespeare.', 'https://image.tmdb.org/t/p/original/hVo0g5M8z1kuhzxQ51eCbF81wUh.jpg', 'https://image.tmdb.org/t/p/original/73BClq9FOcrWrutnpiqhCNEWEwJ.jpg', 'https://www.youtube.com/watch?v=Ith7z6FzLe0', 2025, 126);
INSERT OR REPLACE INTO Pelicula_Actor (id_pelicula, id_actor, personaje) VALUES (858024, 1498158, 'Agnes');
INSERT OR REPLACE INTO Pelicula_Actor (id_pelicula, id_actor, personaje) VALUES (858024, 2326151, 'Will');
INSERT OR REPLACE INTO Pelicula_Actor (id_pelicula, id_actor, personaje) VALUES (858024, 1639, 'Mary');
INSERT OR REPLACE INTO Pelicula_Actor (id_pelicula, id_actor, personaje) VALUES (858024, 1496392, 'Bartholomew');
INSERT OR REPLACE INTO Pelicula_Actor (id_pelicula, id_actor, personaje) VALUES (858024, 3115247, 'Hamnet');
INSERT OR IGNORE INTO Pelicula_Categoria (id_pelicula, id_categoria) VALUES (858024, 7);
INSERT OR IGNORE INTO Pelicula_Categoria (id_pelicula, id_categoria) VALUES (858024, 10);
INSERT OR IGNORE INTO Pelicula_Categoria (id_pelicula, id_categoria) VALUES (858024, 1);
-- Fin película: Hamnet --

-- === LOTE: Now Playing - Page 2 (2026-02-06T06:34:01.542Z) ===
INSERT OR IGNORE INTO Actor (id_actor, nombre, foto_path) VALUES (1798927, 'Danika Golombek', '');
INSERT OR IGNORE INTO Actor (id_actor, nombre, foto_path) VALUES (2269167, 'Grayson Eddey', '');
INSERT OR IGNORE INTO Actor (id_actor, nombre, foto_path) VALUES (556488, 'Nathalie Söderqvist', '');
INSERT OR IGNORE INTO Actor (id_actor, nombre, foto_path) VALUES (991941, 'Marcus DeAnda', 'https://image.tmdb.org/t/p/original/k4ph0Q2R0tHOs2GvmZI5mGeoNkh.jpg');
INSERT OR IGNORE INTO Actor (id_actor, nombre, foto_path) VALUES (2475451, 'Zachary Cowan', 'https://image.tmdb.org/t/p/original/oM2BlIsPn1yfi5g5GJFFlenhFZd.jpg');
INSERT OR REPLACE INTO Pelicula (id_pelicula, titulo, descripcion, poster_path, backdrop_path, trailer, anio_estreno, duracion) VALUES (1475490, 'The Calling Witch', 'Dos hermanos enfrentan el terror cuando una siniestra bruja, creada en los libros de su difunta madre, parece cobrar vida y acosarlos sin piedad.', 'https://image.tmdb.org/t/p/original/q8o2NzIH4ze28NAVs1eRkejAJIk.jpg', 'https://image.tmdb.org/t/p/original/aFqLp6XfmzrYNSVlyKoQU7WT1PX.jpg', '', 2026, 98);
INSERT OR REPLACE INTO Pelicula_Actor (id_pelicula, id_actor, personaje) VALUES (1475490, 1798927, 'Virginia');
INSERT OR REPLACE INTO Pelicula_Actor (id_pelicula, id_actor, personaje) VALUES (1475490, 2269167, 'Edward');
INSERT OR REPLACE INTO Pelicula_Actor (id_pelicula, id_actor, personaje) VALUES (1475490, 556488, 'Alison / Woman');
INSERT OR REPLACE INTO Pelicula_Actor (id_pelicula, id_actor, personaje) VALUES (1475490, 991941, 'Warren');
INSERT OR REPLACE INTO Pelicula_Actor (id_pelicula, id_actor, personaje) VALUES (1475490, 2475451, 'Greg');
INSERT OR IGNORE INTO Pelicula_Categoria (id_pelicula, id_categoria) VALUES (1475490, 6);
INSERT OR IGNORE INTO Pelicula_Categoria (id_pelicula, id_categoria) VALUES (1475490, 4);
INSERT OR IGNORE INTO Pelicula_Categoria (id_pelicula, id_categoria) VALUES (1475490, 7);
-- Fin película: The Calling Witch --
INSERT OR IGNORE INTO Actor (id_actor, nombre, foto_path) VALUES (1279279, 'Virginia Gardner', 'https://image.tmdb.org/t/p/original/wD0Ib0AqzfIxBL9X0x8YDbKoI2E.jpg');
INSERT OR IGNORE INTO Actor (id_actor, nombre, foto_path) VALUES (2637828, 'Melanie Jarnson', 'https://image.tmdb.org/t/p/original/8m0gnlADmLXkMkvSzDR2OhBfsCB.jpg');
INSERT OR IGNORE INTO Actor (id_actor, nombre, foto_path) VALUES (1421393, 'Mitchell Hope', 'https://image.tmdb.org/t/p/original/oENPvMMblZYzEd4tGJ6VGaxsg6q.jpg');
INSERT OR IGNORE INTO Actor (id_actor, nombre, foto_path) VALUES (2387468, 'Isaac Crawley', 'https://image.tmdb.org/t/p/original/c4mZLQ0rtGSgWE3ciqepvSQoEA2.jpg');
INSERT OR IGNORE INTO Actor (id_actor, nombre, foto_path) VALUES (4066265, 'Scott James George', 'https://image.tmdb.org/t/p/original/4SaTqCO3tOqbkrcsPEbt8SEKtC.jpg');
INSERT OR REPLACE INTO Pelicula (id_pelicula, titulo, descripcion, poster_path, backdrop_path, trailer, anio_estreno, duracion) VALUES (1412598, 'Killer Whale', 'Las mejores amigas Maddie y Trish quedan atrapadas en una remota laguna con la peligrosa orca Ceto.', 'https://image.tmdb.org/t/p/original/cqbXxAw9sUr4tJ5ffEwtnz6IL9o.jpg', 'https://image.tmdb.org/t/p/original/ykigHs1OIyqqV04zfFqIlSHp546.jpg', '', 2026, 89);
INSERT OR REPLACE INTO Pelicula_Actor (id_pelicula, id_actor, personaje) VALUES (1412598, 1279279, 'Maddie');
INSERT OR REPLACE INTO Pelicula_Actor (id_pelicula, id_actor, personaje) VALUES (1412598, 2637828, 'Trish');
INSERT OR REPLACE INTO Pelicula_Actor (id_pelicula, id_actor, personaje) VALUES (1412598, 1421393, 'Josh');
INSERT OR REPLACE INTO Pelicula_Actor (id_pelicula, id_actor, personaje) VALUES (1412598, 2387468, 'Chad');
INSERT OR REPLACE INTO Pelicula_Actor (id_pelicula, id_actor, personaje) VALUES (1412598, 4066265, 'Hooded Man');
INSERT OR IGNORE INTO Pelicula_Categoria (id_pelicula, id_categoria) VALUES (1412598, 6);
INSERT OR IGNORE INTO Pelicula_Categoria (id_pelicula, id_categoria) VALUES (1412598, 4);
INSERT OR IGNORE INTO Pelicula_Categoria (id_pelicula, id_categoria) VALUES (1412598, 5);
INSERT OR IGNORE INTO Pelicula_Categoria (id_pelicula, id_categoria) VALUES (1412598, 1);
INSERT OR IGNORE INTO Pelicula_Categoria (id_pelicula, id_categoria) VALUES (1412598, 3);
-- Fin película: Killer Whale --
INSERT OR IGNORE INTO Actor (id_actor, nombre, foto_path) VALUES (93527, 'Kelly Rowland', 'https://image.tmdb.org/t/p/original/vqdvovRv0CuqTfYIqQFHehZA2gI.jpg');
INSERT OR IGNORE INTO Actor (id_actor, nombre, foto_path) VALUES (5384, 'Method Man', 'https://image.tmdb.org/t/p/original/mYJFxOcrda410rS5JHPf0nPuimZ.jpg');
INSERT OR IGNORE INTO Actor (id_actor, nombre, foto_path) VALUES (1110105, 'Robin Thede', 'https://image.tmdb.org/t/p/original/zmodX7Rln5W8B8F9u77qCvXGZPP.jpg');
INSERT OR IGNORE INTO Actor (id_actor, nombre, foto_path) VALUES (2560944, 'Annie Gonzalez', 'https://image.tmdb.org/t/p/original/xPNTKFVelmIX0Xy1jJlQAqXAgnf.jpg');
INSERT OR IGNORE INTO Actor (id_actor, nombre, foto_path) VALUES (352, 'Dennis Haysbert', 'https://image.tmdb.org/t/p/original/lcnjaw2CFN6q9eaes1jTYrUB0rb.jpg');
INSERT OR REPLACE INTO Pelicula (id_pelicula, titulo, descripcion, poster_path, backdrop_path, trailer, anio_estreno, duracion) VALUES (1433842, 'La Meta es el Amor', 'Cuando la brillante productora de televisión Leah Caldwell (Kelly Rowland) está a punto de hacer historia como la primera mujer en dirigir el programa matutino más importante de Nueva York, su ex, Jarrett Roy (Clifford "Method Man" Smith), aparece para competir por el mismo puesto. Afirma ser un hombre diferente, transformado por la sabiduría del bestseller del New York Times, "Relationship Goals".Mientras su círculo íntimo de amigos se sumerge en el mismo libro transformador, todos comienzan a redescubrir su propósito en el amor. Sin embargo, Leah, completamente centrada en romper el techo de cristal, no está lista para creer en encontrar el amor, incluso cuando la innegable química con su ex amenaza con reavivar viejas llamas.', 'https://image.tmdb.org/t/p/original/eZRbRa0q9rKkPe0gfJ2a0NhygBX.jpg', 'https://image.tmdb.org/t/p/original/dFdFQaffaBNBNM5hzinc6Q0oWDZ.jpg', 'https://www.youtube.com/watch?v=m-dp6lQwGSI', 2026, 96);
INSERT OR REPLACE INTO Pelicula_Actor (id_pelicula, id_actor, personaje) VALUES (1433842, 93527, 'Leah Caldwell');
INSERT OR REPLACE INTO Pelicula_Actor (id_pelicula, id_actor, personaje) VALUES (1433842, 5384, 'Jarrett Roy');
INSERT OR REPLACE INTO Pelicula_Actor (id_pelicula, id_actor, personaje) VALUES (1433842, 1110105, 'Brenda Phelps');
INSERT OR REPLACE INTO Pelicula_Actor (id_pelicula, id_actor, personaje) VALUES (1433842, 2560944, 'Treese Moore');
INSERT OR REPLACE INTO Pelicula_Actor (id_pelicula, id_actor, personaje) VALUES (1433842, 352, 'Papa Jim');
INSERT OR IGNORE INTO Pelicula_Categoria (id_pelicula, id_categoria) VALUES (1433842, 10);
INSERT OR IGNORE INTO Pelicula_Categoria (id_pelicula, id_categoria) VALUES (1433842, 12);
-- Fin película: La Meta es el Amor --
INSERT OR IGNORE INTO Actor (id_actor, nombre, foto_path) VALUES (1190668, 'Timothée Chalamet', 'https://image.tmdb.org/t/p/original/dFxpwRpmzpVfP1zjluH68DeQhyj.jpg');
INSERT OR IGNORE INTO Actor (id_actor, nombre, foto_path) VALUES (12052, 'Gwyneth Paltrow', 'https://image.tmdb.org/t/p/original/8x3jpWD7DEvyMXO1FOjwNdd1UZT.jpg');
INSERT OR IGNORE INTO Actor (id_actor, nombre, foto_path) VALUES (1972166, 'Odessa A''zion', 'https://image.tmdb.org/t/p/original/w5HuKyEMDP3tK38KtVtJfGUcSa4.jpg');
INSERT OR IGNORE INTO Actor (id_actor, nombre, foto_path) VALUES (1240877, 'Kevin O''Leary', 'https://image.tmdb.org/t/p/original/uvTv976u2wgrl9RqxSfBeTlE1Wz.jpg');
INSERT OR IGNORE INTO Actor (id_actor, nombre, foto_path) VALUES (1133834, 'Tyler, The Creator', 'https://image.tmdb.org/t/p/original/jdAYV2hhjsffcRBTPqCMzHLIiM1.jpg');
INSERT OR REPLACE INTO Pelicula (id_pelicula, titulo, descripcion, poster_path, backdrop_path, trailer, anio_estreno, duracion) VALUES (1317288, 'Marty Supreme', 'Biopic de Marty Reisman, un buscavidas convertido en campeón de ping pong, desde que empezó a jugar por apuestas en Manhattan hasta ganar 22 títulos importantes y convertirse en el más veterano en ganar una competición nacional de deportes de raqueta, con 67 años.', 'https://image.tmdb.org/t/p/original/mijSU0Rws3tBBbhdE5udxPSaZvF.jpg', 'https://image.tmdb.org/t/p/original/6h7w8R4BA7vubEmEEW5vYEjuoz6.jpg', 'https://www.youtube.com/watch?v=wNQjwR5cCiM', 2025, 150);
INSERT OR REPLACE INTO Pelicula_Actor (id_pelicula, id_actor, personaje) VALUES (1317288, 1190668, 'Marty Mauser');
INSERT OR REPLACE INTO Pelicula_Actor (id_pelicula, id_actor, personaje) VALUES (1317288, 12052, 'Kay Stone');
INSERT OR REPLACE INTO Pelicula_Actor (id_pelicula, id_actor, personaje) VALUES (1317288, 1972166, 'Rachel Mizler');
INSERT OR REPLACE INTO Pelicula_Actor (id_pelicula, id_actor, personaje) VALUES (1317288, 1240877, 'Milton Rockwell');
INSERT OR REPLACE INTO Pelicula_Actor (id_pelicula, id_actor, personaje) VALUES (1317288, 1133834, 'Wally');
INSERT OR IGNORE INTO Pelicula_Categoria (id_pelicula, id_categoria) VALUES (1317288, 7);
-- Fin película: Marty Supreme --
INSERT OR IGNORE INTO Actor (id_actor, nombre, foto_path) VALUES (64182, 'Bill Barretta', 'https://image.tmdb.org/t/p/original/m4M99V64Bni91R8J2YgJ2QPwRDL.jpg');
INSERT OR IGNORE INTO Actor (id_actor, nombre, foto_path) VALUES (64181, 'Dave Goelz', 'https://image.tmdb.org/t/p/original/tBJDwH008IVSeTCB5e2P856NbIv.jpg');
INSERT OR IGNORE INTO Actor (id_actor, nombre, foto_path) VALUES (97185, 'Eric Jacobson', 'https://image.tmdb.org/t/p/original/bB4DRQwKUswG8uvFmDDHHWFwzlz.jpg');
INSERT OR IGNORE INTO Actor (id_actor, nombre, foto_path) VALUES (360193, 'Peter Linz', 'https://image.tmdb.org/t/p/original/hQZzWLqAK1sf45ddLCMh6Yuiaai.jpg');
INSERT OR IGNORE INTO Actor (id_actor, nombre, foto_path) VALUES (192632, 'David Rudman', 'https://image.tmdb.org/t/p/original/lHk21OS9k5aeACDSYJFBaJgMrCP.jpg');
INSERT OR REPLACE INTO Pelicula (id_pelicula, titulo, descripcion, poster_path, backdrop_path, trailer, anio_estreno, duracion) VALUES (1548113, 'El show de los Muppets', '¡Vuelve "El show de los Muppets"! La rana Gustavo, la Señorita Peggy y el resto de los queridos Muppets regresan con un nuevo programa especial. La música, la comedia y el caos están garantizados cuando los Muppets se suban de nuevo al escenario del Teatro de los Muppets original con una invitada muy especial: ¡Sabrina Carpenter!', 'https://image.tmdb.org/t/p/original/9UQB40mDmP9l5WsOTYs9FW0ItOI.jpg', 'https://image.tmdb.org/t/p/original/v1DsKWjIF9M9eB7xtIwVfU6unSW.jpg', '', 2026, 32);
INSERT OR REPLACE INTO Pelicula_Actor (id_pelicula, id_actor, personaje) VALUES (1548113, 64182, 'Rowlf the Dog / Dr. Teeth  / Swedish Chef / Pepé the King Prawn (voice)');
INSERT OR REPLACE INTO Pelicula_Actor (id_pelicula, id_actor, personaje) VALUES (1548113, 64181, 'Gonzo / Zoot / Waldorf / Dr. Bunsen Honeydew (voice)');
INSERT OR REPLACE INTO Pelicula_Actor (id_pelicula, id_actor, personaje) VALUES (1548113, 97185, 'Miss Piggy / Fozzie Bear / Animal / Sam Eagle (voice)');
INSERT OR REPLACE INTO Pelicula_Actor (id_pelicula, id_actor, personaje) VALUES (1548113, 360193, 'Lips / Statler (voice)');
INSERT OR REPLACE INTO Pelicula_Actor (id_pelicula, id_actor, personaje) VALUES (1548113, 192632, 'Scooter / Janice / Beaker (voice)');
INSERT OR IGNORE INTO Pelicula_Categoria (id_pelicula, id_categoria) VALUES (1548113, 12);
INSERT OR IGNORE INTO Pelicula_Categoria (id_pelicula, id_categoria) VALUES (1548113, 12);
INSERT OR IGNORE INTO Pelicula_Categoria (id_pelicula, id_categoria) VALUES (1548113, 11);
INSERT OR IGNORE INTO Pelicula_Categoria (id_pelicula, id_categoria) VALUES (1548113, 7);
-- Fin película: El show de los Muppets --
INSERT OR IGNORE INTO Actor (id_actor, nombre, foto_path) VALUES (135651, 'Michael B. Jordan', 'https://image.tmdb.org/t/p/original/515xNvaMC6xOEOlo0sFqW69ZqUH.jpg');
INSERT OR IGNORE INTO Actor (id_actor, nombre, foto_path) VALUES (130640, 'Hailee Steinfeld', 'https://image.tmdb.org/t/p/original/jiClUr3gaySWAyfXAHiCgmmtvij.jpg');
INSERT OR IGNORE INTO Actor (id_actor, nombre, foto_path) VALUES (4688032, 'Miles Caton', 'https://image.tmdb.org/t/p/original/yff2DK1Sc2baRGHbSfcmwMwX8HW.jpg');
INSERT OR IGNORE INTO Actor (id_actor, nombre, foto_path) VALUES (85065, 'Jack O''Connell', 'https://image.tmdb.org/t/p/original/9RrqnB1BRaWWHEjlWVVAna0sdBB.jpg');
INSERT OR IGNORE INTO Actor (id_actor, nombre, foto_path) VALUES (134774, 'Wunmi Mosaku', 'https://image.tmdb.org/t/p/original/mWDsVCo9sBcekrsjUTsoCFLhtYt.jpg');
INSERT OR REPLACE INTO Pelicula (id_pelicula, titulo, descripcion, poster_path, backdrop_path, trailer, anio_estreno, duracion) VALUES (1233413, 'Los pecadores', 'Tratando de dejar atrás sus problemáticas vidas, dos hermanos gemelos regresan a su pueblo natal para empezar de nuevo, solo para descubrir que un mal aún mayor les espera para darles la bienvenida.', 'https://image.tmdb.org/t/p/original/zdClwqpYQXBSCGGDMdtvsuggwec.jpg', 'https://image.tmdb.org/t/p/original/nAxGnGHOsfzufThz20zgmRwKur3.jpg', 'https://www.youtube.com/watch?v=XufPTI4PDLg', 2025, 137);
INSERT OR REPLACE INTO Pelicula_Actor (id_pelicula, id_actor, personaje) VALUES (1233413, 135651, 'Smoke / Stack');
INSERT OR REPLACE INTO Pelicula_Actor (id_pelicula, id_actor, personaje) VALUES (1233413, 130640, 'Mary');
INSERT OR REPLACE INTO Pelicula_Actor (id_pelicula, id_actor, personaje) VALUES (1233413, 4688032, 'Sammie Moore');
INSERT OR REPLACE INTO Pelicula_Actor (id_pelicula, id_actor, personaje) VALUES (1233413, 85065, 'Remmick');
INSERT OR REPLACE INTO Pelicula_Actor (id_pelicula, id_actor, personaje) VALUES (1233413, 134774, 'Annie');
INSERT OR IGNORE INTO Pelicula_Categoria (id_pelicula, id_categoria) VALUES (1233413, 4);
INSERT OR IGNORE INTO Pelicula_Categoria (id_pelicula, id_categoria) VALUES (1233413, 5);
INSERT OR IGNORE INTO Pelicula_Categoria (id_pelicula, id_categoria) VALUES (1233413, 6);
-- Fin película: Los pecadores --
INSERT OR IGNORE INTO Actor (id_actor, nombre, foto_path) VALUES (6193, 'Leonardo DiCaprio', 'https://image.tmdb.org/t/p/original/wo2hJpn04vbtmh0B9utCFdsQhxM.jpg');
INSERT OR IGNORE INTO Actor (id_actor, nombre, foto_path) VALUES (2228, 'Sean Penn', 'https://image.tmdb.org/t/p/original/9glqNTVpFpdN1nFklKaHPUyCwR6.jpg');
INSERT OR IGNORE INTO Actor (id_actor, nombre, foto_path) VALUES (3914706, 'Chase Infiniti', 'https://image.tmdb.org/t/p/original/2goENGgg9OCz7qjMmm0HNxV9Kjj.jpg');
INSERT OR IGNORE INTO Actor (id_actor, nombre, foto_path) VALUES (1121, 'Benicio del Toro', 'https://image.tmdb.org/t/p/original/aYomJWx0B2B8ra6Rmgt8lr0XCrw.jpg');
INSERT OR IGNORE INTO Actor (id_actor, nombre, foto_path) VALUES (35705, 'Regina Hall', 'https://image.tmdb.org/t/p/original/jiFZ4xNrvUUZLBHnJu71CvdN4kj.jpg');
INSERT OR REPLACE INTO Pelicula (id_pelicula, titulo, descripcion, poster_path, backdrop_path, trailer, anio_estreno, duracion) VALUES (1054867, 'Una batalla tras otra', 'Un ex revolucionario, tras años apartado de la lucha, se ve obligado a volver a la acción para enfrentar a viejos enemigos en un ambiente cargado de tensión política, racismo y violencia militar... Adaptación modernizada de la novela ''Vineland'', de Thomas Pynchon (1990), sobre los movimientos radicales de los años sesenta.', 'https://image.tmdb.org/t/p/original/iZ1499F6hYxDxiqioy8oSUaxipG.jpg', 'https://image.tmdb.org/t/p/original/si68lkhkMfIospVeLEBtl7HWKDh.jpg', 'https://www.youtube.com/watch?v=U_wQ_20g8Jw', 2025, 162);
INSERT OR REPLACE INTO Pelicula_Actor (id_pelicula, id_actor, personaje) VALUES (1054867, 6193, 'Bob');
INSERT OR REPLACE INTO Pelicula_Actor (id_pelicula, id_actor, personaje) VALUES (1054867, 2228, 'Col. Steven J. Lockjaw');
INSERT OR REPLACE INTO Pelicula_Actor (id_pelicula, id_actor, personaje) VALUES (1054867, 3914706, 'Willa');
INSERT OR REPLACE INTO Pelicula_Actor (id_pelicula, id_actor, personaje) VALUES (1054867, 1121, 'Sensei Sergio St. Carlos');
INSERT OR REPLACE INTO Pelicula_Actor (id_pelicula, id_actor, personaje) VALUES (1054867, 35705, 'Deandra');
INSERT OR IGNORE INTO Pelicula_Categoria (id_pelicula, id_categoria) VALUES (1054867, 6);
INSERT OR IGNORE INTO Pelicula_Categoria (id_pelicula, id_categoria) VALUES (1054867, 9);
INSERT OR IGNORE INTO Pelicula_Categoria (id_pelicula, id_categoria) VALUES (1054867, 5);
-- Fin película: Una batalla tras otra --
INSERT OR IGNORE INTO Actor (id_actor, nombre, foto_path) VALUES (27972, 'Josh Hutcherson', 'https://image.tmdb.org/t/p/original/f0eosZ1Fx0VBUyspq8K2f8sUSBn.jpg');
INSERT OR IGNORE INTO Actor (id_actor, nombre, foto_path) VALUES (2283930, 'Piper Rubio', 'https://image.tmdb.org/t/p/original/kIg9VvVBi1H8Bl9B697f2GE9rPo.jpg');
INSERT OR IGNORE INTO Actor (id_actor, nombre, foto_path) VALUES (1368507, 'Elizabeth Lail', 'https://image.tmdb.org/t/p/original/lDYjEyqojUs2sF3CgdsOZ9vr2KL.jpg');
INSERT OR IGNORE INTO Actor (id_actor, nombre, foto_path) VALUES (26457, 'Matthew Lillard', 'https://image.tmdb.org/t/p/original/auUbijDzR9xpSgQtLsYDvNatloj.jpg');
INSERT OR IGNORE INTO Actor (id_actor, nombre, foto_path) VALUES (1824301, 'Freddy Carter', 'https://image.tmdb.org/t/p/original/u4Ibhf8LnRzfuR2IUx6ZQWdWaVv.jpg');
INSERT OR REPLACE INTO Pelicula (id_pelicula, titulo, descripcion, poster_path, backdrop_path, trailer, anio_estreno, duracion) VALUES (1228246, 'Five Nights at Freddy''s 2', 'Un año después de la pesadilla sobrenatural en Freddy Fazbear''s Pizza, las historias sobre lo ocurrido allí se han convertido en una leyenda local extravagante, inspirando el primer Fazfest del pueblo. Con la verdad oculta, Abby se escapa para reencontrarse con Freddy, Bonnie, Chica y Foxy, desencadenando una serie de eventos aterradores que revelarán oscuros secretos sobre el verdadero origen de Freddy''s y desatarán un horror oculto durante décadas.', 'https://image.tmdb.org/t/p/original/egHOFSRXrAaugFUD7VMEnXlTnzJ.jpg', 'https://image.tmdb.org/t/p/original/54BOXpX2ieTXMDzHymdDMnUIzYG.jpg', 'https://www.youtube.com/watch?v=d_St1yVHIsI', 2025, 104);
INSERT OR REPLACE INTO Pelicula_Actor (id_pelicula, id_actor, personaje) VALUES (1228246, 27972, 'Mike');
INSERT OR REPLACE INTO Pelicula_Actor (id_pelicula, id_actor, personaje) VALUES (1228246, 2283930, 'Abby');
INSERT OR REPLACE INTO Pelicula_Actor (id_pelicula, id_actor, personaje) VALUES (1228246, 1368507, 'Vanessa');
INSERT OR REPLACE INTO Pelicula_Actor (id_pelicula, id_actor, personaje) VALUES (1228246, 26457, 'William Afton / Yellow Rabbit');
INSERT OR REPLACE INTO Pelicula_Actor (id_pelicula, id_actor, personaje) VALUES (1228246, 1824301, 'Michael');
INSERT OR IGNORE INTO Pelicula_Categoria (id_pelicula, id_categoria) VALUES (1228246, 4);
INSERT OR IGNORE INTO Pelicula_Categoria (id_pelicula, id_categoria) VALUES (1228246, 6);
-- Fin película: Five Nights at Freddy''s 2 --
INSERT OR IGNORE INTO Actor (id_actor, nombre, foto_path) VALUES (2201315, 'Emma Mackey', 'https://image.tmdb.org/t/p/original/l4JOGnGOAeZr3BQvAerFyvakrU0.jpg');
INSERT OR IGNORE INTO Actor (id_actor, nombre, foto_path) VALUES (8944, 'Jamie Lee Curtis', 'https://image.tmdb.org/t/p/original/eb0lIt32WwrjtCULe5z6l9eBf06.jpg');
INSERT OR IGNORE INTO Actor (id_actor, nombre, foto_path) VALUES (2304140, 'Spike Fearn', 'https://image.tmdb.org/t/p/original/o1WcXkDdlN5wdL5WIuGXNpNouZ9.jpg');
INSERT OR IGNORE INTO Actor (id_actor, nombre, foto_path) VALUES (13, 'Albert Brooks', 'https://image.tmdb.org/t/p/original/8iDSGu5l93N7benjf6b3AysBore.jpg');
INSERT OR IGNORE INTO Actor (id_actor, nombre, foto_path) VALUES (1334638, 'Jack Lowden', 'https://image.tmdb.org/t/p/original/3wSE6uHLkslE9xvRiMbnphuI0VK.jpg');
INSERT OR REPLACE INTO Pelicula (id_pelicula, titulo, descripcion, poster_path, backdrop_path, trailer, anio_estreno, duracion) VALUES (1206008, 'Ella McCay', 'Una joven política idealista hace malabarismos con sus problemas familiares y su estresante vida laboral mientras se prepara para ocupar nada menos que el puesto de gobernadora de su estado, ocupando el puesto de su mentor.', 'https://image.tmdb.org/t/p/original/kuAObOLDIBnWgGE3vk9wBsrM54.jpg', 'https://image.tmdb.org/t/p/original/9cd1zsxcOAcBW01WDOWz8EODTS0.jpg', 'https://www.youtube.com/watch?v=OwgayXGF3uM', 2025, 115);
INSERT OR REPLACE INTO Pelicula_Actor (id_pelicula, id_actor, personaje) VALUES (1206008, 2201315, 'Ella McCay');
INSERT OR REPLACE INTO Pelicula_Actor (id_pelicula, id_actor, personaje) VALUES (1206008, 8944, 'Helen McCay');
INSERT OR REPLACE INTO Pelicula_Actor (id_pelicula, id_actor, personaje) VALUES (1206008, 2304140, 'Casey McCay');
INSERT OR REPLACE INTO Pelicula_Actor (id_pelicula, id_actor, personaje) VALUES (1206008, 13, 'Governor Bill');
INSERT OR REPLACE INTO Pelicula_Actor (id_pelicula, id_actor, personaje) VALUES (1206008, 1334638, 'Ryan Newell');
INSERT OR IGNORE INTO Pelicula_Categoria (id_pelicula, id_categoria) VALUES (1206008, 12);
INSERT OR IGNORE INTO Pelicula_Categoria (id_pelicula, id_categoria) VALUES (1206008, 7);
-- Fin película: Ella McCay --
INSERT OR IGNORE INTO Actor (id_actor, nombre, foto_path) VALUES (5469, 'Ralph Fiennes', 'https://image.tmdb.org/t/p/original/u29BOqiV5GCQ8k8WUJM50i9xlBf.jpg');
INSERT OR IGNORE INTO Actor (id_actor, nombre, foto_path) VALUES (85065, 'Jack O''Connell', 'https://image.tmdb.org/t/p/original/9RrqnB1BRaWWHEjlWVVAna0sdBB.jpg');
INSERT OR IGNORE INTO Actor (id_actor, nombre, foto_path) VALUES (5107934, 'Alfie Williams', 'https://image.tmdb.org/t/p/original/wqfyAhZH6uCu5J4THsz2gJxsizB.jpg');
INSERT OR IGNORE INTO Actor (id_actor, nombre, foto_path) VALUES (1672504, 'Erin Kellyman', 'https://image.tmdb.org/t/p/original/f7XXomAaSRxE3h5NT0sAlcQTjPL.jpg');
INSERT OR IGNORE INTO Actor (id_actor, nombre, foto_path) VALUES (1344320, 'Chi Lewis-Parry', 'https://image.tmdb.org/t/p/original/yFE1xHcKn9Gww9DCUYQmBlZ3HVx.jpg');
INSERT OR REPLACE INTO Pelicula (id_pelicula, titulo, descripcion, poster_path, backdrop_path, trailer, anio_estreno, duracion) VALUES (1272837, '28 años después: El templo de los huesos', 'El Dr. Kelson (Ralph Fiennes) se ve envuelto en una nueva y sorprendente relación, cuyas consecuencias podrían cambiar el mundo tal y como se conoce. Por otra parte, el encuentro de Spike (Alfie Williams) con el Gran Lord Jimmy Crystal (Jack O''Connell) se convierte en una pesadilla de la que el chico no puede escapar. En este mundo, los infectados ya no son la mayor amenaza para la supervivencia, ya que la inhumanidad de los supervivientes puede ser aún más extraña y aterradora.', 'https://image.tmdb.org/t/p/original/9qlqDX3lo7CiFCDZV1Qwopwm5rz.jpg', 'https://image.tmdb.org/t/p/original/cwX1koqx0UsN0naDGxKFMs3raUZ.jpg', 'https://www.youtube.com/watch?v=RcnPIyUI53Q', 2026, 109);
INSERT OR REPLACE INTO Pelicula_Actor (id_pelicula, id_actor, personaje) VALUES (1272837, 5469, 'Dr. Ian Kelson');
INSERT OR REPLACE INTO Pelicula_Actor (id_pelicula, id_actor, personaje) VALUES (1272837, 85065, 'Sir Lord Jimmy Crystal');
INSERT OR REPLACE INTO Pelicula_Actor (id_pelicula, id_actor, personaje) VALUES (1272837, 5107934, 'Spike / Jimmy');
INSERT OR REPLACE INTO Pelicula_Actor (id_pelicula, id_actor, personaje) VALUES (1272837, 1672504, 'Jimmy Ink');
INSERT OR REPLACE INTO Pelicula_Actor (id_pelicula, id_actor, personaje) VALUES (1272837, 1344320, 'Samson');
INSERT OR IGNORE INTO Pelicula_Categoria (id_pelicula, id_categoria) VALUES (1272837, 4);
INSERT OR IGNORE INTO Pelicula_Categoria (id_pelicula, id_categoria) VALUES (1272837, 6);
INSERT OR IGNORE INTO Pelicula_Categoria (id_pelicula, id_categoria) VALUES (1272837, 3);
-- Fin película: 28 años después: El templo de los huesos --
INSERT OR IGNORE INTO Actor (id_actor, nombre, foto_path) VALUES (63, 'Milla Jovovich', 'https://image.tmdb.org/t/p/original/usWnHCzbADijULREZYSJ0qfM00y.jpg');
INSERT OR IGNORE INTO Actor (id_actor, nombre, foto_path) VALUES (114019, 'Luke Evans', 'https://image.tmdb.org/t/p/original/qUkYJcrDc4M0LHNYASs30luFvw0.jpg');
INSERT OR IGNORE INTO Actor (id_actor, nombre, foto_path) VALUES (2667928, 'Billie Boullet', 'https://image.tmdb.org/t/p/original/x6Xs4CFBiYzBP6zP7uElmtyx1b5.jpg');
INSERT OR IGNORE INTO Actor (id_actor, nombre, foto_path) VALUES (956385, 'Meadow Williams', 'https://image.tmdb.org/t/p/original/iECIpEM4BWt94kvOMKFJqv5uJEU.jpg');
INSERT OR IGNORE INTO Actor (id_actor, nombre, foto_path) VALUES (3214361, 'Mila Harris', 'https://image.tmdb.org/t/p/original/10BSVhLPqosSBsOgp0L7qaU0Uhi.jpg');
INSERT OR REPLACE INTO Pelicula (id_pelicula, titulo, descripcion, poster_path, backdrop_path, trailer, anio_estreno, duracion) VALUES (1196067, 'Worldbreaker', 'Un padre esconde a su hija en una isla para mantenerla a salvo mientras la equipa para la supervivencia y las batallas que se avecinan.', 'https://image.tmdb.org/t/p/original/7K8w6mdrJp0oaSoKWGyjSZ4Zv2z.jpg', 'https://image.tmdb.org/t/p/original/4mZ06VpfpAPuaUPn1SEV0brbbxe.jpg', '', 2025, 95);
INSERT OR REPLACE INTO Pelicula_Actor (id_pelicula, id_actor, personaje) VALUES (1196067, 63, 'Mom');
INSERT OR REPLACE INTO Pelicula_Actor (id_pelicula, id_actor, personaje) VALUES (1196067, 114019, 'Dad');
INSERT OR REPLACE INTO Pelicula_Actor (id_pelicula, id_actor, personaje) VALUES (1196067, 2667928, 'Willa');
INSERT OR REPLACE INTO Pelicula_Actor (id_pelicula, id_actor, personaje) VALUES (1196067, 956385, 'Soldier #1');
INSERT OR REPLACE INTO Pelicula_Actor (id_pelicula, id_actor, personaje) VALUES (1196067, 3214361, 'Rosie');
INSERT OR IGNORE INTO Pelicula_Categoria (id_pelicula, id_categoria) VALUES (1196067, 3);
INSERT OR IGNORE INTO Pelicula_Categoria (id_pelicula, id_categoria) VALUES (1196067, 5);
INSERT OR IGNORE INTO Pelicula_Categoria (id_pelicula, id_categoria) VALUES (1196067, 4);
-- Fin película: Worldbreaker --
INSERT OR IGNORE INTO Actor (id_actor, nombre, foto_path) VALUES (73457, 'Chris Pratt', 'https://image.tmdb.org/t/p/original/cRH6HPAQ98PlOwwEvhYO4CM9lwu.jpg');
INSERT OR IGNORE INTO Actor (id_actor, nombre, foto_path) VALUES (933238, 'Rebecca Ferguson', 'https://image.tmdb.org/t/p/original/lJloTOheuQSirSLXNA3JHsrMNfH.jpg');
INSERT OR IGNORE INTO Actor (id_actor, nombre, foto_path) VALUES (3119545, 'Kali Reis', 'https://image.tmdb.org/t/p/original/qJcXQKgaq11aNNPPok0m4yfP2Og.jpg');
INSERT OR IGNORE INTO Actor (id_actor, nombre, foto_path) VALUES (82809, 'Annabelle Wallis', 'https://image.tmdb.org/t/p/original/b6PltW1e18BdmRz3nKZ7ID9uZ24.jpg');
INSERT OR IGNORE INTO Actor (id_actor, nombre, foto_path) VALUES (1293892, 'Chris Sullivan', 'https://image.tmdb.org/t/p/original/gKZ9xSFrDzUPv27iAkMpH6Qf0Sk.jpg');
INSERT OR REPLACE INTO Pelicula (id_pelicula, titulo, descripcion, poster_path, backdrop_path, trailer, anio_estreno, duracion) VALUES (1236153, 'Sin piedad', 'Tras ser acusado de un crimen, un detective deberá demostrar su inocencia.', 'https://image.tmdb.org/t/p/original/9zBNg8koM3fjUTPT7QeJHuGG2r9.jpg', 'https://image.tmdb.org/t/p/original/mHC8tSRYfAKGh2jaSNQMSzGdbOW.jpg', 'https://www.youtube.com/watch?v=vvkKYJCQEk0', 2026, 100);
INSERT OR REPLACE INTO Pelicula_Actor (id_pelicula, id_actor, personaje) VALUES (1236153, 73457, 'Chris Raven');
INSERT OR REPLACE INTO Pelicula_Actor (id_pelicula, id_actor, personaje) VALUES (1236153, 933238, 'Judge Maddox');
INSERT OR REPLACE INTO Pelicula_Actor (id_pelicula, id_actor, personaje) VALUES (1236153, 3119545, 'Jacqueline 'Jaq' Diallo');
INSERT OR REPLACE INTO Pelicula_Actor (id_pelicula, id_actor, personaje) VALUES (1236153, 82809, 'Nicole Raven (née Martin)');
INSERT OR REPLACE INTO Pelicula_Actor (id_pelicula, id_actor, personaje) VALUES (1236153, 1293892, 'Robert 'Rob' Nelson');
INSERT OR IGNORE INTO Pelicula_Categoria (id_pelicula, id_categoria) VALUES (1236153, 3);
INSERT OR IGNORE INTO Pelicula_Categoria (id_pelicula, id_categoria) VALUES (1236153, 5);
INSERT OR IGNORE INTO Pelicula_Categoria (id_pelicula, id_categoria) VALUES (1236153, 6);
-- Fin película: Sin piedad --
INSERT OR IGNORE INTO Actor (id_actor, nombre, foto_path) VALUES (1600272, 'Melania Trump', 'https://image.tmdb.org/t/p/original/tPgzYRxWRbIx3GDA9AXwmle9nqc.jpg');
INSERT OR IGNORE INTO Actor (id_actor, nombre, foto_path) VALUES (33663, 'Donald Trump', 'https://image.tmdb.org/t/p/original/nkQrZELEgxsvwDSlYkNfpFmsFx4.jpg');
INSERT OR IGNORE INTO Actor (id_actor, nombre, foto_path) VALUES (2346426, 'Barron Trump', 'https://image.tmdb.org/t/p/original/dHRc5QVNL5JidsAPd4Bvp929E1x.jpg');
INSERT OR IGNORE INTO Actor (id_actor, nombre, foto_path) VALUES (146720, 'Hervé Pierre', 'https://image.tmdb.org/t/p/original/dFjFLiRdyLGkMFlHed7aNRPiJrK.jpg');
INSERT OR IGNORE INTO Actor (id_actor, nombre, foto_path) VALUES (2311145, 'رانيا العبد الله', 'https://image.tmdb.org/t/p/original/uy1zDDFsbvX8tQa6yW7d2JOXoQM.jpg');
INSERT OR REPLACE INTO Pelicula (id_pelicula, titulo, descripcion, poster_path, backdrop_path, trailer, anio_estreno, duracion) VALUES (1413097, 'Melania', 'Una crónica íntima ofrece una visión poco común de la vida de Melania Trump, explorando su papel como primera dama y su relación con el expresidente', 'https://image.tmdb.org/t/p/original/xG3v5b3rIgudFoV2ceMiWE01F0q.jpg', 'https://image.tmdb.org/t/p/original/3R5SXP6AWMclxhrWChOqWPl3W9d.jpg', '', 2026, 104);
INSERT OR REPLACE INTO Pelicula_Actor (id_pelicula, id_actor, personaje) VALUES (1413097, 1600272, 'Self');
INSERT OR REPLACE INTO Pelicula_Actor (id_pelicula, id_actor, personaje) VALUES (1413097, 33663, 'Self');
INSERT OR REPLACE INTO Pelicula_Actor (id_pelicula, id_actor, personaje) VALUES (1413097, 2346426, 'Self');
INSERT OR REPLACE INTO Pelicula_Actor (id_pelicula, id_actor, personaje) VALUES (1413097, 146720, 'Self');
INSERT OR REPLACE INTO Pelicula_Actor (id_pelicula, id_actor, personaje) VALUES (1413097, 2311145, 'Self');
INSERT OR IGNORE INTO Pelicula_Categoria (id_pelicula, id_categoria) VALUES (1413097, 4);
-- Fin película: Melania --
INSERT OR IGNORE INTO Actor (id_actor, nombre, foto_path) VALUES (1571598, 'Ahn Hyo Seop', 'https://image.tmdb.org/t/p/original/ynu1x6RQnpKvsOLTvB2WhDo26D9.jpg');
INSERT OR IGNORE INTO Actor (id_actor, nombre, foto_path) VALUES (1245104, 'Lee Min-ho', 'https://image.tmdb.org/t/p/original/iqopuz6cKuRZRUPZQrj7lFZcWWb.jpg');
INSERT OR IGNORE INTO Actor (id_actor, nombre, foto_path) VALUES (1466233, '채수빈', 'https://image.tmdb.org/t/p/original/t8inEDMgceg8EFLvgglvXzemklf.jpg');
INSERT OR IGNORE INTO Actor (id_actor, nombre, foto_path) VALUES (2353469, '신승호', 'https://image.tmdb.org/t/p/original/pIvBFVWOhfLvWClrFMqBKRJ1iK4.jpg');
INSERT OR IGNORE INTO Actor (id_actor, nombre, foto_path) VALUES (1523043, '나나', 'https://image.tmdb.org/t/p/original/zEjVBD734pLcNQrZESkKTNhKl6z.jpg');
INSERT OR REPLACE INTO Pelicula (id_pelicula, titulo, descripcion, poster_path, backdrop_path, trailer, anio_estreno, duracion) VALUES (1131759, 'Lector omnisciente: La profecía', 'La novela favorita de Dokja se hace ominosamente realidad; utilizando sus intrincados conocimientos sobre la inminente historia apocalíptica, el oficinista cambia el destino.', 'https://image.tmdb.org/t/p/original/lWQRM7IOCyJT9E5kOnoUvZNELHQ.jpg', 'https://image.tmdb.org/t/p/original/tVwFrpeGPYyk75rS82benPjtK6.jpg', '', 2025, 117);
INSERT OR REPLACE INTO Pelicula_Actor (id_pelicula, id_actor, personaje) VALUES (1131759, 1571598, 'Kim Dok-ja');
INSERT OR REPLACE INTO Pelicula_Actor (id_pelicula, id_actor, personaje) VALUES (1131759, 1245104, 'Yu Jung-hyeok');
INSERT OR REPLACE INTO Pelicula_Actor (id_pelicula, id_actor, personaje) VALUES (1131759, 1466233, 'Yu Sang-ah');
INSERT OR REPLACE INTO Pelicula_Actor (id_pelicula, id_actor, personaje) VALUES (1131759, 2353469, 'Lee Hyeon-seong');
INSERT OR REPLACE INTO Pelicula_Actor (id_pelicula, id_actor, personaje) VALUES (1131759, 1523043, 'Jeong Hee-won');
INSERT OR IGNORE INTO Pelicula_Categoria (id_pelicula, id_categoria) VALUES (1131759, 5);
INSERT OR IGNORE INTO Pelicula_Categoria (id_pelicula, id_categoria) VALUES (1131759, 1);
INSERT OR IGNORE INTO Pelicula_Categoria (id_pelicula, id_categoria) VALUES (1131759, 3);
-- Fin película: Lector omnisciente: La profecía --
INSERT OR IGNORE INTO Actor (id_actor, nombre, foto_path) VALUES (10297, 'Matthew McConaughey', 'https://image.tmdb.org/t/p/original/lCySuYjhXix3FzQdS4oceDDrXKI.jpg');
INSERT OR IGNORE INTO Actor (id_actor, nombre, foto_path) VALUES (1813, 'Anne Hathaway', 'https://image.tmdb.org/t/p/original/nbccV2pMoyLTCeg5DQip24Eq0Jp.jpg');
INSERT OR IGNORE INTO Actor (id_actor, nombre, foto_path) VALUES (3895, 'Michael Caine', 'https://image.tmdb.org/t/p/original/bVZRMlpjTAO2pJK6v90buFgVbSW.jpg');
INSERT OR IGNORE INTO Actor (id_actor, nombre, foto_path) VALUES (83002, 'Jessica Chastain', 'https://image.tmdb.org/t/p/original/bXFXSlfCzoE5Py7KBP9P0Y0Ot1v.jpg');
INSERT OR IGNORE INTO Actor (id_actor, nombre, foto_path) VALUES (1893, 'Casey Affleck', 'https://image.tmdb.org/t/p/original/304ilSygaCRWykoBWAL67TOw8g9.jpg');
INSERT OR REPLACE INTO Pelicula (id_pelicula, titulo, descripcion, poster_path, backdrop_path, trailer, anio_estreno, duracion) VALUES (157336, 'Interstellar', 'Un grupo de exploradores hacen uso de un agujero de gusano recientemente descubierto para superar las limitaciones de los viajes espaciales tripulados y vencer las inmensas distancias que tiene un viaje interestelar.', 'https://image.tmdb.org/t/p/original/fbUwSqYIP0isCiJXey3staY3DNn.jpg', 'https://image.tmdb.org/t/p/original/5XNQBqnBwPA9yT0jZ0p3s8bbLh0.jpg', 'https://www.youtube.com/watch?v=UoSSbmD9vqc', 2014, 169);
INSERT OR REPLACE INTO Pelicula_Actor (id_pelicula, id_actor, personaje) VALUES (157336, 10297, 'Cooper');
INSERT OR REPLACE INTO Pelicula_Actor (id_pelicula, id_actor, personaje) VALUES (157336, 1813, 'Brand');
INSERT OR REPLACE INTO Pelicula_Actor (id_pelicula, id_actor, personaje) VALUES (157336, 3895, 'Professor Brand');
INSERT OR REPLACE INTO Pelicula_Actor (id_pelicula, id_actor, personaje) VALUES (157336, 83002, 'Murph');
INSERT OR REPLACE INTO Pelicula_Actor (id_pelicula, id_actor, personaje) VALUES (157336, 1893, 'Tom');
INSERT OR IGNORE INTO Pelicula_Categoria (id_pelicula, id_categoria) VALUES (157336, 1);
INSERT OR IGNORE INTO Pelicula_Categoria (id_pelicula, id_categoria) VALUES (157336, 7);
INSERT OR IGNORE INTO Pelicula_Categoria (id_pelicula, id_categoria) VALUES (157336, 3);
-- Fin película: Interstellar --
INSERT OR IGNORE INTO Actor (id_actor, nombre, foto_path) VALUES (1315036, 'Daisy Ridley', 'https://image.tmdb.org/t/p/original/iVboQmgPC3tYFjezBjrVECJRS8n.jpg');
INSERT OR IGNORE INTO Actor (id_actor, nombre, foto_path) VALUES (1017347, 'Brenton Thwaites', 'https://image.tmdb.org/t/p/original/4jrtVjdIGJpmgevEPRuIIU9HWcO.jpg');
INSERT OR IGNORE INTO Actor (id_actor, nombre, foto_path) VALUES (1323881, 'Mark Coles Smith', 'https://image.tmdb.org/t/p/original/mFGf5GruME5dnAuKBG1kgzK8PJs.jpg');
INSERT OR IGNORE INTO Actor (id_actor, nombre, foto_path) VALUES (1046893, 'Matt Whelan', 'https://image.tmdb.org/t/p/original/qTIe7SblKwxR9DF6iNuVX0pEWIZ.jpg');
INSERT OR IGNORE INTO Actor (id_actor, nombre, foto_path) VALUES (1445943, 'Chloe Hurst', 'https://image.tmdb.org/t/p/original/h42VtoxnH6onzfcyKSzRXg1gImB.jpg');
INSERT OR REPLACE INTO Pelicula (id_pelicula, titulo, descripcion, poster_path, backdrop_path, trailer, anio_estreno, duracion) VALUES (1198984, 'We Bury the Dead', 'Ava, una mujer desesperada cuyo marido ha desaparecido tras un catastrófico experimento militar, se une a una "unidad de recuperación de cadáveres", pero su búsqueda da un giro escalofriante cuando los cadáveres que está enterrando empiezan a dar señales de vida.', 'https://image.tmdb.org/t/p/original/xZqo0yPARmyF8TACVNyaOACkYWG.jpg', 'https://image.tmdb.org/t/p/original/vbkW4KerpshPZnP84w9qwSfYrhu.jpg', '', 2026, 95);
INSERT OR REPLACE INTO Pelicula_Actor (id_pelicula, id_actor, personaje) VALUES (1198984, 1315036, 'Ava');
INSERT OR REPLACE INTO Pelicula_Actor (id_pelicula, id_actor, personaje) VALUES (1198984, 1017347, 'Clay');
INSERT OR REPLACE INTO Pelicula_Actor (id_pelicula, id_actor, personaje) VALUES (1198984, 1323881, 'Riley');
INSERT OR REPLACE INTO Pelicula_Actor (id_pelicula, id_actor, personaje) VALUES (1198984, 1046893, 'Mitch');
INSERT OR REPLACE INTO Pelicula_Actor (id_pelicula, id_actor, personaje) VALUES (1198984, 1445943, 'Katie Harris');
INSERT OR IGNORE INTO Pelicula_Categoria (id_pelicula, id_categoria) VALUES (1198984, 4);
INSERT OR IGNORE INTO Pelicula_Categoria (id_pelicula, id_categoria) VALUES (1198984, 6);
-- Fin película: We Bury the Dead --
INSERT OR IGNORE INTO Actor (id_actor, nombre, foto_path) VALUES (1295282, 'Johnny Sequoyah', 'https://image.tmdb.org/t/p/original/taFfjOB4lPAx75kJo9yFylKT1ek.jpg');
INSERT OR IGNORE INTO Actor (id_actor, nombre, foto_path) VALUES (2600509, 'Jessica Alexander', 'https://image.tmdb.org/t/p/original/61DzjStCt7NXwyUf3ALTAo47nCI.jpg');
INSERT OR IGNORE INTO Actor (id_actor, nombre, foto_path) VALUES (1571661, 'Troy Kotsur', 'https://image.tmdb.org/t/p/original/24K3og12jGBGL9dqH5OYFdjF9wu.jpg');
INSERT OR IGNORE INTO Actor (id_actor, nombre, foto_path) VALUES (4979358, 'Victoria Wyant', 'https://image.tmdb.org/t/p/original/et8teE6ZMqdWGWYj3aDIMD6Yhvt.jpg');
INSERT OR IGNORE INTO Actor (id_actor, nombre, foto_path) VALUES (3675179, 'Gia Hunter', 'https://image.tmdb.org/t/p/original/fK7xZRr1qhCjby0njwhsfgLyW0P.jpg');
INSERT OR REPLACE INTO Pelicula (id_pelicula, titulo, descripcion, poster_path, backdrop_path, trailer, anio_estreno, duracion) VALUES (1315303, 'Primate', '', 'https://image.tmdb.org/t/p/original/cyqEghDphEUunLfongtpmROjpID.jpg', 'https://image.tmdb.org/t/p/original/eFUtmW3XqK4MVwPotko0pm6oMRK.jpg', 'https://www.youtube.com/watch?v=F0fn4knTR2s', 2026, 89);
INSERT OR REPLACE INTO Pelicula_Actor (id_pelicula, id_actor, personaje) VALUES (1315303, 1295282, 'Lucy');
INSERT OR REPLACE INTO Pelicula_Actor (id_pelicula, id_actor, personaje) VALUES (1315303, 2600509, 'Hannah');
INSERT OR REPLACE INTO Pelicula_Actor (id_pelicula, id_actor, personaje) VALUES (1315303, 1571661, 'Adam');
INSERT OR REPLACE INTO Pelicula_Actor (id_pelicula, id_actor, personaje) VALUES (1315303, 4979358, 'Kate');
INSERT OR REPLACE INTO Pelicula_Actor (id_pelicula, id_actor, personaje) VALUES (1315303, 3675179, 'Erin');
INSERT OR IGNORE INTO Pelicula_Categoria (id_pelicula, id_categoria) VALUES (1315303, 4);
INSERT OR IGNORE INTO Pelicula_Categoria (id_pelicula, id_categoria) VALUES (1315303, 6);
-- Fin película: Primate --
INSERT OR IGNORE INTO Actor (id_actor, nombre, foto_path) VALUES (52583, 'Wagner Moura', 'https://image.tmdb.org/t/p/original/5Vs0d8js1uJV0WDPwMFU3zO2n3m.jpg');
INSERT OR IGNORE INTO Actor (id_actor, nombre, foto_path) VALUES (2346588, 'Carlos Francisco', 'https://image.tmdb.org/t/p/original/ihf4bN4GuScyA2QwlzVCnPqOuOo.jpg');
INSERT OR IGNORE INTO Actor (id_actor, nombre, foto_path) VALUES (4497686, 'Tânia Maria', 'https://image.tmdb.org/t/p/original/73QyA2htiMJ01sFo25KLCDyPtWF.jpg');
INSERT OR IGNORE INTO Actor (id_actor, nombre, foto_path) VALUES (2375667, 'Robério Diógenes', 'https://image.tmdb.org/t/p/original/dLYYDd4FwB8fMb5A7Q54UOfxdet.jpg');
INSERT OR IGNORE INTO Actor (id_actor, nombre, foto_path) VALUES (143500, 'Roney Villela', 'https://image.tmdb.org/t/p/original/y0S7k8ahQF8FAJ0ZCzK2BfTKbz0.jpg');
INSERT OR REPLACE INTO Pelicula (id_pelicula, titulo, descripcion, poster_path, backdrop_path, trailer, anio_estreno, duracion) VALUES (1220564, 'El agente secreto', 'En Brasil, en 1977, Marcelo, un especialista en tecnología que huye de un pasado misterioso, regresa a Recife en busca de paz, pero se da cuenta de que la ciudad está lejos del refugio que busca.', 'https://image.tmdb.org/t/p/original/qYWybdgL6casJxbZE0xLGXsdWOP.jpg', 'https://image.tmdb.org/t/p/original/b4uXVgLCOxx2c9VbyppdSD9G3Xq.jpg', 'https://www.youtube.com/watch?v=GcyZJpOfX_k', 2025, 161);
INSERT OR REPLACE INTO Pelicula_Actor (id_pelicula, id_actor, personaje) VALUES (1220564, 52583, 'Armando / Marcelo / Adult Fernando');
INSERT OR REPLACE INTO Pelicula_Actor (id_pelicula, id_actor, personaje) VALUES (1220564, 2346588, 'Seu Alexandre');
INSERT OR REPLACE INTO Pelicula_Actor (id_pelicula, id_actor, personaje) VALUES (1220564, 4497686, 'Dona Sebastiana');
INSERT OR REPLACE INTO Pelicula_Actor (id_pelicula, id_actor, personaje) VALUES (1220564, 2375667, 'Euclides');
INSERT OR REPLACE INTO Pelicula_Actor (id_pelicula, id_actor, personaje) VALUES (1220564, 143500, 'Augusto');
INSERT OR IGNORE INTO Pelicula_Categoria (id_pelicula, id_categoria) VALUES (1220564, 9);
INSERT OR IGNORE INTO Pelicula_Categoria (id_pelicula, id_categoria) VALUES (1220564, 7);
INSERT OR IGNORE INTO Pelicula_Categoria (id_pelicula, id_categoria) VALUES (1220564, 6);
-- Fin película: El agente secreto --
INSERT OR IGNORE INTO Actor (id_actor, nombre, foto_path) VALUES (148012, 'Jorma Tommila', 'https://image.tmdb.org/t/p/original/ll9ZZR4kMnHS8FU2yHx76bnm0P.jpg');
INSERT OR IGNORE INTO Actor (id_actor, nombre, foto_path) VALUES (32747, 'Stephen Lang', 'https://image.tmdb.org/t/p/original/gnO5VfkDgA2fsHweD0622LUY3Hu.jpg');
INSERT OR IGNORE INTO Actor (id_actor, nombre, foto_path) VALUES (3901, 'Richard Brake', 'https://image.tmdb.org/t/p/original/JwsiErANShzPSdYsNoiNYdrSg1.jpg');
INSERT OR IGNORE INTO Actor (id_actor, nombre, foto_path) VALUES (93004, 'Tommi Korpela', 'https://image.tmdb.org/t/p/original/8RdCWktYZl0xF7SLZdRUKAoV7Ta.jpg');
INSERT OR IGNORE INTO Actor (id_actor, nombre, foto_path) VALUES (1418968, 'Kaspar Velberg', 'https://image.tmdb.org/t/p/original/mYlQdQWoNdk7QdrqNqATNA7ZOWH.jpg');
INSERT OR REPLACE INTO Pelicula (id_pelicula, titulo, descripcion, poster_path, backdrop_path, trailer, anio_estreno, duracion) VALUES (1223601, 'Sisu: Camino a la venganza', 'Al regresar a la casa donde su familia fue brutalmente asesinada durante la guerra, «el hombre que se niega a morir» la desmantela, la carga en un camión y se propone reconstruirla en un lugar seguro en honor a ellos. Cuando el comandante del Ejército Rojo que mató a su familia regresa empeñado en terminar el trabajo, se produce una implacable y espectacular persecución a través del país, una lucha a muerte llena de escenas de acción increíbles e ingeniosas.', 'https://image.tmdb.org/t/p/original/qQyc6t9dHS5dlIUt3ccCQnRIAc1.jpg', 'https://image.tmdb.org/t/p/original/yCatt8lmp3oRFEcOZF8KHhsiASQ.jpg', 'https://www.youtube.com/watch?v=SzWyH7r5gM8', 2025, 89);
INSERT OR REPLACE INTO Pelicula_Actor (id_pelicula, id_actor, personaje) VALUES (1223601, 148012, 'Aatami Korpi');
INSERT OR REPLACE INTO Pelicula_Actor (id_pelicula, id_actor, personaje) VALUES (1223601, 32747, 'Yeagor Dragunov');
INSERT OR REPLACE INTO Pelicula_Actor (id_pelicula, id_actor, personaje) VALUES (1223601, 3901, 'KGB Officer');
INSERT OR REPLACE INTO Pelicula_Actor (id_pelicula, id_actor, personaje) VALUES (1223601, 93004, 'Finnish Man');
INSERT OR REPLACE INTO Pelicula_Actor (id_pelicula, id_actor, personaje) VALUES (1223601, 1418968, 'Pilot');
INSERT OR IGNORE INTO Pelicula_Categoria (id_pelicula, id_categoria) VALUES (1223601, 5);
INSERT OR IGNORE INTO Pelicula_Categoria (id_pelicula, id_categoria) VALUES (1223601, 1);
-- Fin película: Sisu: Camino a la venganza --
INSERT OR IGNORE INTO Actor (id_actor, nombre, foto_path) VALUES (25002, 'Lee Byung-hun', 'https://image.tmdb.org/t/p/original/j7SUd9Qi8iOxgrQGb3nQyEYcXur.jpg');
INSERT OR IGNORE INTO Actor (id_actor, nombre, foto_path) VALUES (86889, 'Son Ye-jin', 'https://image.tmdb.org/t/p/original/njczzJJnugd9y7p5CF3XW7dcyYK.jpg');
INSERT OR IGNORE INTO Actor (id_actor, nombre, foto_path) VALUES (93999, 'Park Hee-soon', 'https://image.tmdb.org/t/p/original/s2SSzvlsSfCPP5EXhCoWUr8970F.jpg');
INSERT OR IGNORE INTO Actor (id_actor, nombre, foto_path) VALUES (141548, '이성민', 'https://image.tmdb.org/t/p/original/25NytLwnf40D5Yd8MAYnvhar405.jpg');
INSERT OR IGNORE INTO Actor (id_actor, nombre, foto_path) VALUES (2084416, '염혜란', 'https://image.tmdb.org/t/p/original/xZxVHnbDdNxF6J8UhwBTkJGNKWx.jpg');
INSERT OR REPLACE INTO Pelicula (id_pelicula, titulo, descripcion, poster_path, backdrop_path, trailer, anio_estreno, duracion) VALUES (639988, 'No hay otra opción', 'La historia sigue a un hombre de mediana edad llamado Man-su que se embarca decidido en una búsqueda de trabajo tras ser despedido inesperadamente de la compañía de papel en la que trabajó durante 25 años. "Si no hay una vacante para mí, tendré que crear una para que me contraten. No hay otra opción". Adaptación de la novela "The Ax" de Donald E. Westlake, que ya fue llevada al cine en la película "Arcadia", dirigida por Costa-Gavras en 2005.', 'https://image.tmdb.org/t/p/original/9gu70dhYzzPNLh0hNpzZKdE1Pun.jpg', 'https://image.tmdb.org/t/p/original/s6aB9kjxNg0mu2361IkCUSpyHJV.jpg', '', 2025, 139);
INSERT OR REPLACE INTO Pelicula_Actor (id_pelicula, id_actor, personaje) VALUES (639988, 25002, 'Yoo Man-su');
INSERT OR REPLACE INTO Pelicula_Actor (id_pelicula, id_actor, personaje) VALUES (639988, 86889, 'Lee Mi-ri');
INSERT OR REPLACE INTO Pelicula_Actor (id_pelicula, id_actor, personaje) VALUES (639988, 93999, 'Choi Seon-chul');
INSERT OR REPLACE INTO Pelicula_Actor (id_pelicula, id_actor, personaje) VALUES (639988, 141548, 'Gu Bum-mo');
INSERT OR REPLACE INTO Pelicula_Actor (id_pelicula, id_actor, personaje) VALUES (639988, 2084416, 'Lee A-ra');
INSERT OR IGNORE INTO Pelicula_Categoria (id_pelicula, id_categoria) VALUES (639988, 9);
INSERT OR IGNORE INTO Pelicula_Categoria (id_pelicula, id_categoria) VALUES (639988, 6);
INSERT OR IGNORE INTO Pelicula_Categoria (id_pelicula, id_categoria) VALUES (639988, 12);
-- Fin película: No hay otra opción --

-- === LOTE: Now Playing - Page 3 (2026-02-06T06:34:33.594Z) ===
INSERT OR IGNORE INTO Actor (id_actor, nombre, foto_path) VALUES (572541, 'Caleb Landry Jones', 'https://image.tmdb.org/t/p/original/8M5lPHrERwAIfWK56RkH30FOjhV.jpg');
INSERT OR IGNORE INTO Actor (id_actor, nombre, foto_path) VALUES (2491204, 'Zoë Bleu Sidel', 'https://image.tmdb.org/t/p/original/1FsS1gMWe11AWmMst2NubiwrxtF.jpg');
INSERT OR IGNORE INTO Actor (id_actor, nombre, foto_path) VALUES (27319, 'Christoph Waltz', 'https://image.tmdb.org/t/p/original/jMvLGCVXLaBqjRLf5olyvEucZob.jpg');
INSERT OR IGNORE INTO Actor (id_actor, nombre, foto_path) VALUES (1589101, 'Matilda De Angelis', 'https://image.tmdb.org/t/p/original/xL6Ky35uDDz9L4qWkMF2cTjGkbn.jpg');
INSERT OR IGNORE INTO Actor (id_actor, nombre, foto_path) VALUES (2802762, 'Ewens Abid', 'https://image.tmdb.org/t/p/original/5zGcQkoSsg1AdkcvYuqnLuslMuv.jpg');
INSERT OR REPLACE INTO Pelicula (id_pelicula, titulo, descripcion, poster_path, backdrop_path, trailer, anio_estreno, duracion) VALUES (1246049, 'Drácula', 'Tras la muerte de su esposa, un príncipe del siglo XV renuncia a Dios y se convierte en vampiro. Siglos más tarde, en el Londres del siglo XIX, ve a una mujer parecida a su difunta esposa y la persigue, sellando así su propio destino.', 'https://image.tmdb.org/t/p/original/ff7fyDdtXM2wu9jsm9gOMYtpvOl.jpg', 'https://image.tmdb.org/t/p/original/8jYyd9mGx5O28FX2OvfcqZfs5tB.jpg', '', 2025, 130);
INSERT OR REPLACE INTO Pelicula_Actor (id_pelicula, id_actor, personaje) VALUES (1246049, 572541, 'Vlad / Dracula');
INSERT OR REPLACE INTO Pelicula_Actor (id_pelicula, id_actor, personaje) VALUES (1246049, 2491204, 'Elisabeta / Mina');
INSERT OR REPLACE INTO Pelicula_Actor (id_pelicula, id_actor, personaje) VALUES (1246049, 27319, 'Priest');
INSERT OR REPLACE INTO Pelicula_Actor (id_pelicula, id_actor, personaje) VALUES (1246049, 1589101, 'Maria');
INSERT OR REPLACE INTO Pelicula_Actor (id_pelicula, id_actor, personaje) VALUES (1246049, 2802762, 'Jonathan Harker');
INSERT OR IGNORE INTO Pelicula_Categoria (id_pelicula, id_categoria) VALUES (1246049, 4);
INSERT OR IGNORE INTO Pelicula_Categoria (id_pelicula, id_categoria) VALUES (1246049, 3);
INSERT OR IGNORE INTO Pelicula_Categoria (id_pelicula, id_categoria) VALUES (1246049, 10);
-- Fin película: Drácula --
INSERT OR IGNORE INTO Actor (id_actor, nombre, foto_path) VALUES (18269, 'Brendan Fraser', 'https://image.tmdb.org/t/p/original/tFj5PaWWQbb8rHBBhu1EHklznph.jpg');
INSERT OR IGNORE INTO Actor (id_actor, nombre, foto_path) VALUES (1082509, 'Takehiro Hira', 'https://image.tmdb.org/t/p/original/2N1viBfPY4cRlz6W6YfM2F6UbSH.jpg');
INSERT OR IGNORE INTO Actor (id_actor, nombre, foto_path) VALUES (2210389, 'Mari Yamamoto', 'https://image.tmdb.org/t/p/original/chy8WQgbSfIxp4B1lHzHFFVzsEv.jpg');
INSERT OR IGNORE INTO Actor (id_actor, nombre, foto_path) VALUES (5615231, 'Shannon Mahina Gorman', 'https://image.tmdb.org/t/p/original/8t3tWp0K8eMrnMBrZYTZibaKSPS.jpg');
INSERT OR IGNORE INTO Actor (id_actor, nombre, foto_path) VALUES (13283, '柄本明', 'https://image.tmdb.org/t/p/original/qQHdGgAL7idxy79oWHjYON6bYQm.jpg');
INSERT OR REPLACE INTO Pelicula (id_pelicula, titulo, descripcion, poster_path, backdrop_path, trailer, anio_estreno, duracion) VALUES (1208348, 'Rental Family', 'Ambientada en el Tokio actual, sigue a un actor estadounidense que lucha por encontrar un propósito en la vida hasta que consigue un trabajo inusual: trabajar para una agencia japonesa de "familias de alquiler", interpretando papeles de suplente para desconocidos. A medida que se sumerge en el mundo de sus clientes, comienza a establecer vínculos genuinos que difuminan las líneas entre la actuación y la realidad. Al enfrentarse a las complejidades morales de su trabajo, redescubre el propósito, la pertenencia y la tranquila belleza de las relaciones humanas.', 'https://image.tmdb.org/t/p/original/9z5dHWiX8EjZBRhJ2OzmYZGW7jS.jpg', 'https://image.tmdb.org/t/p/original/ufuabtiOem0kHeYz6b8x8MjBb2L.jpg', 'https://www.youtube.com/watch?v=gtDTQATpSi8', 2025, 110);
INSERT OR REPLACE INTO Pelicula_Actor (id_pelicula, id_actor, personaje) VALUES (1208348, 18269, 'Phillip Vanderploeg');
INSERT OR REPLACE INTO Pelicula_Actor (id_pelicula, id_actor, personaje) VALUES (1208348, 1082509, 'Shinji');
INSERT OR REPLACE INTO Pelicula_Actor (id_pelicula, id_actor, personaje) VALUES (1208348, 2210389, 'Aiko');
INSERT OR REPLACE INTO Pelicula_Actor (id_pelicula, id_actor, personaje) VALUES (1208348, 5615231, 'Mia Kawasaki');
INSERT OR REPLACE INTO Pelicula_Actor (id_pelicula, id_actor, personaje) VALUES (1208348, 13283, 'Kikuo Hasegawa');
INSERT OR IGNORE INTO Pelicula_Categoria (id_pelicula, id_categoria) VALUES (1208348, 12);
INSERT OR IGNORE INTO Pelicula_Categoria (id_pelicula, id_categoria) VALUES (1208348, 7);
-- Fin película: Rental Family --
INSERT OR IGNORE INTO Actor (id_actor, nombre, foto_path) VALUES (83271, 'Glen Powell', 'https://image.tmdb.org/t/p/original/fUnIaJkdgvQTztyR1nLeUceSzly.jpg');
INSERT OR IGNORE INTO Actor (id_actor, nombre, foto_path) VALUES (91671, 'Colman Domingo', 'https://image.tmdb.org/t/p/original/2tu6T9ugnf82qIMGVKWSb0dvvq5.jpg');
INSERT OR IGNORE INTO Actor (id_actor, nombre, foto_path) VALUES (16851, 'Josh Brolin', 'https://image.tmdb.org/t/p/original/sX2etBbIkxRaCsATyw5ZpOVMPTD.jpg');
INSERT OR IGNORE INTO Actor (id_actor, nombre, foto_path) VALUES (3905, 'William H. Macy', 'https://image.tmdb.org/t/p/original/hdVEGSrP8qWlJnt0v5vSVcGOjy7.jpg');
INSERT OR IGNORE INTO Actor (id_actor, nombre, foto_path) VALUES (72095, 'Lee Pace', 'https://image.tmdb.org/t/p/original/hePfTi5HwU9X0eX2sOmHj9I1Ryp.jpg');
INSERT OR REPLACE INTO Pelicula (id_pelicula, titulo, descripcion, poster_path, backdrop_path, trailer, anio_estreno, duracion) VALUES (798645, 'The Running Man', 'En una América distópica en el año 2025, Ben Richards participa en el violento reality show "The Running Man" con el fin de ganar suficiente dinero para revivir a su hija gravemente enferma.', 'https://image.tmdb.org/t/p/original/5WYxFamHLqroV0TilEw0RqBPzqG.jpg', 'https://image.tmdb.org/t/p/original/aHj7d7wSLqrg5cjAcgHhiGr97Ih.jpg', 'https://www.youtube.com/watch?v=gDzch_4Mi68', 2025, 133);
INSERT OR REPLACE INTO Pelicula_Actor (id_pelicula, id_actor, personaje) VALUES (798645, 83271, 'Ben Richards');
INSERT OR REPLACE INTO Pelicula_Actor (id_pelicula, id_actor, personaje) VALUES (798645, 91671, 'Bobby Thompson');
INSERT OR REPLACE INTO Pelicula_Actor (id_pelicula, id_actor, personaje) VALUES (798645, 16851, 'Dan Killian');
INSERT OR REPLACE INTO Pelicula_Actor (id_pelicula, id_actor, personaje) VALUES (798645, 3905, 'Molie Jernigan');
INSERT OR REPLACE INTO Pelicula_Actor (id_pelicula, id_actor, personaje) VALUES (798645, 72095, 'Evan McCone');
INSERT OR IGNORE INTO Pelicula_Categoria (id_pelicula, id_categoria) VALUES (798645, 5);
INSERT OR IGNORE INTO Pelicula_Categoria (id_pelicula, id_categoria) VALUES (798645, 6);
INSERT OR IGNORE INTO Pelicula_Categoria (id_pelicula, id_categoria) VALUES (798645, 3);
-- Fin película: The Running Man --
INSERT OR IGNORE INTO Actor (id_actor, nombre, foto_path) VALUES (5012920, 'Millo Taslim', '');
INSERT OR IGNORE INTO Actor (id_actor, nombre, foto_path) VALUES (3292404, 'Agus Kencrot', '');
INSERT OR IGNORE INTO Actor (id_actor, nombre, foto_path) VALUES (4577653, 'Cleo Haura', 'https://image.tmdb.org/t/p/original/qqGVIBio3mcpctzP8KY114D6XJR.jpg');
INSERT OR IGNORE INTO Actor (id_actor, nombre, foto_path) VALUES (2137612, 'Aqilla Herby', 'https://image.tmdb.org/t/p/original/dIpfVfS9xkdmTMHsE2KfgL8CFhs.jpg');
INSERT OR IGNORE INTO Actor (id_actor, nombre, foto_path) VALUES (3313171, 'Jordan Omar', 'https://image.tmdb.org/t/p/original/qzFyoiXEPu1i0HZX0MCIiYbwKPz.jpg');
INSERT OR REPLACE INTO Pelicula (id_pelicula, titulo, descripcion, poster_path, backdrop_path, trailer, anio_estreno, duracion) VALUES (1602705, 'Una carta a mi juventud', 'Un adolescente rebelde y un reservado educador forjan un vínculo inesperado en un orfanato, mientras intentan pasar página y lidiar con su doloroso pasado.', 'https://image.tmdb.org/t/p/original/lQAEYXhRyOD6OQK0tKt9FAj3Kkx.jpg', 'https://image.tmdb.org/t/p/original/3RaVf9MWpB74kK8AtPJ7DJmfZNA.jpg', '', 2026, 135);
INSERT OR REPLACE INTO Pelicula_Actor (id_pelicula, id_actor, personaje) VALUES (1602705, 5012920, 'Kefas');
INSERT OR REPLACE INTO Pelicula_Actor (id_pelicula, id_actor, personaje) VALUES (1602705, 3292404, 'Simon');
INSERT OR REPLACE INTO Pelicula_Actor (id_pelicula, id_actor, personaje) VALUES (1602705, 4577653, 'Joy');
INSERT OR REPLACE INTO Pelicula_Actor (id_pelicula, id_actor, personaje) VALUES (1602705, 2137612, 'Sabrina');
INSERT OR REPLACE INTO Pelicula_Actor (id_pelicula, id_actor, personaje) VALUES (1602705, 3313171, '');
INSERT OR IGNORE INTO Pelicula_Categoria (id_pelicula, id_categoria) VALUES (1602705, 7);
-- Fin película: Una carta a mi juventud --
INSERT OR IGNORE INTO Actor (id_actor, nombre, foto_path) VALUES (225692, 'Jeremy Irvine', 'https://image.tmdb.org/t/p/original/gSEtyKl9InFkaDcAEd25eYrHSNB.jpg');
INSERT OR IGNORE INTO Actor (id_actor, nombre, foto_path) VALUES (1685904, 'Hannah Emily Anderson', 'https://image.tmdb.org/t/p/original/fSyNGF4pZQj9Ne9IKv9kfimECzk.jpg');
INSERT OR IGNORE INTO Actor (id_actor, nombre, foto_path) VALUES (3131371, 'Evie Templeton', 'https://image.tmdb.org/t/p/original/1JV3FEULVnROl4APfkUprqTrFF6.jpg');
INSERT OR IGNORE INTO Actor (id_actor, nombre, foto_path) VALUES (1675328, 'Robert Strange', 'https://image.tmdb.org/t/p/original/4GBjA1itRhsKaPaOrVE1YN9qOqc.jpg');
INSERT OR IGNORE INTO Actor (id_actor, nombre, foto_path) VALUES (2438347, 'Pearse Egan', 'https://image.tmdb.org/t/p/original/bzHkytLIEk4T4arzd7h5BRLufov.jpg');
INSERT OR REPLACE INTO Pelicula (id_pelicula, titulo, descripcion, poster_path, backdrop_path, trailer, anio_estreno, duracion) VALUES (680493, 'Return to Silent Hill', 'Impulsado por las sombras de su pasado, James Sunderland regresa a Silent Hill para encontrar a su amor perdido, Mary Crane. Pero el pequeño pueblo oscuro y deprimente ya no es el lugar de sus recuerdos. James se encuentra con personajes que le parecen demasiado familiares y que intentan distraerlo de su búsqueda de Mary. Cuanto más busca a Mary, más comienza a preguntarse si esto sigue siendo la realidad, o si ha caído en el oscuro inframundo de Jacob Crane.', 'https://image.tmdb.org/t/p/original/5Y2TeCVEnwPbd4FDShGbkKYw6GE.jpg', 'https://image.tmdb.org/t/p/original/nTbO6UF944b0VZrgypMK5rFYRSW.jpg', '', 2026, 106);
INSERT OR REPLACE INTO Pelicula_Actor (id_pelicula, id_actor, personaje) VALUES (680493, 225692, 'James Sunderland');
INSERT OR REPLACE INTO Pelicula_Actor (id_pelicula, id_actor, personaje) VALUES (680493, 1685904, 'Mary Crane  / Angela / Maria / Moth Mary');
INSERT OR REPLACE INTO Pelicula_Actor (id_pelicula, id_actor, personaje) VALUES (680493, 3131371, 'Laura');
INSERT OR REPLACE INTO Pelicula_Actor (id_pelicula, id_actor, personaje) VALUES (680493, 1675328, 'Pyramid Head');
INSERT OR REPLACE INTO Pelicula_Actor (id_pelicula, id_actor, personaje) VALUES (680493, 2438347, 'Eddie');
INSERT OR IGNORE INTO Pelicula_Categoria (id_pelicula, id_categoria) VALUES (680493, 4);
INSERT OR IGNORE INTO Pelicula_Categoria (id_pelicula, id_categoria) VALUES (680493, 1);
-- Fin película: Return to Silent Hill --
INSERT OR IGNORE INTO Actor (id_actor, nombre, foto_path) VALUES (934, 'Russell Crowe', 'https://image.tmdb.org/t/p/original/uxiXuVH4vNWrKlJMVVPG1sxAJFe.jpg');
INSERT OR IGNORE INTO Actor (id_actor, nombre, foto_path) VALUES (17838, 'Rami Malek', 'https://image.tmdb.org/t/p/original/zvBCjFmedqXRqa45jlLf6vBd9Nt.jpg');
INSERT OR IGNORE INTO Actor (id_actor, nombre, foto_path) VALUES (335, 'Michael Shannon', 'https://image.tmdb.org/t/p/original/6mMczfjM8CiS1WuBOgo5Xom1TcR.jpg');
INSERT OR IGNORE INTO Actor (id_actor, nombre, foto_path) VALUES (3477880, 'Leo Woodall', 'https://image.tmdb.org/t/p/original/wK62b76NTxiGfjZa3opvJRyxpb7.jpg');
INSERT OR IGNORE INTO Actor (id_actor, nombre, foto_path) VALUES (21134, 'John Slattery', 'https://image.tmdb.org/t/p/original/tm7g84OWD5gQRoyfG4hduBphP1j.jpg');
INSERT OR REPLACE INTO Pelicula (id_pelicula, titulo, descripcion, poster_path, backdrop_path, trailer, anio_estreno, duracion) VALUES (1214931, 'Núremberg', 'Un psiquiatra estadounidense examina a 22 criminales nazis durante los juicios de Núremberg. Su fascinación por Hermann Göring y su obsesiva búsqueda por entender la naturaleza del mal lo llevan a un oscuro destino.', 'https://image.tmdb.org/t/p/original/7OOQRx9SmkMC3UQfdzj4QsQHtA1.jpg', 'https://image.tmdb.org/t/p/original/xsO1Qgru8sETLTcVla8MrqxOVr0.jpg', 'https://www.youtube.com/watch?v=8caQ0aapFp4', 2025, 150);
INSERT OR REPLACE INTO Pelicula_Actor (id_pelicula, id_actor, personaje) VALUES (1214931, 934, 'Hermann Göring');
INSERT OR REPLACE INTO Pelicula_Actor (id_pelicula, id_actor, personaje) VALUES (1214931, 17838, 'Douglas Kelley');
INSERT OR REPLACE INTO Pelicula_Actor (id_pelicula, id_actor, personaje) VALUES (1214931, 335, 'Justice Robert H. Jackson');
INSERT OR REPLACE INTO Pelicula_Actor (id_pelicula, id_actor, personaje) VALUES (1214931, 3477880, 'Sergeant Howie Triest');
INSERT OR REPLACE INTO Pelicula_Actor (id_pelicula, id_actor, personaje) VALUES (1214931, 21134, 'Colonel Burton Andrus');
INSERT OR IGNORE INTO Pelicula_Categoria (id_pelicula, id_categoria) VALUES (1214931, 1);
INSERT OR IGNORE INTO Pelicula_Categoria (id_pelicula, id_categoria) VALUES (1214931, 7);
-- Fin película: Núremberg --
INSERT OR IGNORE INTO Actor (id_actor, nombre, foto_path) VALUES (115440, 'Sydney Sweeney', 'https://image.tmdb.org/t/p/original/uDnIdU4KGjQg7liFvb9wnALvg95.jpg');
INSERT OR IGNORE INTO Actor (id_actor, nombre, foto_path) VALUES (11107, 'Ben Foster', 'https://image.tmdb.org/t/p/original/keBl3i2uHuowNdap0EgdxWxjWmm.jpg');
INSERT OR IGNORE INTO Actor (id_actor, nombre, foto_path) VALUES (28044, 'Merritt Wever', 'https://image.tmdb.org/t/p/original/ldd1WntzQ72DVuNLoko8yMFHH7j.jpg');
INSERT OR IGNORE INTO Actor (id_actor, nombre, foto_path) VALUES (2252989, 'Katy O''Brian', 'https://image.tmdb.org/t/p/original/lEz7WmJPrBGSsIkEiAA10t5nDDM.jpg');
INSERT OR IGNORE INTO Actor (id_actor, nombre, foto_path) VALUES (58019, 'Ethan Embry', 'https://image.tmdb.org/t/p/original/feYnMlTejbHfkhD1akVVXKWG0u1.jpg');
INSERT OR REPLACE INTO Pelicula (id_pelicula, titulo, descripcion, poster_path, backdrop_path, trailer, anio_estreno, duracion) VALUES (1287322, 'Christy', 'Biopic de Christy Martin, la boxeadora de más éxito de los años 90.', 'https://image.tmdb.org/t/p/original/ssy1uHGZkuXLkIWJWrtsBczPvVC.jpg', 'https://image.tmdb.org/t/p/original/d95WgAQXqDVlqbEHdLWfyvRG2ms.jpg', '', 2025, 135);
INSERT OR REPLACE INTO Pelicula_Actor (id_pelicula, id_actor, personaje) VALUES (1287322, 115440, 'Christy Martin');
INSERT OR REPLACE INTO Pelicula_Actor (id_pelicula, id_actor, personaje) VALUES (1287322, 11107, 'Jim V. Martin');
INSERT OR REPLACE INTO Pelicula_Actor (id_pelicula, id_actor, personaje) VALUES (1287322, 28044, 'Joyce Salters');
INSERT OR REPLACE INTO Pelicula_Actor (id_pelicula, id_actor, personaje) VALUES (1287322, 2252989, 'Lisa Holewyne');
INSERT OR REPLACE INTO Pelicula_Actor (id_pelicula, id_actor, personaje) VALUES (1287322, 58019, 'John Salters');
INSERT OR IGNORE INTO Pelicula_Categoria (id_pelicula, id_categoria) VALUES (1287322, 1);
INSERT OR IGNORE INTO Pelicula_Categoria (id_pelicula, id_categoria) VALUES (1287322, 7);
-- Fin película: Christy --
INSERT OR IGNORE INTO Actor (id_actor, nombre, foto_path) VALUES (3967, 'Kate Beckinsale', 'https://image.tmdb.org/t/p/original/nUZuC2chd5PVw2tLxePZ6uaLbhx.jpg');
INSERT OR IGNORE INTO Actor (id_actor, nombre, foto_path) VALUES (1610940, 'Lewis Tan', 'https://image.tmdb.org/t/p/original/xSpvbRqscYnDVPDtlXgniltf7eF.jpg');
INSERT OR IGNORE INTO Actor (id_actor, nombre, foto_path) VALUES (2506, 'Alice Krige', 'https://image.tmdb.org/t/p/original/sWyv9fPrZBfuiNIzIs00AMRpbqm.jpg');
INSERT OR IGNORE INTO Actor (id_actor, nombre, foto_path) VALUES (4391, 'Charles Dance', 'https://image.tmdb.org/t/p/original/3xHwq5lchAI6mfW0aGQOEijexv6.jpg');
INSERT OR IGNORE INTO Actor (id_actor, nombre, foto_path) VALUES (205725, 'Rasmus Hardiker', 'https://image.tmdb.org/t/p/original/gDdrt1YXPCxdv5LG8WvVJswPydZ.jpg');
INSERT OR REPLACE INTO Pelicula (id_pelicula, titulo, descripcion, poster_path, backdrop_path, trailer, anio_estreno, duracion) VALUES (1448560, 'Wildcat', 'Un antiguo escuadrón de operaciones especiales se reúne para una última misión: un robo de alto riesgo para rescatar a la hija pequeña de su comandante.', 'https://image.tmdb.org/t/p/original/cv09iyQhL9jqYQ7G0p9KE7ccwCZ.jpg', 'https://image.tmdb.org/t/p/original/pAyImoslSnpMgjRwhaS5ZEdl8UI.jpg', '', 2025, 99);
INSERT OR REPLACE INTO Pelicula_Actor (id_pelicula, id_actor, personaje) VALUES (1448560, 3967, 'Ada');
INSERT OR REPLACE INTO Pelicula_Actor (id_pelicula, id_actor, personaje) VALUES (1448560, 1610940, 'Roman');
INSERT OR REPLACE INTO Pelicula_Actor (id_pelicula, id_actor, personaje) VALUES (1448560, 2506, 'Mrs. Christina Vine');
INSERT OR REPLACE INTO Pelicula_Actor (id_pelicula, id_actor, personaje) VALUES (1448560, 4391, 'Frasier Mahoney');
INSERT OR REPLACE INTO Pelicula_Actor (id_pelicula, id_actor, personaje) VALUES (1448560, 205725, 'Edward');
INSERT OR IGNORE INTO Pelicula_Categoria (id_pelicula, id_categoria) VALUES (1448560, 5);
INSERT OR IGNORE INTO Pelicula_Categoria (id_pelicula, id_categoria) VALUES (1448560, 6);
-- Fin película: Wildcat --
INSERT OR IGNORE INTO Actor (id_actor, nombre, foto_path) VALUES (2431907, 'Yuko Natsuyoshi', 'https://image.tmdb.org/t/p/original/62JhZDG70JAzht71e1B0Y7Ny14r.jpg');
INSERT OR IGNORE INTO Actor (id_actor, nombre, foto_path) VALUES (2889712, 'Anna Nagase', 'https://image.tmdb.org/t/p/original/gFKRUlUlqTD7jGdysg5IWIvgoCH.jpg');
INSERT OR IGNORE INTO Actor (id_actor, nombre, foto_path) VALUES (221773, 'Saori Hayami', 'https://image.tmdb.org/t/p/original/gLv9lO7dlUbIsmyJUvgegqAAXki.jpg');
INSERT OR IGNORE INTO Actor (id_actor, nombre, foto_path) VALUES (19588, 'Miyu Irino', 'https://image.tmdb.org/t/p/original/8qEEhHUObNvGQr4e6eqLu5z4qTz.jpg');
INSERT OR IGNORE INTO Actor (id_actor, nombre, foto_path) VALUES (1492992, 'Yuma Uchida', 'https://image.tmdb.org/t/p/original/2otstbLfQ7MXuFt1X8MFOb4OIgd.jpg');
INSERT OR REPLACE INTO Pelicula (id_pelicula, titulo, descripcion, poster_path, backdrop_path, trailer, anio_estreno, duracion) VALUES (1575337, 'La princesa Kaguya del cosmos', 'La vida de Iroha se sale de control cuando Kaguya, una despreocupada fugitiva de la Luna, se muda con ella y la convence para actuar juntas en un mundo virtual.', 'https://image.tmdb.org/t/p/original/9YrbOSKoreS4oIjuwx9YjkAU8KP.jpg', 'https://image.tmdb.org/t/p/original/1jdPUUSy37Wzw3xuc8otI86X2gv.jpg', '', 2026, 143);
INSERT OR REPLACE INTO Pelicula_Actor (id_pelicula, id_actor, personaje) VALUES (1575337, 2431907, 'Kaguya (voice)');
INSERT OR REPLACE INTO Pelicula_Actor (id_pelicula, id_actor, personaje) VALUES (1575337, 2889712, 'Iroha Sakayori (voice)');
INSERT OR REPLACE INTO Pelicula_Actor (id_pelicula, id_actor, personaje) VALUES (1575337, 221773, 'Yachiyo Runami  (voice)');
INSERT OR REPLACE INTO Pelicula_Actor (id_pelicula, id_actor, personaje) VALUES (1575337, 19588, 'Akira Mikado / Asahi Sakayori (voice)');
INSERT OR REPLACE INTO Pelicula_Actor (id_pelicula, id_actor, personaje) VALUES (1575337, 1492992, 'Rai Komazawa (voice)');
INSERT OR IGNORE INTO Pelicula_Categoria (id_pelicula, id_categoria) VALUES (1575337, 5);
INSERT OR IGNORE INTO Pelicula_Categoria (id_pelicula, id_categoria) VALUES (1575337, 3);
INSERT OR IGNORE INTO Pelicula_Categoria (id_pelicula, id_categoria) VALUES (1575337, 11);
INSERT OR IGNORE INTO Pelicula_Categoria (id_pelicula, id_categoria) VALUES (1575337, 3);
-- Fin película: La princesa Kaguya del cosmos --
INSERT OR IGNORE INTO Actor (id_actor, nombre, foto_path) VALUES (4577703, 'Everett Blunck', 'https://image.tmdb.org/t/p/original/r2nFAae69Ze9xJcAAQ5sGG13iyO.jpg');
INSERT OR IGNORE INTO Actor (id_actor, nombre, foto_path) VALUES (4998515, 'Kayo Martin', 'https://image.tmdb.org/t/p/original/x2R2EkfYWNd855yGDxzppqAfIBu.jpg');
INSERT OR IGNORE INTO Actor (id_actor, nombre, foto_path) VALUES (33192, 'Joel Edgerton', 'https://image.tmdb.org/t/p/original/2YzeeiYUbI94Ywc7MVMo1NcN6jf.jpg');
INSERT OR IGNORE INTO Actor (id_actor, nombre, foto_path) VALUES (3088912, 'Kenny Rasmussen', 'https://image.tmdb.org/t/p/original/o0lRLMccd3biNskXGmLHn2qZcvh.jpg');
INSERT OR IGNORE INTO Actor (id_actor, nombre, foto_path) VALUES (4998514, 'Lucas Adler', 'https://image.tmdb.org/t/p/original/vfRRVHUOo2T6lTptZuU2putgKJd.jpg');
INSERT OR REPLACE INTO Pelicula (id_pelicula, titulo, descripcion, poster_path, backdrop_path, trailer, anio_estreno, duracion) VALUES (1370814, 'The Plague', 'En un campamento de waterpolo masculino, un preadolescente de doce años con ansiedad social se ve arrastrado a formar parte de una cruel tradición que ataca a un marginado con una enfermedad llamada ''La Plaga''. Pero a medida que se difuminan los límites entre el juego y la realidad, teme que la broma pueda estar ocultando algo real.', 'https://image.tmdb.org/t/p/original/b0RWuqzgvyfiIYU4QfgJHhmxZF4.jpg', 'https://image.tmdb.org/t/p/original/5hx45AVpw6PkVSGUl2GPDDbsUD1.jpg', '', 2025, 98);
INSERT OR REPLACE INTO Pelicula_Actor (id_pelicula, id_actor, personaje) VALUES (1370814, 4577703, 'Ben');
INSERT OR REPLACE INTO Pelicula_Actor (id_pelicula, id_actor, personaje) VALUES (1370814, 4998515, 'Jake');
INSERT OR REPLACE INTO Pelicula_Actor (id_pelicula, id_actor, personaje) VALUES (1370814, 33192, 'Daddy Wags');
INSERT OR REPLACE INTO Pelicula_Actor (id_pelicula, id_actor, personaje) VALUES (1370814, 3088912, 'Eli');
INSERT OR REPLACE INTO Pelicula_Actor (id_pelicula, id_actor, personaje) VALUES (1370814, 4998514, 'Logan');
INSERT OR IGNORE INTO Pelicula_Categoria (id_pelicula, id_categoria) VALUES (1370814, 7);
INSERT OR IGNORE INTO Pelicula_Categoria (id_pelicula, id_categoria) VALUES (1370814, 6);
-- Fin película: The Plague --
INSERT OR IGNORE INTO Actor (id_actor, nombre, foto_path) VALUES (2761045, 'Adwaa Fahad', '');
INSERT OR IGNORE INTO Actor (id_actor, nombre, foto_path) VALUES (5955203, 'Aseel Morya', '');
INSERT OR IGNORE INTO Actor (id_actor, nombre, foto_path) VALUES (4029607, 'Aisha Al Rifaie', '');
INSERT OR IGNORE INTO Actor (id_actor, nombre, foto_path) VALUES (5955205, 'Aseel Seraj', '');
INSERT OR IGNORE INTO Actor (id_actor, nombre, foto_path) VALUES (5056728, 'وفاء وافي', 'https://image.tmdb.org/t/p/original/bfWvl1XTlP02I0A2XMXN4HYAdKe.jpg');
INSERT OR REPLACE INTO Pelicula (id_pelicula, titulo, descripcion, poster_path, backdrop_path, trailer, anio_estreno, duracion) VALUES (1608982, 'De las cenizas: Bajo tierra', 'Tres alumnas de un colegio femenino quedan atrapadas en un pozo subterráneo durante una tormenta y, mientras luchan por sobrevivir, deberán enfrentarse a sus propios conflictos.', 'https://image.tmdb.org/t/p/original/jl3reSLwDzDKAdSkMXoUAcwqeMg.jpg', 'https://image.tmdb.org/t/p/original/uiSaYXR0jLLWma0EPA1tcBhX6wT.jpg', '', 2026, 88);
INSERT OR REPLACE INTO Pelicula_Actor (id_pelicula, id_actor, personaje) VALUES (1608982, 2761045, 'Siham Ghalib');
INSERT OR REPLACE INTO Pelicula_Actor (id_pelicula, id_actor, personaje) VALUES (1608982, 5955203, '');
INSERT OR REPLACE INTO Pelicula_Actor (id_pelicula, id_actor, personaje) VALUES (1608982, 4029607, 'Marzouka');
INSERT OR REPLACE INTO Pelicula_Actor (id_pelicula, id_actor, personaje) VALUES (1608982, 5955205, '');
INSERT OR REPLACE INTO Pelicula_Actor (id_pelicula, id_actor, personaje) VALUES (1608982, 5056728, 'Heba');
INSERT OR IGNORE INTO Pelicula_Categoria (id_pelicula, id_categoria) VALUES (1608982, 6);
INSERT OR IGNORE INTO Pelicula_Categoria (id_pelicula, id_categoria) VALUES (1608982, 7);
-- Fin película: De las cenizas: Bajo tierra --
INSERT OR IGNORE INTO Actor (id_actor, nombre, foto_path) VALUES (5914919, 'Indy the Dog', 'https://image.tmdb.org/t/p/original/23W9yBlxOvyYx1VbqZGwF9d9GGz.jpg');
INSERT OR IGNORE INTO Actor (id_actor, nombre, foto_path) VALUES (3739081, 'Shane Jensen', 'https://image.tmdb.org/t/p/original/8BNJL3MwvYEUTg187SmhQACVq3Z.jpg');
INSERT OR IGNORE INTO Actor (id_actor, nombre, foto_path) VALUES (31268, 'Larry Fessenden', 'https://image.tmdb.org/t/p/original/imQGskBT7IjqHLVJDQFLR1h1UPH.jpg');
INSERT OR IGNORE INTO Actor (id_actor, nombre, foto_path) VALUES (4747687, 'Arielle Friedman', '');
INSERT OR IGNORE INTO Actor (id_actor, nombre, foto_path) VALUES (94435, 'Stuart Rudin', 'https://image.tmdb.org/t/p/original/2jhEJ2zLnRL0iuG5i3fYw4FObgl.jpg');
INSERT OR REPLACE INTO Pelicula (id_pelicula, titulo, descripcion, poster_path, backdrop_path, trailer, anio_estreno, duracion) VALUES (1422096, 'Good Boy', 'Un perro leal se muda a una casa rural con su dueño Todd. Allí descubre fuerzas sobrenaturales que acechan en las sombras. Mientras oscuras entidades amenazan a su compañero humano, el valiente cachorro debe luchar para proteger a quien más quiere.', 'https://image.tmdb.org/t/p/original/6rZOKB5EhGcTLaSPoyX8La44ZDT.jpg', 'https://image.tmdb.org/t/p/original/mPtPJzBkwksUoMEKpkZqxBrlKpZ.jpg', '', 2025, 73);
INSERT OR REPLACE INTO Pelicula_Actor (id_pelicula, id_actor, personaje) VALUES (1422096, 5914919, 'Indy');
INSERT OR REPLACE INTO Pelicula_Actor (id_pelicula, id_actor, personaje) VALUES (1422096, 3739081, 'Todd');
INSERT OR REPLACE INTO Pelicula_Actor (id_pelicula, id_actor, personaje) VALUES (1422096, 31268, 'Grandpa');
INSERT OR REPLACE INTO Pelicula_Actor (id_pelicula, id_actor, personaje) VALUES (1422096, 4747687, 'Vera');
INSERT OR REPLACE INTO Pelicula_Actor (id_pelicula, id_actor, personaje) VALUES (1422096, 94435, 'Richard');
INSERT OR IGNORE INTO Pelicula_Categoria (id_pelicula, id_categoria) VALUES (1422096, 4);
-- Fin película: Good Boy --
INSERT OR IGNORE INTO Actor (id_actor, nombre, foto_path) VALUES (1474123, 'Caleb McLaughlin', 'https://image.tmdb.org/t/p/original/4jVS3EziBn7bf97ErxkW7jsdiLM.jpg');
INSERT OR IGNORE INTO Actor (id_actor, nombre, foto_path) VALUES (17773, 'Gabrielle Union', 'https://image.tmdb.org/t/p/original/toeSCybsYufRKfgz77AKy4C8axD.jpg');
INSERT OR IGNORE INTO Actor (id_actor, nombre, foto_path) VALUES (15899, 'Jenifer Lewis', 'https://image.tmdb.org/t/p/original/bdeUHXY4cXvhOW2nCblNachBYsM.jpg');
INSERT OR IGNORE INTO Actor (id_actor, nombre, foto_path) VALUES (35029, 'David Harbour', 'https://image.tmdb.org/t/p/original/qMFtMWlYVtFVyBoBhX5IoA5sN5a.jpg');
INSERT OR IGNORE INTO Actor (id_actor, nombre, foto_path) VALUES (208519, 'Nick Kroll', 'https://image.tmdb.org/t/p/original/fNiOuEKeBtELGdhKn4lxXq4O7YP.jpg');
INSERT OR REPLACE INTO Pelicula (id_pelicula, titulo, descripcion, poster_path, backdrop_path, trailer, anio_estreno, duracion) VALUES (1297842, 'GOAT: Como cabras', 'Will es una pequeña cabra con grandes sueños que recibe una oportunidad única en la vida para unirse a los profesionales y jugar al rugebol, un deporte de alta intensidad, mixto y de contacto total dominado por los animales más rápidos y feroces del mundo. A los nuevos compañeros de equipo de Will no les entusiasma tener a una cabrita en su plantilla, pero Will está decidido a revolucionar el deporte y demostrar de una vez por todas que «¡los pequeños saben jugar!».', 'https://image.tmdb.org/t/p/original/2yblKPC6ZKEU6iv9sEZ0jktjiTU.jpg', 'https://image.tmdb.org/t/p/original/4lo5yNZrMLPKBh47t2CoZkbAUur.jpg', 'https://www.youtube.com/watch?v=q56pw-zFDP8', 2026, 100);
INSERT OR REPLACE INTO Pelicula_Actor (id_pelicula, id_actor, personaje) VALUES (1297842, 1474123, 'Will Harris (voice)');
INSERT OR REPLACE INTO Pelicula_Actor (id_pelicula, id_actor, personaje) VALUES (1297842, 17773, 'Jett Fillmore  (voice)');
INSERT OR REPLACE INTO Pelicula_Actor (id_pelicula, id_actor, personaje) VALUES (1297842, 15899, 'Florence Everson  (voice)');
INSERT OR REPLACE INTO Pelicula_Actor (id_pelicula, id_actor, personaje) VALUES (1297842, 35029, 'Archie Everhardt  (voice)');
INSERT OR REPLACE INTO Pelicula_Actor (id_pelicula, id_actor, personaje) VALUES (1297842, 208519, 'Modo Olachenko  (voice)');
INSERT OR IGNORE INTO Pelicula_Categoria (id_pelicula, id_categoria) VALUES (1297842, 5);
INSERT OR IGNORE INTO Pelicula_Categoria (id_pelicula, id_categoria) VALUES (1297842, 12);
INSERT OR IGNORE INTO Pelicula_Categoria (id_pelicula, id_categoria) VALUES (1297842, 12);
INSERT OR IGNORE INTO Pelicula_Categoria (id_pelicula, id_categoria) VALUES (1297842, 5);
-- Fin película: GOAT: Como cabras --
INSERT OR IGNORE INTO Actor (id_actor, nombre, foto_path) VALUES (1576786, 'Renate Reinsve', 'https://image.tmdb.org/t/p/original/eepHWTjtKRdGcrtchFb3axdp2eL.jpg');
INSERT OR IGNORE INTO Actor (id_actor, nombre, foto_path) VALUES (1640, 'Stellan Skarsgård', 'https://image.tmdb.org/t/p/original/x78BtYHElirO7Iw8bL4m8CnzRDc.jpg');
INSERT OR IGNORE INTO Actor (id_actor, nombre, foto_path) VALUES (1421850, 'Inga Ibsdotter Lilleaas', 'https://image.tmdb.org/t/p/original/wlZPIgnXMpK3Nvvhg0bZzmWxZDH.jpg');
INSERT OR IGNORE INTO Actor (id_actor, nombre, foto_path) VALUES (18050, 'Elle Fanning', 'https://image.tmdb.org/t/p/original/e8CUyxQSE99y5IOfzSLtHC0B0Ch.jpg');
INSERT OR IGNORE INTO Actor (id_actor, nombre, foto_path) VALUES (71610, 'Anders Danielsen Lie', 'https://image.tmdb.org/t/p/original/7qdJdzFFXhoSVvBCi53ryF1wkCn.jpg');
INSERT OR REPLACE INTO Pelicula (id_pelicula, titulo, descripcion, poster_path, backdrop_path, trailer, anio_estreno, duracion) VALUES (1124566, 'Valor sentimental', 'Una exploración íntima y conmovedora de la familia, los recuerdos y el poder reconciliador del arte.', 'https://image.tmdb.org/t/p/original/aRn3NkZEJIZRQyZGexMPBzUJtcp.jpg', 'https://image.tmdb.org/t/p/original/mXlDBIHh9hBkDCMNazGV2fEPr5J.jpg', 'https://www.youtube.com/watch?v=-VVt7SQy9iw', 2025, 133);
INSERT OR REPLACE INTO Pelicula_Actor (id_pelicula, id_actor, personaje) VALUES (1124566, 1576786, 'Nora Borg');
INSERT OR REPLACE INTO Pelicula_Actor (id_pelicula, id_actor, personaje) VALUES (1124566, 1640, 'Gustav Borg');
INSERT OR REPLACE INTO Pelicula_Actor (id_pelicula, id_actor, personaje) VALUES (1124566, 1421850, 'Agnes Borg Pettersen');
INSERT OR REPLACE INTO Pelicula_Actor (id_pelicula, id_actor, personaje) VALUES (1124566, 18050, 'Rachel Kemp');
INSERT OR REPLACE INTO Pelicula_Actor (id_pelicula, id_actor, personaje) VALUES (1124566, 71610, 'Jakob');
INSERT OR IGNORE INTO Pelicula_Categoria (id_pelicula, id_categoria) VALUES (1124566, 7);
-- Fin película: Valor sentimental --
INSERT OR IGNORE INTO Actor (id_actor, nombre, foto_path) VALUES (109, 'Elijah Wood', 'https://image.tmdb.org/t/p/original/7UKRbJBNG7mxBl2QQc5XsAh6F8B.jpg');
INSERT OR IGNORE INTO Actor (id_actor, nombre, foto_path) VALUES (1327, 'Ian McKellen', 'https://image.tmdb.org/t/p/original/coWjgMEYJjk2OrNddlXCBm8EIr3.jpg');
INSERT OR IGNORE INTO Actor (id_actor, nombre, foto_path) VALUES (110, 'Viggo Mortensen', 'https://image.tmdb.org/t/p/original/vH5gVSpHAMhDaFWfh0Q7BG61O1y.jpg');
INSERT OR IGNORE INTO Actor (id_actor, nombre, foto_path) VALUES (1328, 'Sean Astin', 'https://image.tmdb.org/t/p/original/As3ctGUtBYmG4zj4Ifyrcqd71HP.jpg');
INSERT OR IGNORE INTO Actor (id_actor, nombre, foto_path) VALUES (1333, 'Andy Serkis', 'https://image.tmdb.org/t/p/original/eNGqhebQ4cDssjVeNFrKtUvweV5.jpg');
INSERT OR REPLACE INTO Pelicula (id_pelicula, titulo, descripcion, poster_path, backdrop_path, trailer, anio_estreno, duracion) VALUES (122, 'El señor de los anillos: El retorno del rey', 'Las fuerzas de Saruman han sido destruidas, y su fortaleza sitiada. Ha llegado el momento de que se decida el destino de la Tierra Media, y por primera vez en mucho tiempo, parece que hay una pequeña esperanza. La atención del señor oscuro Sauron se centra ahora en Gondor, el último reducto de los hombres, y del cual Aragorn tendrá que reclamar el trono para ocupar su puesto de rey. Pero las fuerzas de Sauron ya se preparan para lanzar el último y definitivo ataque contra el reino de Gondor, la batalla que decidirá el destino de todos. Mientras tanto, Frodo y Sam continuan su camino hacia Mordor, a la espera de que Sauron no repare en que dos pequeños Hobbits se acercan cada día más al final de su camino, el Monte del Destino.', 'https://image.tmdb.org/t/p/original/mWuFbQrXyLk2kMBKF9TUPtDwuPx.jpg', 'https://image.tmdb.org/t/p/original/2u7zbn8EudG6kLlBzUYqP8RyFU4.jpg', 'https://www.youtube.com/watch?v=h-9RYiqyqjk', 2003, 202);
INSERT OR REPLACE INTO Pelicula_Actor (id_pelicula, id_actor, personaje) VALUES (122, 109, 'Frodo');
INSERT OR REPLACE INTO Pelicula_Actor (id_pelicula, id_actor, personaje) VALUES (122, 1327, 'Gandalf');
INSERT OR REPLACE INTO Pelicula_Actor (id_pelicula, id_actor, personaje) VALUES (122, 110, 'Aragorn');
INSERT OR REPLACE INTO Pelicula_Actor (id_pelicula, id_actor, personaje) VALUES (122, 1328, 'Sam');
INSERT OR REPLACE INTO Pelicula_Actor (id_pelicula, id_actor, personaje) VALUES (122, 1333, 'Gollum / Smeagol');
INSERT OR IGNORE INTO Pelicula_Categoria (id_pelicula, id_categoria) VALUES (122, 1);
INSERT OR IGNORE INTO Pelicula_Categoria (id_pelicula, id_categoria) VALUES (122, 3);
INSERT OR IGNORE INTO Pelicula_Categoria (id_pelicula, id_categoria) VALUES (122, 5);
-- Fin película: El señor de los anillos: El retorno del rey --
INSERT OR IGNORE INTO Actor (id_actor, nombre, foto_path) VALUES (107800, 'Alex Honnold', 'https://image.tmdb.org/t/p/original/jKpVo1wTFK7VoCULHFKpoxDgHRw.jpg');
INSERT OR IGNORE INTO Actor (id_actor, nombre, foto_path) VALUES (1714705, 'Elle Duncan', 'https://image.tmdb.org/t/p/original/9954Rzshx4Cr914GrcHJRIcwtD3.jpg');
INSERT OR IGNORE INTO Actor (id_actor, nombre, foto_path) VALUES (1403134, 'Emily Harrington', 'https://image.tmdb.org/t/p/original/jQHUiFenq97ZT20E8SMdiT3mJKJ.jpg');
INSERT OR IGNORE INTO Actor (id_actor, nombre, foto_path) VALUES (2791574, 'Mark Rober', 'https://image.tmdb.org/t/p/original/mzMzyHwNxhUiUKbNVvjjv30fHVG.jpg');
INSERT OR IGNORE INTO Actor (id_actor, nombre, foto_path) VALUES (2132377, 'Sanni McCandless', 'https://image.tmdb.org/t/p/original/62nnVlFdGBtp7eSY9xlPzoIrxlz.jpg');
INSERT OR REPLACE INTO Pelicula (id_pelicula, titulo, descripcion, poster_path, backdrop_path, trailer, anio_estreno, duracion) VALUES (1599090, 'Rascacielos en vivo', 'Sin cuerdas. Sin miedo. El legendario escalador en solitario Alex Honnold lo arriesga todo en un ascenso en vivo por uno de los rascacielos más altos del mundo en Taipéi, Taiwán.', 'https://image.tmdb.org/t/p/original/hbURquxQUJXFfeqpjzmHekRmyqb.jpg', 'https://image.tmdb.org/t/p/original/lWBDYoIDA1XlgCvk1aDoUA0cm5z.jpg', '', 2026, 117);
INSERT OR REPLACE INTO Pelicula_Actor (id_pelicula, id_actor, personaje) VALUES (1599090, 107800, 'Self');
INSERT OR REPLACE INTO Pelicula_Actor (id_pelicula, id_actor, personaje) VALUES (1599090, 1714705, 'Self - Host');
INSERT OR REPLACE INTO Pelicula_Actor (id_pelicula, id_actor, personaje) VALUES (1599090, 1403134, 'Self');
INSERT OR REPLACE INTO Pelicula_Actor (id_pelicula, id_actor, personaje) VALUES (1599090, 2791574, 'Self');
INSERT OR REPLACE INTO Pelicula_Actor (id_pelicula, id_actor, personaje) VALUES (1599090, 2132377, 'Self');
INSERT OR IGNORE INTO Pelicula_Categoria (id_pelicula, id_categoria) VALUES (1599090, 1);
INSERT OR IGNORE INTO Pelicula_Categoria (id_pelicula, id_categoria) VALUES (1599090, 4);
-- Fin película: Rascacielos en vivo --
INSERT OR IGNORE INTO Actor (id_actor, nombre, foto_path) VALUES (234352, 'Margot Robbie', 'https://image.tmdb.org/t/p/original/8LqG2N6j98lFGMpuYsRUAhOunSd.jpg');
INSERT OR IGNORE INTO Actor (id_actor, nombre, foto_path) VALUES (2034418, 'Jacob Elordi', 'https://image.tmdb.org/t/p/original/qZNRPWCP2c5d0YaYLTzHXU9Rdoe.jpg');
INSERT OR IGNORE INTO Actor (id_actor, nombre, foto_path) VALUES (1360317, 'Hong Chau', 'https://image.tmdb.org/t/p/original/yGEw6uiSUBo838HkiCARs4BR40y.jpg');
INSERT OR IGNORE INTO Actor (id_actor, nombre, foto_path) VALUES (2981449, 'Alison Oliver', 'https://image.tmdb.org/t/p/original/ouHdcq6Tgedx4UnJuT3liROzomq.jpg');
INSERT OR IGNORE INTO Actor (id_actor, nombre, foto_path) VALUES (1370832, 'Shazad Latif', 'https://image.tmdb.org/t/p/original/n8vJ1AHhv294hGqZxhjM95OvpxT.jpg');
INSERT OR REPLACE INTO Pelicula (id_pelicula, titulo, descripcion, poster_path, backdrop_path, trailer, anio_estreno, duracion) VALUES (1316092, 'Cumbres Borrascosas', '', 'https://image.tmdb.org/t/p/original/afGUJcMBJloAUp9uC27MQiqkD7X.jpg', 'https://image.tmdb.org/t/p/original/fIBtlFOodItS39EggIC49OfwQgK.jpg', 'https://www.youtube.com/watch?v=RNynG8dMp5w', 2026, 136);
INSERT OR REPLACE INTO Pelicula_Actor (id_pelicula, id_actor, personaje) VALUES (1316092, 234352, 'Catherine Earnshaw');
INSERT OR REPLACE INTO Pelicula_Actor (id_pelicula, id_actor, personaje) VALUES (1316092, 2034418, 'Heathcliff');
INSERT OR REPLACE INTO Pelicula_Actor (id_pelicula, id_actor, personaje) VALUES (1316092, 1360317, 'Nelly Dean');
INSERT OR REPLACE INTO Pelicula_Actor (id_pelicula, id_actor, personaje) VALUES (1316092, 2981449, 'Isabella Linton');
INSERT OR REPLACE INTO Pelicula_Actor (id_pelicula, id_actor, personaje) VALUES (1316092, 1370832, 'Edgar Linton');
INSERT OR IGNORE INTO Pelicula_Categoria (id_pelicula, id_categoria) VALUES (1316092, 7);
INSERT OR IGNORE INTO Pelicula_Categoria (id_pelicula, id_categoria) VALUES (1316092, 10);
-- Fin película: Cumbres Borrascosas --
INSERT OR IGNORE INTO Actor (id_actor, nombre, foto_path) VALUES (976, 'Jason Statham', 'https://image.tmdb.org/t/p/original/o7sfT7EBtzxwiJiKmCafoebJQ2q.jpg');
INSERT OR IGNORE INTO Actor (id_actor, nombre, foto_path) VALUES (973, 'Jason Flemyng', 'https://image.tmdb.org/t/p/original/nYl0180ACnLzVlGbaAfuPtdGr9K.jpg');
INSERT OR IGNORE INTO Actor (id_actor, nombre, foto_path) VALUES (17817, 'Merab Ninidze', 'https://image.tmdb.org/t/p/original/jnJ4lQULt6Ga3lXkIqAhMR7xYdE.jpg');
INSERT OR IGNORE INTO Actor (id_actor, nombre, foto_path) VALUES (1011106, 'Maximilian Osinski', 'https://image.tmdb.org/t/p/original/wMRtFsZSR9FvYj1wzsziKQqpZ0C.jpg');
INSERT OR IGNORE INTO Actor (id_actor, nombre, foto_path) VALUES (950125, 'Cokey Falkow', 'https://image.tmdb.org/t/p/original/2VEMBUOHKZbpypEuso8jyxSo3Yc.jpg');
INSERT OR REPLACE INTO Pelicula (id_pelicula, titulo, descripcion, poster_path, backdrop_path, trailer, anio_estreno, duracion) VALUES (1197306, 'A Working Man', 'Levon Cade dejó atrás una condecorada carrera militar en las operaciones encubiertas para vivir una vida sencilla trabajando en la construcción. Pero cuando la hija de su jefe, que para él es como de la familia, es secuestrada por traficantes de personas, su búsqueda para traerla a casa descubre un mundo de corrupción mucho mayor de lo que jamás podría haber imaginado.', 'https://image.tmdb.org/t/p/original/aG50Ad3UV8cCQWpNWSHHUqgKGNB.jpg', 'https://image.tmdb.org/t/p/original/fTrQsdMS2MUw00RnzH0r3JWHhts.jpg', 'https://www.youtube.com/watch?v=gGOXUdcE6hk', 2025, 116);
INSERT OR REPLACE INTO Pelicula_Actor (id_pelicula, id_actor, personaje) VALUES (1197306, 976, 'Levon Cade');
INSERT OR REPLACE INTO Pelicula_Actor (id_pelicula, id_actor, personaje) VALUES (1197306, 973, 'Wolo Kolisnyk');
INSERT OR REPLACE INTO Pelicula_Actor (id_pelicula, id_actor, personaje) VALUES (1197306, 17817, 'Yuri');
INSERT OR REPLACE INTO Pelicula_Actor (id_pelicula, id_actor, personaje) VALUES (1197306, 1011106, 'Dimi Kolisnyk');
INSERT OR REPLACE INTO Pelicula_Actor (id_pelicula, id_actor, personaje) VALUES (1197306, 950125, 'Dougie');
INSERT OR IGNORE INTO Pelicula_Categoria (id_pelicula, id_categoria) VALUES (1197306, 5);
INSERT OR IGNORE INTO Pelicula_Categoria (id_pelicula, id_categoria) VALUES (1197306, 9);
INSERT OR IGNORE INTO Pelicula_Categoria (id_pelicula, id_categoria) VALUES (1197306, 6);
-- Fin película: A Working Man --
INSERT OR IGNORE INTO Actor (id_actor, nombre, foto_path) VALUES (33515, '二宮和也', 'https://image.tmdb.org/t/p/original/4mxogZeEPZiVrnJ4L8ICvOJONfs.jpg');
INSERT OR IGNORE INTO Actor (id_actor, nombre, foto_path) VALUES (3576845, '河内大和', 'https://image.tmdb.org/t/p/original/8CUS41LVMlBH5Am2uZC3F44yyDw.jpg');
INSERT OR IGNORE INTO Actor (id_actor, nombre, foto_path) VALUES (5428351, 'Naru Asanuma', 'https://image.tmdb.org/t/p/original/orV4an2sD7PgLpHCulgCBDgs1bl.jpg');
INSERT OR IGNORE INTO Actor (id_actor, nombre, foto_path) VALUES (3661042, '花瀬琴音', 'https://image.tmdb.org/t/p/original/xSimDM5cdwBtVAa7FJ36gFyMC0p.jpg');
INSERT OR IGNORE INTO Actor (id_actor, nombre, foto_path) VALUES (1287268, '小松菜奈', 'https://image.tmdb.org/t/p/original/sBVCeJ9hLDCdOenLzwzmVtFfws6.jpg');
INSERT OR REPLACE INTO Pelicula (id_pelicula, titulo, descripcion, poster_path, backdrop_path, trailer, anio_estreno, duracion) VALUES (1408208, 'Exit 8', 'Película basada en el videojuego de KOTAKE CREATE "The Exit 8", cuya premisa es que una persona anónima se encuentra en una estación de metro atrapada en un bucle en donde debe avanzar sólo cuando una anomalía no aparezca en su campo de visión... o volverá al inicio sin ser capaz de huir de ese lugar.', 'https://image.tmdb.org/t/p/original/mqlgMvy1d5jIbIE6SPlJq724htT.jpg', 'https://image.tmdb.org/t/p/original/ie827c44beNPNnxIOi8EM9mCI4A.jpg', '', 2025, 95);
INSERT OR REPLACE INTO Pelicula_Actor (id_pelicula, id_actor, personaje) VALUES (1408208, 33515, 'The Lost Man');
INSERT OR REPLACE INTO Pelicula_Actor (id_pelicula, id_actor, personaje) VALUES (1408208, 3576845, 'The Walking Man');
INSERT OR REPLACE INTO Pelicula_Actor (id_pelicula, id_actor, personaje) VALUES (1408208, 5428351, 'The Boy');
INSERT OR REPLACE INTO Pelicula_Actor (id_pelicula, id_actor, personaje) VALUES (1408208, 3661042, 'The Schoolgirl');
INSERT OR REPLACE INTO Pelicula_Actor (id_pelicula, id_actor, personaje) VALUES (1408208, 1287268, 'The Woman');
INSERT OR IGNORE INTO Pelicula_Categoria (id_pelicula, id_categoria) VALUES (1408208, 4);
INSERT OR IGNORE INTO Pelicula_Categoria (id_pelicula, id_categoria) VALUES (1408208, 1);
-- Fin película: Exit 8 --
INSERT OR IGNORE INTO Actor (id_actor, nombre, foto_path) VALUES (1902689, 'Emily Bader', 'https://image.tmdb.org/t/p/original/m2AdaaenjGDoWHRO8EInm8xn70h.jpg');
INSERT OR IGNORE INTO Actor (id_actor, nombre, foto_path) VALUES (1524100, 'Tom Blyth', 'https://image.tmdb.org/t/p/original/q8bkN1GvXqjs1ZGFYWViH9o2WDq.jpg');
INSERT OR IGNORE INTO Actor (id_actor, nombre, foto_path) VALUES (2485582, 'Sarah Catherine Hook', 'https://image.tmdb.org/t/p/original/hLXqA5OZYX9I9BTj82KlVYqgE2i.jpg');
INSERT OR IGNORE INTO Actor (id_actor, nombre, foto_path) VALUES (1624816, 'Jameela Jamil', 'https://image.tmdb.org/t/p/original/jDtj84p40xmZ8jAua4wUw0JN6Ih.jpg');
INSERT OR IGNORE INTO Actor (id_actor, nombre, foto_path) VALUES (148096, 'Miles Heizer', 'https://image.tmdb.org/t/p/original/fQeByexqxm2W6u9p1bMRNy12VtH.jpg');
INSERT OR REPLACE INTO Pelicula (id_pelicula, titulo, descripcion, poster_path, backdrop_path, trailer, anio_estreno, duracion) VALUES (1034716, 'Gente que conocemos en vacaciones', 'Poppy es un espíritu libre y a Alex le gusta planificarlo todo. Tras muchas vacaciones juntos, estos amigos tan diferentes se preguntan si serán la pareja perfecta.', 'https://image.tmdb.org/t/p/original/9SUEbyc5OUaNkGPLK3f1w3Ryoyo.jpg', 'https://image.tmdb.org/t/p/original/qth56RA3rkUlhbDRDKGeMJEssdi.jpg', 'https://www.youtube.com/watch?v=BLyjtg8efbA', 2026, 116);
INSERT OR REPLACE INTO Pelicula_Actor (id_pelicula, id_actor, personaje) VALUES (1034716, 1902689, 'Poppy Wright');
INSERT OR REPLACE INTO Pelicula_Actor (id_pelicula, id_actor, personaje) VALUES (1034716, 1524100, 'Alex Nilsen');
INSERT OR REPLACE INTO Pelicula_Actor (id_pelicula, id_actor, personaje) VALUES (1034716, 2485582, 'Sarah');
INSERT OR REPLACE INTO Pelicula_Actor (id_pelicula, id_actor, personaje) VALUES (1034716, 1624816, 'Swapna Bakshi-Highsmith');
INSERT OR REPLACE INTO Pelicula_Actor (id_pelicula, id_actor, personaje) VALUES (1034716, 148096, 'David Nilsen');
INSERT OR IGNORE INTO Pelicula_Categoria (id_pelicula, id_categoria) VALUES (1034716, 10);
INSERT OR IGNORE INTO Pelicula_Categoria (id_pelicula, id_categoria) VALUES (1034716, 12);
INSERT OR IGNORE INTO Pelicula_Categoria (id_pelicula, id_categoria) VALUES (1034716, 7);
-- Fin película: Gente que conocemos en vacaciones --

-- === LOTE: Now Playing - Page 4 (2026-02-06T06:34:59.092Z) ===
INSERT OR IGNORE INTO Actor (id_actor, nombre, foto_path) VALUES (1448119, 'Tony Hinchcliffe', 'https://image.tmdb.org/t/p/original/nJbIalwNCvqaDZQ9PW6Uyujb8tw.jpg');
INSERT OR IGNORE INTO Actor (id_actor, nombre, foto_path) VALUES (1709774, 'Brian Redban', 'https://image.tmdb.org/t/p/original/xaYxS77D3Zt80Zf42YtyFX4K56C.jpg');
INSERT OR IGNORE INTO Actor (id_actor, nombre, foto_path) VALUES (86498, 'Gabriel Iglesias', 'https://image.tmdb.org/t/p/original/8Bjy3RZ5TfNs3oUOUpxTv84G01f.jpg');
INSERT OR IGNORE INTO Actor (id_actor, nombre, foto_path) VALUES (16846, 'Harland Williams', 'https://image.tmdb.org/t/p/original/mnor1Hoy3kvTBygccBIVuyWfvge.jpg');
INSERT OR IGNORE INTO Actor (id_actor, nombre, foto_path) VALUES (96010, 'Carrot Top', 'https://image.tmdb.org/t/p/original/gJHiu33FKGO6foXnnXNOUFKQREu.jpg');
INSERT OR REPLACE INTO Pelicula (id_pelicula, titulo, descripcion, poster_path, backdrop_path, trailer, anio_estreno, duracion) VALUES (1611487, 'Kill Tony: Once Upon a Time in Texas', '', 'https://image.tmdb.org/t/p/original/kepiMVDrjSvNM9afWewWxlWXXK6.jpg', 'https://image.tmdb.org/t/p/original/iKFZFt8Z3RIwQHrIkmzULdKlYIi.jpg', '', 2026, 0);
INSERT OR REPLACE INTO Pelicula_Actor (id_pelicula, id_actor, personaje) VALUES (1611487, 1448119, 'Self');
INSERT OR REPLACE INTO Pelicula_Actor (id_pelicula, id_actor, personaje) VALUES (1611487, 1709774, 'Self');
INSERT OR REPLACE INTO Pelicula_Actor (id_pelicula, id_actor, personaje) VALUES (1611487, 86498, 'Self');
INSERT OR REPLACE INTO Pelicula_Actor (id_pelicula, id_actor, personaje) VALUES (1611487, 16846, 'Self');
INSERT OR REPLACE INTO Pelicula_Actor (id_pelicula, id_actor, personaje) VALUES (1611487, 96010, 'Self');
INSERT OR IGNORE INTO Pelicula_Categoria (id_pelicula, id_categoria) VALUES (1611487, 12);
-- Fin película: Kill Tony: Once Upon a Time in Texas --
INSERT OR IGNORE INTO Actor (id_actor, nombre, foto_path) VALUES (61134, 'Tatiana Maslany', 'https://image.tmdb.org/t/p/original/x8lBkm9CBJbIlLpqjEwkQydZ2or.jpg');
INSERT OR IGNORE INTO Actor (id_actor, nombre, foto_path) VALUES (58014, 'Rossif Sutherland', 'https://image.tmdb.org/t/p/original/3ZBXM6CqZutyWWR6vbGvLcm8HDk.jpg');
INSERT OR IGNORE INTO Actor (id_actor, nombre, foto_path) VALUES (110525, 'Birkett Turton', 'https://image.tmdb.org/t/p/original/dsmW4TgzKUcLpWyE3hhZ8POmjS2.jpg');
INSERT OR IGNORE INTO Actor (id_actor, nombre, foto_path) VALUES (5636839, 'Eden Weiss', 'https://image.tmdb.org/t/p/original/11OxhppBdSFxdIJfkeQsLrXRTih.jpg');
INSERT OR IGNORE INTO Actor (id_actor, nombre, foto_path) VALUES (1281629, 'Cassandra Ebner', 'https://image.tmdb.org/t/p/original/ykIe7cvJjrdBgPilC5sCsZkwXCz.jpg');
INSERT OR REPLACE INTO Pelicula (id_pelicula, titulo, descripcion, poster_path, backdrop_path, trailer, anio_estreno, duracion) VALUES (1288072, 'Keeper', 'Una pareja, para celebrar su aniversario, hace una escapada romántica de fin de semana a una cabaña aislada. Cuando Malcolm (Sutherland) regresa repentinamente a la ciudad, Liz (Maslany) se encuentra aislada y en presencia de un mal indescriptible que desvela los horripilantes secretos de la cabaña.', 'https://image.tmdb.org/t/p/original/2sr2n0mZ8cG4VeXG4EHoPBz9QuF.jpg', 'https://image.tmdb.org/t/p/original/8GjH1BU5PtoqAlhMeXQ46eq9z1D.jpg', 'https://www.youtube.com/watch?v=Td4J0xJxmHQ', 2025, 99);
INSERT OR REPLACE INTO Pelicula_Actor (id_pelicula, id_actor, personaje) VALUES (1288072, 61134, 'Liz / Ada');
INSERT OR REPLACE INTO Pelicula_Actor (id_pelicula, id_actor, personaje) VALUES (1288072, 58014, 'Malcolm Westbridge');
INSERT OR REPLACE INTO Pelicula_Actor (id_pelicula, id_actor, personaje) VALUES (1288072, 110525, 'Darren');
INSERT OR REPLACE INTO Pelicula_Actor (id_pelicula, id_actor, personaje) VALUES (1288072, 5636839, 'Minka');
INSERT OR REPLACE INTO Pelicula_Actor (id_pelicula, id_actor, personaje) VALUES (1288072, 1281629, 'Baghead');
INSERT OR IGNORE INTO Pelicula_Categoria (id_pelicula, id_categoria) VALUES (1288072, 4);
INSERT OR IGNORE INTO Pelicula_Categoria (id_pelicula, id_categoria) VALUES (1288072, 1);
-- Fin película: Keeper --
INSERT OR IGNORE INTO Actor (id_actor, nombre, foto_path) VALUES (109, 'Elijah Wood', 'https://image.tmdb.org/t/p/original/7UKRbJBNG7mxBl2QQc5XsAh6F8B.jpg');
INSERT OR IGNORE INTO Actor (id_actor, nombre, foto_path) VALUES (1327, 'Ian McKellen', 'https://image.tmdb.org/t/p/original/coWjgMEYJjk2OrNddlXCBm8EIr3.jpg');
INSERT OR IGNORE INTO Actor (id_actor, nombre, foto_path) VALUES (110, 'Viggo Mortensen', 'https://image.tmdb.org/t/p/original/vH5gVSpHAMhDaFWfh0Q7BG61O1y.jpg');
INSERT OR IGNORE INTO Actor (id_actor, nombre, foto_path) VALUES (1328, 'Sean Astin', 'https://image.tmdb.org/t/p/original/As3ctGUtBYmG4zj4Ifyrcqd71HP.jpg');
INSERT OR IGNORE INTO Actor (id_actor, nombre, foto_path) VALUES (65, 'Ian Holm', 'https://image.tmdb.org/t/p/original/cOJDgvgj4nMec6Inzj1H5nugTO5.jpg');
INSERT OR REPLACE INTO Pelicula (id_pelicula, titulo, descripcion, poster_path, backdrop_path, trailer, anio_estreno, duracion) VALUES (120, 'El señor de los anillos: La comunidad del anillo', 'En la Tierra Media, el Señor Oscuro Saurón creó los Grandes Anillos de Poder, forjados por los herreros Elfos. Tres para los reyes Elfos, siete para los Señores Enanos, y nueve para los Hombres Mortales. Secretamente, Saurón también forjó un anillo maestro, el Anillo Único, que contiene en sí el poder para esclavizar a toda la Tierra Media. Con la ayuda de un grupo de amigos y de valientes aliados, Frodo emprende un peligroso viaje con la misión de destruir el Anillo Único. Pero el Señor Oscuro Sauron, quien creara el Anillo, envía a sus servidores para perseguir al grupo. Si Sauron lograra recuperar el Anillo, sería el final de la Tierra Media.', 'https://image.tmdb.org/t/p/original/9xtH1RmAzQ0rrMBNUMXstb2s3er.jpg', 'https://image.tmdb.org/t/p/original/a0lfia8tk8ifkrve0Tn8wkISUvs.jpg', 'https://www.youtube.com/watch?v=3GJp6p_mgPo', 2001, 179);
INSERT OR REPLACE INTO Pelicula_Actor (id_pelicula, id_actor, personaje) VALUES (120, 109, 'Frodo');
INSERT OR REPLACE INTO Pelicula_Actor (id_pelicula, id_actor, personaje) VALUES (120, 1327, 'Gandalf');
INSERT OR REPLACE INTO Pelicula_Actor (id_pelicula, id_actor, personaje) VALUES (120, 110, 'Aragorn');
INSERT OR REPLACE INTO Pelicula_Actor (id_pelicula, id_actor, personaje) VALUES (120, 1328, 'Sam');
INSERT OR REPLACE INTO Pelicula_Actor (id_pelicula, id_actor, personaje) VALUES (120, 65, 'Bilbo');
INSERT OR IGNORE INTO Pelicula_Categoria (id_pelicula, id_categoria) VALUES (120, 1);
INSERT OR IGNORE INTO Pelicula_Categoria (id_pelicula, id_categoria) VALUES (120, 3);
INSERT OR IGNORE INTO Pelicula_Categoria (id_pelicula, id_categoria) VALUES (120, 5);
-- Fin película: El señor de los anillos: La comunidad del anillo --
INSERT OR IGNORE INTO Actor (id_actor, nombre, foto_path) VALUES (86302, 'Sunny Deol', 'https://image.tmdb.org/t/p/original/w9RenJriQVys2k5fa9ojkXpYMwO.jpg');
INSERT OR IGNORE INTO Actor (id_actor, nombre, foto_path) VALUES (1108119, 'Varun Dhawan', 'https://image.tmdb.org/t/p/original/gvvXYTpvO0Tu7naCDLL3tInyN2R.jpg');
INSERT OR IGNORE INTO Actor (id_actor, nombre, foto_path) VALUES (928221, 'Diljit Dosanjh', 'https://image.tmdb.org/t/p/original/xB57LAMYa1q3CaS0TZjgf4d2OaS.jpg');
INSERT OR IGNORE INTO Actor (id_actor, nombre, foto_path) VALUES (2633160, 'Ahan Shetty', 'https://image.tmdb.org/t/p/original/obZtTEPF38U7LVUVSLrIx4zUthv.jpg');
INSERT OR IGNORE INTO Actor (id_actor, nombre, foto_path) VALUES (99711, 'Mona Singh', 'https://image.tmdb.org/t/p/original/fBl5KYnlKY8HDUqlTs64xbDZtU8.jpg');
INSERT OR REPLACE INTO Pelicula (id_pelicula, titulo, descripcion, poster_path, backdrop_path, trailer, anio_estreno, duracion) VALUES (1213898, 'बॉर्डर २', '', 'https://image.tmdb.org/t/p/original/AmrCgmDPEJ6QxllS1rhjYwgO9Wb.jpg', 'https://image.tmdb.org/t/p/original/fzo85eKFEjfmJ781gubJQjpQAwF.jpg', '', 2026, 199);
INSERT OR REPLACE INTO Pelicula_Actor (id_pelicula, id_actor, personaje) VALUES (1213898, 86302, 'Lt. Col. Fateh Singh Kaler');
INSERT OR REPLACE INTO Pelicula_Actor (id_pelicula, id_actor, personaje) VALUES (1213898, 1108119, 'Major Hoshiar Singh Dahiya');
INSERT OR REPLACE INTO Pelicula_Actor (id_pelicula, id_actor, personaje) VALUES (1213898, 928221, 'Fg. Offr. Nirmal Jit Singh Sekhon');
INSERT OR REPLACE INTO Pelicula_Actor (id_pelicula, id_actor, personaje) VALUES (1213898, 2633160, 'Lt. Cdr. Mahendra S. Rawat');
INSERT OR REPLACE INTO Pelicula_Actor (id_pelicula, id_actor, personaje) VALUES (1213898, 99711, 'Simi Singh Kaler');
INSERT OR IGNORE INTO Pelicula_Categoria (id_pelicula, id_categoria) VALUES (1213898, 5);
INSERT OR IGNORE INTO Pelicula_Categoria (id_pelicula, id_categoria) VALUES (1213898, 7);
INSERT OR IGNORE INTO Pelicula_Categoria (id_pelicula, id_categoria) VALUES (1213898, 1);
-- Fin película: बॉर्डर २ --
INSERT OR IGNORE INTO Actor (id_actor, nombre, foto_path) VALUES (550843, 'Elizabeth Olsen', 'https://image.tmdb.org/t/p/original/wIU675y4dofIDVuhaNWPizJNtep.jpg');
INSERT OR IGNORE INTO Actor (id_actor, nombre, foto_path) VALUES (996701, 'Miles Teller', 'https://image.tmdb.org/t/p/original/aciu7YM8fD0BzrrA6cJ5wDKZIA6.jpg');
INSERT OR IGNORE INTO Actor (id_actor, nombre, foto_path) VALUES (1371041, 'Callum Turner', 'https://image.tmdb.org/t/p/original/1QqpyYbX6zyyrtlKAJLbKM4B4k9.jpg');
INSERT OR IGNORE INTO Actor (id_actor, nombre, foto_path) VALUES (1180099, 'Da''Vine Joy Randolph', 'https://image.tmdb.org/t/p/original/7RuYeGxTwFRt2q8fkT8nuEz1nIC.jpg');
INSERT OR IGNORE INTO Actor (id_actor, nombre, foto_path) VALUES (1542758, 'John Early', 'https://image.tmdb.org/t/p/original/byDLwLfv267cqrhIMlGrQffcSn4.jpg');
INSERT OR REPLACE INTO Pelicula (id_pelicula, titulo, descripcion, poster_path, backdrop_path, trailer, anio_estreno, duracion) VALUES (1259102, 'Eternity', 'En un más allá donde las almas tienen una semana para decidir dónde pasarán la eternidad, Joan (Elizabeth Olsen) se enfrenta a la diabólica disyuntiva de elegir entre el hombre con el que ha compartido su vida (Miles Teller) y su primer amor (Callum Turner), que murió joven y ha estado décadas esperando a que ella llegara.', 'https://image.tmdb.org/t/p/original/5zCTIGICQ9ykuBXDmS4rL1kEK9l.jpg', 'https://image.tmdb.org/t/p/original/fuacZLpnohQtLD0AhtCErcPVL98.jpg', 'https://www.youtube.com/watch?v=CRhIbHregpk', 2025, 114);
INSERT OR REPLACE INTO Pelicula_Actor (id_pelicula, id_actor, personaje) VALUES (1259102, 550843, 'Joan');
INSERT OR REPLACE INTO Pelicula_Actor (id_pelicula, id_actor, personaje) VALUES (1259102, 996701, 'Larry');
INSERT OR REPLACE INTO Pelicula_Actor (id_pelicula, id_actor, personaje) VALUES (1259102, 1371041, 'Luke');
INSERT OR REPLACE INTO Pelicula_Actor (id_pelicula, id_actor, personaje) VALUES (1259102, 1180099, 'Anna');
INSERT OR REPLACE INTO Pelicula_Actor (id_pelicula, id_actor, personaje) VALUES (1259102, 1542758, 'Ryan');
INSERT OR IGNORE INTO Pelicula_Categoria (id_pelicula, id_categoria) VALUES (1259102, 10);
INSERT OR IGNORE INTO Pelicula_Categoria (id_pelicula, id_categoria) VALUES (1259102, 12);
INSERT OR IGNORE INTO Pelicula_Categoria (id_pelicula, id_categoria) VALUES (1259102, 7);
-- Fin película: Eternity --
INSERT OR IGNORE INTO Actor (id_actor, nombre, foto_path) VALUES (6968, 'Hugh Jackman', 'https://image.tmdb.org/t/p/original/4Xujtewxqt6aU0Y81tsS9gkjizk.jpg');
INSERT OR IGNORE INTO Actor (id_actor, nombre, foto_path) VALUES (11661, 'Kate Hudson', 'https://image.tmdb.org/t/p/original/s79lH1QzEg2fkXULKBxRmU9aNr8.jpg');
INSERT OR IGNORE INTO Actor (id_actor, nombre, foto_path) VALUES (11486, 'Michael Imperioli', 'https://image.tmdb.org/t/p/original/jfoEHR6BRMg8emtujXdM3G4JHIm.jpg');
INSERT OR IGNORE INTO Actor (id_actor, nombre, foto_path) VALUES (26473, 'Fisher Stevens', 'https://image.tmdb.org/t/p/original/wWC6wbLV56RJGtyytMmmGvi054t.jpg');
INSERT OR IGNORE INTO Actor (id_actor, nombre, foto_path) VALUES (26485, 'Jim Belushi', 'https://image.tmdb.org/t/p/original/sdWBUZLyvmaRGvnZ1gLjTXHYar1.jpg');
INSERT OR REPLACE INTO Pelicula (id_pelicula, titulo, descripcion, poster_path, backdrop_path, trailer, anio_estreno, duracion) VALUES (1371185, 'Song Sung Blue - Canción para dos', 'La historia de dos músicos de poca fortuna que se lanzan con ilusión a formar una banda tributo a Neil Diamond, demostrando que nunca es demasiado tarde para encontrar el amor y cumplir tus sueños.', 'https://image.tmdb.org/t/p/original/iACF4iWIDxMQnEB48DMtbgE9jnQ.jpg', 'https://image.tmdb.org/t/p/original/mnEx3lTjjQYHMj55ZnZHQZVUlZ.jpg', 'https://www.youtube.com/watch?v=JCgkpDbtP98', 2025, 133);
INSERT OR REPLACE INTO Pelicula_Actor (id_pelicula, id_actor, personaje) VALUES (1371185, 6968, 'Mike Sardina');
INSERT OR REPLACE INTO Pelicula_Actor (id_pelicula, id_actor, personaje) VALUES (1371185, 11661, 'Claire Sardina');
INSERT OR REPLACE INTO Pelicula_Actor (id_pelicula, id_actor, personaje) VALUES (1371185, 11486, 'Mark Shurilla');
INSERT OR REPLACE INTO Pelicula_Actor (id_pelicula, id_actor, personaje) VALUES (1371185, 26473, 'Dr. Dave Watson');
INSERT OR REPLACE INTO Pelicula_Actor (id_pelicula, id_actor, personaje) VALUES (1371185, 26485, 'Tom D Amato');
INSERT OR IGNORE INTO Pelicula_Categoria (id_pelicula, id_categoria) VALUES (1371185, 7);
INSERT OR IGNORE INTO Pelicula_Categoria (id_pelicula, id_categoria) VALUES (1371185, 11);
INSERT OR IGNORE INTO Pelicula_Categoria (id_pelicula, id_categoria) VALUES (1371185, 10);
-- Fin película: Song Sung Blue - Canción para dos --
INSERT OR IGNORE INTO Actor (id_actor, nombre, foto_path) VALUES (459980, 'André Holland', 'https://image.tmdb.org/t/p/original/riYqFOgYLYH4Hw8p2JYTw5lXGDE.jpg');
INSERT OR IGNORE INTO Actor (id_actor, nombre, foto_path) VALUES (51072, 'Kate Mara', 'https://image.tmdb.org/t/p/original/xZYD8wYHMmN9dMMPiohnKEFoTGx.jpg');
INSERT OR IGNORE INTO Actor (id_actor, nombre, foto_path) VALUES (1545693, 'Zazie Beetz', 'https://image.tmdb.org/t/p/original/ijrT4pvALvxU0gphea4YxDnDh6e.jpg');
INSERT OR IGNORE INTO Actor (id_actor, nombre, foto_path) VALUES (196179, 'Stephen McKinley Henderson', 'https://image.tmdb.org/t/p/original/z2weSPo4sdMNj47tP5o0me41r2z.jpg');
INSERT OR IGNORE INTO Actor (id_actor, nombre, foto_path) VALUES (83860, 'Aldis Hodge', 'https://image.tmdb.org/t/p/original/enDU0pemco1mFxxdLKUzWakC6sk.jpg');
INSERT OR REPLACE INTO Pelicula (id_pelicula, titulo, descripcion, poster_path, backdrop_path, trailer, anio_estreno, duracion) VALUES (1180417, 'The Dutchman', 'Un exitoso empresario negro, atormentado por su infeliz matrimonio y una crisis de identidad, se ve inmerso en un juego sexualizado del gato y el ratón con una misteriosa mujer blanca que les deparará consecuencias imprevisibles.', 'https://image.tmdb.org/t/p/original/v7CCosgX9LcSpt7bXmqw5OzTFTV.jpg', 'https://image.tmdb.org/t/p/original/bUktSJyiZIs4qPpMopjz2NMY0s9.jpg', '', 2026, 95);
INSERT OR REPLACE INTO Pelicula_Actor (id_pelicula, id_actor, personaje) VALUES (1180417, 459980, 'Clay');
INSERT OR REPLACE INTO Pelicula_Actor (id_pelicula, id_actor, personaje) VALUES (1180417, 51072, 'Lula');
INSERT OR REPLACE INTO Pelicula_Actor (id_pelicula, id_actor, personaje) VALUES (1180417, 1545693, 'Kaya');
INSERT OR REPLACE INTO Pelicula_Actor (id_pelicula, id_actor, personaje) VALUES (1180417, 196179, 'Dr. Amiri');
INSERT OR REPLACE INTO Pelicula_Actor (id_pelicula, id_actor, personaje) VALUES (1180417, 83860, 'Warren');
INSERT OR IGNORE INTO Pelicula_Categoria (id_pelicula, id_categoria) VALUES (1180417, 7);
INSERT OR IGNORE INTO Pelicula_Categoria (id_pelicula, id_categoria) VALUES (1180417, 6);
-- Fin película: The Dutchman --
INSERT OR IGNORE INTO Actor (id_actor, nombre, foto_path) VALUES (72129, 'Jennifer Lawrence', 'https://image.tmdb.org/t/p/original/mDKMsjOMytyBiy7MHNZTa7gp7wj.jpg');
INSERT OR IGNORE INTO Actor (id_actor, nombre, foto_path) VALUES (11288, 'Robert Pattinson', 'https://image.tmdb.org/t/p/original/8A4PS5iG7GWEAVFftyqMZKl3qcr.jpg');
INSERT OR IGNORE INTO Actor (id_actor, nombre, foto_path) VALUES (5606, 'Sissy Spacek', 'https://image.tmdb.org/t/p/original/xAxenjxjLNQFq4v1ccS2to3Mnoq.jpg');
INSERT OR IGNORE INTO Actor (id_actor, nombre, foto_path) VALUES (1200864, 'LaKeith Stanfield', 'https://image.tmdb.org/t/p/original/x3k0HCpMNqEtVf2VKQrSCol1ia2.jpg');
INSERT OR IGNORE INTO Actor (id_actor, nombre, foto_path) VALUES (1733, 'Nick Nolte', 'https://image.tmdb.org/t/p/original/jpYzFBi6zfn8CHVaXmqgiOTas4V.jpg');
INSERT OR REPLACE INTO Pelicula (id_pelicula, titulo, descripcion, poster_path, backdrop_path, trailer, anio_estreno, duracion) VALUES (1033148, 'Die My Love', 'Intenso drama psicológico y comedia negra que sigue a Grace (Jennifer Lawrence), una joven madre y escritora que comienza a sufrir una profunda depresión posparto tras mudarse con su esposo Jackson (Robert Pattinson) a la zona rural de Montana, buscando una vida más tranquila. A medida que la salud mental de Grace se deteriora, su matrimonio se ve afectado, transitando territorios de psicosis, tensión y desesperación. La película explora con crudeza y complejidad temas de maternidad, salud mental y el impacto de la depresión en la pareja. Dirigida por Lynne Ramsay, el filme está basado en la novela de Ariana Harwicz y fue aclamado en el Festival de Cannes 2025, destacando las actuaciones poderosas de Lawrence y Pattinson, junto a un elenco que incluye a LaKeith Stanfield, Nick Nolte y Sissy Spacek. Con una narrativa inquietante y una atmósfera absorbente, "Die My Love" invita a una reflexión profunda sobre las luchas internas y el amor en medio del caos emocional.', 'https://image.tmdb.org/t/p/original/8sgIIVQppRC96wHW099xegCrIzw.jpg', 'https://image.tmdb.org/t/p/original/dEkFlZzj2cb5F7SShvqkL54E4lr.jpg', '', 2025, 118);
INSERT OR REPLACE INTO Pelicula_Actor (id_pelicula, id_actor, personaje) VALUES (1033148, 72129, 'Grace');
INSERT OR REPLACE INTO Pelicula_Actor (id_pelicula, id_actor, personaje) VALUES (1033148, 11288, 'Jackson');
INSERT OR REPLACE INTO Pelicula_Actor (id_pelicula, id_actor, personaje) VALUES (1033148, 5606, 'Pam');
INSERT OR REPLACE INTO Pelicula_Actor (id_pelicula, id_actor, personaje) VALUES (1033148, 1200864, 'Karl');
INSERT OR REPLACE INTO Pelicula_Actor (id_pelicula, id_actor, personaje) VALUES (1033148, 1733, 'Harry');
INSERT OR IGNORE INTO Pelicula_Categoria (id_pelicula, id_categoria) VALUES (1033148, 7);
-- Fin película: Die My Love --
INSERT OR IGNORE INTO Actor (id_actor, nombre, foto_path) VALUES (2092476, 'Karla Rodríguez Coronado', 'https://image.tmdb.org/t/p/original/ll0jiVSdiKB3kW6k3DbmwIOUzOP.jpg');
INSERT OR IGNORE INTO Actor (id_actor, nombre, foto_path) VALUES (2626036, 'Yankel Stevan', 'https://image.tmdb.org/t/p/original/a2D0aRbMQP0Xc5T092KFnRvflLW.jpg');
INSERT OR IGNORE INTO Actor (id_actor, nombre, foto_path) VALUES (5477662, 'Julia Maque', 'https://image.tmdb.org/t/p/original/ntgNULYyQMaeIx7ERNiEQW02E97.jpg');
INSERT OR IGNORE INTO Actor (id_actor, nombre, foto_path) VALUES (5780764, 'Cesar Serrano Prado "Parker"', '');
INSERT OR IGNORE INTO Actor (id_actor, nombre, foto_path) VALUES (2784005, 'María Ulloa', '');
INSERT OR REPLACE INTO Pelicula (id_pelicula, titulo, descripcion, poster_path, backdrop_path, trailer, anio_estreno, duracion) VALUES (772462, 'No Me Sigas', 'Carla sueña con convertirse en una gran influencer, para lograrlo decide fingir un embasa en su apartamento. Sin embargo, al jugar con estas fuerzas oscuras, accidentalmente deja entrar a una entidad maligna real.', 'https://image.tmdb.org/t/p/original/gop4DwcBeb9T3JTaxwDEHdJNqSq.jpg', 'https://image.tmdb.org/t/p/original/bAYEj5QmPKxxEuwhOtDtcaBYdnm.jpg', 'https://www.youtube.com/watch?v=aBx-Myc1D-M', 2025, 83);
INSERT OR REPLACE INTO Pelicula_Actor (id_pelicula, id_actor, personaje) VALUES (772462, 2092476, 'Carla');
INSERT OR REPLACE INTO Pelicula_Actor (id_pelicula, id_actor, personaje) VALUES (772462, 2626036, 'Andrés');
INSERT OR REPLACE INTO Pelicula_Actor (id_pelicula, id_actor, personaje) VALUES (772462, 5477662, 'Sam France');
INSERT OR REPLACE INTO Pelicula_Actor (id_pelicula, id_actor, personaje) VALUES (772462, 5780764, 'Espectro');
INSERT OR REPLACE INTO Pelicula_Actor (id_pelicula, id_actor, personaje) VALUES (772462, 2784005, 'Luciana');
INSERT OR IGNORE INTO Pelicula_Categoria (id_pelicula, id_categoria) VALUES (772462, 4);
INSERT OR IGNORE INTO Pelicula_Categoria (id_pelicula, id_categoria) VALUES (772462, 1);
-- Fin película: No Me Sigas --
INSERT OR IGNORE INTO Actor (id_actor, nombre, foto_path) VALUES (38673, 'Channing Tatum', 'https://image.tmdb.org/t/p/original/4TpgnS6l8YUXSne9Av9nda6mjxY.jpg');
INSERT OR IGNORE INTO Actor (id_actor, nombre, foto_path) VALUES (205, 'Kirsten Dunst', 'https://image.tmdb.org/t/p/original/yhLKGjuiMMdbGnFrR8AREkCZcVF.jpg');
INSERT OR IGNORE INTO Actor (id_actor, nombre, foto_path) VALUES (77335, 'Ben Mendelsohn', 'https://image.tmdb.org/t/p/original/pA9mu9D2IolVA0v2Yo0tJm6uUyI.jpg');
INSERT OR IGNORE INTO Actor (id_actor, nombre, foto_path) VALUES (1200864, 'LaKeith Stanfield', 'https://image.tmdb.org/t/p/original/x3k0HCpMNqEtVf2VKQrSCol1ia2.jpg');
INSERT OR IGNORE INTO Actor (id_actor, nombre, foto_path) VALUES (36594, 'Juno Temple', 'https://image.tmdb.org/t/p/original/nvsPrM4OKHVCDivgMx4FF6PgE5f.jpg');
INSERT OR REPLACE INTO Pelicula (id_pelicula, titulo, descripcion, poster_path, backdrop_path, trailer, anio_estreno, duracion) VALUES (1242419, 'Roofman', '', 'https://image.tmdb.org/t/p/original/xyMrN8wuD2nNWVDo1c4V2dkkzL5.jpg', 'https://image.tmdb.org/t/p/original/2YOnE2qmoyyOUqQsFit12gDSauk.jpg', '', 2025, 126);
INSERT OR REPLACE INTO Pelicula_Actor (id_pelicula, id_actor, personaje) VALUES (1242419, 38673, 'Jeffrey Manchester');
INSERT OR REPLACE INTO Pelicula_Actor (id_pelicula, id_actor, personaje) VALUES (1242419, 205, 'Leigh Wainscott');
INSERT OR REPLACE INTO Pelicula_Actor (id_pelicula, id_actor, personaje) VALUES (1242419, 77335, 'Pastor Ron');
INSERT OR REPLACE INTO Pelicula_Actor (id_pelicula, id_actor, personaje) VALUES (1242419, 1200864, 'Steve');
INSERT OR REPLACE INTO Pelicula_Actor (id_pelicula, id_actor, personaje) VALUES (1242419, 36594, 'Michelle');
INSERT OR IGNORE INTO Pelicula_Categoria (id_pelicula, id_categoria) VALUES (1242419, 9);
INSERT OR IGNORE INTO Pelicula_Categoria (id_pelicula, id_categoria) VALUES (1242419, 12);
INSERT OR IGNORE INTO Pelicula_Categoria (id_pelicula, id_categoria) VALUES (1242419, 7);
-- Fin película: Roofman --
INSERT OR IGNORE INTO Actor (id_actor, nombre, foto_path) VALUES (1335315, 'Georgina Campbell', 'https://image.tmdb.org/t/p/original/bZBCftcBTqdRwebl2v3tk8L32fr.jpg');
INSERT OR IGNORE INTO Actor (id_actor, nombre, foto_path) VALUES (1467219, 'Joe Keery', 'https://image.tmdb.org/t/p/original/szTqnUbV2uZE08MwREvnNmfx5fO.jpg');
INSERT OR IGNORE INTO Actor (id_actor, nombre, foto_path) VALUES (3896, 'Liam Neeson', 'https://image.tmdb.org/t/p/original/sRLev3wJioBgun3ZoeAUFpkLy0D.jpg');
INSERT OR IGNORE INTO Actor (id_actor, nombre, foto_path) VALUES (72305, 'Lesley Manville', 'https://image.tmdb.org/t/p/original/tioPlSoypjdME3oMu3g7XmgIIKS.jpg');
INSERT OR IGNORE INTO Actor (id_actor, nombre, foto_path) VALUES (1396124, 'Sosie Bacon', 'https://image.tmdb.org/t/p/original/2VyJpDaWrBvR75C6Ccw1fwF164.jpg');
INSERT OR REPLACE INTO Pelicula (id_pelicula, titulo, descripcion, poster_path, backdrop_path, trailer, anio_estreno, duracion) VALUES (696393, 'Alerta extinción', 'Un virus almacenado en una instalación gubernamental sale al exterior y causa estragos en el mundo.', 'https://image.tmdb.org/t/p/original/aioKGmYADqq09GEIY9vPhK5xoza.jpg', 'https://image.tmdb.org/t/p/original/sOLBfzX9hmFxrSMEIk3RKbV9QP6.jpg', '', 2026, 99);
INSERT OR REPLACE INTO Pelicula_Actor (id_pelicula, id_actor, personaje) VALUES (696393, 1335315, 'Naomi Williams');
INSERT OR REPLACE INTO Pelicula_Actor (id_pelicula, id_actor, personaje) VALUES (696393, 1467219, 'Travis 'Teacake' Meacham');
INSERT OR REPLACE INTO Pelicula_Actor (id_pelicula, id_actor, personaje) VALUES (696393, 3896, 'Robert Quinn');
INSERT OR REPLACE INTO Pelicula_Actor (id_pelicula, id_actor, personaje) VALUES (696393, 72305, 'Trini Romano');
INSERT OR REPLACE INTO Pelicula_Actor (id_pelicula, id_actor, personaje) VALUES (696393, 1396124, 'Dr. Hero Martins');
INSERT OR IGNORE INTO Pelicula_Categoria (id_pelicula, id_categoria) VALUES (696393, 12);
INSERT OR IGNORE INTO Pelicula_Categoria (id_pelicula, id_categoria) VALUES (696393, 3);
INSERT OR IGNORE INTO Pelicula_Categoria (id_pelicula, id_categoria) VALUES (696393, 6);
-- Fin película: Alerta extinción --
INSERT OR IGNORE INTO Actor (id_actor, nombre, foto_path) VALUES (2890913, 'Lea Mathilde Skar-Myren', 'https://image.tmdb.org/t/p/original/wRsFFN1lhGcVM5kQFnLRW0wlQXR.jpg');
INSERT OR IGNORE INTO Actor (id_actor, nombre, foto_path) VALUES (63769, 'Ane Dahl Torp', 'https://image.tmdb.org/t/p/original/loW4MVWGzbJJzcBb8HNotalmLtk.jpg');
INSERT OR IGNORE INTO Actor (id_actor, nombre, foto_path) VALUES (1384976, 'Thea Sofie Loch Næss', 'https://image.tmdb.org/t/p/original/fzd0RI8Vnsw1LoG81YthvdnaeJD.jpg');
INSERT OR IGNORE INTO Actor (id_actor, nombre, foto_path) VALUES (3126191, 'Flo Fagerli', 'https://image.tmdb.org/t/p/original/yem43JCCG9xpjTT1IuosGtmZVNA.jpg');
INSERT OR IGNORE INTO Actor (id_actor, nombre, foto_path) VALUES (3676023, 'Isac Calmroth', 'https://image.tmdb.org/t/p/original/doyeUwvMsSkNuNzak9kBt26fNuP.jpg');
INSERT OR REPLACE INTO Pelicula (id_pelicula, titulo, descripcion, poster_path, backdrop_path, trailer, anio_estreno, duracion) VALUES (1284120, 'La hermanastra fea', 'Elvira lucha contra su hermosa hermanastra en un reino donde la belleza reina suprema. Ella recurre a medidas extremas para cautivar al príncipe, en medio de una despiadada competición por la perfección física.', 'https://image.tmdb.org/t/p/original/4KjMMLHqKcAxNRTd5mhMDtNXW1P.jpg', 'https://image.tmdb.org/t/p/original/ev9kxdoJ5IYVprt1OvH2SMWJdU1.jpg', '', 2025, 109);
INSERT OR REPLACE INTO Pelicula_Actor (id_pelicula, id_actor, personaje) VALUES (1284120, 2890913, 'Elvira');
INSERT OR REPLACE INTO Pelicula_Actor (id_pelicula, id_actor, personaje) VALUES (1284120, 63769, 'Rebekka');
INSERT OR REPLACE INTO Pelicula_Actor (id_pelicula, id_actor, personaje) VALUES (1284120, 1384976, 'Agnes');
INSERT OR REPLACE INTO Pelicula_Actor (id_pelicula, id_actor, personaje) VALUES (1284120, 3126191, 'Alma');
INSERT OR REPLACE INTO Pelicula_Actor (id_pelicula, id_actor, personaje) VALUES (1284120, 3676023, 'Prince Julian');
INSERT OR IGNORE INTO Pelicula_Categoria (id_pelicula, id_categoria) VALUES (1284120, 4);
INSERT OR IGNORE INTO Pelicula_Categoria (id_pelicula, id_categoria) VALUES (1284120, 12);
INSERT OR IGNORE INTO Pelicula_Categoria (id_pelicula, id_categoria) VALUES (1284120, 3);
INSERT OR IGNORE INTO Pelicula_Categoria (id_pelicula, id_categoria) VALUES (1284120, 7);
-- Fin película: La hermanastra fea --
INSERT OR IGNORE INTO Actor (id_actor, nombre, foto_path) VALUES (109, 'Elijah Wood', 'https://image.tmdb.org/t/p/original/7UKRbJBNG7mxBl2QQc5XsAh6F8B.jpg');
INSERT OR IGNORE INTO Actor (id_actor, nombre, foto_path) VALUES (1327, 'Ian McKellen', 'https://image.tmdb.org/t/p/original/coWjgMEYJjk2OrNddlXCBm8EIr3.jpg');
INSERT OR IGNORE INTO Actor (id_actor, nombre, foto_path) VALUES (110, 'Viggo Mortensen', 'https://image.tmdb.org/t/p/original/vH5gVSpHAMhDaFWfh0Q7BG61O1y.jpg');
INSERT OR IGNORE INTO Actor (id_actor, nombre, foto_path) VALUES (1328, 'Sean Astin', 'https://image.tmdb.org/t/p/original/As3ctGUtBYmG4zj4Ifyrcqd71HP.jpg');
INSERT OR IGNORE INTO Actor (id_actor, nombre, foto_path) VALUES (1333, 'Andy Serkis', 'https://image.tmdb.org/t/p/original/eNGqhebQ4cDssjVeNFrKtUvweV5.jpg');
INSERT OR REPLACE INTO Pelicula (id_pelicula, titulo, descripcion, poster_path, backdrop_path, trailer, anio_estreno, duracion) VALUES (121, 'El señor de los anillos: Las dos torres', 'La Compañía del Anillo se ha disuelto. El portador del anillo Frodo y su fiel amigo Sam se dirigen hacia Mordor para destruir el Anillo Único y acabar con el poder de Sauron. Mientras, y tras la dura batalla contra los orcos donde cayó Boromir, el hombre Aragorn, el elfo Legolas y el enano Gimli intentan rescatar a los medianos Merry y Pipin, secuestrados por los ogros de Mordor. Por su parte, Saurón y el traidor Sarumán continúan con sus planes en Mordor, en espera de la guerra contra las razas libres de la Tierra Media.', 'https://image.tmdb.org/t/p/original/z632eZtXaw76ZE5mMMGOBXCpm1T.jpg', 'https://image.tmdb.org/t/p/original/kWYfW2Re0rUDE6IHhy4CRuKWeFr.jpg', 'https://www.youtube.com/watch?v=h-9RYiqyqjk', 2002, 180);
INSERT OR REPLACE INTO Pelicula_Actor (id_pelicula, id_actor, personaje) VALUES (121, 109, 'Frodo');
INSERT OR REPLACE INTO Pelicula_Actor (id_pelicula, id_actor, personaje) VALUES (121, 1327, 'Gandalf');
INSERT OR REPLACE INTO Pelicula_Actor (id_pelicula, id_actor, personaje) VALUES (121, 110, 'Aragorn');
INSERT OR REPLACE INTO Pelicula_Actor (id_pelicula, id_actor, personaje) VALUES (121, 1328, 'Sam');
INSERT OR REPLACE INTO Pelicula_Actor (id_pelicula, id_actor, personaje) VALUES (121, 1333, 'Gollum');
INSERT OR IGNORE INTO Pelicula_Categoria (id_pelicula, id_categoria) VALUES (121, 1);
INSERT OR IGNORE INTO Pelicula_Categoria (id_pelicula, id_categoria) VALUES (121, 3);
INSERT OR IGNORE INTO Pelicula_Categoria (id_pelicula, id_categoria) VALUES (121, 5);
-- Fin película: El señor de los anillos: Las dos torres --
INSERT OR IGNORE INTO Actor (id_actor, nombre, foto_path) VALUES (16972, 'Sergi López', 'https://image.tmdb.org/t/p/original/n3HcmUflYYaHUiQmzaayi0yqcRf.jpg');
INSERT OR IGNORE INTO Actor (id_actor, nombre, foto_path) VALUES (4180392, 'Bruno Núñez', 'https://image.tmdb.org/t/p/original/g8jn2IxoDJP7UctHnoxbO8hNsre.jpg');
INSERT OR IGNORE INTO Actor (id_actor, nombre, foto_path) VALUES (5362709, 'Stefania Gadda', 'https://image.tmdb.org/t/p/original/939QjJJZzlGOVDJsrC5D9RMxaBm.jpg');
INSERT OR IGNORE INTO Actor (id_actor, nombre, foto_path) VALUES (5362711, 'Joshua Liam Henderson', 'https://image.tmdb.org/t/p/original/jpijzr5w6WMFry6BTgGTWQ1TXz5.jpg');
INSERT OR IGNORE INTO Actor (id_actor, nombre, foto_path) VALUES (5678639, 'Richard Bellamy', 'https://image.tmdb.org/t/p/original/sGKh5mmADPWXMsCAVNpHHVHM5Ix.jpg');
INSERT OR REPLACE INTO Pelicula (id_pelicula, titulo, descripcion, poster_path, backdrop_path, trailer, anio_estreno, duracion) VALUES (1151272, 'Sirat: Trance en el desierto', 'Un hombre y su hijo que llegan a una rave perdidos en medio de lo que se describen como las áridas y fantasmagóricas montañas del sur de Marruecos.', 'https://image.tmdb.org/t/p/original/edEDZwU3kZerqdylZsyCn7feH23.jpg', 'https://image.tmdb.org/t/p/original/kOUV5WbisWMg56d8eB45ZHEVxYq.jpg', 'https://www.youtube.com/watch?v=MB6SL4gsldc', 2025, 130);
INSERT OR REPLACE INTO Pelicula_Actor (id_pelicula, id_actor, personaje) VALUES (1151272, 16972, 'Luis');
INSERT OR REPLACE INTO Pelicula_Actor (id_pelicula, id_actor, personaje) VALUES (1151272, 4180392, 'Esteban');
INSERT OR REPLACE INTO Pelicula_Actor (id_pelicula, id_actor, personaje) VALUES (1151272, 5362709, 'Steff');
INSERT OR REPLACE INTO Pelicula_Actor (id_pelicula, id_actor, personaje) VALUES (1151272, 5362711, 'Josh');
INSERT OR REPLACE INTO Pelicula_Actor (id_pelicula, id_actor, personaje) VALUES (1151272, 5678639, 'Bigui');
INSERT OR IGNORE INTO Pelicula_Categoria (id_pelicula, id_categoria) VALUES (1151272, 7);
INSERT OR IGNORE INTO Pelicula_Categoria (id_pelicula, id_categoria) VALUES (1151272, 6);
INSERT OR IGNORE INTO Pelicula_Categoria (id_pelicula, id_categoria) VALUES (1151272, 11);
-- Fin película: Sirat: Trance en el desierto --
INSERT OR IGNORE INTO Actor (id_actor, nombre, foto_path) VALUES (32895, 'Kevin James', 'https://image.tmdb.org/t/p/original/3WPW5duZyQcjveefxwLULgIyhM0.jpg');
INSERT OR IGNORE INTO Actor (id_actor, nombre, foto_path) VALUES (64295, 'Alan Ritchson', 'https://image.tmdb.org/t/p/original/92YNEEpCyugkTzPprJwZpvVtvuK.jpg');
INSERT OR IGNORE INTO Actor (id_actor, nombre, foto_path) VALUES (49001, 'Sarah Chalke', 'https://image.tmdb.org/t/p/original/ycwiu89cpjqCtSNC5FjbJggjj5R.jpg');
INSERT OR IGNORE INTO Actor (id_actor, nombre, foto_path) VALUES (52848, 'Isla Fisher', 'https://image.tmdb.org/t/p/original/zNKTzzuyMYaCGEZKhwhqV1K8ffo.jpg');
INSERT OR IGNORE INTO Actor (id_actor, nombre, foto_path) VALUES (21088, 'Alan Tudyk', 'https://image.tmdb.org/t/p/original/jUuUbPuMGonFT5E2pcs4alfqaCN.jpg');
INSERT OR REPLACE INTO Pelicula (id_pelicula, titulo, descripcion, poster_path, backdrop_path, trailer, anio_estreno, duracion) VALUES (1248226, 'Juegos de niños', 'Brian acaba de ser despedido de su trabajo, y se convierte en un padre que se queda en casa. Acepta una invitación para jugar de otro padre, que resulta ser un bala perdida.', 'https://image.tmdb.org/t/p/original/sWhglhFoGA0T7n5U6Yi0t8LBGjA.jpg', 'https://image.tmdb.org/t/p/original/5lQ4euO30sDin5nCifvi0vURFNd.jpg', '', 2025, 93);
INSERT OR REPLACE INTO Pelicula_Actor (id_pelicula, id_actor, personaje) VALUES (1248226, 32895, 'Brian');
INSERT OR REPLACE INTO Pelicula_Actor (id_pelicula, id_actor, personaje) VALUES (1248226, 64295, 'Jeff');
INSERT OR REPLACE INTO Pelicula_Actor (id_pelicula, id_actor, personaje) VALUES (1248226, 49001, 'Emily');
INSERT OR REPLACE INTO Pelicula_Actor (id_pelicula, id_actor, personaje) VALUES (1248226, 52848, 'Leslie');
INSERT OR REPLACE INTO Pelicula_Actor (id_pelicula, id_actor, personaje) VALUES (1248226, 21088, 'Simon Maddox');
INSERT OR IGNORE INTO Pelicula_Categoria (id_pelicula, id_categoria) VALUES (1248226, 5);
INSERT OR IGNORE INTO Pelicula_Categoria (id_pelicula, id_categoria) VALUES (1248226, 12);
INSERT OR IGNORE INTO Pelicula_Categoria (id_pelicula, id_categoria) VALUES (1248226, 12);
-- Fin película: Juegos de niños --
INSERT OR IGNORE INTO Actor (id_actor, nombre, foto_path) VALUES (157412, 'Charles Esten', 'https://image.tmdb.org/t/p/original/pd5Z0xe1CCRtaprwxdnP1rncNxj.jpg');
INSERT OR IGNORE INTO Actor (id_actor, nombre, foto_path) VALUES (18041, 'עודד פהר', 'https://image.tmdb.org/t/p/original/gcYVN3vx8tHedEz2RbVNSKs44Wm.jpg');
INSERT OR IGNORE INTO Actor (id_actor, nombre, foto_path) VALUES (1469128, 'Brec Bassinger', 'https://image.tmdb.org/t/p/original/6nphhVy6fCrcfdYktAzaiScUAMP.jpg');
INSERT OR IGNORE INTO Actor (id_actor, nombre, foto_path) VALUES (1194140, 'Joel Johnstone', 'https://image.tmdb.org/t/p/original/rTZOxiElCdLrNl42ESe45vXJaDo.jpg');
INSERT OR IGNORE INTO Actor (id_actor, nombre, foto_path) VALUES (1906728, 'Lauren Call', 'https://image.tmdb.org/t/p/original/mzqJqeorBaYG8R3f52HGWbcBc7Z.jpg');
INSERT OR REPLACE INTO Pelicula (id_pelicula, titulo, descripcion, poster_path, backdrop_path, trailer, anio_estreno, duracion) VALUES (1249508, 'Grizzly Night', '', 'https://image.tmdb.org/t/p/original/3ppOwa6PEtGsIiDPdZHUbEqgIY7.jpg', 'https://image.tmdb.org/t/p/original/i275mAQP4KhPtYUpMUgBGMmK4WN.jpg', '', 2026, 93);
INSERT OR REPLACE INTO Pelicula_Actor (id_pelicula, id_actor, personaje) VALUES (1249508, 157412, 'Gary Bunney');
INSERT OR REPLACE INTO Pelicula_Actor (id_pelicula, id_actor, personaje) VALUES (1249508, 18041, 'Dr. John Lindberg');
INSERT OR REPLACE INTO Pelicula_Actor (id_pelicula, id_actor, personaje) VALUES (1249508, 1469128, 'Julie Helgeson');
INSERT OR REPLACE INTO Pelicula_Actor (id_pelicula, id_actor, personaje) VALUES (1249508, 1194140, 'Father Connolly');
INSERT OR REPLACE INTO Pelicula_Actor (id_pelicula, id_actor, personaje) VALUES (1249508, 1906728, 'Joan Devereaux');
INSERT OR IGNORE INTO Pelicula_Categoria (id_pelicula, id_categoria) VALUES (1249508, 4);
INSERT OR IGNORE INTO Pelicula_Categoria (id_pelicula, id_categoria) VALUES (1249508, 6);
-- Fin película: Grizzly Night --
INSERT OR IGNORE INTO Actor (id_actor, nombre, foto_path) VALUES (587506, 'Shameik Moore', 'https://image.tmdb.org/t/p/original/ovUKfVOwJ7CadEHaG3NDsfA5xRq.jpg');
INSERT OR IGNORE INTO Actor (id_actor, nombre, foto_path) VALUES (543505, 'Jake Johnson', 'https://image.tmdb.org/t/p/original/3UNfW2qZgRkW81neNVfQvaRC92K.jpg');
INSERT OR IGNORE INTO Actor (id_actor, nombre, foto_path) VALUES (130640, 'Hailee Steinfeld', 'https://image.tmdb.org/t/p/original/jiClUr3gaySWAyfXAHiCgmmtvij.jpg');
INSERT OR IGNORE INTO Actor (id_actor, nombre, foto_path) VALUES (932967, 'Mahershala Ali', 'https://image.tmdb.org/t/p/original/9ZmSejm5lnUVY5IJ1iNx2QEjnHb.jpg');
INSERT OR IGNORE INTO Actor (id_actor, nombre, foto_path) VALUES (226366, 'Brian Tyree Henry', 'https://image.tmdb.org/t/p/original/1UgDnFt3OteCJQPiUelWzIR5bvT.jpg');
INSERT OR REPLACE INTO Pelicula (id_pelicula, titulo, descripcion, poster_path, backdrop_path, trailer, anio_estreno, duracion) VALUES (324857, 'Spider-Man: un nuevo universo', 'En un universo paralelo donde Peter Parker ha muerto, un joven de secundaria llamado Miles Morales es el nuevo Spider-Man. Sin embargo, cuando el líder mafioso Wilson Fisk construye el ''Super Colisionador'' trae a una versión alternativa de Peter Parker que tratará de enseñar a Miles como ser un mejor Spider-Man. Pero no será el único Spider Man en entrar a este universo:  cuatro versiones alternativas buscan regresar a su universo antes de que toda la realidad se colapse.', 'https://image.tmdb.org/t/p/original/xRMZikjAHNFebD1FLRqgDZeGV4a.jpg', 'https://image.tmdb.org/t/p/original/8mnXR9rey5uQ08rZAvzojKWbDQS.jpg', 'https://www.youtube.com/watch?v=qLObEn9IK20', 2018, 116);
INSERT OR REPLACE INTO Pelicula_Actor (id_pelicula, id_actor, personaje) VALUES (324857, 587506, 'Miles Morales (voice)');
INSERT OR REPLACE INTO Pelicula_Actor (id_pelicula, id_actor, personaje) VALUES (324857, 543505, 'Peter B. Parker (voice)');
INSERT OR REPLACE INTO Pelicula_Actor (id_pelicula, id_actor, personaje) VALUES (324857, 130640, 'Gwen Stacy (voice)');
INSERT OR REPLACE INTO Pelicula_Actor (id_pelicula, id_actor, personaje) VALUES (324857, 932967, 'Uncle Aaron (voice)');
INSERT OR REPLACE INTO Pelicula_Actor (id_pelicula, id_actor, personaje) VALUES (324857, 226366, 'Jefferson Davis (voice)');
INSERT OR IGNORE INTO Pelicula_Categoria (id_pelicula, id_categoria) VALUES (324857, 5);
INSERT OR IGNORE INTO Pelicula_Categoria (id_pelicula, id_categoria) VALUES (324857, 5);
INSERT OR IGNORE INTO Pelicula_Categoria (id_pelicula, id_categoria) VALUES (324857, 1);
INSERT OR IGNORE INTO Pelicula_Categoria (id_pelicula, id_categoria) VALUES (324857, 3);
-- Fin película: Spider-Man: un nuevo universo --
INSERT OR IGNORE INTO Actor (id_actor, nombre, foto_path) VALUES (74568, 'Chris Hemsworth', 'https://image.tmdb.org/t/p/original/piQGdoIQOF3C1EI5cbYZLAW1gfj.jpg');
INSERT OR IGNORE INTO Actor (id_actor, nombre, foto_path) VALUES (4587, 'Halle Berry', 'https://image.tmdb.org/t/p/original/wtFetpWV8kjBsvzYKN9uEEmPdpy.jpg');
INSERT OR IGNORE INTO Actor (id_actor, nombre, foto_path) VALUES (103, 'Mark Ruffalo', 'https://image.tmdb.org/t/p/original/5GilHMOt5PAQh6rlUKZzGmaKEI7.jpg');
INSERT OR IGNORE INTO Actor (id_actor, nombre, foto_path) VALUES (1290466, 'Barry Keoghan', 'https://image.tmdb.org/t/p/original/ngoitknM6hw8fffLywyvjzy6Iti.jpg');
INSERT OR IGNORE INTO Actor (id_actor, nombre, foto_path) VALUES (1525043, 'Monica Barbaro', 'https://image.tmdb.org/t/p/original/fcujBTiKyZgJzaDenhv5ryo9SyB.jpg');
INSERT OR REPLACE INTO Pelicula (id_pelicula, titulo, descripcion, poster_path, backdrop_path, trailer, anio_estreno, duracion) VALUES (1171145, 'Ruta de escape', 'Davis es un escurridizo ladrón cuyos atracos de alto riesgo tienen desconcertada a la policía. Davis está planeando su mayor golpe, con la esperanza de que sea el último, cuando se cruza en su camino Sharon, una desilusionada ejecutiva de seguros con la que se ve obligado a trabajar, y Orman un ladrón rival, con métodos mucho más inquietantes que los de Davis. A medida que se acerca el golpe multimillonario, el implacable teniente Lubesnik, se acerca a la operación, aumentando considerablemente el riesgo de lo que está en juego y difuminando la línea entre cazador y presa. Pronto, cada uno tendrá que aceptar el coste de sus decisiones asumiendo que no hay vuelta atrás.', 'https://image.tmdb.org/t/p/original/wkmzt08vghSGlLYuqJpx4e2moRX.jpg', 'https://image.tmdb.org/t/p/original/2t25zHKX3PAUZWppuLD36JGdgCA.jpg', 'https://www.youtube.com/watch?v=fx72CaxjqNA', 2026, 141);
INSERT OR REPLACE INTO Pelicula_Actor (id_pelicula, id_actor, personaje) VALUES (1171145, 74568, 'Mike Davis');
INSERT OR REPLACE INTO Pelicula_Actor (id_pelicula, id_actor, personaje) VALUES (1171145, 4587, 'Sharon');
INSERT OR REPLACE INTO Pelicula_Actor (id_pelicula, id_actor, personaje) VALUES (1171145, 103, 'Detective Lou Lubesnick');
INSERT OR REPLACE INTO Pelicula_Actor (id_pelicula, id_actor, personaje) VALUES (1171145, 1290466, 'Ormon');
INSERT OR REPLACE INTO Pelicula_Actor (id_pelicula, id_actor, personaje) VALUES (1171145, 1525043, 'Maya');
INSERT OR IGNORE INTO Pelicula_Categoria (id_pelicula, id_categoria) VALUES (1171145, 9);
INSERT OR IGNORE INTO Pelicula_Categoria (id_pelicula, id_categoria) VALUES (1171145, 6);
-- Fin película: Ruta de escape --
INSERT OR IGNORE INTO Actor (id_actor, nombre, foto_path) VALUES (10982, 'Harry Melling', 'https://image.tmdb.org/t/p/original/b0pHwi2MeqxEpeWnF4Llihu53aJ.jpg');
INSERT OR IGNORE INTO Actor (id_actor, nombre, foto_path) VALUES (28846, 'Alexander Skarsgård', 'https://image.tmdb.org/t/p/original/yOzQcgu2y1ABr7azSCRqFxBMFdq.jpg');
INSERT OR IGNORE INTO Actor (id_actor, nombre, foto_path) VALUES (80366, 'Lesley Sharp', 'https://image.tmdb.org/t/p/original/oujHtdmwMCyppe9b7QHWJeNFN7i.jpg');
INSERT OR IGNORE INTO Actor (id_actor, nombre, foto_path) VALUES (80149, 'Douglas Hodge', 'https://image.tmdb.org/t/p/original/tENL3Uxt07Rn21o0y0eolwTnkoZ.jpg');
INSERT OR IGNORE INTO Actor (id_actor, nombre, foto_path) VALUES (1024242, 'Jake Shears', 'https://image.tmdb.org/t/p/original/gTKLY5Uk5remKLfUXCLnvbSU2bi.jpg');
INSERT OR REPLACE INTO Pelicula (id_pelicula, titulo, descripcion, poster_path, backdrop_path, trailer, anio_estreno, duracion) VALUES (1287141, 'Pillion', 'Colin, un hombre introvertido, se queda prendado de Ray, el carismático y atractivo líder de una banda de moteros que le toma como sumiso, dinamitando su rutina y cambiándole la vida.', 'https://image.tmdb.org/t/p/original/7Pd6ChSQjSXy4snJiorSdzg2cG3.jpg', 'https://image.tmdb.org/t/p/original/rBYrtkAy9YtRuFpX1g6JbcjRT8h.jpg', 'https://www.youtube.com/watch?v=_DGg2UEqraI', 2025, 107);
INSERT OR REPLACE INTO Pelicula_Actor (id_pelicula, id_actor, personaje) VALUES (1287141, 10982, 'Colin');
INSERT OR REPLACE INTO Pelicula_Actor (id_pelicula, id_actor, personaje) VALUES (1287141, 28846, 'Ray');
INSERT OR REPLACE INTO Pelicula_Actor (id_pelicula, id_actor, personaje) VALUES (1287141, 80366, 'Peggy');
INSERT OR REPLACE INTO Pelicula_Actor (id_pelicula, id_actor, personaje) VALUES (1287141, 80149, 'Pete');
INSERT OR REPLACE INTO Pelicula_Actor (id_pelicula, id_actor, personaje) VALUES (1287141, 1024242, 'Kevin');
INSERT OR IGNORE INTO Pelicula_Categoria (id_pelicula, id_categoria) VALUES (1287141, 10);
INSERT OR IGNORE INTO Pelicula_Categoria (id_pelicula, id_categoria) VALUES (1287141, 7);
INSERT OR IGNORE INTO Pelicula_Categoria (id_pelicula, id_categoria) VALUES (1287141, 12);
-- Fin película: Pillion --
INSERT OR IGNORE INTO Actor (id_actor, nombre, foto_path) VALUES (1716008, '이선빈', 'https://image.tmdb.org/t/p/original/8YwNd9PhSym4357gCu9RCDdPXqx.jpg');
INSERT OR IGNORE INTO Actor (id_actor, nombre, foto_path) VALUES (1256347, '김민석', 'https://image.tmdb.org/t/p/original/A8POmaPo3zo95dyHQeT4irCAMjn.jpg');
INSERT OR IGNORE INTO Actor (id_actor, nombre, foto_path) VALUES (2431103, '전익령', 'https://image.tmdb.org/t/p/original/aBfBZ4JqmFBoLSDah860sEX5ggE.jpg');
INSERT OR IGNORE INTO Actor (id_actor, nombre, foto_path) VALUES (2239782, '류경수', 'https://image.tmdb.org/t/p/original/4tjiTN3osUTaXE8lFAyK2Sjl8Lw.jpg');
INSERT OR IGNORE INTO Actor (id_actor, nombre, foto_path) VALUES (3652323, '한수아', 'https://image.tmdb.org/t/p/original/gFOoNJK0l3wginNKrsjBpPwVnxf.jpg');
INSERT OR REPLACE INTO Pelicula (id_pelicula, titulo, descripcion, poster_path, backdrop_path, trailer, anio_estreno, duracion) VALUES (1194963, '노이즈', '', 'https://image.tmdb.org/t/p/original/eh6yfJkbdhHnGkQ4EA6owlk6B7J.jpg', 'https://image.tmdb.org/t/p/original/zeMMVjOFwXPfRIW6HzaEr0UQlRY.jpg', '', 2025, 95);
INSERT OR REPLACE INTO Pelicula_Actor (id_pelicula, id_actor, personaje) VALUES (1194963, 1716008, 'Joo-young');
INSERT OR REPLACE INTO Pelicula_Actor (id_pelicula, id_actor, personaje) VALUES (1194963, 1256347, 'Gi-hun');
INSERT OR REPLACE INTO Pelicula_Actor (id_pelicula, id_actor, personaje) VALUES (1194963, 2431103, 'Jeong-in');
INSERT OR REPLACE INTO Pelicula_Actor (id_pelicula, id_actor, personaje) VALUES (1194963, 2239782, 'Park Geun-bae');
INSERT OR REPLACE INTO Pelicula_Actor (id_pelicula, id_actor, personaje) VALUES (1194963, 3652323, 'Joo-hee');
INSERT OR IGNORE INTO Pelicula_Categoria (id_pelicula, id_categoria) VALUES (1194963, 4);
INSERT OR IGNORE INTO Pelicula_Categoria (id_pelicula, id_categoria) VALUES (1194963, 6);
-- Fin película: 노이즈 --

-- === LOTE: Now Playing - Page 5 (2026-02-06T06:35:37.008Z) ===
INSERT OR IGNORE INTO Actor (id_actor, nombre, foto_path) VALUES (37917, 'Kristen Stewart', 'https://image.tmdb.org/t/p/original/ryhCjTGqS6G6OprbR0qUEH355lA.jpg');
INSERT OR IGNORE INTO Actor (id_actor, nombre, foto_path) VALUES (11288, 'Robert Pattinson', 'https://image.tmdb.org/t/p/original/8A4PS5iG7GWEAVFftyqMZKl3qcr.jpg');
INSERT OR IGNORE INTO Actor (id_actor, nombre, foto_path) VALUES (21029, 'Billy Burke', 'https://image.tmdb.org/t/p/original/AoyN5a1TNRa4OCeylcXusQM1bD4.jpg');
INSERT OR IGNORE INTO Actor (id_actor, nombre, foto_path) VALUES (56857, 'Peter Facinelli', 'https://image.tmdb.org/t/p/original/mmha3A5INmromiCsN8FBSLScVpZ.jpg');
INSERT OR IGNORE INTO Actor (id_actor, nombre, foto_path) VALUES (45827, 'Ashley Greene', 'https://image.tmdb.org/t/p/original/d7UyEB3cm4doT5JgkZb68PmG4sT.jpg');
INSERT OR REPLACE INTO Pelicula (id_pelicula, titulo, descripcion, poster_path, backdrop_path, trailer, anio_estreno, duracion) VALUES (8966, 'Crepúsculo', 'La joven Bella Swan siempre fue una chica muy diferente ya en sus años de niña en Phoenix. Cuando su madre se volvió a casar, la mandó a vivir con su padre, a la pequeña y lluviosa ciudad de Forks, Washington, una población sin ningún aliciente para Bella. Pero entonces conoce en el instituo al misterioso y atractivo Edward Cullen, un joven distinto a los demás que esconde un secreto...', 'https://image.tmdb.org/t/p/original/40ollvfwHaVF85lkkg522SIl3Qc.jpg', 'https://image.tmdb.org/t/p/original/weAYfu6FfrNxEDJ3xH1XpgQcqUv.jpg', 'https://www.youtube.com/watch?v=UBbpGSszXtU', 2008, 122);
INSERT OR REPLACE INTO Pelicula_Actor (id_pelicula, id_actor, personaje) VALUES (8966, 37917, 'Bella Swan');
INSERT OR REPLACE INTO Pelicula_Actor (id_pelicula, id_actor, personaje) VALUES (8966, 11288, 'Edward Cullen');
INSERT OR REPLACE INTO Pelicula_Actor (id_pelicula, id_actor, personaje) VALUES (8966, 21029, 'Charlie Swan');
INSERT OR REPLACE INTO Pelicula_Actor (id_pelicula, id_actor, personaje) VALUES (8966, 56857, 'Dr. Carlisle Cullen');
INSERT OR REPLACE INTO Pelicula_Actor (id_pelicula, id_actor, personaje) VALUES (8966, 45827, 'Alice Cullen');
INSERT OR IGNORE INTO Pelicula_Categoria (id_pelicula, id_categoria) VALUES (8966, 3);
INSERT OR IGNORE INTO Pelicula_Categoria (id_pelicula, id_categoria) VALUES (8966, 7);
INSERT OR IGNORE INTO Pelicula_Categoria (id_pelicula, id_categoria) VALUES (8966, 10);
-- Fin película: Crepúsculo --
INSERT OR IGNORE INTO Actor (id_actor, nombre, foto_path) VALUES (1537084, 'Siena Agudong', 'https://image.tmdb.org/t/p/original/yztIHfFmlKpJnMtFlq5aAfsXQvp.jpg');
INSERT OR IGNORE INTO Actor (id_actor, nombre, foto_path) VALUES (3032312, 'Noah Beck', 'https://image.tmdb.org/t/p/original/krpgJKcm4FWPSq4eRSaI50OBdxD.jpg');
INSERT OR IGNORE INTO Actor (id_actor, nombre, foto_path) VALUES (1475818, 'Drew Ray Tanner', 'https://image.tmdb.org/t/p/original/hEDc4uUmrx0pE93bwYoUWE6jvSB.jpg');
INSERT OR IGNORE INTO Actor (id_actor, nombre, foto_path) VALUES (19210, 'James Van Der Beek', 'https://image.tmdb.org/t/p/original/5CzRqYzRMNevIu6rB8gUFKpsKZL.jpg');
INSERT OR IGNORE INTO Actor (id_actor, nombre, foto_path) VALUES (211458, 'Deborah Cox', 'https://image.tmdb.org/t/p/original/1gP8DmE0Tp2TrbHaE6WUu692pdT.jpg');
INSERT OR REPLACE INTO Pelicula (id_pelicula, titulo, descripcion, poster_path, backdrop_path, trailer, anio_estreno, duracion) VALUES (957119, 'El quaterback y yo', 'Cuando Dallas, una joven y ambiciosa bailarina que sueña con escapar de su pueblo, conoce al quarterback y estrella del equipo, las chispas saltan y la tensión aumenta. Decidida a conseguir una codiciada beca para estudiar danza en una prestigiosa escuela de baile, ella se centra en su futuro, mientras que él se enfrenta a sus propias incertidumbres tras la universidad. A pesar de su innegable química, sus ambiciones enfrentadas y la inminente separación les obligan a enfrentarse a la pregunta más difícil de todas: ¿puede sobrevivir el amor cuando el futuro parece decidido a separarlos?', 'https://image.tmdb.org/t/p/original/sIWv5HtDlUFvacsuA1fRNWZ5GFH.jpg', 'https://image.tmdb.org/t/p/original/wbDkvShcrveXNFsgyujY4kdurVa.jpg', '', 2025, 99);
INSERT OR REPLACE INTO Pelicula_Actor (id_pelicula, id_actor, personaje) VALUES (957119, 1537084, 'Dallas Bryan');
INSERT OR REPLACE INTO Pelicula_Actor (id_pelicula, id_actor, personaje) VALUES (957119, 3032312, 'Drayton Lahey');
INSERT OR REPLACE INTO Pelicula_Actor (id_pelicula, id_actor, personaje) VALUES (957119, 1475818, 'Nathan Bryan');
INSERT OR REPLACE INTO Pelicula_Actor (id_pelicula, id_actor, personaje) VALUES (957119, 19210, 'Leroy Lahey');
INSERT OR REPLACE INTO Pelicula_Actor (id_pelicula, id_actor, personaje) VALUES (957119, 211458, 'Miss Alicia');
INSERT OR IGNORE INTO Pelicula_Categoria (id_pelicula, id_categoria) VALUES (957119, 12);
INSERT OR IGNORE INTO Pelicula_Categoria (id_pelicula, id_categoria) VALUES (957119, 10);
-- Fin película: El quaterback y yo --
INSERT OR IGNORE INTO Actor (id_actor, nombre, foto_path) VALUES (22970, 'Peter Dinklage', 'https://image.tmdb.org/t/p/original/9CAd7wr8QZyIN0E7nm8v1B6WkGn.jpg');
INSERT OR IGNORE INTO Actor (id_actor, nombre, foto_path) VALUES (1277188, 'Jacob Tremblay', 'https://image.tmdb.org/t/p/original/h8CXDp86Y36CUENF4SXJq5ZRTsf.jpg');
INSERT OR IGNORE INTO Actor (id_actor, nombre, foto_path) VALUES (1335818, 'Taylour Paige', 'https://image.tmdb.org/t/p/original/KTX1trmIfVa7MFkZmES1MVjl79.jpg');
INSERT OR IGNORE INTO Actor (id_actor, nombre, foto_path) VALUES (1836, 'Julia Davis', 'https://image.tmdb.org/t/p/original/wsUNCSKoNQTgSdlr9FIeIR6hRAd.jpg');
INSERT OR IGNORE INTO Actor (id_actor, nombre, foto_path) VALUES (1323612, 'Jonny Coyne', 'https://image.tmdb.org/t/p/original/6PSW0qaoY3KSnWUUv6f54NOuPC0.jpg');
INSERT OR REPLACE INTO Pelicula (id_pelicula, titulo, descripcion, poster_path, backdrop_path, trailer, anio_estreno, duracion) VALUES (338969, 'El Vengador Tóxico', 'Cuando un conserje oprimido, Winston Gooze, sufre un catastrófico accidente tóxico, se transforma en un nuevo tipo de héroe: el Vengador Tóxico. Ahora, Toxie debe pasar de ser un paria a ser un salvador, enfrentándose a despiadados capos corporativos y fuerzas corruptas que amenazan a su hijo, sus amigos y su comunidad.', 'https://image.tmdb.org/t/p/original/41wHrp3eAJlcNogEjLqHoFiSPcg.jpg', 'https://image.tmdb.org/t/p/original/ewxiPfbKklk9FJZ2ECsDyJDQjvX.jpg', '', 2025, 102);
INSERT OR REPLACE INTO Pelicula_Actor (id_pelicula, id_actor, personaje) VALUES (338969, 22970, 'Winston / Toxie, the Hero');
INSERT OR REPLACE INTO Pelicula_Actor (id_pelicula, id_actor, personaje) VALUES (338969, 1277188, 'Wade, the Kid');
INSERT OR REPLACE INTO Pelicula_Actor (id_pelicula, id_actor, personaje) VALUES (338969, 1335818, 'J.J. Doherty, the Wild Card');
INSERT OR REPLACE INTO Pelicula_Actor (id_pelicula, id_actor, personaje) VALUES (338969, 1836, 'Kissy Sturnevan, his Associate');
INSERT OR REPLACE INTO Pelicula_Actor (id_pelicula, id_actor, personaje) VALUES (338969, 1323612, 'Thad Barkabus, the Big Boss');
INSERT OR IGNORE INTO Pelicula_Categoria (id_pelicula, id_categoria) VALUES (338969, 5);
INSERT OR IGNORE INTO Pelicula_Categoria (id_pelicula, id_categoria) VALUES (338969, 12);
INSERT OR IGNORE INTO Pelicula_Categoria (id_pelicula, id_categoria) VALUES (338969, 3);
-- Fin película: El Vengador Tóxico --
INSERT OR IGNORE INTO Actor (id_actor, nombre, foto_path) VALUES (501, 'Dakota Fanning', 'https://image.tmdb.org/t/p/original/hwcO08SVWkelfvgfIa5HsTMxsK8.jpg');
INSERT OR IGNORE INTO Actor (id_actor, nombre, foto_path) VALUES (10742, 'Teri Hatcher', 'https://image.tmdb.org/t/p/original/3VWdF8ujA3V0WI41YpKdqRv6PNW.jpg');
INSERT OR IGNORE INTO Actor (id_actor, nombre, foto_path) VALUES (12094, 'Jennifer Saunders', 'https://image.tmdb.org/t/p/original/pTgxwHcz9L8SNVYvPJS0o0lgHya.jpg');
INSERT OR IGNORE INTO Actor (id_actor, nombre, foto_path) VALUES (5539, 'Dawn French', 'https://image.tmdb.org/t/p/original/eLFCJSTEeh7CDRw50RzowKz4h7V.jpg');
INSERT OR IGNORE INTO Actor (id_actor, nombre, foto_path) VALUES (65827, 'Keith David', 'https://image.tmdb.org/t/p/original/hwykAZLSIP5Cb2bbauZ4CEEmq0u.jpg');
INSERT OR REPLACE INTO Pelicula (id_pelicula, titulo, descripcion, poster_path, backdrop_path, trailer, anio_estreno, duracion) VALUES (14836, 'Los mundos de Coraline', 'Película de animación en la que se nos cuenta la historia de Coraline, una jovencita que descubre en su nueva casa una puerta secreta y decide abrirla. Al hacerlo, descubre una segunda versión de su vida, una vida paralela a la que ella tiene. A primera vista, la realidad paralela es curiosamente parecida a su vida de verdad, aunque mucho mejor. Pero cuando su increíble y maravillosa aventura empieza a tomar un cariz peligroso, su otra madre intenta mantenerla a su lado para siempre. Coraline deberá recurrir a su determinación y coraje, a la ayuda de los vecinos y a un gato negro con el don del habla para salvar a sus auténticos padres, a unos niños fantasmas y regresar a casa.', 'https://image.tmdb.org/t/p/original/xz1HjxeqpIACyPtJMqv33Z2RjRP.jpg', 'https://image.tmdb.org/t/p/original/hofnlIyF6bePkgQOpcuRWLvzf15.jpg', 'https://www.youtube.com/watch?v=ksOiRS2YO1U', 2009, 101);
INSERT OR REPLACE INTO Pelicula_Actor (id_pelicula, id_actor, personaje) VALUES (14836, 501, 'Coraline Jones (voice)');
INSERT OR REPLACE INTO Pelicula_Actor (id_pelicula, id_actor, personaje) VALUES (14836, 10742, 'Mel Jones / Other Mother (voice)');
INSERT OR REPLACE INTO Pelicula_Actor (id_pelicula, id_actor, personaje) VALUES (14836, 12094, 'Miss April Spink / Other Spink (voice)');
INSERT OR REPLACE INTO Pelicula_Actor (id_pelicula, id_actor, personaje) VALUES (14836, 5539, 'Miss Miriam Forcible / Other Forcible (voice)');
INSERT OR REPLACE INTO Pelicula_Actor (id_pelicula, id_actor, personaje) VALUES (14836, 65827, 'The Cat (voice)');
INSERT OR IGNORE INTO Pelicula_Categoria (id_pelicula, id_categoria) VALUES (14836, 5);
INSERT OR IGNORE INTO Pelicula_Categoria (id_pelicula, id_categoria) VALUES (14836, 12);
INSERT OR IGNORE INTO Pelicula_Categoria (id_pelicula, id_categoria) VALUES (14836, 3);
-- Fin película: Los mundos de Coraline --
INSERT OR IGNORE INTO Actor (id_actor, nombre, foto_path) VALUES (1648346, 'Robert Aramayo', 'https://image.tmdb.org/t/p/original/1wqSZVvB018H2mZbemMSn6gH4zq.jpg');
INSERT OR IGNORE INTO Actor (id_actor, nombre, foto_path) VALUES (76944, 'Maxine Peake', 'https://image.tmdb.org/t/p/original/uChlrL5WyeXhvGFaNvbzw1KqMgP.jpg');
INSERT OR IGNORE INTO Actor (id_actor, nombre, foto_path) VALUES (1834, 'Shirley Henderson', 'https://image.tmdb.org/t/p/original/dxVvLjGNKVMl5lDXXInJ7xWpCvl.jpg');
INSERT OR IGNORE INTO Actor (id_actor, nombre, foto_path) VALUES (3064, 'Peter Mullan', 'https://image.tmdb.org/t/p/original/dvu5PWJK6Vv4xnYyMzdMvH73Laj.jpg');
INSERT OR IGNORE INTO Actor (id_actor, nombre, foto_path) VALUES (5555425, 'Scott Ellis Watson', '');
INSERT OR REPLACE INTO Pelicula (id_pelicula, titulo, descripcion, poster_path, backdrop_path, trailer, anio_estreno, duracion) VALUES (1317149, 'I Swear', '', 'https://image.tmdb.org/t/p/original/lC4NgQPqyKxNJ3PEgl2HVUxTY1t.jpg', 'https://image.tmdb.org/t/p/original/fe6kkxaxn0mCU2gl1vfU44IYWsy.jpg', '', 2025, 121);
INSERT OR REPLACE INTO Pelicula_Actor (id_pelicula, id_actor, personaje) VALUES (1317149, 1648346, 'John Davidson');
INSERT OR REPLACE INTO Pelicula_Actor (id_pelicula, id_actor, personaje) VALUES (1317149, 76944, 'Dottie Achenbach');
INSERT OR REPLACE INTO Pelicula_Actor (id_pelicula, id_actor, personaje) VALUES (1317149, 1834, 'Heather Davidson');
INSERT OR REPLACE INTO Pelicula_Actor (id_pelicula, id_actor, personaje) VALUES (1317149, 3064, 'Tommy Trotter');
INSERT OR REPLACE INTO Pelicula_Actor (id_pelicula, id_actor, personaje) VALUES (1317149, 5555425, 'Young John Davidson');
INSERT OR IGNORE INTO Pelicula_Categoria (id_pelicula, id_categoria) VALUES (1317149, 7);
INSERT OR IGNORE INTO Pelicula_Categoria (id_pelicula, id_categoria) VALUES (1317149, 1);
-- Fin película: I Swear --
INSERT OR IGNORE INTO Actor (id_actor, nombre, foto_path) VALUES (1186076, 'Philippe Lacheau', 'https://image.tmdb.org/t/p/original/2ev0Ip2vNnC5UYe10gJNcApahZ4.jpg');
INSERT OR IGNORE INTO Actor (id_actor, nombre, foto_path) VALUES (2408, 'Jamel Debbouze', 'https://image.tmdb.org/t/p/original/aiqWSWbRJ6rrjxxVE6y2Xb3KdSp.jpg');
INSERT OR IGNORE INTO Actor (id_actor, nombre, foto_path) VALUES (1186075, 'Tarek Boudali', 'https://image.tmdb.org/t/p/original/ubhbt0kZ6TX0t0tBFWe50A4u22y.jpg');
INSERT OR IGNORE INTO Actor (id_actor, nombre, foto_path) VALUES (146630, 'Élodie Fontan', 'https://image.tmdb.org/t/p/original/1uFWqxdrKxBa0utLqf55aq8ASzP.jpg');
INSERT OR IGNORE INTO Actor (id_actor, nombre, foto_path) VALUES (1291810, 'Julien Arruti', 'https://image.tmdb.org/t/p/original/8mW9D3GiTU6KNnNYUM1t7NhKPRY.jpg');
INSERT OR REPLACE INTO Pelicula (id_pelicula, titulo, descripcion, poster_path, backdrop_path, trailer, anio_estreno, duracion) VALUES (1145899, 'Marsupilami', '', 'https://image.tmdb.org/t/p/original/rJNHFa07Id2ylQgw0ttzGwpeczE.jpg', 'https://image.tmdb.org/t/p/original/sd0QuOnKX0aM89nz886aQaixwCx.jpg', '', 2026, 99);
INSERT OR REPLACE INTO Pelicula_Actor (id_pelicula, id_actor, personaje) VALUES (1145899, 1186076, 'David Ticoule');
INSERT OR REPLACE INTO Pelicula_Actor (id_pelicula, id_actor, personaje) VALUES (1145899, 2408, 'Pablito Camaron');
INSERT OR REPLACE INTO Pelicula_Actor (id_pelicula, id_actor, personaje) VALUES (1145899, 1186075, 'Ricky Salsa');
INSERT OR REPLACE INTO Pelicula_Actor (id_pelicula, id_actor, personaje) VALUES (1145899, 146630, 'Tess Ticoule');
INSERT OR REPLACE INTO Pelicula_Actor (id_pelicula, id_actor, personaje) VALUES (1145899, 1291810, 'Stéphane Buisson');
INSERT OR IGNORE INTO Pelicula_Categoria (id_pelicula, id_categoria) VALUES (1145899, 1);
INSERT OR IGNORE INTO Pelicula_Categoria (id_pelicula, id_categoria) VALUES (1145899, 12);
-- Fin película: Marsupilami --
INSERT OR IGNORE INTO Actor (id_actor, nombre, foto_path) VALUES (1643367, 'Damien Ferrette', 'https://image.tmdb.org/t/p/original/iW6zIP5wGMTI4RS4JKn2QjaKcxG.jpg');
INSERT OR IGNORE INTO Actor (id_actor, nombre, foto_path) VALUES (1326512, 'Hervé Jolly', '');
INSERT OR IGNORE INTO Actor (id_actor, nombre, foto_path) VALUES (1643163, 'Kaycie Chase', 'https://image.tmdb.org/t/p/original/tis8Xvy8ALtFc9Kt7JBma0ze3Xp.jpg');
INSERT OR IGNORE INTO Actor (id_actor, nombre, foto_path) VALUES (1872006, 'Frantz Confiac', '');
INSERT OR IGNORE INTO Actor (id_actor, nombre, foto_path) VALUES (1497778, 'Emmanuel Garijo', 'https://image.tmdb.org/t/p/original/ept2JUdN35WonXZgLLkA1Mr4uSL.jpg');
INSERT OR REPLACE INTO Pelicula (id_pelicula, titulo, descripcion, poster_path, backdrop_path, trailer, anio_estreno, duracion) VALUES (1107216, 'Pets on a Train', 'En un tren que está a punto de salir de la estación, suena la alarma que obliga a todos los pasajeros a bajarse. Pero entonces el tren arranca de manera improvista, llevándose a bordo los viajeros que no han tenido tiempo de bajar: los animales de compañía. Asombrados, estos descubren que el tren está bajo el control de Hans, un tejón manipulador y rencoroso, que se quiere vengar de Rex, el perro policía que le puso entre rejas hace años. Como los servicios de rescate no consiguen intervenir en el trayecto montañoso del tren, que circula a toda velocidad, los animales de compañía solo pueden contar con Falcon, un mapache un poco tramposo que hará todo lo posible para salvarles.', 'https://image.tmdb.org/t/p/original/dJZRImFs3jdMV1I2OzgjGz1rZv9.jpg', 'https://image.tmdb.org/t/p/original/3Gjo73aMqNWxNdBa7PeEj7AXJ3E.jpg', '', 2025, 87);
INSERT OR REPLACE INTO Pelicula_Actor (id_pelicula, id_actor, personaje) VALUES (1107216, 1643367, 'Falcon (voice)');
INSERT OR REPLACE INTO Pelicula_Actor (id_pelicula, id_actor, personaje) VALUES (1107216, 1326512, 'Rex (voice)');
INSERT OR REPLACE INTO Pelicula_Actor (id_pelicula, id_actor, personaje) VALUES (1107216, 1643163, 'Maguy (voice)');
INSERT OR REPLACE INTO Pelicula_Actor (id_pelicula, id_actor, personaje) VALUES (1107216, 1872006, 'Hans (voice)');
INSERT OR REPLACE INTO Pelicula_Actor (id_pelicula, id_actor, personaje) VALUES (1107216, 1497778, 'Randy / Jimi (voice)');
INSERT OR IGNORE INTO Pelicula_Categoria (id_pelicula, id_categoria) VALUES (1107216, 5);
INSERT OR IGNORE INTO Pelicula_Categoria (id_pelicula, id_categoria) VALUES (1107216, 12);
INSERT OR IGNORE INTO Pelicula_Categoria (id_pelicula, id_categoria) VALUES (1107216, 1);
INSERT OR IGNORE INTO Pelicula_Categoria (id_pelicula, id_categoria) VALUES (1107216, 6);
-- Fin película: Pets on a Train --
INSERT OR IGNORE INTO Actor (id_actor, nombre, foto_path) VALUES (1154464, 'Luna Maya', 'https://image.tmdb.org/t/p/original/ethJoMXX2J3xjcxPOkAcIxCvbLO.jpg');
INSERT OR IGNORE INTO Actor (id_actor, nombre, foto_path) VALUES (142016, 'Christine Hakim', 'https://image.tmdb.org/t/p/original/f8K6wb7qf03Y82WadEB7N6X9G5M.jpg');
INSERT OR IGNORE INTO Actor (id_actor, nombre, foto_path) VALUES (1185537, 'Fedi Nuril', 'https://image.tmdb.org/t/p/original/eKAaZmCglwMb8vjSHhxgE7L9h9S.jpg');
INSERT OR IGNORE INTO Actor (id_actor, nombre, foto_path) VALUES (1154465, 'Oka Antara', 'https://image.tmdb.org/t/p/original/hxa27iexJSLga0x1NNxmpzQLh8V.jpg');
INSERT OR IGNORE INTO Actor (id_actor, nombre, foto_path) VALUES (2984549, 'Anna Jobling', 'https://image.tmdb.org/t/p/original/4YO4Kt3cMTQExUzcvIJBPselP5Y.jpg');
INSERT OR REPLACE INTO Pelicula (id_pelicula, titulo, descripcion, poster_path, backdrop_path, trailer, anio_estreno, duracion) VALUES (1421634, 'Sukma', '', 'https://image.tmdb.org/t/p/original/qL2mNWO116SSL9x40szobFsXlsS.jpg', 'https://image.tmdb.org/t/p/original/jXD4NE91Gaju5CRPMILOnWbFE33.jpg', '', 2025, 108);
INSERT OR REPLACE INTO Pelicula_Actor (id_pelicula, id_actor, personaje) VALUES (1421634, 1154464, 'Arini');
INSERT OR REPLACE INTO Pelicula_Actor (id_pelicula, id_actor, personaje) VALUES (1421634, 142016, 'Sri');
INSERT OR REPLACE INTO Pelicula_Actor (id_pelicula, id_actor, personaje) VALUES (1421634, 1185537, 'Hendra');
INSERT OR REPLACE INTO Pelicula_Actor (id_pelicula, id_actor, personaje) VALUES (1421634, 1154465, 'Pram');
INSERT OR REPLACE INTO Pelicula_Actor (id_pelicula, id_actor, personaje) VALUES (1421634, 2984549, 'Sari');
INSERT OR IGNORE INTO Pelicula_Categoria (id_pelicula, id_categoria) VALUES (1421634, 4);
INSERT OR IGNORE INTO Pelicula_Categoria (id_pelicula, id_categoria) VALUES (1421634, 6);
-- Fin película: Sukma --
INSERT OR IGNORE INTO Actor (id_actor, nombre, foto_path) VALUES (99687, '張涵予', 'https://image.tmdb.org/t/p/original/bJUCOfWJexODFVupeoeiL9Q8HK9.jpg');
INSERT OR IGNORE INTO Actor (id_actor, nombre, foto_path) VALUES (2762135, 'Vivienne Tien', 'https://image.tmdb.org/t/p/original/iIMSjySpkMhgxIm1rzMJb089GUG.jpg');
INSERT OR IGNORE INTO Actor (id_actor, nombre, foto_path) VALUES (105727, 'Jake Abel', 'https://image.tmdb.org/t/p/original/ijog1BFmm4BgZGnScwoYJKkwAcO.jpg');
INSERT OR IGNORE INTO Actor (id_actor, nombre, foto_path) VALUES (52415, 'Michael Cudlitz', 'https://image.tmdb.org/t/p/original/1snLOta9L2DAhmOTvNIn7OSxzQC.jpg');
INSERT OR REPLACE INTO Pelicula (id_pelicula, titulo, descripcion, poster_path, backdrop_path, trailer, anio_estreno, duracion) VALUES (1273948, '以父亲之名', '', 'https://image.tmdb.org/t/p/original/gbNgsMkFffZdPvXVnkpEtXlU6C3.jpg', 'https://image.tmdb.org/t/p/original/nrWn0blVlcdsbSrYPgCyQpTE5hn.jpg', '', 2026, 120);
INSERT OR REPLACE INTO Pelicula_Actor (id_pelicula, id_actor, personaje) VALUES (1273948, 99687, 'Xu Jun');
INSERT OR REPLACE INTO Pelicula_Actor (id_pelicula, id_actor, personaje) VALUES (1273948, 2762135, '');
INSERT OR REPLACE INTO Pelicula_Actor (id_pelicula, id_actor, personaje) VALUES (1273948, 105727, '');
INSERT OR REPLACE INTO Pelicula_Actor (id_pelicula, id_actor, personaje) VALUES (1273948, 52415, '');
INSERT OR IGNORE INTO Pelicula_Categoria (id_pelicula, id_categoria) VALUES (1273948, 9);
INSERT OR IGNORE INTO Pelicula_Categoria (id_pelicula, id_categoria) VALUES (1273948, 7);
INSERT OR IGNORE INTO Pelicula_Categoria (id_pelicula, id_categoria) VALUES (1273948, 5);
-- Fin película: 以父亲之名 --
INSERT OR IGNORE INTO Actor (id_actor, nombre, foto_path) VALUES (64880, '최민식', 'https://image.tmdb.org/t/p/original/sd7gIA6nEkq6zumkDCfxSE0YSSV.jpg');
INSERT OR IGNORE INTO Actor (id_actor, nombre, foto_path) VALUES (10112, '유지태', 'https://image.tmdb.org/t/p/original/gGGV2gc0orgssYJ0Q9MSomdYo2I.jpg');
INSERT OR IGNORE INTO Actor (id_actor, nombre, foto_path) VALUES (1299317, '강혜정', 'https://image.tmdb.org/t/p/original/5YxhugLcecdEvnxmHTFRdafbywX.jpg');
INSERT OR IGNORE INTO Actor (id_actor, nombre, foto_path) VALUES (77182, '김병옥', 'https://image.tmdb.org/t/p/original/oGVs2OmYTyXR0KT9xvzVWCAKx8t.jpg');
INSERT OR IGNORE INTO Actor (id_actor, nombre, foto_path) VALUES (77180, '지대한', 'https://image.tmdb.org/t/p/original/9aoOX8p2oxUAwOaT8jT6GWfjs01.jpg');
INSERT OR REPLACE INTO Pelicula (id_pelicula, titulo, descripcion, poster_path, backdrop_path, trailer, anio_estreno, duracion) VALUES (670, 'Old Boy', 'Sin tener idea de cómo llegó a ser encarcelado, drogado y torturado durante 15 años, un hombre desesperado busca vengarse de sus captores.', 'https://image.tmdb.org/t/p/original/45kRW1xgTq3QrZltL9mY9e9iYkH.jpg', 'https://image.tmdb.org/t/p/original/sdwjQEM869JFwMytTmvr6ggvaUl.jpg', 'https://www.youtube.com/watch?v=-W8cPij0HgA', 2003, 119);
INSERT OR REPLACE INTO Pelicula_Actor (id_pelicula, id_actor, personaje) VALUES (670, 64880, 'Oh Dae-Su');
INSERT OR REPLACE INTO Pelicula_Actor (id_pelicula, id_actor, personaje) VALUES (670, 10112, 'Lee Woo-jin');
INSERT OR REPLACE INTO Pelicula_Actor (id_pelicula, id_actor, personaje) VALUES (670, 1299317, 'Mi-do');
INSERT OR REPLACE INTO Pelicula_Actor (id_pelicula, id_actor, personaje) VALUES (670, 77182, 'Mr. Han');
INSERT OR REPLACE INTO Pelicula_Actor (id_pelicula, id_actor, personaje) VALUES (670, 77180, 'No Joo-hwan');
INSERT OR IGNORE INTO Pelicula_Categoria (id_pelicula, id_categoria) VALUES (670, 7);
INSERT OR IGNORE INTO Pelicula_Categoria (id_pelicula, id_categoria) VALUES (670, 6);
INSERT OR IGNORE INTO Pelicula_Categoria (id_pelicula, id_categoria) VALUES (670, 1);
INSERT OR IGNORE INTO Pelicula_Categoria (id_pelicula, id_categoria) VALUES (670, 5);
-- Fin película: Old Boy --
INSERT OR IGNORE INTO Actor (id_actor, nombre, foto_path) VALUES (514, 'Jack Nicholson', 'https://image.tmdb.org/t/p/original/hBHcQIEa6P48HQAlLZkh0eKSSkG.jpg');
INSERT OR IGNORE INTO Actor (id_actor, nombre, foto_path) VALUES (10409, 'Shelley Duvall', 'https://image.tmdb.org/t/p/original/zwscEWl7QLiOsfsvzGXFjAQCVp3.jpg');
INSERT OR IGNORE INTO Actor (id_actor, nombre, foto_path) VALUES (10410, 'Danny Lloyd', 'https://image.tmdb.org/t/p/original/5pEmugZ6m25RB0cXbL4t5D4kZAO.jpg');
INSERT OR IGNORE INTO Actor (id_actor, nombre, foto_path) VALUES (7077, 'Scatman Crothers', 'https://image.tmdb.org/t/p/original/jf2ooubjE5tjBJwDI9Nla0M57m2.jpg');
INSERT OR IGNORE INTO Actor (id_actor, nombre, foto_path) VALUES (10411, 'Barry Nelson', 'https://image.tmdb.org/t/p/original/fSrHmvOxZJbeKpNM0uWGvha1aK9.jpg');
INSERT OR REPLACE INTO Pelicula (id_pelicula, titulo, descripcion, poster_path, backdrop_path, trailer, anio_estreno, duracion) VALUES (694, 'El resplandor', 'Jack Torrance se traslada, junto a su mujer y a su hijo, al impresionante hotel Overlook, en Colorado, para encargarse del mantenimiento del mismo durante la temporada invernal, en la que permanece cerrado y aislado por la nieve. Su idea es escribir su novela al tiempo que cuida de las instalaciones durante esos largos y solitarios meses de invierno, pero desde su llegada al hotel, Jack comienza a padecer inquietantes transtornos de personalidad, al mismo tiempo que en el lugar comienzan a suceder diversos fenómenos paranormales.', 'https://image.tmdb.org/t/p/original/mm003Mj2e9kJRsrxiVdPn2BSBPh.jpg', 'https://image.tmdb.org/t/p/original/mmd1HnuvAzFc4iuVJcnBrhDNEKr.jpg', 'https://www.youtube.com/watch?v=A3q03BBwMp4', 1980, 146);
INSERT OR REPLACE INTO Pelicula_Actor (id_pelicula, id_actor, personaje) VALUES (694, 514, 'Jack Torrance');
INSERT OR REPLACE INTO Pelicula_Actor (id_pelicula, id_actor, personaje) VALUES (694, 10409, 'Wendy Torrance');
INSERT OR REPLACE INTO Pelicula_Actor (id_pelicula, id_actor, personaje) VALUES (694, 10410, 'Danny');
INSERT OR REPLACE INTO Pelicula_Actor (id_pelicula, id_actor, personaje) VALUES (694, 7077, 'Hallorann');
INSERT OR REPLACE INTO Pelicula_Actor (id_pelicula, id_actor, personaje) VALUES (694, 10411, 'Ullman');
INSERT OR IGNORE INTO Pelicula_Categoria (id_pelicula, id_categoria) VALUES (694, 4);
INSERT OR IGNORE INTO Pelicula_Categoria (id_pelicula, id_categoria) VALUES (694, 6);
-- Fin película: El resplandor --
INSERT OR IGNORE INTO Actor (id_actor, nombre, foto_path) VALUES (4870034, 'Lucy Letby', '');
INSERT OR REPLACE INTO Pelicula (id_pelicula, titulo, descripcion, poster_path, backdrop_path, trailer, anio_estreno, duracion) VALUES (1620991, 'La investigación sobre Lucy Letby', 'Grabaciones inéditas y testimonios inauditos en primera persona desnudan el polémico y desgarrador caso de Lucy Letby, una enfermera de neonatos condenada por varios infanticidios.', 'https://image.tmdb.org/t/p/original/qhNThwc72GqihJhXaP29Af5hJ2A.jpg', 'https://image.tmdb.org/t/p/original/qhSfXdkrIzwYsyQ3Z9ehFmO3zjy.jpg', 'https://www.youtube.com/watch?v=ieyNYHoPqYQ', 2026, 95);
INSERT OR REPLACE INTO Pelicula_Actor (id_pelicula, id_actor, personaje) VALUES (1620991, 4870034, 'Self (archive footage)');
INSERT OR IGNORE INTO Pelicula_Categoria (id_pelicula, id_categoria) VALUES (1620991, 4);
INSERT OR IGNORE INTO Pelicula_Categoria (id_pelicula, id_categoria) VALUES (1620991, 9);
-- Fin película: La investigación sobre Lucy Letby --
INSERT OR IGNORE INTO Actor (id_actor, nombre, foto_path) VALUES (112557, 'Camille Sullivan', 'https://image.tmdb.org/t/p/original/yEN22SSD81JR7iUo7ArgOmEEE7B.jpg');
INSERT OR IGNORE INTO Actor (id_actor, nombre, foto_path) VALUES (2839, 'Brendan Sexton III', 'https://image.tmdb.org/t/p/original/36EvFVDqOKzUa91ixgGEAUPgnqA.jpg');
INSERT OR IGNORE INTO Actor (id_actor, nombre, foto_path) VALUES (65827, 'Keith David', 'https://image.tmdb.org/t/p/original/hwykAZLSIP5Cb2bbauZ4CEEmq0u.jpg');
INSERT OR IGNORE INTO Actor (id_actor, nombre, foto_path) VALUES (3468505, 'Sarah Durn', 'https://image.tmdb.org/t/p/original/w5yNf08VaGwRjyxRtUTkZuKIWwv.jpg');
INSERT OR IGNORE INTO Actor (id_actor, nombre, foto_path) VALUES (51300, 'Derek Mears', 'https://image.tmdb.org/t/p/original/2ckpSGUa4EDKWS1KMP0hLtFUWi.jpg');
INSERT OR REPLACE INTO Pelicula (id_pelicula, titulo, descripcion, poster_path, backdrop_path, trailer, anio_estreno, duracion) VALUES (937941, 'Shelby Oaks', 'Cuando un documentalista descubre una nueva pista perturbadora, la búsqueda desesperada de una mujer por su hermana perdida hace mucho tiempo se convierte en obsesión al darse cuenta de que el demonio imaginario de su infancia puede haber sido real.', 'https://image.tmdb.org/t/p/original/w7wsPyClttMEpQhAskpfMiaCSin.jpg', 'https://image.tmdb.org/t/p/original/jOuu4mEBOuJVb6CkkmRDpjnrZed.jpg', '', 2025, 91);
INSERT OR REPLACE INTO Pelicula_Actor (id_pelicula, id_actor, personaje) VALUES (937941, 112557, 'Mia');
INSERT OR REPLACE INTO Pelicula_Actor (id_pelicula, id_actor, personaje) VALUES (937941, 2839, 'Robert');
INSERT OR REPLACE INTO Pelicula_Actor (id_pelicula, id_actor, personaje) VALUES (937941, 65827, 'Morton Jacobson');
INSERT OR REPLACE INTO Pelicula_Actor (id_pelicula, id_actor, personaje) VALUES (937941, 3468505, 'Riley');
INSERT OR REPLACE INTO Pelicula_Actor (id_pelicula, id_actor, personaje) VALUES (937941, 51300, 'Tarion');
INSERT OR IGNORE INTO Pelicula_Categoria (id_pelicula, id_categoria) VALUES (937941, 4);
INSERT OR IGNORE INTO Pelicula_Categoria (id_pelicula, id_categoria) VALUES (937941, 1);
-- Fin película: Shelby Oaks --
INSERT OR IGNORE INTO Actor (id_actor, nombre, foto_path) VALUES (226431, 'Nora Navas', 'https://image.tmdb.org/t/p/original/kTvfxyKoWUoxgsTSIRHs8dgdD3A.jpg');
INSERT OR IGNORE INTO Actor (id_actor, nombre, foto_path) VALUES (18478, 'Rodrigo de la Serna', 'https://image.tmdb.org/t/p/original/hArSCSwj92ItqVMni7D8ehInnU5.jpg');
INSERT OR IGNORE INTO Actor (id_actor, nombre, foto_path) VALUES (36632, 'Juan Diego Botto', 'https://image.tmdb.org/t/p/original/6iu1uNMl511ZmEn0y828ZeLiuox.jpg');
INSERT OR IGNORE INTO Actor (id_actor, nombre, foto_path) VALUES (1032556, 'Àgata Roca', 'https://image.tmdb.org/t/p/original/2Mc7AyIrr8hhhxLhTYRsJF7jM4S.jpg');
INSERT OR IGNORE INTO Actor (id_actor, nombre, foto_path) VALUES (2374729, 'Fernanda Orazi', 'https://image.tmdb.org/t/p/original/wEFrb9anUl2u8DOdo5qhWCRamz0.jpg');
INSERT OR REPLACE INTO Pelicula (id_pelicula, titulo, descripcion, poster_path, backdrop_path, trailer, anio_estreno, duracion) VALUES (1297953, 'Mi amiga Eva', 'Eva acaba de cumplir 50 años. Lleva casada más de 20  y tiene dos hijos adolescentes. Hasta ahora, nada destacable. Pero en un viaje de negocios a Roma, ocurre algo que le da un vuelco a su vida. Conoce a Álex, un guionista que pasa unos días en la ciudad italiana. La atracción instantánea que siente por él, las mariposas en el estómago, la seductora insinuación de una posibilidad... Después de tanto tiempo, recuerda lo que se siente al enamorarse y eso revoluciona su interior. Reaviva una llama que llevaba tiempo extinguida.', 'https://image.tmdb.org/t/p/original/dolwe6cReEg3zRnIAIPr7C17vqx.jpg', 'https://image.tmdb.org/t/p/original/xxU0ttSVJ3iHpMzZNfN1yb09MZt.jpg', '', 2025, 99);
INSERT OR REPLACE INTO Pelicula_Actor (id_pelicula, id_actor, personaje) VALUES (1297953, 226431, 'Eva');
INSERT OR REPLACE INTO Pelicula_Actor (id_pelicula, id_actor, personaje) VALUES (1297953, 18478, 'Álex');
INSERT OR REPLACE INTO Pelicula_Actor (id_pelicula, id_actor, personaje) VALUES (1297953, 36632, 'Víctor');
INSERT OR REPLACE INTO Pelicula_Actor (id_pelicula, id_actor, personaje) VALUES (1297953, 1032556, 'Cris');
INSERT OR REPLACE INTO Pelicula_Actor (id_pelicula, id_actor, personaje) VALUES (1297953, 2374729, 'Raquel');
INSERT OR IGNORE INTO Pelicula_Categoria (id_pelicula, id_categoria) VALUES (1297953, 10);
INSERT OR IGNORE INTO Pelicula_Categoria (id_pelicula, id_categoria) VALUES (1297953, 12);
-- Fin película: Mi amiga Eva --
INSERT OR IGNORE INTO Actor (id_actor, nombre, foto_path) VALUES (1876878, 'Jay Dee', '');
INSERT OR IGNORE INTO Actor (id_actor, nombre, foto_path) VALUES (5311453, 'Cristian E. Gutierrez', '');
INSERT OR IGNORE INTO Actor (id_actor, nombre, foto_path) VALUES (4621871, 'Daniel ''DoKnows'' Lopez', '');
INSERT OR IGNORE INTO Actor (id_actor, nombre, foto_path) VALUES (4231225, 'Laura Lopez', '');
INSERT OR IGNORE INTO Actor (id_actor, nombre, foto_path) VALUES (1712047, 'Nana Ponceleon', '');
INSERT OR REPLACE INTO Pelicula (id_pelicula, titulo, descripcion, poster_path, backdrop_path, trailer, anio_estreno, duracion) VALUES (1450257, 'Clika', '', 'https://image.tmdb.org/t/p/original/82Vh8PSzWtBi0CLWrnJdRhGYxEr.jpg', 'https://image.tmdb.org/t/p/original/yHZpvJEzeBKMPZfNN6OFfMQ9Jf0.jpg', '', 2026, 79);
INSERT OR REPLACE INTO Pelicula_Actor (id_pelicula, id_actor, personaje) VALUES (1450257, 1876878, 'Chito');
INSERT OR REPLACE INTO Pelicula_Actor (id_pelicula, id_actor, personaje) VALUES (1450257, 5311453, 'Alfredo');
INSERT OR REPLACE INTO Pelicula_Actor (id_pelicula, id_actor, personaje) VALUES (1450257, 4621871, 'Blunt');
INSERT OR REPLACE INTO Pelicula_Actor (id_pelicula, id_actor, personaje) VALUES (1450257, 4231225, 'Candy');
INSERT OR REPLACE INTO Pelicula_Actor (id_pelicula, id_actor, personaje) VALUES (1450257, 1712047, 'Mari');
INSERT OR IGNORE INTO Pelicula_Categoria (id_pelicula, id_categoria) VALUES (1450257, 7);
INSERT OR IGNORE INTO Pelicula_Categoria (id_pelicula, id_categoria) VALUES (1450257, 11);
-- Fin película: Clika --
INSERT OR IGNORE INTO Actor (id_actor, nombre, foto_path) VALUES (56024, 'Jean Dujardin', 'https://image.tmdb.org/t/p/original/iPtSWWoO8vajj6fIUQLQeuGOCsk.jpg');
INSERT OR IGNORE INTO Actor (id_actor, nombre, foto_path) VALUES (8791, 'Marie-Josée Croze', 'https://image.tmdb.org/t/p/original/d7sRQCDFijXaSnyiZpURknJAQFi.jpg');
INSERT OR IGNORE INTO Actor (id_actor, nombre, foto_path) VALUES (3640440, 'Daphné Richard', 'https://image.tmdb.org/t/p/original/rcjnsdNXwHBKLASwl7exwQYUxNA.jpg');
INSERT OR IGNORE INTO Actor (id_actor, nombre, foto_path) VALUES (1881010, 'Serge Swysen', 'https://image.tmdb.org/t/p/original/160fnVds8O8RYYRh2gzaPdqQlyc.jpg');
INSERT OR IGNORE INTO Actor (id_actor, nombre, foto_path) VALUES (2749304, 'Salim Talbi', 'https://image.tmdb.org/t/p/original/3hqdnBmRK8l6q4M9MGfhwnfMTFW.jpg');
INSERT OR REPLACE INTO Pelicula (id_pelicula, titulo, descripcion, poster_path, backdrop_path, trailer, anio_estreno, duracion) VALUES (1233506, 'El hombre menguante', 'Paul es un padre de familia ejemplar y el dueño de una empresa de construcción naval. Durante uno de sus habituales baños en el mar, es testigo de un extraño suceso meteorológico. A partir de ese momento, Paul empieza a encoger sin explicación científica posible. Por accidente, una mañana queda atrapado en su propio sótano. El hombre deberá luchar si quiere sobrevivir en un entorno cotidiano convertido, repentinamente, en un terreno letal.', 'https://image.tmdb.org/t/p/original/1hRdOzLWpXdNawaNhktTnRoM0w1.jpg', 'https://image.tmdb.org/t/p/original/hjPWg7trJPSZ4tUEZhqGxX1HxUS.jpg', '', 2025, 99);
INSERT OR REPLACE INTO Pelicula_Actor (id_pelicula, id_actor, personaje) VALUES (1233506, 56024, 'Paul');
INSERT OR REPLACE INTO Pelicula_Actor (id_pelicula, id_actor, personaje) VALUES (1233506, 8791, 'Élise');
INSERT OR REPLACE INTO Pelicula_Actor (id_pelicula, id_actor, personaje) VALUES (1233506, 3640440, 'Mia');
INSERT OR REPLACE INTO Pelicula_Actor (id_pelicula, id_actor, personaje) VALUES (1233506, 1881010, 'Dr. Sicre');
INSERT OR REPLACE INTO Pelicula_Actor (id_pelicula, id_actor, personaje) VALUES (1233506, 2749304, 'Karim');
INSERT OR IGNORE INTO Pelicula_Categoria (id_pelicula, id_categoria) VALUES (1233506, 1);
INSERT OR IGNORE INTO Pelicula_Categoria (id_pelicula, id_categoria) VALUES (1233506, 3);
-- Fin película: El hombre menguante --
INSERT OR IGNORE INTO Actor (id_actor, nombre, foto_path) VALUES (7399, 'Ben Stiller', 'https://image.tmdb.org/t/p/original/scgpxhI05JpdNXXfmpK6z0rPOWN.jpg');
INSERT OR IGNORE INTO Actor (id_actor, nombre, foto_path) VALUES (2632, 'Chris Rock', 'https://image.tmdb.org/t/p/original/cqI8yQ00GNDV3PAAz5UeLj7vOX0.jpg');
INSERT OR IGNORE INTO Actor (id_actor, nombre, foto_path) VALUES (14409, 'David Schwimmer', 'https://image.tmdb.org/t/p/original/XtKzJ9lM5Xwa7vCmE4xNHy6Owf.jpg');
INSERT OR IGNORE INTO Actor (id_actor, nombre, foto_path) VALUES (9575, 'Jada Pinkett Smith', 'https://image.tmdb.org/t/p/original/3RyvVVSlgRbZANDFkYiAsRMaHW.jpg');
INSERT OR IGNORE INTO Actor (id_actor, nombre, foto_path) VALUES (6730, 'Sacha Baron Cohen', 'https://image.tmdb.org/t/p/original/irirhgOX0siCyqvMrt2hoJpXfOG.jpg');
INSERT OR REPLACE INTO Pelicula (id_pelicula, titulo, descripcion, poster_path, backdrop_path, trailer, anio_estreno, duracion) VALUES (953, 'Madagascar', 'Cuenta la historia de cuatro divertidos animales del zoo de Central Park, Nueva York, (Alex el león, Marty la cebra, Gloria la hipopótamo y Melman la jirafa). Llevan toda su vida encerrados en cautividad sin poder experiemtnar el sabor de la libertad y se han propuesto idear un plan para salir de allí juntos. Un día, una serie de casualidades les llevan a lograr lo que tanto ansiaban y huyen de aquel lugar. Terminan en plena naturaleza, concretamente en la idílica isla de Madagascar. Allí descubrirán, a base de apasionantes aventuras, que la vida salvaje es muy diferente a lo que ellos pensaban y que vivir en libertad no es tan fácil como imaginaban.', 'https://image.tmdb.org/t/p/original/zrV5GnfCcLWzyjrFgYTpjQPRMfl.jpg', 'https://image.tmdb.org/t/p/original/tPaurpIUskVji5vwV0dhy9pq4Vs.jpg', 'https://www.youtube.com/watch?v=RZFaaamXo8A', 2005, 85);
INSERT OR REPLACE INTO Pelicula_Actor (id_pelicula, id_actor, personaje) VALUES (953, 7399, 'Alex (voice)');
INSERT OR REPLACE INTO Pelicula_Actor (id_pelicula, id_actor, personaje) VALUES (953, 2632, 'Marty (voice)');
INSERT OR REPLACE INTO Pelicula_Actor (id_pelicula, id_actor, personaje) VALUES (953, 14409, 'Melman (voice)');
INSERT OR REPLACE INTO Pelicula_Actor (id_pelicula, id_actor, personaje) VALUES (953, 9575, 'Gloria (voice)');
INSERT OR REPLACE INTO Pelicula_Actor (id_pelicula, id_actor, personaje) VALUES (953, 6730, 'Julien (voice)');
INSERT OR IGNORE INTO Pelicula_Categoria (id_pelicula, id_categoria) VALUES (953, 12);
INSERT OR IGNORE INTO Pelicula_Categoria (id_pelicula, id_categoria) VALUES (953, 5);
INSERT OR IGNORE INTO Pelicula_Categoria (id_pelicula, id_categoria) VALUES (953, 1);
INSERT OR IGNORE INTO Pelicula_Categoria (id_pelicula, id_categoria) VALUES (953, 12);
-- Fin película: Madagascar --
INSERT OR IGNORE INTO Actor (id_actor, nombre, foto_path) VALUES (102222, 'Carmen Machi', 'https://image.tmdb.org/t/p/original/qP3zz6e08UklfmPCf627vwUDVsK.jpg');
INSERT OR IGNORE INTO Actor (id_actor, nombre, foto_path) VALUES (224870, 'Paco León', 'https://image.tmdb.org/t/p/original/dZd0Z3mUgXrE0y21KknLp40Ivuk.jpg');
INSERT OR IGNORE INTO Actor (id_actor, nombre, foto_path) VALUES (976465, 'Melani Olivares', 'https://image.tmdb.org/t/p/original/xca7sTorEeiXCdEarH7f0eXrMai.jpg');
INSERT OR IGNORE INTO Actor (id_actor, nombre, foto_path) VALUES (560247, 'Miren Ibarguren', 'https://image.tmdb.org/t/p/original/ndusbJn7YggtKhz37dIla81c72p.jpg');
INSERT OR IGNORE INTO Actor (id_actor, nombre, foto_path) VALUES (82350, 'David Castillo', 'https://image.tmdb.org/t/p/original/nRzcUnXj5kkrYxgca3G15roZimE.jpg');
INSERT OR REPLACE INTO Pelicula (id_pelicula, titulo, descripcion, poster_path, backdrop_path, trailer, anio_estreno, duracion) VALUES (1370123, 'Aída y vuelta', 'Una película de metaficción centrada en el rodaje de un capítulo de la mítica serie de televisión "Aída".', 'https://image.tmdb.org/t/p/original/3k4FKVgaxUZo1CITvj2nFDyNNKy.jpg', '', 'https://www.youtube.com/watch?v=O82ibLC4bmM', 2026, 98);
INSERT OR REPLACE INTO Pelicula_Actor (id_pelicula, id_actor, personaje) VALUES (1370123, 102222, 'Carmen Machi / Aída');
INSERT OR REPLACE INTO Pelicula_Actor (id_pelicula, id_actor, personaje) VALUES (1370123, 224870, 'Paco León / Luisma');
INSERT OR REPLACE INTO Pelicula_Actor (id_pelicula, id_actor, personaje) VALUES (1370123, 976465, 'Melani Olivares / Paz');
INSERT OR REPLACE INTO Pelicula_Actor (id_pelicula, id_actor, personaje) VALUES (1370123, 560247, 'Miren Ibarguren / Soraya');
INSERT OR REPLACE INTO Pelicula_Actor (id_pelicula, id_actor, personaje) VALUES (1370123, 82350, 'David Castillo / El Johnatan');
INSERT OR IGNORE INTO Pelicula_Categoria (id_pelicula, id_categoria) VALUES (1370123, 12);
-- Fin película: Aída y vuelta --
INSERT OR IGNORE INTO Actor (id_actor, nombre, foto_path) VALUES (78875, '古天樂', 'https://image.tmdb.org/t/p/original/yQuDBTzm7xWlJICNvl20OmcJP80.jpg');
INSERT OR IGNORE INTO Actor (id_actor, nombre, foto_path) VALUES (89409, '林峯', 'https://image.tmdb.org/t/p/original/Ak40P6TWthdQ9diRki5RIcJ6r95.jpg');
INSERT OR IGNORE INTO Actor (id_actor, nombre, foto_path) VALUES (588057, '白百何', 'https://image.tmdb.org/t/p/original/4cEIvt6etPrWzXn59W5GgnijNIG.jpg');
INSERT OR IGNORE INTO Actor (id_actor, nombre, foto_path) VALUES (230777, '宣萱', 'https://image.tmdb.org/t/p/original/3hp9D2B1Y7L7imPUHCpHiNgxSY.jpg');
INSERT OR IGNORE INTO Actor (id_actor, nombre, foto_path) VALUES (1223071, '郭羨妮', 'https://image.tmdb.org/t/p/original/2UfGinzUO41ZbshRNepiQBKqg3c.jpg');
INSERT OR REPLACE INTO Pelicula (id_pelicula, titulo, descripcion, poster_path, backdrop_path, trailer, anio_estreno, duracion) VALUES (650524, '尋秦記', '', 'https://image.tmdb.org/t/p/original/h3OUaPfCaFmzwB2eMHik50RsXlP.jpg', 'https://image.tmdb.org/t/p/original/gpJr8wRED8BpBVaxM0eODQEBNwC.jpg', '', 2025, 107);
INSERT OR REPLACE INTO Pelicula_Actor (id_pelicula, id_actor, personaje) VALUES (650524, 78875, 'Hong Siu-lung');
INSERT OR REPLACE INTO Pelicula_Actor (id_pelicula, id_actor, personaje) VALUES (650524, 89409, 'Chiu Poon / Ying Ching/Chun Wong');
INSERT OR REPLACE INTO Pelicula_Actor (id_pelicula, id_actor, personaje) VALUES (650524, 588057, 'Galie');
INSERT OR REPLACE INTO Pelicula_Actor (id_pelicula, id_actor, personaje) VALUES (650524, 230777, 'Wu Ting-fong');
INSERT OR REPLACE INTO Pelicula_Actor (id_pelicula, id_actor, personaje) VALUES (650524, 1223071, 'Chun Ching / Kam Ching');
INSERT OR IGNORE INTO Pelicula_Categoria (id_pelicula, id_categoria) VALUES (650524, 3);
INSERT OR IGNORE INTO Pelicula_Categoria (id_pelicula, id_categoria) VALUES (650524, 5);
INSERT OR IGNORE INTO Pelicula_Categoria (id_pelicula, id_categoria) VALUES (650524, 12);
-- Fin película: 尋秦記 --
INSERT OR IGNORE INTO Actor (id_actor, nombre, foto_path) VALUES (2963, 'Nicolas Cage', 'https://image.tmdb.org/t/p/original/y1RtezurZYveYkVNRht7CwEgSYY.jpg');
INSERT OR IGNORE INTO Actor (id_actor, nombre, foto_path) VALUES (1590759, 'Noah Jupe', 'https://image.tmdb.org/t/p/original/sOsr4SgcnVqpLofasvy0B6dxPuf.jpg');
INSERT OR IGNORE INTO Actor (id_actor, nombre, foto_path) VALUES (1503200, 'FKA twigs', 'https://image.tmdb.org/t/p/original/8bUUu7jPEY1aQgAtJXM2NyYpfgN.jpg');
INSERT OR IGNORE INTO Actor (id_actor, nombre, foto_path) VALUES (1967058, 'Isla Johnston', 'https://image.tmdb.org/t/p/original/nieq22akK7JWtcnxkJdALNYgnWn.jpg');
INSERT OR IGNORE INTO Actor (id_actor, nombre, foto_path) VALUES (2037046, 'Souheila Yacoub', 'https://image.tmdb.org/t/p/original/zG087seFtSO2duW0ldsfbhFydce.jpg');
INSERT OR REPLACE INTO Pelicula (id_pelicula, titulo, descripcion, poster_path, backdrop_path, trailer, anio_estreno, duracion) VALUES (1286185, 'El Hijo del Carpintero', 'En una aldea en las remotas fronteras del Imperio Romano, un niño bajo la protección de un carpintero comienza a cuestionar la autoridad de su guardián. Su curiosidad y su búsqueda por desentrañar los secretos de su familia despertarán fuerzas sobrenaturales que trascienden la comprensión.', 'https://image.tmdb.org/t/p/original/tXEtdZjoaHqjDjSxZJWwDVjIfx9.jpg', 'https://image.tmdb.org/t/p/original/aP7w2JPEDyIukrYxIGHmTrmYOWJ.jpg', '', 2025, 94);
INSERT OR REPLACE INTO Pelicula_Actor (id_pelicula, id_actor, personaje) VALUES (1286185, 2963, 'The Carpenter');
INSERT OR REPLACE INTO Pelicula_Actor (id_pelicula, id_actor, personaje) VALUES (1286185, 1590759, 'The Boy');
INSERT OR REPLACE INTO Pelicula_Actor (id_pelicula, id_actor, personaje) VALUES (1286185, 1503200, 'The Mother');
INSERT OR REPLACE INTO Pelicula_Actor (id_pelicula, id_actor, personaje) VALUES (1286185, 1967058, 'The Stranger');
INSERT OR REPLACE INTO Pelicula_Actor (id_pelicula, id_actor, personaje) VALUES (1286185, 2037046, 'Lilith');
INSERT OR IGNORE INTO Pelicula_Categoria (id_pelicula, id_categoria) VALUES (1286185, 4);
-- Fin película: El Hijo del Carpintero --
