
-- === LOTE: Popular - Page 1 (2026-02-05T21:47:13.296Z) ===
INSERT OR IGNORE INTO Actor (id_actor, nombre, foto_path) VALUES (543530, 'Dave Bautista', 'https://image.tmdb.org/t/p/original/snk6JiXOOoRjPtHU5VMoy6qbd32.jpg');
INSERT OR IGNORE INTO Actor (id_actor, nombre, foto_path) VALUES (117642, 'Jason Momoa', 'https://image.tmdb.org/t/p/original/3troAR6QbSb6nUFMDu61YCCWLKa.jpg');
INSERT OR IGNORE INTO Actor (id_actor, nombre, foto_path) VALUES (7242, 'Temuera Morrison', 'https://image.tmdb.org/t/p/original/AvtSC0f9QW7fMyFFNXEWDeQyfUk.jpg');
INSERT OR IGNORE INTO Actor (id_actor, nombre, foto_path) VALUES (54882, 'Morena Baccarin', 'https://image.tmdb.org/t/p/original/kBSKKaOtsqIzZPhtEeHfCBmhWl9.jpg');
INSERT OR IGNORE INTO Actor (id_actor, nombre, foto_path) VALUES (1298669, 'Roimata Fox', 'https://image.tmdb.org/t/p/original/iTNBvtrI8R5UofzJZjsVnyEGz9D.jpg');
INSERT OR REPLACE INTO Pelicula (id_pelicula, titulo, descripcion, poster_path, backdrop_path, trailer, anio_estreno, duracion) VALUES (1168190, 'Los hermanos demolición', 'Un improbable dúo de hermanastros, uno un impulsivo detective y el otro un disciplinado, se ven atraídos por el asesinato de su padre en Hawai, lo que les lleva a un peligroso viaje para desenmascarar una conspiración de largo alcance.', 'https://image.tmdb.org/t/p/original/ttEESBvVrO8ngZr19qp6eBMVS9F.jpg', 'https://image.tmdb.org/t/p/original/cz4vLJrmaV1zJlRYbxqtvLzeLWB.jpg', 'https://www.youtube.com/watch?v=hHSqxP7g8JY', 2026, 124);
INSERT OR REPLACE INTO Pelicula_Actor (id_pelicula, id_actor, personaje) VALUES (1168190, 543530, 'James Hale');
INSERT OR REPLACE INTO Pelicula_Actor (id_pelicula, id_actor, personaje) VALUES (1168190, 117642, 'Jonny Hale');
INSERT OR REPLACE INTO Pelicula_Actor (id_pelicula, id_actor, personaje) VALUES (1168190, 7242, 'Governor Peter Mahoe');
INSERT OR REPLACE INTO Pelicula_Actor (id_pelicula, id_actor, personaje) VALUES (1168190, 54882, 'Valentina');
INSERT OR REPLACE INTO Pelicula_Actor (id_pelicula, id_actor, personaje) VALUES (1168190, 1298669, 'Leila Hale');
INSERT OR IGNORE INTO Pelicula_Categoria (id_pelicula, id_categoria) VALUES (1168190, 5);
INSERT OR IGNORE INTO Pelicula_Categoria (id_pelicula, id_categoria) VALUES (1168190, 12);
INSERT OR IGNORE INTO Pelicula_Categoria (id_pelicula, id_categoria) VALUES (1168190, 9);
-- Fin película: Los hermanos demolición --
INSERT OR IGNORE INTO Actor (id_actor, nombre, foto_path) VALUES (17276, 'Gerard Butler', 'https://image.tmdb.org/t/p/original/rTO5opVC3Gs6hPYAxWSP9eEjogi.jpg');
INSERT OR IGNORE INTO Actor (id_actor, nombre, foto_path) VALUES (54882, 'Morena Baccarin', 'https://image.tmdb.org/t/p/original/kBSKKaOtsqIzZPhtEeHfCBmhWl9.jpg');
INSERT OR IGNORE INTO Actor (id_actor, nombre, foto_path) VALUES (2054851, 'Roman Griffin Davis', 'https://image.tmdb.org/t/p/original/jEox6Bq4TlINrnp5EUjqSlDK3eP.jpg');
INSERT OR IGNORE INTO Actor (id_actor, nombre, foto_path) VALUES (1754784, 'Tommie Earl Jenkins', 'https://image.tmdb.org/t/p/original/kl2dzZU3p6pOjuKBi52wOnEGvEp.jpg');
INSERT OR IGNORE INTO Actor (id_actor, nombre, foto_path) VALUES (85151, 'Trond Fausa Aurvåg', 'https://image.tmdb.org/t/p/original/rFWC22ZScaQwA85NBo7l1j9XQdo.jpg');
INSERT OR REPLACE INTO Pelicula (id_pelicula, titulo, descripcion, poster_path, backdrop_path, trailer, anio_estreno, duracion) VALUES (840464, 'Greenland 2', 'La familia Garrity superviviente debe abandonar la seguridad del búnker de Groenlandia y embarcarse en un peligroso viaje a través del diezmado páramo helado de Europa para encontrar un nuevo hogar.', 'https://image.tmdb.org/t/p/original/uoFJ6nGGvf8moZGpharm8Qyrpzm.jpg', 'https://image.tmdb.org/t/p/original/tyjXlexbNZQ0ZT1KEJslQtBirqc.jpg', 'https://www.youtube.com/watch?v=sIv1YggKK-I', 2026, 98);
INSERT OR REPLACE INTO Pelicula_Actor (id_pelicula, id_actor, personaje) VALUES (840464, 17276, 'John Garrity');
INSERT OR REPLACE INTO Pelicula_Actor (id_pelicula, id_actor, personaje) VALUES (840464, 54882, 'Allison Garrity');
INSERT OR REPLACE INTO Pelicula_Actor (id_pelicula, id_actor, personaje) VALUES (840464, 2054851, 'Nathan Garrity');
INSERT OR REPLACE INTO Pelicula_Actor (id_pelicula, id_actor, personaje) VALUES (840464, 1754784, 'General Sharpe');
INSERT OR REPLACE INTO Pelicula_Actor (id_pelicula, id_actor, personaje) VALUES (840464, 85151, 'Adam Shaw');
INSERT OR IGNORE INTO Pelicula_Categoria (id_pelicula, id_categoria) VALUES (840464, 1);
INSERT OR IGNORE INTO Pelicula_Categoria (id_pelicula, id_categoria) VALUES (840464, 6);
INSERT OR IGNORE INTO Pelicula_Categoria (id_pelicula, id_categoria) VALUES (840464, 3);
-- Fin película: Greenland 2 --
INSERT OR IGNORE INTO Actor (id_actor, nombre, foto_path) VALUES (417, 'Ginnifer Goodwin', 'https://image.tmdb.org/t/p/original/xOCA2WN5MRfXmJmlzEbFEhIbfIQ.jpg');
INSERT OR IGNORE INTO Actor (id_actor, nombre, foto_path) VALUES (23532, 'Jason Bateman', 'https://image.tmdb.org/t/p/original/8e6mt0vGjPo6eW52gqRuXy5YnfN.jpg');
INSERT OR IGNORE INTO Actor (id_actor, nombre, foto_path) VALUES (690, 'Ke Huy Quan', 'https://image.tmdb.org/t/p/original/iestHyn7PLuVowj5Jaa1SGPboQ4.jpg');
INSERT OR IGNORE INTO Actor (id_actor, nombre, foto_path) VALUES (1183672, 'Fortune Feimster', 'https://image.tmdb.org/t/p/original/aCV6S7Tuh9iUmF9on6EwaXC3rCI.jpg');
INSERT OR IGNORE INTO Actor (id_actor, nombre, foto_path) VALUES (62861, 'Andy Samberg', 'https://image.tmdb.org/t/p/original/jMXU5oG3i93SH1yhkpbBGskFiJl.jpg');
INSERT OR REPLACE INTO Pelicula (id_pelicula, titulo, descripcion, poster_path, backdrop_path, trailer, anio_estreno, duracion) VALUES (1084242, 'Zootrópolis 2', 'Después de resolver el caso más importante en la historia de Zootrópolis, los policías novatos Judy Hopps y Nick Wilde descubren que su asociación no es tan sólida como pensaban cuando el Jefe Bogo les ordena unirse al programa de consejería "Compañeros en Crisis". Pero no pasa mucho tiempo para que su asociación se ponga a prueba al máximo, cuando la llegada de Gary, la serpiente, pone la ciudad patas arriba.', 'https://image.tmdb.org/t/p/original/4fRdfQPjHiuDSkzaxFAV44k7Iem.jpg', 'https://image.tmdb.org/t/p/original/5h2EsPKNDdB3MAtOk9MB9Ycg9Rz.jpg', 'https://www.youtube.com/watch?v=VZU-glDcBAw', 2025, 107);
INSERT OR REPLACE INTO Pelicula_Actor (id_pelicula, id_actor, personaje) VALUES (1084242, 417, 'Judy Hopps (voice)');
INSERT OR REPLACE INTO Pelicula_Actor (id_pelicula, id_actor, personaje) VALUES (1084242, 23532, 'Nick Wilde (voice)');
INSERT OR REPLACE INTO Pelicula_Actor (id_pelicula, id_actor, personaje) VALUES (1084242, 690, 'Gary De Snake (voice)');
INSERT OR REPLACE INTO Pelicula_Actor (id_pelicula, id_actor, personaje) VALUES (1084242, 1183672, 'Nibbles Maplestick (voice)');
INSERT OR REPLACE INTO Pelicula_Actor (id_pelicula, id_actor, personaje) VALUES (1084242, 62861, 'Pawbert Lynxley (voice)');
INSERT OR IGNORE INTO Pelicula_Categoria (id_pelicula, id_categoria) VALUES (1084242, 5);
INSERT OR IGNORE INTO Pelicula_Categoria (id_pelicula, id_categoria) VALUES (1084242, 12);
INSERT OR IGNORE INTO Pelicula_Categoria (id_pelicula, id_categoria) VALUES (1084242, 1);
INSERT OR IGNORE INTO Pelicula_Categoria (id_pelicula, id_categoria) VALUES (1084242, 12);
INSERT OR IGNORE INTO Pelicula_Categoria (id_pelicula, id_categoria) VALUES (1084242, 1);
-- Fin película: Zootrópolis 2 --
INSERT OR IGNORE INTO Actor (id_actor, nombre, foto_path) VALUES (18897, 'Jackie Chan', 'https://image.tmdb.org/t/p/original/nraZoTzwJQPHspAVsKfgl3RXKKa.jpg');
INSERT OR IGNORE INTO Actor (id_actor, nombre, foto_path) VALUES (1173805, '张子枫', 'https://image.tmdb.org/t/p/original/3S8yEnTVqH8T3bTVf9FmtXxWcu2.jpg');
INSERT OR IGNORE INTO Actor (id_actor, nombre, foto_path) VALUES (56861, '梁家輝', 'https://image.tmdb.org/t/p/original/n5XtznlOfGSfYvckuxCiTapG4tB.jpg');
INSERT OR IGNORE INTO Actor (id_actor, nombre, foto_path) VALUES (3167855, '此沙', 'https://image.tmdb.org/t/p/original/eWytg5M0VUCb0aHEKpUDijQ7JxF.jpg');
INSERT OR IGNORE INTO Actor (id_actor, nombre, foto_path) VALUES (1625880, '文俊辉', 'https://image.tmdb.org/t/p/original/z1seXrQQWG7nsQVHqSWKefJQ8DO.jpg');
INSERT OR REPLACE INTO Pelicula (id_pelicula, titulo, descripcion, poster_path, backdrop_path, trailer, anio_estreno, duracion) VALUES (1419406, 'The Shadow''s Edge', 'Unos astutos y traicioneros ladrones desafian a la Policía Judicial de Macao. La Policía, que se encontraba en una dura batalla, invita de nuevo al experto en rastreo Huang De Zhong, retirado desde hace muchos años, a unir fuerzas con la joven élite del Departamento de Investigación Criminal de la Policía Judicial. Bajo la colisión de las técnicas tradicionales de rastreo y la alta tecnología, la policía y los criminales luchan con ingenio y valentía, y se lanzan a un duelo entre el bien y el mal parecido al juego del gato y el ratón.', 'https://image.tmdb.org/t/p/original/o0D5KROIPGtjO7eQgmk3cRslR6p.jpg', 'https://image.tmdb.org/t/p/original/4BtL2vvEufDXDP4u6xQjjQ1Y2aT.jpg', '', 2025, 142);
INSERT OR REPLACE INTO Pelicula_Actor (id_pelicula, id_actor, personaje) VALUES (1419406, 18897, 'Wong Tak Chung');
INSERT OR REPLACE INTO Pelicula_Actor (id_pelicula, id_actor, personaje) VALUES (1419406, 1173805, 'He Qiuguo');
INSERT OR REPLACE INTO Pelicula_Actor (id_pelicula, id_actor, personaje) VALUES (1419406, 56861, 'Fu Longsheng');
INSERT OR REPLACE INTO Pelicula_Actor (id_pelicula, id_actor, personaje) VALUES (1419406, 3167855, 'Simon / Xiwang');
INSERT OR REPLACE INTO Pelicula_Actor (id_pelicula, id_actor, personaje) VALUES (1419406, 1625880, 'Hu Feng');
INSERT OR IGNORE INTO Pelicula_Categoria (id_pelicula, id_categoria) VALUES (1419406, 5);
INSERT OR IGNORE INTO Pelicula_Categoria (id_pelicula, id_categoria) VALUES (1419406, 9);
INSERT OR IGNORE INTO Pelicula_Categoria (id_pelicula, id_categoria) VALUES (1419406, 7);
INSERT OR IGNORE INTO Pelicula_Categoria (id_pelicula, id_categoria) VALUES (1419406, 6);
-- Fin película: The Shadow''s Edge --
INSERT OR IGNORE INTO Actor (id_actor, nombre, foto_path) VALUES (115440, 'Sydney Sweeney', 'https://image.tmdb.org/t/p/original/uDnIdU4KGjQg7liFvb9wnALvg95.jpg');
INSERT OR IGNORE INTO Actor (id_actor, nombre, foto_path) VALUES (71070, 'Amanda Seyfried', 'https://image.tmdb.org/t/p/original/gtBUIpZ3dvLpOMIVORxE6sHSyZj.jpg');
INSERT OR IGNORE INTO Actor (id_actor, nombre, foto_path) VALUES (1855143, 'Brandon Sklenar', 'https://image.tmdb.org/t/p/original/1f1NMi0IYL5p1BHVyV9IoYcwzJt.jpg');
INSERT OR IGNORE INTO Actor (id_actor, nombre, foto_path) VALUES (2349355, 'Michele Morrone', 'https://image.tmdb.org/t/p/original/saKjzGAuw8Fiutlv9LweLjAti0Z.jpg');
INSERT OR IGNORE INTO Actor (id_actor, nombre, foto_path) VALUES (4342318, 'Indiana Elle', 'https://image.tmdb.org/t/p/original/d9Bk6BWiPmWIx1Ssx36GqReFjQJ.jpg');
INSERT OR REPLACE INTO Pelicula (id_pelicula, titulo, descripcion, poster_path, backdrop_path, trailer, anio_estreno, duracion) VALUES (1368166, 'La asistenta', 'Millie es una joven que, tras perder su trabajo, acepta un puesto como sirvienta en la lujosa pero inquietante mansión de los Winchester. Pronto se da cuenta de que algo no está bien en la casa y con sus habitantes, especialmente con Nina, la dueña, que actúa de manera errática.', 'https://image.tmdb.org/t/p/original/A6S15iqfHpoit02leDfDVnpklys.jpg', 'https://image.tmdb.org/t/p/original/tNONILTe9OJz574KZWaLze4v6RC.jpg', 'https://www.youtube.com/watch?v=IMrebLqjVVQ', 2025, 131);
INSERT OR REPLACE INTO Pelicula_Actor (id_pelicula, id_actor, personaje) VALUES (1368166, 115440, 'Millie Calloway');
INSERT OR REPLACE INTO Pelicula_Actor (id_pelicula, id_actor, personaje) VALUES (1368166, 71070, 'Nina Winchester');
INSERT OR REPLACE INTO Pelicula_Actor (id_pelicula, id_actor, personaje) VALUES (1368166, 1855143, 'Andrew Winchester');
INSERT OR REPLACE INTO Pelicula_Actor (id_pelicula, id_actor, personaje) VALUES (1368166, 2349355, 'Enzo');
INSERT OR REPLACE INTO Pelicula_Actor (id_pelicula, id_actor, personaje) VALUES (1368166, 4342318, 'Cece Winchester');
INSERT OR IGNORE INTO Pelicula_Categoria (id_pelicula, id_categoria) VALUES (1368166, 1);
INSERT OR IGNORE INTO Pelicula_Categoria (id_pelicula, id_categoria) VALUES (1368166, 6);
-- Fin película: La asistenta --
INSERT OR IGNORE INTO Actor (id_actor, nombre, foto_path) VALUES (64856, 'Michael Jai White', 'https://image.tmdb.org/t/p/original/YPoHYuzR37wFpPpwEXZYQlhLln.jpg');
INSERT OR IGNORE INTO Actor (id_actor, nombre, foto_path) VALUES (8169, 'Tyrese Gibson', 'https://image.tmdb.org/t/p/original/jxoy4fbXNKFQtBdK73cLXEz3ufS.jpg');
INSERT OR IGNORE INTO Actor (id_actor, nombre, foto_path) VALUES (21353, 'Isaiah Washington', 'https://image.tmdb.org/t/p/original/3yY5h1t7AKZpf4lfdSMwDQvCroQ.jpg');
INSERT OR IGNORE INTO Actor (id_actor, nombre, foto_path) VALUES (4316762, 'Andrew C. English Jr.', '');
INSERT OR IGNORE INTO Actor (id_actor, nombre, foto_path) VALUES (1264690, 'Cecile Cubiló', 'https://image.tmdb.org/t/p/original/9mQO51lWMoc2qC2SwXhtmXjTOwu.jpg');
INSERT OR REPLACE INTO Pelicula (id_pelicula, titulo, descripcion, poster_path, backdrop_path, trailer, anio_estreno, duracion) VALUES (1601243, 'Oscar Shaw', 'Tras retirarse de la policía, un implacable detective atormentado por la trágica pérdida de su mejor amigo emprende una peligrosa búsqueda de venganza, buscando la redención y luchando también por devolver la justicia a las calles que una vez juró proteger.', 'https://image.tmdb.org/t/p/original/tsE3nySukwrfUjouz8vzvKTcXNC.jpg', 'https://image.tmdb.org/t/p/original/6D6M5z4reppUxo2cnBEKI02Csp1.jpg', '', 2026, 93);
INSERT OR REPLACE INTO Pelicula_Actor (id_pelicula, id_actor, personaje) VALUES (1601243, 64856, 'Oscar Shaw');
INSERT OR REPLACE INTO Pelicula_Actor (id_pelicula, id_actor, personaje) VALUES (1601243, 8169, 'Ray Jay');
INSERT OR REPLACE INTO Pelicula_Actor (id_pelicula, id_actor, personaje) VALUES (1601243, 21353, 'Ernie');
INSERT OR REPLACE INTO Pelicula_Actor (id_pelicula, id_actor, personaje) VALUES (1601243, 4316762, 'Tron');
INSERT OR REPLACE INTO Pelicula_Actor (id_pelicula, id_actor, personaje) VALUES (1601243, 1264690, 'Detective Nina Perez');
INSERT OR IGNORE INTO Pelicula_Categoria (id_pelicula, id_categoria) VALUES (1601243, 5);
INSERT OR IGNORE INTO Pelicula_Categoria (id_pelicula, id_categoria) VALUES (1601243, 9);
INSERT OR IGNORE INTO Pelicula_Categoria (id_pelicula, id_categoria) VALUES (1601243, 6);
-- Fin película: Oscar Shaw --
INSERT OR IGNORE INTO Actor (id_actor, nombre, foto_path) VALUES (1266721, '林柏宏', 'https://image.tmdb.org/t/p/original/ab0t5eYYEWWDtMwN6R4VTfbSz3Q.jpg');
INSERT OR IGNORE INTO Actor (id_actor, nombre, foto_path) VALUES (1354895, '宋芸樺', 'https://image.tmdb.org/t/p/original/xHBne0spwBf5xHyHulLOaOB9Fa3.jpg');
INSERT OR IGNORE INTO Actor (id_actor, nombre, foto_path) VALUES (966327, '王柏傑', 'https://image.tmdb.org/t/p/original/6tvYMx0HdBMEOB01rcQ7hUjo3CD.jpg');
INSERT OR IGNORE INTO Actor (id_actor, nombre, foto_path) VALUES (2155170, '李李仁', 'https://image.tmdb.org/t/p/original/ce3SBqfjQnUkOhlclWuulLuiLC2.jpg');
INSERT OR IGNORE INTO Actor (id_actor, nombre, foto_path) VALUES (1742837, '姚以緹', 'https://image.tmdb.org/t/p/original/3GN4k4A8kRs7I9oL56nb7XJZPGH.jpg');
INSERT OR REPLACE INTO Pelicula (id_pelicula, titulo, descripcion, poster_path, backdrop_path, trailer, anio_estreno, duracion) VALUES (1271895, '96 Minutes', 'Un experto en bombas y su prometida suben a un tren que contiene explosivos, mientras un profesor de física envuelto en un escándalo toma el mismo tren con la esperanza de reconciliarse con su esposa, quien partió en un tren anterior.', 'https://image.tmdb.org/t/p/original/4XpYp1yrNI49OY8lz4qZuI7baeQ.jpg', 'https://image.tmdb.org/t/p/original/lAtuFCx6cYkNBmTMSNnLE0qlCLx.jpg', '', 2025, 117);
INSERT OR REPLACE INTO Pelicula_Actor (id_pelicula, id_actor, personaje) VALUES (1271895, 1266721, 'Song, Ken-Ren');
INSERT OR REPLACE INTO Pelicula_Actor (id_pelicula, id_actor, personaje) VALUES (1271895, 1354895, 'Huang, Xin');
INSERT OR REPLACE INTO Pelicula_Actor (id_pelicula, id_actor, personaje) VALUES (1271895, 966327, 'Liu, Kai');
INSERT OR REPLACE INTO Pelicula_Actor (id_pelicula, id_actor, personaje) VALUES (1271895, 2155170, 'Li, Jie');
INSERT OR REPLACE INTO Pelicula_Actor (id_pelicula, id_actor, personaje) VALUES (1271895, 1742837, 'Yang, Ting-Juan');
INSERT OR IGNORE INTO Pelicula_Categoria (id_pelicula, id_categoria) VALUES (1271895, 5);
INSERT OR IGNORE INTO Pelicula_Categoria (id_pelicula, id_categoria) VALUES (1271895, 9);
INSERT OR IGNORE INTO Pelicula_Categoria (id_pelicula, id_categoria) VALUES (1271895, 10);
-- Fin película: 96 Minutes --
INSERT OR IGNORE INTO Actor (id_actor, nombre, foto_path) VALUES (11617, 'Mischa Barton', 'https://image.tmdb.org/t/p/original/j3eZsKKIz4uWdVwAvokv8GHU21w.jpg');
INSERT OR IGNORE INTO Actor (id_actor, nombre, foto_path) VALUES (176227, 'Richard Dillane', 'https://image.tmdb.org/t/p/original/4DVdlTFkhPlERFyFoeH6UoXb2un.jpg');
INSERT OR IGNORE INTO Actor (id_actor, nombre, foto_path) VALUES (107561, 'Mido Hamada', 'https://image.tmdb.org/t/p/original/iSQsrTcaMu4agVwRWfMpUTrwBzL.jpg');
INSERT OR IGNORE INTO Actor (id_actor, nombre, foto_path) VALUES (66444, 'Antonia Bernath', 'https://image.tmdb.org/t/p/original/9YuypPli7jyt8r9c65aUTRcWM8X.jpg');
INSERT OR IGNORE INTO Actor (id_actor, nombre, foto_path) VALUES (3933515, 'Kojo Attah', 'https://image.tmdb.org/t/p/original/xtE8Nd5sVskymf3haYUWixFwv4g.jpg');
INSERT OR REPLACE INTO Pelicula (id_pelicula, titulo, descripcion, poster_path, backdrop_path, trailer, anio_estreno, duracion) VALUES (1310568, 'Asesinato en la Embajada', '1934. Miranda Green, detective privada, investiga un asesinato perpetrado en la embajada británica en El Cairo, donde se robó un documento de alto secreto, con el riesgo de poner en peligro el Palacio de Buckingham y la paz del mundo.', 'https://image.tmdb.org/t/p/original/vW5pt7wPbY2mtsGd26IqV39zRJa.jpg', 'https://image.tmdb.org/t/p/original/gLXibzLQ4qegvjdqDC0f8yTij2P.jpg', 'https://www.youtube.com/watch?v=sgohJhg82bc', 2025, 83);
INSERT OR REPLACE INTO Pelicula_Actor (id_pelicula, id_actor, personaje) VALUES (1310568, 11617, 'Miranda Green');
INSERT OR REPLACE INTO Pelicula_Actor (id_pelicula, id_actor, personaje) VALUES (1310568, 176227, 'Robert');
INSERT OR REPLACE INTO Pelicula_Actor (id_pelicula, id_actor, personaje) VALUES (1310568, 107561, 'Mamoud');
INSERT OR REPLACE INTO Pelicula_Actor (id_pelicula, id_actor, personaje) VALUES (1310568, 66444, 'Betty');
INSERT OR REPLACE INTO Pelicula_Actor (id_pelicula, id_actor, personaje) VALUES (1310568, 3933515, 'Walter');
INSERT OR IGNORE INTO Pelicula_Categoria (id_pelicula, id_categoria) VALUES (1310568, 1);
INSERT OR IGNORE INTO Pelicula_Categoria (id_pelicula, id_categoria) VALUES (1310568, 6);
INSERT OR IGNORE INTO Pelicula_Categoria (id_pelicula, id_categoria) VALUES (1310568, 5);
-- Fin película: Asesinato en la Embajada --
INSERT OR IGNORE INTO Actor (id_actor, nombre, foto_path) VALUES (70851, 'Jack Black', 'https://image.tmdb.org/t/p/original/59IhgCtiWI5yTfzPhsjzg7GjCjm.jpg');
INSERT OR IGNORE INTO Actor (id_actor, nombre, foto_path) VALUES (22226, 'Paul Rudd', 'https://image.tmdb.org/t/p/original/6jtwNOLKy0LdsRAKwZqgYMAfd5n.jpg');
INSERT OR IGNORE INTO Actor (id_actor, nombre, foto_path) VALUES (18324, 'Steve Zahn', 'https://image.tmdb.org/t/p/original/rwrPdKGwXnByxUVMxMf8Y7oswi3.jpg');
INSERT OR IGNORE INTO Actor (id_actor, nombre, foto_path) VALUES (9030, 'Thandiwe Newton', 'https://image.tmdb.org/t/p/original/hZQLvxj7nV7pBrRyWTvWVz1CDi8.jpg');
INSERT OR IGNORE INTO Actor (id_actor, nombre, foto_path) VALUES (1784612, 'Daniela Melchior', 'https://image.tmdb.org/t/p/original/tjAEB90Sa7DJtyTlDAkzVhPLQin.jpg');
INSERT OR REPLACE INTO Pelicula (id_pelicula, titulo, descripcion, poster_path, backdrop_path, trailer, anio_estreno, duracion) VALUES (1234731, 'Anaconda', 'Doug y Griff son muy buenos amigos desde que eran niños y siempre han soñado con hacer un remake de su película favorita de todos los tiempos: el «clásico cinematográfico» Anaconda. Cuando una crisis de mediana edad les anima a lanzarse por fin a la aventura, se adentran en la selva amazónica para empezar a rodar. Pero las cosas se ponen serias cuando aparece una anaconda gigante de verdad, convirtiendo su caótico y cómico plató de rodaje en una situación mortal.', 'https://image.tmdb.org/t/p/original/zX1KJPiGTrzpFcjfOWlmqdRgpQd.jpg', 'https://image.tmdb.org/t/p/original/swxhEJsAWms6X1fDZ4HdbvYBSf9.jpg', 'https://www.youtube.com/watch?v=FVPjkbmgX74', 2025, 100);
INSERT OR REPLACE INTO Pelicula_Actor (id_pelicula, id_actor, personaje) VALUES (1234731, 70851, 'Doug McCallister');
INSERT OR REPLACE INTO Pelicula_Actor (id_pelicula, id_actor, personaje) VALUES (1234731, 22226, 'Ronald Griffin Jr.');
INSERT OR REPLACE INTO Pelicula_Actor (id_pelicula, id_actor, personaje) VALUES (1234731, 18324, 'Kenny Trent');
INSERT OR REPLACE INTO Pelicula_Actor (id_pelicula, id_actor, personaje) VALUES (1234731, 9030, 'Claire Simons');
INSERT OR REPLACE INTO Pelicula_Actor (id_pelicula, id_actor, personaje) VALUES (1234731, 1784612, 'Ana Almeida');
INSERT OR IGNORE INTO Pelicula_Categoria (id_pelicula, id_categoria) VALUES (1234731, 1);
INSERT OR IGNORE INTO Pelicula_Categoria (id_pelicula, id_categoria) VALUES (1234731, 12);
INSERT OR IGNORE INTO Pelicula_Categoria (id_pelicula, id_categoria) VALUES (1234731, 4);
-- Fin película: Anaconda --
INSERT OR IGNORE INTO Actor (id_actor, nombre, foto_path) VALUES (1520844, 'Lizzy Greene', 'https://image.tmdb.org/t/p/original/uK648OpFU1kfhTJEtxI71oEekdv.jpg');
INSERT OR IGNORE INTO Actor (id_actor, nombre, foto_path) VALUES (222141, 'Megan Boone', 'https://image.tmdb.org/t/p/original/8SjSPu2IJQVvuM2rP0KPNmze6Dz.jpg');
INSERT OR IGNORE INTO Actor (id_actor, nombre, foto_path) VALUES (1827955, 'Sky Katz', 'https://image.tmdb.org/t/p/original/xhvma0NjQh8rD5sLfkWIeYt8dAl.jpg');
INSERT OR IGNORE INTO Actor (id_actor, nombre, foto_path) VALUES (58428, 'Philip Winchester', 'https://image.tmdb.org/t/p/original/oc7lc2d98lM393blvmFfAGnXSMf.jpg');
INSERT OR IGNORE INTO Actor (id_actor, nombre, foto_path) VALUES (3042038, 'Alix Villaret', 'https://image.tmdb.org/t/p/original/yUJZgLhUb3xy8vkWOS3gS9qdsot.jpg');
INSERT OR REPLACE INTO Pelicula (id_pelicula, titulo, descripcion, poster_path, backdrop_path, trailer, anio_estreno, duracion) VALUES (1584215, 'The Internship', 'Una asesina entrenada por la CIA recluta a otros graduados de su programa secreto de la infancia, The Internship, para destruir violentamente la organización. La CIA contraataca con fuerza letal.', 'https://image.tmdb.org/t/p/original/fYqSOkix4rbDiZW0ACNnvZCpT6X.jpg', 'https://image.tmdb.org/t/p/original/eUERZRVjCTNdgnESlQxyaOJ2d4K.jpg', '', 2026, 91);
INSERT OR REPLACE INTO Pelicula_Actor (id_pelicula, id_actor, personaje) VALUES (1584215, 1520844, 'Renee');
INSERT OR REPLACE INTO Pelicula_Actor (id_pelicula, id_actor, personaje) VALUES (1584215, 222141, 'Candace Dalton');
INSERT OR REPLACE INTO Pelicula_Actor (id_pelicula, id_actor, personaje) VALUES (1584215, 1827955, 'Apothecary');
INSERT OR REPLACE INTO Pelicula_Actor (id_pelicula, id_actor, personaje) VALUES (1584215, 58428, 'Dick Jones');
INSERT OR REPLACE INTO Pelicula_Actor (id_pelicula, id_actor, personaje) VALUES (1584215, 3042038, 'Dagger');
INSERT OR IGNORE INTO Pelicula_Categoria (id_pelicula, id_categoria) VALUES (1584215, 5);
-- Fin película: The Internship --
INSERT OR IGNORE INTO Actor (id_actor, nombre, foto_path) VALUES (65731, 'Sam Worthington', 'https://image.tmdb.org/t/p/original/mflBcox36s9ZPbsZPVOuhf6axaJ.jpg');
INSERT OR IGNORE INTO Actor (id_actor, nombre, foto_path) VALUES (8691, 'Zoe Saldaña', 'https://image.tmdb.org/t/p/original/vQBwmsSOAd0JDaEcZ5p43J9xzsY.jpg');
INSERT OR IGNORE INTO Actor (id_actor, nombre, foto_path) VALUES (10205, 'Sigourney Weaver', 'https://image.tmdb.org/t/p/original/wTSnfktNBLd6kwQxgvkqYw6vEon.jpg');
INSERT OR IGNORE INTO Actor (id_actor, nombre, foto_path) VALUES (32747, 'Stephen Lang', 'https://image.tmdb.org/t/p/original/gnO5VfkDgA2fsHweD0622LUY3Hu.jpg');
INSERT OR IGNORE INTO Actor (id_actor, nombre, foto_path) VALUES (566331, 'Oona Chaplin', 'https://image.tmdb.org/t/p/original/tT7QQOrumeGRquaLmWNZk2DyL3Z.jpg');
INSERT OR REPLACE INTO Pelicula (id_pelicula, titulo, descripcion, poster_path, backdrop_path, trailer, anio_estreno, duracion) VALUES (83533, 'Avatar: Fuego y ceniza', 'Jake Sully y Neytiri enfrentan una nueva amenaza en Pandora: los Ash People, una tribu Na''vi violenta y sedienta de poder, liderada por la implacable Varang. Tras la devastadora guerra contra la RDA y la pérdida de su hijo mayor, la familia de Jake deberá luchar por su supervivencia y el futuro de Pandora en un conflicto que llevará a los personajes a sus límites emocionales y físicos. Con nuevos y antiguos aliados, esta épica visual y emocional redefine el destino de un mundo al borde del abismo.', 'https://image.tmdb.org/t/p/original/4n1U0Mwn7djux6VKNYDRWPgS2x6.jpg', 'https://image.tmdb.org/t/p/original/sdZSjtGUTSN8B3al5o0f2WoQfQQ.jpg', 'https://www.youtube.com/watch?v=ndYS51j7G3o', 2025, 198);
INSERT OR REPLACE INTO Pelicula_Actor (id_pelicula, id_actor, personaje) VALUES (83533, 65731, 'Jake');
INSERT OR REPLACE INTO Pelicula_Actor (id_pelicula, id_actor, personaje) VALUES (83533, 8691, 'Neytiri');
INSERT OR REPLACE INTO Pelicula_Actor (id_pelicula, id_actor, personaje) VALUES (83533, 10205, 'Kiri');
INSERT OR REPLACE INTO Pelicula_Actor (id_pelicula, id_actor, personaje) VALUES (83533, 32747, 'Quaritch');
INSERT OR REPLACE INTO Pelicula_Actor (id_pelicula, id_actor, personaje) VALUES (83533, 566331, 'Varang');
INSERT OR IGNORE INTO Pelicula_Categoria (id_pelicula, id_categoria) VALUES (83533, 3);
INSERT OR IGNORE INTO Pelicula_Categoria (id_pelicula, id_categoria) VALUES (83533, 1);
INSERT OR IGNORE INTO Pelicula_Categoria (id_pelicula, id_categoria) VALUES (83533, 3);
-- Fin película: Avatar: Fuego y ceniza --
INSERT OR IGNORE INTO Actor (id_actor, nombre, foto_path) VALUES (18050, 'Elle Fanning', 'https://image.tmdb.org/t/p/original/e8CUyxQSE99y5IOfzSLtHC0B0Ch.jpg');
INSERT OR IGNORE INTO Actor (id_actor, nombre, foto_path) VALUES (3223391, 'Dimitrius Schuster-Koloamatangi', 'https://image.tmdb.org/t/p/original/rmIZTT1AZK3C9fYhEOtGKtSrF8E.jpg');
INSERT OR IGNORE INTO Actor (id_actor, nombre, foto_path) VALUES (1891826, 'Ravi Narayan', 'https://image.tmdb.org/t/p/original/iM9dr3AjXTt7IGpRzZlQVG7hINa.jpg');
INSERT OR IGNORE INTO Actor (id_actor, nombre, foto_path) VALUES (2253146, 'Michael Homick', 'https://image.tmdb.org/t/p/original/a7IFYVtmNvBMJ7c20BVMc0LX6PT.jpg');
INSERT OR IGNORE INTO Actor (id_actor, nombre, foto_path) VALUES (1636658, 'Stefan Grube', 'https://image.tmdb.org/t/p/original/7SJ13Np7xL20YJjPiUbM7PshdYA.jpg');
INSERT OR REPLACE INTO Pelicula (id_pelicula, titulo, descripcion, poster_path, backdrop_path, trailer, anio_estreno, duracion) VALUES (1242898, 'Predator: Badlands', 'Un joven Predator rechazado por su clan encuentra un aliado inesperado en Thia y emprende un peligroso viaje en busca del adversario definitivo.', 'https://image.tmdb.org/t/p/original/8nCEJ5hFJt0h8FhXafHGhEhT8d7.jpg', 'https://image.tmdb.org/t/p/original/ebyxeBh56QNXxSJgTnmz7fXAlwk.jpg', 'https://www.youtube.com/watch?v=w2JQW_aTS7I', 2025, 107);
INSERT OR REPLACE INTO Pelicula_Actor (id_pelicula, id_actor, personaje) VALUES (1242898, 18050, 'Thia / Tessa');
INSERT OR REPLACE INTO Pelicula_Actor (id_pelicula, id_actor, personaje) VALUES (1242898, 3223391, 'Dek / Father');
INSERT OR REPLACE INTO Pelicula_Actor (id_pelicula, id_actor, personaje) VALUES (1242898, 1891826, 'Bud');
INSERT OR REPLACE INTO Pelicula_Actor (id_pelicula, id_actor, personaje) VALUES (1242898, 2253146, 'Kwei (Suit)');
INSERT OR REPLACE INTO Pelicula_Actor (id_pelicula, id_actor, personaje) VALUES (1242898, 1636658, 'Kwei (voice)');
INSERT OR IGNORE INTO Pelicula_Categoria (id_pelicula, id_categoria) VALUES (1242898, 5);
INSERT OR IGNORE INTO Pelicula_Categoria (id_pelicula, id_categoria) VALUES (1242898, 3);
INSERT OR IGNORE INTO Pelicula_Categoria (id_pelicula, id_categoria) VALUES (1242898, 1);
-- Fin película: Predator: Badlands --
INSERT OR IGNORE INTO Actor (id_actor, nombre, foto_path) VALUES (1892, 'Matt Damon', 'https://image.tmdb.org/t/p/original/andBr2Vvf5Gj54gFyoz7ctBKLBj.jpg');
INSERT OR IGNORE INTO Actor (id_actor, nombre, foto_path) VALUES (880, 'Ben Affleck', 'https://image.tmdb.org/t/p/original/u525jeDOzg9hVdvYfeehTGnw7Aa.jpg');
INSERT OR IGNORE INTO Actor (id_actor, nombre, foto_path) VALUES (215055, 'Steven Yeun', 'https://image.tmdb.org/t/p/original/fOMFO2Xx4duzpNgS9Q5ytO44yGb.jpg');
INSERT OR IGNORE INTO Actor (id_actor, nombre, foto_path) VALUES (964679, 'Teyana Taylor', 'https://image.tmdb.org/t/p/original/yC6w0SERmCxUTTu6KYXDxhtkj0j.jpg');
INSERT OR IGNORE INTO Actor (id_actor, nombre, foto_path) VALUES (5887, 'Catalina Sandino Moreno', 'https://image.tmdb.org/t/p/original/78V4H40NXJ6dzqFZaEe1fBelw56.jpg');
INSERT OR REPLACE INTO Pelicula (id_pelicula, titulo, descripcion, poster_path, backdrop_path, trailer, anio_estreno, duracion) VALUES (1306368, 'El botín', 'El descubrimiento de varios millones de dólares en efectivo en un zulo abandonado de Miami quiebra la confianza de un grupo de policías. Ahora, todo y todos están bajo sospecha.', 'https://image.tmdb.org/t/p/original/55C5loKFkw7Cj0nMLWux4FJCRHI.jpg', 'https://image.tmdb.org/t/p/original/3F2EXWF1thX0BdrVaKvnm6mAhqh.jpg', '', 2026, 113);
INSERT OR REPLACE INTO Pelicula_Actor (id_pelicula, id_actor, personaje) VALUES (1306368, 1892, 'Lieutenant Dane Dumars');
INSERT OR REPLACE INTO Pelicula_Actor (id_pelicula, id_actor, personaje) VALUES (1306368, 880, 'Detective Sergeant J.D. Byrne');
INSERT OR REPLACE INTO Pelicula_Actor (id_pelicula, id_actor, personaje) VALUES (1306368, 215055, 'Detective Mike Ro');
INSERT OR REPLACE INTO Pelicula_Actor (id_pelicula, id_actor, personaje) VALUES (1306368, 964679, 'Detective Numa Baptistie');
INSERT OR REPLACE INTO Pelicula_Actor (id_pelicula, id_actor, personaje) VALUES (1306368, 5887, 'Detective Lolo Salazar');
INSERT OR IGNORE INTO Pelicula_Categoria (id_pelicula, id_categoria) VALUES (1306368, 5);
INSERT OR IGNORE INTO Pelicula_Categoria (id_pelicula, id_categoria) VALUES (1306368, 6);
INSERT OR IGNORE INTO Pelicula_Categoria (id_pelicula, id_categoria) VALUES (1306368, 9);
-- Fin película: El botín --
INSERT OR IGNORE INTO Actor (id_actor, nombre, foto_path) VALUES (2507851, 'Brandon Engman', 'https://image.tmdb.org/t/p/original/9PhXVdDPb5NTEvD5dbFfTJnssQw.jpg');
INSERT OR IGNORE INTO Actor (id_actor, nombre, foto_path) VALUES (1822256, 'Brian Stivale', 'https://image.tmdb.org/t/p/original/ggNQronrHaUZnFZeolK0SGfW38V.jpg');
INSERT OR IGNORE INTO Actor (id_actor, nombre, foto_path) VALUES (2805492, 'Shahar Taboch', 'https://image.tmdb.org/t/p/original/hpuiheYJrOU4HYczWgCJNeBPWlZ.jpg');
INSERT OR IGNORE INTO Actor (id_actor, nombre, foto_path) VALUES (1677363, 'Aaron Tavaler', '');
INSERT OR IGNORE INTO Actor (id_actor, nombre, foto_path) VALUES (5981973, 'Hector', '');
INSERT OR REPLACE INTO Pelicula (id_pelicula, titulo, descripcion, poster_path, backdrop_path, trailer, anio_estreno, duracion) VALUES (1167307, 'David', 'En un reino gobernado por el miedo, un joven pastor se atreve a enfrentarse a un gigante y a la oscuridad que se oculta tras él. Su valor despertará a una nación y demostrará que la verdadera fuerza proviene de la confianza, no del poder.', 'https://image.tmdb.org/t/p/original/bESlrLOrsQ9gKzaGQGHXKOyIUtX.jpg', 'https://image.tmdb.org/t/p/original/oN4TQ1TxchynXlFiXFBL3NHLT54.jpg', '', 2025, 115);
INSERT OR REPLACE INTO Pelicula_Actor (id_pelicula, id_actor, personaje) VALUES (1167307, 2507851, 'Young David (voice)');
INSERT OR REPLACE INTO Pelicula_Actor (id_pelicula, id_actor, personaje) VALUES (1167307, 1822256, 'Samuel (voice)');
INSERT OR REPLACE INTO Pelicula_Actor (id_pelicula, id_actor, personaje) VALUES (1167307, 2805492, 'Ozem (voice)');
INSERT OR REPLACE INTO Pelicula_Actor (id_pelicula, id_actor, personaje) VALUES (1167307, 1677363, 'Nethanel (voice)');
INSERT OR REPLACE INTO Pelicula_Actor (id_pelicula, id_actor, personaje) VALUES (1167307, 5981973, 'Jesse (voice)');
INSERT OR IGNORE INTO Pelicula_Categoria (id_pelicula, id_categoria) VALUES (1167307, 5);
INSERT OR IGNORE INTO Pelicula_Categoria (id_pelicula, id_categoria) VALUES (1167307, 12);
INSERT OR IGNORE INTO Pelicula_Categoria (id_pelicula, id_categoria) VALUES (1167307, 7);
-- Fin película: David --
INSERT OR IGNORE INTO Actor (id_actor, nombre, foto_path) VALUES (9778, 'Ice Cube', 'https://image.tmdb.org/t/p/original/9EghwabQ1wIQT4oN69qtPlzqGn4.jpg');
INSERT OR IGNORE INTO Actor (id_actor, nombre, foto_path) VALUES (52605, 'Eva Longoria', 'https://image.tmdb.org/t/p/original/1u26GLWK1DE7gBugyI9P3OMFq4A.jpg');
INSERT OR IGNORE INTO Actor (id_actor, nombre, foto_path) VALUES (9048, 'Clark Gregg', 'https://image.tmdb.org/t/p/original/mq686D91XoZpqkzELn0888NOiZW.jpg');
INSERT OR IGNORE INTO Actor (id_actor, nombre, foto_path) VALUES (1632530, 'Iman Benson', 'https://image.tmdb.org/t/p/original/6s8Cyc4rxDRpX1vYnczU52RM4IM.jpg');
INSERT OR IGNORE INTO Actor (id_actor, nombre, foto_path) VALUES (60482, 'Henry Hunter Hall', 'https://image.tmdb.org/t/p/original/qZEv8RIGC9yLwY29Vo4KQzpO9Dt.jpg');
INSERT OR REPLACE INTO Pelicula (id_pelicula, titulo, descripcion, poster_path, backdrop_path, trailer, anio_estreno, duracion) VALUES (755898, 'La guerra de los mundos', 'Will Radford, un destacado analista de ciberseguridad, pasa sus días rastreando posibles amenazas a la seguridad nacional a través de un programa de vigilancia masiva. Un ataque de una entidad desconocida le lleva a cuestionarse si el gobierno le está ocultando algo a él... y al resto del mundo.', 'https://image.tmdb.org/t/p/original/fjgSlNGECNgVeMJaOdDAXmGh7ZM.jpg', 'https://image.tmdb.org/t/p/original/iZLqwEwUViJdSkGVjePGhxYzbDb.jpg', 'https://www.youtube.com/watch?v=VeXEOwwFFG8', 2025, 90);
INSERT OR REPLACE INTO Pelicula_Actor (id_pelicula, id_actor, personaje) VALUES (755898, 9778, 'William Radford');
INSERT OR REPLACE INTO Pelicula_Actor (id_pelicula, id_actor, personaje) VALUES (755898, 52605, 'NASA Scientist Sandra Salas');
INSERT OR REPLACE INTO Pelicula_Actor (id_pelicula, id_actor, personaje) VALUES (755898, 9048, 'NSA Director Donald Briggs');
INSERT OR REPLACE INTO Pelicula_Actor (id_pelicula, id_actor, personaje) VALUES (755898, 1632530, 'Faith Radford');
INSERT OR REPLACE INTO Pelicula_Actor (id_pelicula, id_actor, personaje) VALUES (755898, 60482, 'David Radford');
INSERT OR IGNORE INTO Pelicula_Categoria (id_pelicula, id_categoria) VALUES (755898, 3);
INSERT OR IGNORE INTO Pelicula_Categoria (id_pelicula, id_categoria) VALUES (755898, 6);
-- Fin película: La guerra de los mundos --
INSERT OR IGNORE INTO Actor (id_actor, nombre, foto_path) VALUES (53714, 'Rachel McAdams', 'https://image.tmdb.org/t/p/original/gDViN28cKRA1u1tB47ClVqjXYdj.jpg');
INSERT OR IGNORE INTO Actor (id_actor, nombre, foto_path) VALUES (527393, 'Dylan O''Brien', 'https://image.tmdb.org/t/p/original/xN3GdvIlqsR838gDoblhPH0numP.jpg');
INSERT OR IGNORE INTO Actor (id_actor, nombre, foto_path) VALUES (4477127, 'Edyll Ismail', 'https://image.tmdb.org/t/p/original/4JNIAlJXlw1HTF2log6GUeErDcT.jpg');
INSERT OR IGNORE INTO Actor (id_actor, nombre, foto_path) VALUES (352, 'Dennis Haysbert', 'https://image.tmdb.org/t/p/original/lcnjaw2CFN6q9eaes1jTYrUB0rb.jpg');
INSERT OR IGNORE INTO Actor (id_actor, nombre, foto_path) VALUES (109438, 'Xavier Samuel', 'https://image.tmdb.org/t/p/original/gHvKqCXfpzaGp46gqsy9MVDfmSf.jpg');
INSERT OR REPLACE INTO Pelicula (id_pelicula, titulo, descripcion, poster_path, backdrop_path, trailer, anio_estreno, duracion) VALUES (1198994, 'SEND HELP (Enviad ayuda)', 'Después de que un accidente de avión deje varados en una isla remota a una competente empleada y a su insoportable jefe, ella deberá utilizar sus habilidades de supervivencia para mantenerlos a ambos con vida, a pesar de su difícil relación.', 'https://image.tmdb.org/t/p/original/m6cubm61t8UfL4KhkP4DJVrWjhj.jpg', 'https://image.tmdb.org/t/p/original/jo17HPxcJqT9jpSw3Xv92mQBY1h.jpg', 'https://www.youtube.com/watch?v=OTMeWZNhE64', 2026, 113);
INSERT OR REPLACE INTO Pelicula_Actor (id_pelicula, id_actor, personaje) VALUES (1198994, 53714, 'Linda Liddle');
INSERT OR REPLACE INTO Pelicula_Actor (id_pelicula, id_actor, personaje) VALUES (1198994, 527393, 'Bradley Preston');
INSERT OR REPLACE INTO Pelicula_Actor (id_pelicula, id_actor, personaje) VALUES (1198994, 4477127, 'Zuri');
INSERT OR REPLACE INTO Pelicula_Actor (id_pelicula, id_actor, personaje) VALUES (1198994, 352, 'Franklin');
INSERT OR REPLACE INTO Pelicula_Actor (id_pelicula, id_actor, personaje) VALUES (1198994, 109438, 'Donovan');
INSERT OR IGNORE INTO Pelicula_Categoria (id_pelicula, id_categoria) VALUES (1198994, 4);
INSERT OR IGNORE INTO Pelicula_Categoria (id_pelicula, id_categoria) VALUES (1198994, 6);
INSERT OR IGNORE INTO Pelicula_Categoria (id_pelicula, id_categoria) VALUES (1198994, 12);
-- Fin película: SEND HELP (Enviad ayuda) --
INSERT OR IGNORE INTO Actor (id_actor, nombre, foto_path) VALUES (976, 'Jason Statham', 'https://image.tmdb.org/t/p/original/o7sfT7EBtzxwiJiKmCafoebJQ2q.jpg');
INSERT OR IGNORE INTO Actor (id_actor, nombre, foto_path) VALUES (4088089, 'Bodhi Rae Breathnach', 'https://image.tmdb.org/t/p/original/sONxErk3r0xfoESAmU3GVTxoPDe.jpg');
INSERT OR IGNORE INTO Actor (id_actor, nombre, foto_path) VALUES (1563431, 'Michael Shaeffer', 'https://image.tmdb.org/t/p/original/5O0UCmRy8NWpYvHeCJDntPKXmti.jpg');
INSERT OR IGNORE INTO Actor (id_actor, nombre, foto_path) VALUES (1233545, 'Anna Crilly', 'https://image.tmdb.org/t/p/original/wT6e4gDsQwrJjhXlIAj5IhcLICy.jpg');
INSERT OR IGNORE INTO Actor (id_actor, nombre, foto_path) VALUES (2440, 'Bill Nighy', 'https://image.tmdb.org/t/p/original/ixFI2YCGNGJfwlpI8iyhvVZRg8C.jpg');
INSERT OR REPLACE INTO Pelicula (id_pelicula, titulo, descripcion, poster_path, backdrop_path, trailer, anio_estreno, duracion) VALUES (1290821, 'Shelter: El Protector', 'Un recluso en una remota isla escocesa rescata a una niña del mar, desencadenando una peligrosa secuencia de acontecimientos.', 'https://image.tmdb.org/t/p/original/klvZs66SG19qmacdwxSRkdFQhQS.jpg', 'https://image.tmdb.org/t/p/original/uCGzI1EtQWXG5yRPB5PSyOdFNcC.jpg', 'https://www.youtube.com/watch?v=tjRn9EeN3rE', 2026, 107);
INSERT OR REPLACE INTO Pelicula_Actor (id_pelicula, id_actor, personaje) VALUES (1290821, 976, 'Mason');
INSERT OR REPLACE INTO Pelicula_Actor (id_pelicula, id_actor, personaje) VALUES (1290821, 4088089, 'Jesse');
INSERT OR REPLACE INTO Pelicula_Actor (id_pelicula, id_actor, personaje) VALUES (1290821, 1563431, 'Uncle');
INSERT OR REPLACE INTO Pelicula_Actor (id_pelicula, id_actor, personaje) VALUES (1290821, 1233545, 'Haneron');
INSERT OR REPLACE INTO Pelicula_Actor (id_pelicula, id_actor, personaje) VALUES (1290821, 2440, 'Manafort');
INSERT OR IGNORE INTO Pelicula_Categoria (id_pelicula, id_categoria) VALUES (1290821, 5);
INSERT OR IGNORE INTO Pelicula_Categoria (id_pelicula, id_categoria) VALUES (1290821, 9);
INSERT OR IGNORE INTO Pelicula_Categoria (id_pelicula, id_categoria) VALUES (1290821, 6);
-- Fin película: Shelter: El Protector --
INSERT OR IGNORE INTO Actor (id_actor, nombre, foto_path) VALUES (1019, 'Mads Mikkelsen', 'https://image.tmdb.org/t/p/original/AsX4bdvZ8UCayWTmAf9lAqOA8V7.jpg');
INSERT OR IGNORE INTO Actor (id_actor, nombre, foto_path) VALUES (3969369, 'Sophie Sloan', 'https://image.tmdb.org/t/p/original/orJhg6oQ4h2qdBSTaKSwdEvD4xa.jpg');
INSERT OR IGNORE INTO Actor (id_actor, nombre, foto_path) VALUES (10205, 'Sigourney Weaver', 'https://image.tmdb.org/t/p/original/wTSnfktNBLd6kwQxgvkqYw6vEon.jpg');
INSERT OR IGNORE INTO Actor (id_actor, nombre, foto_path) VALUES (83854, 'David Dastmalchian', 'https://image.tmdb.org/t/p/original/nER1Vzhk51pGHb60KBF1Ja5tEXA.jpg');
INSERT OR IGNORE INTO Actor (id_actor, nombre, foto_path) VALUES (1851642, 'Sheila Atim', 'https://image.tmdb.org/t/p/original/esAjvG2IXvzQODNEHVCVsc4WALI.jpg');
INSERT OR REPLACE INTO Pelicula (id_pelicula, titulo, descripcion, poster_path, backdrop_path, trailer, anio_estreno, duracion) VALUES (1043197, 'Dust Bunny', 'Una niña de ocho años le pide ayuda a su insidiosa vecina en su misión para matar al monstruo que vive debajo de su cama, el cual, según ella, devoró a su familia.', 'https://image.tmdb.org/t/p/original/vobigFZFvbYPf6ElYJu07P9rH8C.jpg', 'https://image.tmdb.org/t/p/original/AecGG1XVCmkk7fT10ko3FC0dLIP.jpg', '', 2025, 106);
INSERT OR REPLACE INTO Pelicula_Actor (id_pelicula, id_actor, personaje) VALUES (1043197, 1019, 'Intriguing Neighbor');
INSERT OR REPLACE INTO Pelicula_Actor (id_pelicula, id_actor, personaje) VALUES (1043197, 3969369, 'Aurora');
INSERT OR REPLACE INTO Pelicula_Actor (id_pelicula, id_actor, personaje) VALUES (1043197, 10205, 'Laverne');
INSERT OR REPLACE INTO Pelicula_Actor (id_pelicula, id_actor, personaje) VALUES (1043197, 83854, 'Conspicuously Inconspicuous Man');
INSERT OR REPLACE INTO Pelicula_Actor (id_pelicula, id_actor, personaje) VALUES (1043197, 1851642, 'Brenda');
INSERT OR IGNORE INTO Pelicula_Categoria (id_pelicula, id_categoria) VALUES (1043197, 5);
INSERT OR IGNORE INTO Pelicula_Categoria (id_pelicula, id_categoria) VALUES (1043197, 3);
INSERT OR IGNORE INTO Pelicula_Categoria (id_pelicula, id_categoria) VALUES (1043197, 6);
-- Fin película: Dust Bunny --
INSERT OR IGNORE INTO Actor (id_actor, nombre, foto_path) VALUES (212429, 'Italia Ricci', 'https://image.tmdb.org/t/p/original/sLQAYErTlb9DiiLlXmUH7me47vK.jpg');
INSERT OR IGNORE INTO Actor (id_actor, nombre, foto_path) VALUES (41464, 'Scott Mechlowicz', 'https://image.tmdb.org/t/p/original/2PMsSnuukuRmHCKcQqqCnD0MIN8.jpg');
INSERT OR IGNORE INTO Actor (id_actor, nombre, foto_path) VALUES (2554513, 'Zachary Golinger', 'https://image.tmdb.org/t/p/original/rtGsdhPDEEc132Ev4NJ2dubb3t0.jpg');
INSERT OR IGNORE INTO Actor (id_actor, nombre, foto_path) VALUES (1411625, 'Terence Rosemore', 'https://image.tmdb.org/t/p/original/mjBaREqAREvJLxDpOlUGLxaYrIP.jpg');
INSERT OR IGNORE INTO Actor (id_actor, nombre, foto_path) VALUES (1213245, 'Justin Matthew Smith', 'https://image.tmdb.org/t/p/original/kJ0PvqWuhpuH35SlGlrUfwYwqg8.jpg');
INSERT OR REPLACE INTO Pelicula (id_pelicula, titulo, descripcion, poster_path, backdrop_path, trailer, anio_estreno, duracion) VALUES (1454741, 'The Confession', '', 'https://image.tmdb.org/t/p/original/xJCwYlJX6UfYQuUmLfWWcRP27gK.jpg', 'https://image.tmdb.org/t/p/original/lALfCsv7YMNrqpWzIaxjS81JKOm.jpg', '', 2026, 87);
INSERT OR REPLACE INTO Pelicula_Actor (id_pelicula, id_actor, personaje) VALUES (1454741, 212429, 'Naomi Riley');
INSERT OR REPLACE INTO Pelicula_Actor (id_pelicula, id_actor, personaje) VALUES (1454741, 41464, 'Grayson Phillips');
INSERT OR REPLACE INTO Pelicula_Actor (id_pelicula, id_actor, personaje) VALUES (1454741, 2554513, 'Dylan Riley');
INSERT OR REPLACE INTO Pelicula_Actor (id_pelicula, id_actor, personaje) VALUES (1454741, 1411625, 'Harling Guidry');
INSERT OR REPLACE INTO Pelicula_Actor (id_pelicula, id_actor, personaje) VALUES (1454741, 1213245, 'The Piper');
INSERT OR IGNORE INTO Pelicula_Categoria (id_pelicula, id_categoria) VALUES (1454741, 4);
-- Fin película: The Confession --
INSERT OR IGNORE INTO Actor (id_actor, nombre, foto_path) VALUES (1494060, 'Mark Fischbach', 'https://image.tmdb.org/t/p/original/2y59nq7vipTBdRMmMTsy1d4HeiG.jpg');
INSERT OR IGNORE INTO Actor (id_actor, nombre, foto_path) VALUES (2602912, 'Caroline Kaplan', 'https://image.tmdb.org/t/p/original/oMOswhHN3LfRtziULWTxNiYgAFj.jpg');
INSERT OR IGNORE INTO Actor (id_actor, nombre, foto_path) VALUES (963818, 'Troy Baker', 'https://image.tmdb.org/t/p/original/9jeUft7h20HscRCrsVQTgKHXRwJ.jpg');
INSERT OR IGNORE INTO Actor (id_actor, nombre, foto_path) VALUES (2444615, 'Elsie Lovelock', 'https://image.tmdb.org/t/p/original/wcYA8LHM9F6aVzlaiMhnFgpXJi5.jpg');
INSERT OR IGNORE INTO Actor (id_actor, nombre, foto_path) VALUES (1042667, 'Elle LaMont', 'https://image.tmdb.org/t/p/original/uR16F3g1J32HgvnlHW890ZAFnnT.jpg');
INSERT OR REPLACE INTO Pelicula (id_pelicula, titulo, descripcion, poster_path, backdrop_path, trailer, anio_estreno, duracion) VALUES (1116201, 'Iron Lung', 'En un futuro devastado por "El Rapto Silencioso", un prisionero navega un océano de sangre en una luna desolada usando un submarino llamado "Iron Lung" mientras busca estrellas y planetas perdidos.', 'https://image.tmdb.org/t/p/original/sIwakdbMGS1krtgendTWpxTY9Hw.jpg', 'https://image.tmdb.org/t/p/original/gqGQ0zADV5FIcgMWtWX8FcGQjFp.jpg', '', 2026, 125);
INSERT OR REPLACE INTO Pelicula_Actor (id_pelicula, id_actor, personaje) VALUES (1116201, 1494060, 'Simon');
INSERT OR REPLACE INTO Pelicula_Actor (id_pelicula, id_actor, personaje) VALUES (1116201, 2602912, 'Ava');
INSERT OR REPLACE INTO Pelicula_Actor (id_pelicula, id_actor, personaje) VALUES (1116201, 963818, 'David');
INSERT OR REPLACE INTO Pelicula_Actor (id_pelicula, id_actor, personaje) VALUES (1116201, 2444615, 'SM-8 Research Lead / The Speaker (voice)');
INSERT OR REPLACE INTO Pelicula_Actor (id_pelicula, id_actor, personaje) VALUES (1116201, 1042667, 'SM-8 Research Assistant / The Whisper (voice)');
INSERT OR IGNORE INTO Pelicula_Categoria (id_pelicula, id_categoria) VALUES (1116201, 4);
INSERT OR IGNORE INTO Pelicula_Categoria (id_pelicula, id_categoria) VALUES (1116201, 3);
-- Fin película: Iron Lung --

-- === LOTE: Popular - Page 2 (2026-02-05T21:56:40.372Z) ===
INSERT OR IGNORE INTO Actor (id_actor, nombre, foto_path) VALUES (78798, 'Tom Kenny', 'https://image.tmdb.org/t/p/original/dKOxpGnRkIMaPkZSHKIns99WxQa.jpg');
INSERT OR IGNORE INTO Actor (id_actor, nombre, foto_path) VALUES (6574, 'Clancy Brown', 'https://image.tmdb.org/t/p/original/1JeBRNG7VS7r64V9lOvej9bZXW5.jpg');
INSERT OR IGNORE INTO Actor (id_actor, nombre, foto_path) VALUES (70615, 'Rodger Bumpass', 'https://image.tmdb.org/t/p/original/lGQkw6adxqB6Hcm7VK8nVHbKupe.jpg');
INSERT OR IGNORE INTO Actor (id_actor, nombre, foto_path) VALUES (34398, 'Bill Fagerbakke', 'https://image.tmdb.org/t/p/original/zntKKc1uT53BnIihmzbq601eWKZ.jpg');
INSERT OR IGNORE INTO Actor (id_actor, nombre, foto_path) VALUES (78799, 'Carolyn Lawrence', 'https://image.tmdb.org/t/p/original/vHycxQTs8EuyFdFJNww15xXB5lT.jpg');
INSERT OR REPLACE INTO Pelicula (id_pelicula, titulo, descripcion, poster_path, backdrop_path, trailer, anio_estreno, duracion) VALUES (991494, 'Bob Esponja: Una aventura pirata', 'Desesperado por ser un gran tipo, Bob Esponja se propone demostrar su valentía al Sr. Krabs siguiendo a The Flying Dutchman, un misterioso pirata fantasma, en una aventura marítima que lo lleva a las profundidades más profundas del mar profundo, donde ninguna Esponja ha ido antes.', 'https://image.tmdb.org/t/p/original/xmRdMdHaEfzMlI5H4dxjnk74q1o.jpg', 'https://image.tmdb.org/t/p/original/kVSUUWiXoNwq2wVCZ4Mcqkniqvr.jpg', 'https://www.youtube.com/watch?v=VPBk6izFecU', 2025, 88);
INSERT OR REPLACE INTO Pelicula_Actor (id_pelicula, id_actor, personaje) VALUES (991494, 78798, 'SpongeBob SquarePants / Gary / Morning DJ (voice)');
INSERT OR REPLACE INTO Pelicula_Actor (id_pelicula, id_actor, personaje) VALUES (991494, 6574, 'Mr. Krabs / Pirate / Narrator');
INSERT OR REPLACE INTO Pelicula_Actor (id_pelicula, id_actor, personaje) VALUES (991494, 70615, 'Squidward Tentacles (voice)');
INSERT OR REPLACE INTO Pelicula_Actor (id_pelicula, id_actor, personaje) VALUES (991494, 34398, 'Patrick Star (voice)');
INSERT OR REPLACE INTO Pelicula_Actor (id_pelicula, id_actor, personaje) VALUES (991494, 78799, 'Sandy Cheeks (voice)');
INSERT OR IGNORE INTO Pelicula_Categoria (id_pelicula, id_categoria) VALUES (991494, 5);
INSERT OR IGNORE INTO Pelicula_Categoria (id_pelicula, id_categoria) VALUES (991494, 12);
INSERT OR IGNORE INTO Pelicula_Categoria (id_pelicula, id_categoria) VALUES (991494, 12);
INSERT OR IGNORE INTO Pelicula_Categoria (id_pelicula, id_categoria) VALUES (991494, 1);
INSERT OR IGNORE INTO Pelicula_Categoria (id_pelicula, id_categoria) VALUES (991494, 3);
-- Fin película: Bob Esponja: Una aventura pirata --
INSERT OR IGNORE INTO Actor (id_actor, nombre, foto_path) VALUES (1256603, 'Natsuki Hanae', 'https://image.tmdb.org/t/p/original/alTb0DlcPIbcwM08WSmxFai58sd.jpg');
INSERT OR IGNORE INTO Actor (id_actor, nombre, foto_path) VALUES (9705, 'Takahiro Sakurai', 'https://image.tmdb.org/t/p/original/8s8owcKmpRAuhzEGjSdRpztthUg.jpg');
INSERT OR IGNORE INTO Actor (id_actor, nombre, foto_path) VALUES (81244, 'Akira Ishida', 'https://image.tmdb.org/t/p/original/jnW2Gn2NlR2uwOCeyOuzypnTmkH.jpg');
INSERT OR IGNORE INTO Actor (id_actor, nombre, foto_path) VALUES (119145, 'Hiro Shimono', 'https://image.tmdb.org/t/p/original/yrSDcgFefHtWkFmLnTrcw2t0MV.jpg');
INSERT OR IGNORE INTO Actor (id_actor, nombre, foto_path) VALUES (1253008, 'Yoshimasa Hosoya', 'https://image.tmdb.org/t/p/original/lUR5oN1LrqGgp25IOcI1qOH1Ud5.jpg');
INSERT OR REPLACE INTO Pelicula (id_pelicula, titulo, descripcion, poster_path, backdrop_path, trailer, anio_estreno, duracion) VALUES (1311031, 'Guardianes de la noche: Kimetsu no Yaiba La fortaleza infinita', 'El Cuerpo de Cazadores de Demonios se enfrenta a los Doce Kizuki restantes antes de enfrentarse a Muzan en el Castillo del Infinito para derrotarlo de una vez por todas.', 'https://image.tmdb.org/t/p/original/iWLV12z9oexSRLz2WKyqCZbKoPA.jpg', 'https://image.tmdb.org/t/p/original/1RgPyOhN4DRs225BGTlHJqCudII.jpg', 'https://www.youtube.com/watch?v=X3E4zogzWsY', 2025, 155);
INSERT OR REPLACE INTO Pelicula_Actor (id_pelicula, id_actor, personaje) VALUES (1311031, 1256603, 'Tanjiro Kamado (voice)');
INSERT OR REPLACE INTO Pelicula_Actor (id_pelicula, id_actor, personaje) VALUES (1311031, 9705, 'Giyu Tomioka (voice)');
INSERT OR REPLACE INTO Pelicula_Actor (id_pelicula, id_actor, personaje) VALUES (1311031, 81244, 'Akaza (voice)');
INSERT OR REPLACE INTO Pelicula_Actor (id_pelicula, id_actor, personaje) VALUES (1311031, 119145, 'Zenitsu Agatsuma (voice)');
INSERT OR REPLACE INTO Pelicula_Actor (id_pelicula, id_actor, personaje) VALUES (1311031, 1253008, 'Kaigaku (voice)');
INSERT OR IGNORE INTO Pelicula_Categoria (id_pelicula, id_categoria) VALUES (1311031, 5);
INSERT OR IGNORE INTO Pelicula_Categoria (id_pelicula, id_categoria) VALUES (1311031, 5);
INSERT OR IGNORE INTO Pelicula_Categoria (id_pelicula, id_categoria) VALUES (1311031, 3);
-- Fin película: Guardianes de la noche: Kimetsu no Yaiba La fortaleza infinita --
INSERT OR IGNORE INTO Actor (id_actor, nombre, foto_path) VALUES (1196041, 'Rohan Campbell', 'https://image.tmdb.org/t/p/original/r1PDcoPF1NDvvxwqkOJTrFaT1za.jpg');
INSERT OR IGNORE INTO Actor (id_actor, nombre, foto_path) VALUES (1602964, 'Ruby Modine', 'https://image.tmdb.org/t/p/original/3SEz3Edts4A7dIYYnV08VKGM7u9.jpg');
INSERT OR IGNORE INTO Actor (id_actor, nombre, foto_path) VALUES (32751, 'Mark Acheson', 'https://image.tmdb.org/t/p/original/84KnNSPJGQvVD57aDlhyUfFO7vz.jpg');
INSERT OR IGNORE INTO Actor (id_actor, nombre, foto_path) VALUES (55616, 'David Lawrence Brown', 'https://image.tmdb.org/t/p/original/aQEVuW5IWam68nWajc7ij6xTyoN.jpg');
INSERT OR IGNORE INTO Actor (id_actor, nombre, foto_path) VALUES (3893535, 'David Tomlinson', 'https://image.tmdb.org/t/p/original/akWyL8TVWydGGLuQLpjARkkfVM4.jpg');
INSERT OR REPLACE INTO Pelicula (id_pelicula, titulo, descripcion, poster_path, backdrop_path, trailer, anio_estreno, duracion) VALUES (801937, 'Noche de Paz, Noche de Muerte', 'Un niño presencia el asesinato de sus padres por de hombre disfrazado de Papá Noel. Años más tarde, ya adulto, se pone él mismo un disfraz de Papá Noel y se embarca en una violenta búsqueda de venganza contra los responsables.', 'https://image.tmdb.org/t/p/original/ecpETxTPyVFai17hMMoFGy1ruLO.jpg', 'https://image.tmdb.org/t/p/original/kv8kCuvfhSQ50YxjowqpVn1QqhJ.jpg', '', 2025, 96);
INSERT OR REPLACE INTO Pelicula_Actor (id_pelicula, id_actor, personaje) VALUES (801937, 1196041, 'Billy Chapman');
INSERT OR REPLACE INTO Pelicula_Actor (id_pelicula, id_actor, personaje) VALUES (801937, 1602964, 'Pamela Sims');
INSERT OR REPLACE INTO Pelicula_Actor (id_pelicula, id_actor, personaje) VALUES (801937, 32751, 'Charlie (Shotgun Santa)');
INSERT OR REPLACE INTO Pelicula_Actor (id_pelicula, id_actor, personaje) VALUES (801937, 55616, 'Dean Sims');
INSERT OR REPLACE INTO Pelicula_Actor (id_pelicula, id_actor, personaje) VALUES (801937, 3893535, 'Max Benedict');
INSERT OR IGNORE INTO Pelicula_Categoria (id_pelicula, id_categoria) VALUES (801937, 4);
INSERT OR IGNORE INTO Pelicula_Categoria (id_pelicula, id_categoria) VALUES (801937, 6);
-- Fin película: Noche de Paz, Noche de Muerte --
INSERT OR IGNORE INTO Actor (id_actor, nombre, foto_path) VALUES (1498158, 'Jessie Buckley', 'https://image.tmdb.org/t/p/original/i8IlkFbZqKUgkypZKpdhrw00uqw.jpg');
INSERT OR IGNORE INTO Actor (id_actor, nombre, foto_path) VALUES (2326151, 'Paul Mescal', 'https://image.tmdb.org/t/p/original/vrzZ41TGNAFgfmZjC2sOJySzBLd.jpg');
INSERT OR IGNORE INTO Actor (id_actor, nombre, foto_path) VALUES (1639, 'Emily Watson', 'https://image.tmdb.org/t/p/original/bd0qiJXHoLNpkCqABsh67AKRtjC.jpg');
INSERT OR IGNORE INTO Actor (id_actor, nombre, foto_path) VALUES (1496392, 'Joe Alwyn', 'https://image.tmdb.org/t/p/original/Avo928rzU4WczRzqgq9FwdoXwKd.jpg');
INSERT OR IGNORE INTO Actor (id_actor, nombre, foto_path) VALUES (3115247, 'Jacobi Jupe', 'https://image.tmdb.org/t/p/original/AbmnZOPvC1vA5yilvG3IyXdTSPB.jpg');
INSERT OR REPLACE INTO Pelicula (id_pelicula, titulo, descripcion, poster_path, backdrop_path, trailer, anio_estreno, duracion) VALUES (858024, 'Hamnet', 'Descubre la poderosa historia de amor que inspiró la creación de Hamlet, la intemporal obra maestra de Shakespeare.', 'https://image.tmdb.org/t/p/original/hVo0g5M8z1kuhzxQ51eCbF81wUh.jpg', 'https://image.tmdb.org/t/p/original/73BClq9FOcrWrutnpiqhCNEWEwJ.jpg', 'https://www.youtube.com/watch?v=Ith7z6FzLe0', 2025, 126);
INSERT OR REPLACE INTO Pelicula_Actor (id_pelicula, id_actor, personaje) VALUES (858024, 1498158, 'Agnes');
INSERT OR REPLACE INTO Pelicula_Actor (id_pelicula, id_actor, personaje) VALUES (858024, 2326151, 'Will');
INSERT OR REPLACE INTO Pelicula_Actor (id_pelicula, id_actor, personaje) VALUES (858024, 1639, 'Mary');
INSERT OR REPLACE INTO Pelicula_Actor (id_pelicula, id_actor, personaje) VALUES (858024, 1496392, 'Bartholomew');
INSERT OR REPLACE INTO Pelicula_Actor (id_pelicula, id_actor, personaje) VALUES (858024, 3115247, 'Hamnet');
INSERT OR IGNORE INTO Pelicula_Categoria (id_pelicula, id_categoria) VALUES (858024, 7);
INSERT OR IGNORE INTO Pelicula_Categoria (id_pelicula, id_categoria) VALUES (858024, 10);
INSERT OR IGNORE INTO Pelicula_Categoria (id_pelicula, id_categoria) VALUES (858024, 1);
-- Fin película: Hamnet --
INSERT OR IGNORE INTO Actor (id_actor, nombre, foto_path) VALUES (92404, 'Joel Kinnaman', 'https://image.tmdb.org/t/p/original/iVTh89rxgPhZSuijVo467WNsvUw.jpg');
INSERT OR IGNORE INTO Actor (id_actor, nombre, foto_path) VALUES (3006897, 'Cara Jade Myers', 'https://image.tmdb.org/t/p/original/5oHV0iqIja1qmX5cKyQHWA0eVXB.jpg');
INSERT OR IGNORE INTO Actor (id_actor, nombre, foto_path) VALUES (6413, 'Danny Huston', 'https://image.tmdb.org/t/p/original/mNz9t7MNANopavbLgcsZMMQBJ0u.jpg');
INSERT OR IGNORE INTO Actor (id_actor, nombre, foto_path) VALUES (6804, 'Graham Greene', 'https://image.tmdb.org/t/p/original/ubX9pwrzQqnR41gAGyY1GoSZr1G.jpg');
INSERT OR IGNORE INTO Actor (id_actor, nombre, foto_path) VALUES (1584347, 'Martin Sensmeier', 'https://image.tmdb.org/t/p/original/d25Mx8thmbgQWHR35S5s6MxjsCc.jpg');
INSERT OR REPLACE INTO Pelicula (id_pelicula, titulo, descripcion, poster_path, backdrop_path, trailer, anio_estreno, duracion) VALUES (1242501, 'Ice Fall', 'Un exmarine y cazador furtivo llamado Harlan (Joel Kinnaman) descubre un avión cargado con millones de dólares que ha caído en un lago congelado. Tras ser arrestado por una guardabosques nativa, un grupo de criminales y policías corruptos se enteran de su paradero. Por ello, Harlan y la ranger se unen para luchar e intentar escapar a través del peligroso lago antes de que el hielo se derrita.', 'https://image.tmdb.org/t/p/original/8qQdun8426bfcQePFSZnucWGSbQ.jpg', 'https://image.tmdb.org/t/p/original/gQimJqYMKCkwHIo8wwYKhmnCfBr.jpg', '', 2025, 99);
INSERT OR REPLACE INTO Pelicula_Actor (id_pelicula, id_actor, personaje) VALUES (1242501, 92404, 'Harlan');
INSERT OR REPLACE INTO Pelicula_Actor (id_pelicula, id_actor, personaje) VALUES (1242501, 3006897, 'Ani');
INSERT OR REPLACE INTO Pelicula_Actor (id_pelicula, id_actor, personaje) VALUES (1242501, 6413, 'Rhodes');
INSERT OR REPLACE INTO Pelicula_Actor (id_pelicula, id_actor, personaje) VALUES (1242501, 6804, 'Oz');
INSERT OR REPLACE INTO Pelicula_Actor (id_pelicula, id_actor, personaje) VALUES (1242501, 1584347, 'Pen');
INSERT OR IGNORE INTO Pelicula_Categoria (id_pelicula, id_categoria) VALUES (1242501, 5);
INSERT OR IGNORE INTO Pelicula_Categoria (id_pelicula, id_categoria) VALUES (1242501, 9);
INSERT OR IGNORE INTO Pelicula_Categoria (id_pelicula, id_categoria) VALUES (1242501, 6);
-- Fin película: Ice Fall --
INSERT OR IGNORE INTO Actor (id_actor, nombre, foto_path) VALUES (47842, 'Alena Vránová', 'https://image.tmdb.org/t/p/original/i2bSLjJTCMI0VtBs1KyvUJChWpf.jpg');
INSERT OR IGNORE INTO Actor (id_actor, nombre, foto_path) VALUES (591929, 'Vladimír Ráž', 'https://image.tmdb.org/t/p/original/4TNDanTjAxvSx3Kcj5zlfkViWVB.jpg');
INSERT OR IGNORE INTO Actor (id_actor, nombre, foto_path) VALUES (548105, 'Stanislav Neumann', 'https://image.tmdb.org/t/p/original/779I23s9fzGPeTZBEDmi5suMwsl.jpg');
INSERT OR IGNORE INTO Actor (id_actor, nombre, foto_path) VALUES (133298, 'Mária Sýkorová', '');
INSERT OR IGNORE INTO Actor (id_actor, nombre, foto_path) VALUES (591930, 'Jaroslav Seník', 'https://image.tmdb.org/t/p/original/ir422XrDK4adhi8CO57Y8VbJmrt.jpg');
INSERT OR REPLACE INTO Pelicula (id_pelicula, titulo, descripcion, poster_path, backdrop_path, trailer, anio_estreno, duracion) VALUES (41228, 'Pyšná princezna', '', 'https://image.tmdb.org/t/p/original/dNDKXugpW5FkW2VzrSBG8GlA5yk.jpg', 'https://image.tmdb.org/t/p/original/3Y0HoplrL57V9HRiEhz7k2HEgak.jpg', '', 1952, 94);
INSERT OR REPLACE INTO Pelicula_Actor (id_pelicula, id_actor, personaje) VALUES (41228, 47842, 'Princezna Krasomila');
INSERT OR REPLACE INTO Pelicula_Actor (id_pelicula, id_actor, personaje) VALUES (41228, 591929, 'Král Miroslav');
INSERT OR REPLACE INTO Pelicula_Actor (id_pelicula, id_actor, personaje) VALUES (41228, 548105, 'Starý král');
INSERT OR REPLACE INTO Pelicula_Actor (id_pelicula, id_actor, personaje) VALUES (41228, 133298, 'Chůva');
INSERT OR REPLACE INTO Pelicula_Actor (id_pelicula, id_actor, personaje) VALUES (41228, 591930, 'Ministr Jakub');
INSERT OR IGNORE INTO Pelicula_Categoria (id_pelicula, id_categoria) VALUES (41228, 12);
INSERT OR IGNORE INTO Pelicula_Categoria (id_pelicula, id_categoria) VALUES (41228, 12);
-- Fin película: Pyšná princezna --
INSERT OR IGNORE INTO Actor (id_actor, nombre, foto_path) VALUES (224223, 'Ranveer Singh', 'https://image.tmdb.org/t/p/original/sRiwLmhduFghJo8U2coUafnDD4C.jpg');
INSERT OR IGNORE INTO Actor (id_actor, nombre, foto_path) VALUES (87328, 'Akshaye Khanna', 'https://image.tmdb.org/t/p/original/kRPLQ908NrKejOwG6i3ypBd9qDq.jpg');
INSERT OR IGNORE INTO Actor (id_actor, nombre, foto_path) VALUES (85519, 'R. Madhavan', 'https://image.tmdb.org/t/p/original/gaDrAdXxIrbBRCd9cX8YvJDEuLb.jpg');
INSERT OR IGNORE INTO Actor (id_actor, nombre, foto_path) VALUES (52263, 'Arjun Rampal', 'https://image.tmdb.org/t/p/original/1ghoclpJvFixkr9HJluoj097PnW.jpg');
INSERT OR IGNORE INTO Actor (id_actor, nombre, foto_path) VALUES (85881, 'Sanjay Dutt', 'https://image.tmdb.org/t/p/original/70viNBvKHpX1kMZcfIwULqWnfdM.jpg');
INSERT OR REPLACE INTO Pelicula (id_pelicula, titulo, descripcion, poster_path, backdrop_path, trailer, anio_estreno, duracion) VALUES (1291608, 'धुरंधर', '', 'https://image.tmdb.org/t/p/original/kOLkpkS2T4HAdA6J7uq4eipNTup.jpg', 'https://image.tmdb.org/t/p/original/YCunHbbBUBKx6daM9XZAXkOH8k.jpg', '', 2025, 212);
INSERT OR REPLACE INTO Pelicula_Actor (id_pelicula, id_actor, personaje) VALUES (1291608, 224223, 'Hamza Ali Mazari / Jaskirat Singh Rangi');
INSERT OR REPLACE INTO Pelicula_Actor (id_pelicula, id_actor, personaje) VALUES (1291608, 87328, 'Rehman Dakait');
INSERT OR REPLACE INTO Pelicula_Actor (id_pelicula, id_actor, personaje) VALUES (1291608, 85519, 'Ajay Sanyal');
INSERT OR REPLACE INTO Pelicula_Actor (id_pelicula, id_actor, personaje) VALUES (1291608, 52263, 'Major Iqbal');
INSERT OR REPLACE INTO Pelicula_Actor (id_pelicula, id_actor, personaje) VALUES (1291608, 85881, 'SP Chaudhary Aslam');
INSERT OR IGNORE INTO Pelicula_Categoria (id_pelicula, id_categoria) VALUES (1291608, 5);
INSERT OR IGNORE INTO Pelicula_Categoria (id_pelicula, id_categoria) VALUES (1291608, 6);
-- Fin película: धुरंधर --
INSERT OR IGNORE INTO Actor (id_actor, nombre, foto_path) VALUES (12835, 'Vin Diesel', 'https://image.tmdb.org/t/p/original/nZdVry7lnUkE24PnXakok9okvL4.jpg');
INSERT OR IGNORE INTO Actor (id_actor, nombre, foto_path) VALUES (18514, 'Asia Argento', 'https://image.tmdb.org/t/p/original/dYbYNxMnqhNyAJyrPU7e2C9jcRz.jpg');
INSERT OR IGNORE INTO Actor (id_actor, nombre, foto_path) VALUES (20982, 'Marton Csokas', 'https://image.tmdb.org/t/p/original/gmeUY7FR0bFLdu7Ma5kvpH3Gt6B.jpg');
INSERT OR IGNORE INTO Actor (id_actor, nombre, foto_path) VALUES (2231, 'Samuel L. Jackson', 'https://image.tmdb.org/t/p/original/AiAYAqwpM5xmiFrAIeQvUXDCVvo.jpg');
INSERT OR IGNORE INTO Actor (id_actor, nombre, foto_path) VALUES (53347, 'Michael Roof', 'https://image.tmdb.org/t/p/original/qhP35tsTTuAPUFcKYMGOxaw1s4j.jpg');
INSERT OR REPLACE INTO Pelicula (id_pelicula, titulo, descripcion, poster_path, backdrop_path, trailer, anio_estreno, duracion) VALUES (7451, 'xXx', 'Xander Cage es XXX, un antiguo ganador de X-Games y atleta profesional de deportes de extremo, que sobrevive vendiendo videos de sus increíbles hazañas, las cuales hacen emitir adrenalina por todo el cuerpo. Pero después de incontables encuentros con la ley, su mundo está a punto de tomar un rumbo aún más extremo... Porque Xander no sabe que ha sido "espiado" por Augustus Gibbons, un agente veterano de la Agencia Nacional de Seguridad que se encuentra en una desesperada situación en la distante ciudad de Praga, en donde su operativo secreto ha sido asesinado por una pandilla de mafiosos con un estilo muy propio, que se llaman así mismos Anarchy 99, encabezados por el brutal ex-Comandante del Ejército Ruso Yorgi.', 'https://image.tmdb.org/t/p/original/gd4hRY3pFXRY7YVbMdVBpnKV7wC.jpg', 'https://image.tmdb.org/t/p/original/2OHa6ukEq3Hce7Pc2kvu8wkmMFY.jpg', '', 2002, 124);
INSERT OR REPLACE INTO Pelicula_Actor (id_pelicula, id_actor, personaje) VALUES (7451, 12835, 'Xander Cage');
INSERT OR REPLACE INTO Pelicula_Actor (id_pelicula, id_actor, personaje) VALUES (7451, 18514, 'Yelena');
INSERT OR REPLACE INTO Pelicula_Actor (id_pelicula, id_actor, personaje) VALUES (7451, 20982, 'Yorgi');
INSERT OR REPLACE INTO Pelicula_Actor (id_pelicula, id_actor, personaje) VALUES (7451, 2231, 'Agent Augustus Gibbons');
INSERT OR REPLACE INTO Pelicula_Actor (id_pelicula, id_actor, personaje) VALUES (7451, 53347, 'Agent Toby Lee Shavers');
INSERT OR IGNORE INTO Pelicula_Categoria (id_pelicula, id_categoria) VALUES (7451, 5);
INSERT OR IGNORE INTO Pelicula_Categoria (id_pelicula, id_categoria) VALUES (7451, 1);
INSERT OR IGNORE INTO Pelicula_Categoria (id_pelicula, id_categoria) VALUES (7451, 6);
INSERT OR IGNORE INTO Pelicula_Categoria (id_pelicula, id_categoria) VALUES (7451, 9);
INSERT OR IGNORE INTO Pelicula_Categoria (id_pelicula, id_categoria) VALUES (7451, 7);
-- Fin película: xXx --
INSERT OR IGNORE INTO Actor (id_actor, nombre, foto_path) VALUES (7055, 'Sienna Guillory', 'https://image.tmdb.org/t/p/original/nO190bAQxXvZH3DG9rZto0eocLe.jpg');
INSERT OR IGNORE INTO Actor (id_actor, nombre, foto_path) VALUES (10127, 'Jon Voight', 'https://image.tmdb.org/t/p/original/oxLsItDwLddXu8YYJCfkddYNejL.jpg');
INSERT OR IGNORE INTO Actor (id_actor, nombre, foto_path) VALUES (50668, 'Jamie Bamber', 'https://image.tmdb.org/t/p/original/qQCn0z3o0udPM6OseBhvyNpCkkK.jpg');
INSERT OR IGNORE INTO Actor (id_actor, nombre, foto_path) VALUES (1111204, 'Emmett Scanlan', 'https://image.tmdb.org/t/p/original/1NmZuOXJ9XXLU5Yez5iedoEZWRp.jpg');
INSERT OR IGNORE INTO Actor (id_actor, nombre, foto_path) VALUES (1836303, 'Alex Blake', 'https://image.tmdb.org/t/p/original/wrRkLeN9Cr2zDqnp6U5LtIiy6f4.jpg');
INSERT OR REPLACE INTO Pelicula (id_pelicula, titulo, descripcion, poster_path, backdrop_path, trailer, anio_estreno, duracion) VALUES (1326878, 'Los desconocidos', 'La vida de una mujer frustrada da un giro oscuro tras un encuentro fortuito con un misterioso asesino a sueldo. Su romance relámpago les lleva a una matanza de criminales, pero a medida que profundiza en el tema, empieza a cuestionarse la verdadera naturaleza de su compañero y las sombras que ambos ocultan.', 'https://image.tmdb.org/t/p/original/qDfvIFGOgwGgyRL7AQtAp7d9MrU.jpg', 'https://image.tmdb.org/t/p/original/xGbNoh7aWmU81oYuxJoFI07Rz5I.jpg', '', 2024, 106);
INSERT OR REPLACE INTO Pelicula_Actor (id_pelicula, id_actor, personaje) VALUES (1326878, 7055, 'Laura');
INSERT OR REPLACE INTO Pelicula_Actor (id_pelicula, id_actor, personaje) VALUES (1326878, 10127, 'Richard');
INSERT OR REPLACE INTO Pelicula_Actor (id_pelicula, id_actor, personaje) VALUES (1326878, 50668, 'Sky');
INSERT OR REPLACE INTO Pelicula_Actor (id_pelicula, id_actor, personaje) VALUES (1326878, 1111204, 'Tony');
INSERT OR REPLACE INTO Pelicula_Actor (id_pelicula, id_actor, personaje) VALUES (1326878, 1836303, 'Kirk');
INSERT OR IGNORE INTO Pelicula_Categoria (id_pelicula, id_categoria) VALUES (1326878, 5);
INSERT OR IGNORE INTO Pelicula_Categoria (id_pelicula, id_categoria) VALUES (1326878, 6);
INSERT OR IGNORE INTO Pelicula_Categoria (id_pelicula, id_categoria) VALUES (1326878, 9);
-- Fin película: Los desconocidos --
INSERT OR IGNORE INTO Actor (id_actor, nombre, foto_path) VALUES (1798927, 'Danika Golombek', '');
INSERT OR IGNORE INTO Actor (id_actor, nombre, foto_path) VALUES (2269167, 'Grayson Eddey', '');
INSERT OR IGNORE INTO Actor (id_actor, nombre, foto_path) VALUES (556488, 'Nathalie Söderqvist', '');
INSERT OR IGNORE INTO Actor (id_actor, nombre, foto_path) VALUES (991941, 'Marcus DeAnda', 'https://image.tmdb.org/t/p/original/k4ph0Q2R0tHOs2GvmZI5mGeoNkh.jpg');
INSERT OR IGNORE INTO Actor (id_actor, nombre, foto_path) VALUES (2475451, 'Zachary Cowan', 'https://image.tmdb.org/t/p/original/oM2BlIsPn1yfi5g5GJFFlenhFZd.jpg');
INSERT OR REPLACE INTO Pelicula (id_pelicula, titulo, descripcion, poster_path, backdrop_path, trailer, anio_estreno, duracion) VALUES (1475490, 'The Calling Witch', 'Dos hermanos enfrentan el terror cuando una siniestra bruja, creada en los libros de su difunta madre, parece cobrar vida y acosarlos sin piedad.', 'https://image.tmdb.org/t/p/original/q8o2NzIH4ze28NAVs1eRkejAJIk.jpg', 'https://image.tmdb.org/t/p/original/aFqLp6XfmzrYNSVlyKoQU7WT1PX.jpg', '', 2026, 98);
INSERT OR REPLACE INTO Pelicula_Actor (id_pelicula, id_actor, personaje) VALUES (1475490, 1798927, 'Virginia');
INSERT OR REPLACE INTO Pelicula_Actor (id_pelicula, id_actor, personaje) VALUES (1475490, 2269167, 'Edward');
INSERT OR REPLACE INTO Pelicula_Actor (id_pelicula, id_actor, personaje) VALUES (1475490, 556488, 'Alison / Woman');
INSERT OR REPLACE INTO Pelicula_Actor (id_pelicula, id_actor, personaje) VALUES (1475490, 991941, 'Warren');
INSERT OR REPLACE INTO Pelicula_Actor (id_pelicula, id_actor, personaje) VALUES (1475490, 2475451, 'Greg');
INSERT OR IGNORE INTO Pelicula_Categoria (id_pelicula, id_categoria) VALUES (1475490, 6);
INSERT OR IGNORE INTO Pelicula_Categoria (id_pelicula, id_categoria) VALUES (1475490, 4);
INSERT OR IGNORE INTO Pelicula_Categoria (id_pelicula, id_categoria) VALUES (1475490, 7);
-- Fin película: The Calling Witch --
INSERT OR IGNORE INTO Actor (id_actor, nombre, foto_path) VALUES (12074, 'John Lithgow', 'https://image.tmdb.org/t/p/original/8Y1sjBdnVR483S8PrnAQzlESwhx.jpg');
INSERT OR IGNORE INTO Actor (id_actor, nombre, foto_path) VALUES (118, 'Geoffrey Rush', 'https://image.tmdb.org/t/p/original/npXFjaFQzBNroCEPllGPTZ5IisA.jpg');
INSERT OR IGNORE INTO Actor (id_actor, nombre, foto_path) VALUES (41784, 'Nathaniel Lees', 'https://image.tmdb.org/t/p/original/l35ATgC4SbzyKGeAZBAQSyYs18P.jpg');
INSERT OR IGNORE INTO Actor (id_actor, nombre, foto_path) VALUES (1100393, 'Maaka Pohatu', 'https://image.tmdb.org/t/p/original/cY6rsWWXdCjX6ccidahGvp8kuu5.jpg');
INSERT OR IGNORE INTO Actor (id_actor, nombre, foto_path) VALUES (5985572, 'Thomas Sainsbury', 'https://image.tmdb.org/t/p/original/aVDN1dgCKNpjTMBb22KwcJiKtsN.jpg');
INSERT OR REPLACE INTO Pelicula (id_pelicula, titulo, descripcion, poster_path, backdrop_path, trailer, anio_estreno, duracion) VALUES (1212742, 'La ley de Jenny Pen', 'Confinado en una apartada residencia de ancianos y atrapado en su cuerpo, que ha sufrido un derrame cerebral, un ex juez debe detener a un anciano psicópata que emplea a una marioneta infantil para abusar de los residentes de la residencia con consecuencias mortales.', 'https://image.tmdb.org/t/p/original/5JclbA9aFQmkipu2S2b80FfwRPj.jpg', 'https://image.tmdb.org/t/p/original/eftVUg9R1lys3wT8kHJqMaK64m7.jpg', 'https://www.youtube.com/watch?v=MuOnC1VfLlY', 2025, 104);
INSERT OR REPLACE INTO Pelicula_Actor (id_pelicula, id_actor, personaje) VALUES (1212742, 12074, 'Dave Crealy');
INSERT OR REPLACE INTO Pelicula_Actor (id_pelicula, id_actor, personaje) VALUES (1212742, 118, 'Stefan Mortensen');
INSERT OR REPLACE INTO Pelicula_Actor (id_pelicula, id_actor, personaje) VALUES (1212742, 41784, 'Sonny Ausage');
INSERT OR REPLACE INTO Pelicula_Actor (id_pelicula, id_actor, personaje) VALUES (1212742, 1100393, 'Dr. Neels');
INSERT OR REPLACE INTO Pelicula_Actor (id_pelicula, id_actor, personaje) VALUES (1212742, 5985572, 'Carer Mike');
INSERT OR IGNORE INTO Pelicula_Categoria (id_pelicula, id_categoria) VALUES (1212742, 4);
INSERT OR IGNORE INTO Pelicula_Categoria (id_pelicula, id_categoria) VALUES (1212742, 6);
INSERT OR IGNORE INTO Pelicula_Categoria (id_pelicula, id_categoria) VALUES (1212742, 1);
-- Fin película: La ley de Jenny Pen --
INSERT OR IGNORE INTO Actor (id_actor, nombre, foto_path) VALUES (36097, 'Laurence Rupp', 'https://image.tmdb.org/t/p/original/91VVksg6HJxUv0ahiay7ryatUqP.jpg');
INSERT OR IGNORE INTO Actor (id_actor, nombre, foto_path) VALUES (1327315, 'David Schütter', 'https://image.tmdb.org/t/p/original/eCyL55l0fb9tccOQfdCGCd7XKAf.jpg');
INSERT OR IGNORE INTO Actor (id_actor, nombre, foto_path) VALUES (6082, 'Sebastian Urzendowsky', 'https://image.tmdb.org/t/p/original/hhviYpZZZIHkWVrd8LHWmVyreSp.jpg');
INSERT OR IGNORE INTO Actor (id_actor, nombre, foto_path) VALUES (1824940, 'Leonard Kunz', 'https://image.tmdb.org/t/p/original/htq6xkZ03jkwLFdgbXMbranPRvI.jpg');
INSERT OR IGNORE INTO Actor (id_actor, nombre, foto_path) VALUES (2603990, 'Yoran Leicher', 'https://image.tmdb.org/t/p/original/xn7csx8aw5VjPyNMxoViyfF8EyQ.jpg');
INSERT OR REPLACE INTO Pelicula (id_pelicula, titulo, descripcion, poster_path, backdrop_path, trailer, anio_estreno, duracion) VALUES (1252037, 'Der Tiger (El tanque)', 'Frente oriental, 1943: la dotación alemana de un tanque Tiger se embarca en una peligrosa misión tras las líneas enemigas. A medida que atraviesan la mortífera tierra de nadie, deberán enfrentarse al enemigo y a sus propios fantasmas del pasado.', 'https://image.tmdb.org/t/p/original/td8bh7p876r36OF0P9PN7fitrCG.jpg', 'https://image.tmdb.org/t/p/original/vMxOmgmBGegjVObjlb8ugsjGgkD.jpg', '', 2025, 116);
INSERT OR REPLACE INTO Pelicula_Actor (id_pelicula, id_actor, personaje) VALUES (1252037, 36097, 'Christian Weller');
INSERT OR REPLACE INTO Pelicula_Actor (id_pelicula, id_actor, personaje) VALUES (1252037, 1327315, 'Philip Gerkens');
INSERT OR REPLACE INTO Pelicula_Actor (id_pelicula, id_actor, personaje) VALUES (1252037, 6082, 'Keilig');
INSERT OR REPLACE INTO Pelicula_Actor (id_pelicula, id_actor, personaje) VALUES (1252037, 1824940, 'Helmut');
INSERT OR REPLACE INTO Pelicula_Actor (id_pelicula, id_actor, personaje) VALUES (1252037, 2603990, 'Michel');
INSERT OR IGNORE INTO Pelicula_Categoria (id_pelicula, id_categoria) VALUES (1252037, 1);
INSERT OR IGNORE INTO Pelicula_Categoria (id_pelicula, id_categoria) VALUES (1252037, 5);
INSERT OR IGNORE INTO Pelicula_Categoria (id_pelicula, id_categoria) VALUES (1252037, 7);
-- Fin película: Der Tiger (El tanque) --
INSERT OR IGNORE INTO Actor (id_actor, nombre, foto_path) VALUES (13240, 'Mark Wahlberg', 'https://image.tmdb.org/t/p/original/bTEFpaWd7A6AZVWOqKKBWzKEUe8.jpg');
INSERT OR IGNORE INTO Actor (id_actor, nombre, foto_path) VALUES (60900, 'Taylor Kitsch', 'https://image.tmdb.org/t/p/original/lnpp4g14fsLqI29KajEbJUsuBhf.jpg');
INSERT OR IGNORE INTO Actor (id_actor, nombre, foto_path) VALUES (46593, 'Emile Hirsch', 'https://image.tmdb.org/t/p/original/qxshYNcE9yYBvdY5oXp9v6lglG0.jpg');
INSERT OR IGNORE INTO Actor (id_actor, nombre, foto_path) VALUES (11107, 'Ben Foster', 'https://image.tmdb.org/t/p/original/keBl3i2uHuowNdap0EgdxWxjWmm.jpg');
INSERT OR IGNORE INTO Actor (id_actor, nombre, foto_path) VALUES (8783, 'Eric Bana', 'https://image.tmdb.org/t/p/original/xIjQVywxkymHbbSO7lD2F9f377W.jpg');
INSERT OR REPLACE INTO Pelicula (id_pelicula, titulo, descripcion, poster_path, backdrop_path, trailer, anio_estreno, duracion) VALUES (193756, 'El único superviviente', 'Año 2005. A un equipo de élite de las fuerzas especiales SEAL del ejército norteamericano, liderados por Marcus Luttrell junto a otros tres soldados les es encomendada una peligrosa misión, la "Operación red wing": capturar o matar a un líder terrorista talibán, Admad Shad, que se esconde en una zona boscosa de Afganistán. La llegada al punto donde localizaron el objetivo se realizó sin problemas, pero pronto la situación se complicó hasta extremos inimaginables.', 'https://image.tmdb.org/t/p/original/5ifKF7FCYdkzt5BoQicfeUvfYuS.jpg', 'https://image.tmdb.org/t/p/original/hmEbQB5UlcwobldcSDNlLZiUnmA.jpg', 'https://www.youtube.com/watch?v=4OcXtpLjvVY', 2013, 121);
INSERT OR REPLACE INTO Pelicula_Actor (id_pelicula, id_actor, personaje) VALUES (193756, 13240, 'Petty Officer First Class Marcus Luttrell');
INSERT OR REPLACE INTO Pelicula_Actor (id_pelicula, id_actor, personaje) VALUES (193756, 60900, 'Lieutenant Michael "Mike" Murphy');
INSERT OR REPLACE INTO Pelicula_Actor (id_pelicula, id_actor, personaje) VALUES (193756, 46593, 'Petty Officer Second Class Danny Dietz');
INSERT OR REPLACE INTO Pelicula_Actor (id_pelicula, id_actor, personaje) VALUES (193756, 11107, 'Petty Officer Second Class Matthew "Axe" Axelson');
INSERT OR REPLACE INTO Pelicula_Actor (id_pelicula, id_actor, personaje) VALUES (193756, 8783, 'Lieutenant Commander Erik Kristensen');
INSERT OR IGNORE INTO Pelicula_Categoria (id_pelicula, id_categoria) VALUES (193756, 1);
INSERT OR IGNORE INTO Pelicula_Categoria (id_pelicula, id_categoria) VALUES (193756, 5);
INSERT OR IGNORE INTO Pelicula_Categoria (id_pelicula, id_categoria) VALUES (193756, 7);
-- Fin película: El único superviviente --
INSERT OR IGNORE INTO Actor (id_actor, nombre, foto_path) VALUES (1279279, 'Virginia Gardner', 'https://image.tmdb.org/t/p/original/wD0Ib0AqzfIxBL9X0x8YDbKoI2E.jpg');
INSERT OR IGNORE INTO Actor (id_actor, nombre, foto_path) VALUES (2637828, 'Melanie Jarnson', 'https://image.tmdb.org/t/p/original/8m0gnlADmLXkMkvSzDR2OhBfsCB.jpg');
INSERT OR IGNORE INTO Actor (id_actor, nombre, foto_path) VALUES (1421393, 'Mitchell Hope', 'https://image.tmdb.org/t/p/original/oENPvMMblZYzEd4tGJ6VGaxsg6q.jpg');
INSERT OR IGNORE INTO Actor (id_actor, nombre, foto_path) VALUES (2387468, 'Isaac Crawley', 'https://image.tmdb.org/t/p/original/c4mZLQ0rtGSgWE3ciqepvSQoEA2.jpg');
INSERT OR IGNORE INTO Actor (id_actor, nombre, foto_path) VALUES (4066265, 'Scott James George', 'https://image.tmdb.org/t/p/original/4SaTqCO3tOqbkrcsPEbt8SEKtC.jpg');
INSERT OR REPLACE INTO Pelicula (id_pelicula, titulo, descripcion, poster_path, backdrop_path, trailer, anio_estreno, duracion) VALUES (1412598, 'Killer Whale', 'Las mejores amigas Maddie y Trish quedan atrapadas en una remota laguna con la peligrosa orca Ceto.', 'https://image.tmdb.org/t/p/original/cqbXxAw9sUr4tJ5ffEwtnz6IL9o.jpg', 'https://image.tmdb.org/t/p/original/ykigHs1OIyqqV04zfFqIlSHp546.jpg', '', 2026, 89);
INSERT OR REPLACE INTO Pelicula_Actor (id_pelicula, id_actor, personaje) VALUES (1412598, 1279279, 'Maddie');
INSERT OR REPLACE INTO Pelicula_Actor (id_pelicula, id_actor, personaje) VALUES (1412598, 2637828, 'Trish');
INSERT OR REPLACE INTO Pelicula_Actor (id_pelicula, id_actor, personaje) VALUES (1412598, 1421393, 'Josh');
INSERT OR REPLACE INTO Pelicula_Actor (id_pelicula, id_actor, personaje) VALUES (1412598, 2387468, 'Chad');
INSERT OR REPLACE INTO Pelicula_Actor (id_pelicula, id_actor, personaje) VALUES (1412598, 4066265, 'Hooded Man');
INSERT OR IGNORE INTO Pelicula_Categoria (id_pelicula, id_categoria) VALUES (1412598, 6);
INSERT OR IGNORE INTO Pelicula_Categoria (id_pelicula, id_categoria) VALUES (1412598, 4);
INSERT OR IGNORE INTO Pelicula_Categoria (id_pelicula, id_categoria) VALUES (1412598, 5);
INSERT OR IGNORE INTO Pelicula_Categoria (id_pelicula, id_categoria) VALUES (1412598, 1);
INSERT OR IGNORE INTO Pelicula_Categoria (id_pelicula, id_categoria) VALUES (1412598, 3);
-- Fin película: Killer Whale --
INSERT OR IGNORE INTO Actor (id_actor, nombre, foto_path) VALUES (44735, 'Jesse Eisenberg', 'https://image.tmdb.org/t/p/original/yYhwWRcxDHTn63gSEF1vnDAD7cD.jpg');
INSERT OR IGNORE INTO Actor (id_actor, nombre, foto_path) VALUES (3918497, 'Dominic Sessa', 'https://image.tmdb.org/t/p/original/cTYdhJrye7oTREIkQaLAuLoJ8Rt.jpg');
INSERT OR IGNORE INTO Actor (id_actor, nombre, foto_path) VALUES (1767250, 'Ariana Greenblatt', 'https://image.tmdb.org/t/p/original/lwIqQLPotJHr44lfNsEOnE6IYsf.jpg');
INSERT OR IGNORE INTO Actor (id_actor, nombre, foto_path) VALUES (1029934, 'Justice Smith', 'https://image.tmdb.org/t/p/original/htJrcOzYkLVcnF4ExT4O1bDN5e5.jpg');
INSERT OR IGNORE INTO Actor (id_actor, nombre, foto_path) VALUES (10882, 'Rosamund Pike', 'https://image.tmdb.org/t/p/original/s9i4XoHTgtskbralOtnraEueU2M.jpg');
INSERT OR REPLACE INTO Pelicula (id_pelicula, titulo, descripcion, poster_path, backdrop_path, trailer, anio_estreno, duracion) VALUES (425274, 'Ahora me ves 3', 'Los Cuatro Jinetes regresan junto a una nueva generación de ilusionistas en una extraordinaria aventura que contiene giros asombrosos, sorpresas alucinantes y trucos de magia nunca vistos en la gran pantalla.', 'https://image.tmdb.org/t/p/original/Aspr0HcItNVbgLC8cV0ZAO0EBcc.jpg', 'https://image.tmdb.org/t/p/original/ufqytAlziHq5pljKByGJ8IKhtEZ.jpg', 'https://www.youtube.com/watch?v=mv3aMnsqfsE', 2025, 113);
INSERT OR REPLACE INTO Pelicula_Actor (id_pelicula, id_actor, personaje) VALUES (425274, 44735, 'J. Daniel Atlas');
INSERT OR REPLACE INTO Pelicula_Actor (id_pelicula, id_actor, personaje) VALUES (425274, 3918497, 'Bosco');
INSERT OR REPLACE INTO Pelicula_Actor (id_pelicula, id_actor, personaje) VALUES (425274, 1767250, 'June');
INSERT OR REPLACE INTO Pelicula_Actor (id_pelicula, id_actor, personaje) VALUES (425274, 1029934, 'Charlie');
INSERT OR REPLACE INTO Pelicula_Actor (id_pelicula, id_actor, personaje) VALUES (425274, 10882, 'Veronika Vanderberg');
INSERT OR IGNORE INTO Pelicula_Categoria (id_pelicula, id_categoria) VALUES (425274, 6);
INSERT OR IGNORE INTO Pelicula_Categoria (id_pelicula, id_categoria) VALUES (425274, 9);
INSERT OR IGNORE INTO Pelicula_Categoria (id_pelicula, id_categoria) VALUES (425274, 1);
-- Fin película: Ahora me ves 3 --
INSERT OR IGNORE INTO Actor (id_actor, nombre, foto_path) VALUES (1190668, 'Timothée Chalamet', 'https://image.tmdb.org/t/p/original/dFxpwRpmzpVfP1zjluH68DeQhyj.jpg');
INSERT OR IGNORE INTO Actor (id_actor, nombre, foto_path) VALUES (12052, 'Gwyneth Paltrow', 'https://image.tmdb.org/t/p/original/8x3jpWD7DEvyMXO1FOjwNdd1UZT.jpg');
INSERT OR IGNORE INTO Actor (id_actor, nombre, foto_path) VALUES (1972166, 'Odessa A''zion', 'https://image.tmdb.org/t/p/original/nCDGUHEzQd1aQ6QDP7hRaJqzNI.jpg');
INSERT OR IGNORE INTO Actor (id_actor, nombre, foto_path) VALUES (1240877, 'Kevin O''Leary', 'https://image.tmdb.org/t/p/original/uvTv976u2wgrl9RqxSfBeTlE1Wz.jpg');
INSERT OR IGNORE INTO Actor (id_actor, nombre, foto_path) VALUES (1133834, 'Tyler, The Creator', 'https://image.tmdb.org/t/p/original/jdAYV2hhjsffcRBTPqCMzHLIiM1.jpg');
INSERT OR REPLACE INTO Pelicula (id_pelicula, titulo, descripcion, poster_path, backdrop_path, trailer, anio_estreno, duracion) VALUES (1317288, 'Marty Supreme', 'Biopic de Marty Reisman, un buscavidas convertido en campeón de ping pong, desde que empezó a jugar por apuestas en Manhattan hasta ganar 22 títulos importantes y convertirse en el más veterano en ganar una competición nacional de deportes de raqueta, con 67 años.', 'https://image.tmdb.org/t/p/original/mijSU0Rws3tBBbhdE5udxPSaZvF.jpg', 'https://image.tmdb.org/t/p/original/jBOhqsbzEL7Ks3NWy98iI7YDzBh.jpg', 'https://www.youtube.com/watch?v=wNQjwR5cCiM', 2025, 150);
INSERT OR REPLACE INTO Pelicula_Actor (id_pelicula, id_actor, personaje) VALUES (1317288, 1190668, 'Marty Mauser');
INSERT OR REPLACE INTO Pelicula_Actor (id_pelicula, id_actor, personaje) VALUES (1317288, 12052, 'Kay Stone');
INSERT OR REPLACE INTO Pelicula_Actor (id_pelicula, id_actor, personaje) VALUES (1317288, 1972166, 'Rachel Mizler');
INSERT OR REPLACE INTO Pelicula_Actor (id_pelicula, id_actor, personaje) VALUES (1317288, 1240877, 'Milton Rockwell');
INSERT OR REPLACE INTO Pelicula_Actor (id_pelicula, id_actor, personaje) VALUES (1317288, 1133834, 'Wally');
INSERT OR IGNORE INTO Pelicula_Categoria (id_pelicula, id_categoria) VALUES (1317288, 7);
-- Fin película: Marty Supreme --
INSERT OR IGNORE INTO Actor (id_actor, nombre, foto_path) VALUES (543530, 'Dave Bautista', 'https://image.tmdb.org/t/p/original/snk6JiXOOoRjPtHU5VMoy6qbd32.jpg');
INSERT OR IGNORE INTO Actor (id_actor, nombre, foto_path) VALUES (1895760, 'Jack Champion', 'https://image.tmdb.org/t/p/original/8PXFKzhjFJ0oYP60Bj1kA44XBjY.jpg');
INSERT OR IGNORE INTO Actor (id_actor, nombre, foto_path) VALUES (1481238, 'Sophia Lillis', 'https://image.tmdb.org/t/p/original/5aAw3KFixZSsMfo0BWrxtBLVsXN.jpg');
INSERT OR IGNORE INTO Actor (id_actor, nombre, foto_path) VALUES (1842860, 'Whitney Peak', 'https://image.tmdb.org/t/p/original/rOvaMrmuh0oQz83aLPVi7hizFcb.jpg');
INSERT OR IGNORE INTO Actor (id_actor, nombre, foto_path) VALUES (21127, 'Bobby Cannavale', 'https://image.tmdb.org/t/p/original/wlp20ggyNI7x0xGUtTjC2Xl2XmD.jpg');
INSERT OR REPLACE INTO Pelicula (id_pelicula, titulo, descripcion, poster_path, backdrop_path, trailer, anio_estreno, duracion) VALUES (628847, 'Trap House', 'Un agente de la DEA y su compañero persiguen un peculiar grupo de ladrones: sus propios hijos adolescentes rebeldes, que han empezado a robar a un peligroso cártel, utilizando para ello las tácticas de sus padres y la información de alto secreto.', 'https://image.tmdb.org/t/p/original/p9zbrDpAKyj3jeemkyAoBmlo3KG.jpg', 'https://image.tmdb.org/t/p/original/oIJjO1CvEdTMFNkWfHaV0RB584G.jpg', '', 2025, 102);
INSERT OR REPLACE INTO Pelicula_Actor (id_pelicula, id_actor, personaje) VALUES (628847, 543530, 'Ray Seale');
INSERT OR REPLACE INTO Pelicula_Actor (id_pelicula, id_actor, personaje) VALUES (628847, 1895760, 'Cody Seale');
INSERT OR REPLACE INTO Pelicula_Actor (id_pelicula, id_actor, personaje) VALUES (628847, 1481238, 'Deni Matthews');
INSERT OR REPLACE INTO Pelicula_Actor (id_pelicula, id_actor, personaje) VALUES (628847, 1842860, 'Yvonne Reynolds');
INSERT OR REPLACE INTO Pelicula_Actor (id_pelicula, id_actor, personaje) VALUES (628847, 21127, 'Andre Washburn');
INSERT OR IGNORE INTO Pelicula_Categoria (id_pelicula, id_categoria) VALUES (628847, 5);
INSERT OR IGNORE INTO Pelicula_Categoria (id_pelicula, id_categoria) VALUES (628847, 9);
INSERT OR IGNORE INTO Pelicula_Categoria (id_pelicula, id_categoria) VALUES (628847, 6);
-- Fin película: Trap House --
INSERT OR IGNORE INTO Actor (id_actor, nombre, foto_path) VALUES (1842860, 'Whitney Peak', 'https://image.tmdb.org/t/p/original/rOvaMrmuh0oQz83aLPVi7hizFcb.jpg');
INSERT OR IGNORE INTO Actor (id_actor, nombre, foto_path) VALUES (1856875, 'Golda Rosheuvel', 'https://image.tmdb.org/t/p/original/nlSIvTWzMEzZGljKYgpZxGcsJtv.jpg');
INSERT OR IGNORE INTO Actor (id_actor, nombre, foto_path) VALUES (1512452, 'Finn Bennett', 'https://image.tmdb.org/t/p/original/p4ya77nmLlhS2cyPKUZi9zVD4Mu.jpg');
INSERT OR IGNORE INTO Actor (id_actor, nombre, foto_path) VALUES (4353574, 'Laken Giles', 'https://image.tmdb.org/t/p/original/qn029t8GwOwqwcaY1UZMQVMvdf3.jpg');
INSERT OR IGNORE INTO Actor (id_actor, nombre, foto_path) VALUES (3978, 'S. Epatha Merkerson', 'https://image.tmdb.org/t/p/original/pXCmHxrWzlv1kPZSxJXFM45QgOP.jpg');
INSERT OR REPLACE INTO Pelicula (id_pelicula, titulo, descripcion, poster_path, backdrop_path, trailer, anio_estreno, duracion) VALUES (1199869, 'Ojo por ojo', 'Anna llora la muerte de sus padres cuando se traslada de Nueva York a Florida para quedarse con su abuela. Allí se junta con otros adolescentes, pero cuando ve un espeluznante acto de violencia, se encuentra atrapada.', 'https://image.tmdb.org/t/p/original/lpepbfVziHJLhVoxTEKs8ok00iu.jpg', 'https://image.tmdb.org/t/p/original/tTDfDHqGkRgBTL4Tw8mU0iwkW8T.jpg', '', 2025, 101);
INSERT OR REPLACE INTO Pelicula_Actor (id_pelicula, id_actor, personaje) VALUES (1199869, 1842860, 'Anna');
INSERT OR REPLACE INTO Pelicula_Actor (id_pelicula, id_actor, personaje) VALUES (1199869, 1856875, 'Patti');
INSERT OR REPLACE INTO Pelicula_Actor (id_pelicula, id_actor, personaje) VALUES (1199869, 1512452, 'Shawn');
INSERT OR REPLACE INTO Pelicula_Actor (id_pelicula, id_actor, personaje) VALUES (1199869, 4353574, 'Julie Cross');
INSERT OR REPLACE INTO Pelicula_Actor (id_pelicula, id_actor, personaje) VALUES (1199869, 3978, 'May');
INSERT OR IGNORE INTO Pelicula_Categoria (id_pelicula, id_categoria) VALUES (1199869, 4);
-- Fin película: Ojo por ojo --
INSERT OR IGNORE INTO Actor (id_actor, nombre, foto_path) VALUES (144279, 'Arden Cho', 'https://image.tmdb.org/t/p/original/uPtfAFoEYeNGRl6n0GdxLPxdM9u.jpg');
INSERT OR IGNORE INTO Actor (id_actor, nombre, foto_path) VALUES (1948606, 'May Hong', 'https://image.tmdb.org/t/p/original/aJh1EKFeqDJeLt5CI5D05c19VRM.jpg');
INSERT OR IGNORE INTO Actor (id_actor, nombre, foto_path) VALUES (2983147, 'Ji-young Yoo', 'https://image.tmdb.org/t/p/original/4jgtqpNWhMx8XOKQ9qQJvDdzbxG.jpg');
INSERT OR IGNORE INTO Actor (id_actor, nombre, foto_path) VALUES (1571598, 'Ahn Hyo Seop', 'https://image.tmdb.org/t/p/original/ynu1x6RQnpKvsOLTvB2WhDo26D9.jpg');
INSERT OR IGNORE INTO Actor (id_actor, nombre, foto_path) VALUES (28662, '김윤진', 'https://image.tmdb.org/t/p/original/xS7eco56mUiZGJGWDZ0pwzrUAei.jpg');
INSERT OR REPLACE INTO Pelicula (id_pelicula, titulo, descripcion, poster_path, backdrop_path, trailer, anio_estreno, duracion) VALUES (803796, 'Las guerreras k-pop', 'Cuando no están llenando estadios, las superestrellas del K-pop Rumi, Mira y Zoey usan sus poderes secretos para proteger a sus fans de una amenaza sobrenatural.', 'https://image.tmdb.org/t/p/original/6EQMqEmdG5HoGe2zT1WwWUMvVhv.jpg', 'https://image.tmdb.org/t/p/original/w3Bi0wygeFQctn6AqFTwhGNXRwL.jpg', 'https://www.youtube.com/watch?v=UQfYUYyhw1c', 2025, 96);
INSERT OR REPLACE INTO Pelicula_Actor (id_pelicula, id_actor, personaje) VALUES (803796, 144279, 'Rumi (voice)');
INSERT OR REPLACE INTO Pelicula_Actor (id_pelicula, id_actor, personaje) VALUES (803796, 1948606, 'Mira (voice)');
INSERT OR REPLACE INTO Pelicula_Actor (id_pelicula, id_actor, personaje) VALUES (803796, 2983147, 'Zoey (voice)');
INSERT OR REPLACE INTO Pelicula_Actor (id_pelicula, id_actor, personaje) VALUES (803796, 1571598, 'Jinu (voice)');
INSERT OR REPLACE INTO Pelicula_Actor (id_pelicula, id_actor, personaje) VALUES (803796, 28662, 'Celine (voice)');
INSERT OR IGNORE INTO Pelicula_Categoria (id_pelicula, id_categoria) VALUES (803796, 3);
INSERT OR IGNORE INTO Pelicula_Categoria (id_pelicula, id_categoria) VALUES (803796, 11);
INSERT OR IGNORE INTO Pelicula_Categoria (id_pelicula, id_categoria) VALUES (803796, 12);
INSERT OR IGNORE INTO Pelicula_Categoria (id_pelicula, id_categoria) VALUES (803796, 5);
-- Fin película: Las guerreras k-pop --
INSERT OR IGNORE INTO Actor (id_actor, nombre, foto_path) VALUES (135651, 'Michael B. Jordan', 'https://image.tmdb.org/t/p/original/515xNvaMC6xOEOlo0sFqW69ZqUH.jpg');
INSERT OR IGNORE INTO Actor (id_actor, nombre, foto_path) VALUES (130640, 'Hailee Steinfeld', 'https://image.tmdb.org/t/p/original/jiClUr3gaySWAyfXAHiCgmmtvij.jpg');
INSERT OR IGNORE INTO Actor (id_actor, nombre, foto_path) VALUES (4688032, 'Miles Caton', 'https://image.tmdb.org/t/p/original/yff2DK1Sc2baRGHbSfcmwMwX8HW.jpg');
INSERT OR IGNORE INTO Actor (id_actor, nombre, foto_path) VALUES (85065, 'Jack O''Connell', 'https://image.tmdb.org/t/p/original/9RrqnB1BRaWWHEjlWVVAna0sdBB.jpg');
INSERT OR IGNORE INTO Actor (id_actor, nombre, foto_path) VALUES (134774, 'Wunmi Mosaku', 'https://image.tmdb.org/t/p/original/mWDsVCo9sBcekrsjUTsoCFLhtYt.jpg');
INSERT OR REPLACE INTO Pelicula (id_pelicula, titulo, descripcion, poster_path, backdrop_path, trailer, anio_estreno, duracion) VALUES (1233413, 'Los pecadores', 'Tratando de dejar atrás sus problemáticas vidas, dos hermanos gemelos regresan a su pueblo natal para empezar de nuevo, solo para descubrir que un mal aún mayor les espera para darles la bienvenida.', 'https://image.tmdb.org/t/p/original/zdClwqpYQXBSCGGDMdtvsuggwec.jpg', 'https://image.tmdb.org/t/p/original/nAxGnGHOsfzufThz20zgmRwKur3.jpg', 'https://www.youtube.com/watch?v=XufPTI4PDLg', 2025, 137);
INSERT OR REPLACE INTO Pelicula_Actor (id_pelicula, id_actor, personaje) VALUES (1233413, 135651, 'Smoke / Stack');
INSERT OR REPLACE INTO Pelicula_Actor (id_pelicula, id_actor, personaje) VALUES (1233413, 130640, 'Mary');
INSERT OR REPLACE INTO Pelicula_Actor (id_pelicula, id_actor, personaje) VALUES (1233413, 4688032, 'Sammie Moore');
INSERT OR REPLACE INTO Pelicula_Actor (id_pelicula, id_actor, personaje) VALUES (1233413, 85065, 'Remmick');
INSERT OR REPLACE INTO Pelicula_Actor (id_pelicula, id_actor, personaje) VALUES (1233413, 134774, 'Annie');
INSERT OR IGNORE INTO Pelicula_Categoria (id_pelicula, id_categoria) VALUES (1233413, 4);
INSERT OR IGNORE INTO Pelicula_Categoria (id_pelicula, id_categoria) VALUES (1233413, 5);
INSERT OR IGNORE INTO Pelicula_Categoria (id_pelicula, id_categoria) VALUES (1233413, 6);
-- Fin película: Los pecadores --

-- === LOTE: Popular - Page 3 (2026-02-05T21:58:04.476Z) ===
INSERT OR IGNORE INTO Actor (id_actor, nombre, foto_path) VALUES (6193, 'Leonardo DiCaprio', 'https://image.tmdb.org/t/p/original/wo2hJpn04vbtmh0B9utCFdsQhxM.jpg');
INSERT OR IGNORE INTO Actor (id_actor, nombre, foto_path) VALUES (2228, 'Sean Penn', 'https://image.tmdb.org/t/p/original/9glqNTVpFpdN1nFklKaHPUyCwR6.jpg');
INSERT OR IGNORE INTO Actor (id_actor, nombre, foto_path) VALUES (3914706, 'Chase Infiniti', 'https://image.tmdb.org/t/p/original/2goENGgg9OCz7qjMmm0HNxV9Kjj.jpg');
INSERT OR IGNORE INTO Actor (id_actor, nombre, foto_path) VALUES (1121, 'Benicio del Toro', 'https://image.tmdb.org/t/p/original/aYomJWx0B2B8ra6Rmgt8lr0XCrw.jpg');
INSERT OR IGNORE INTO Actor (id_actor, nombre, foto_path) VALUES (35705, 'Regina Hall', 'https://image.tmdb.org/t/p/original/jiFZ4xNrvUUZLBHnJu71CvdN4kj.jpg');
INSERT OR REPLACE INTO Pelicula (id_pelicula, titulo, descripcion, poster_path, backdrop_path, trailer, anio_estreno, duracion) VALUES (1054867, 'Una batalla tras otra', 'Un ex revolucionario, tras años apartado de la lucha, se ve obligado a volver a la acción para enfrentar a viejos enemigos en un ambiente cargado de tensión política, racismo y violencia militar... Adaptación modernizada de la novela ''Vineland'', de Thomas Pynchon (1990), sobre los movimientos radicales de los años sesenta.', 'https://image.tmdb.org/t/p/original/iZ1499F6hYxDxiqioy8oSUaxipG.jpg', 'https://image.tmdb.org/t/p/original/si68lkhkMfIospVeLEBtl7HWKDh.jpg', 'https://www.youtube.com/watch?v=U_wQ_20g8Jw', 2025, 162);
INSERT OR REPLACE INTO Pelicula_Actor (id_pelicula, id_actor, personaje) VALUES (1054867, 6193, 'Bob');
INSERT OR REPLACE INTO Pelicula_Actor (id_pelicula, id_actor, personaje) VALUES (1054867, 2228, 'Col. Steven J. Lockjaw');
INSERT OR REPLACE INTO Pelicula_Actor (id_pelicula, id_actor, personaje) VALUES (1054867, 3914706, 'Willa');
INSERT OR REPLACE INTO Pelicula_Actor (id_pelicula, id_actor, personaje) VALUES (1054867, 1121, 'Sensei Sergio St. Carlos');
INSERT OR REPLACE INTO Pelicula_Actor (id_pelicula, id_actor, personaje) VALUES (1054867, 35705, 'Deandra');
INSERT OR IGNORE INTO Pelicula_Categoria (id_pelicula, id_categoria) VALUES (1054867, 6);
INSERT OR IGNORE INTO Pelicula_Categoria (id_pelicula, id_categoria) VALUES (1054867, 9);
INSERT OR IGNORE INTO Pelicula_Categoria (id_pelicula, id_categoria) VALUES (1054867, 5);
-- Fin película: Una batalla tras otra --
INSERT OR IGNORE INTO Actor (id_actor, nombre, foto_path) VALUES (3223, 'Robert Downey Jr.', 'https://image.tmdb.org/t/p/original/5qHNjhtjMD4YWH3UP0rm4tKwxCL.jpg');
INSERT OR IGNORE INTO Actor (id_actor, nombre, foto_path) VALUES (16828, 'Chris Evans', 'https://image.tmdb.org/t/p/original/3bOGNsHlrswhyW79uvIHH1V43JI.jpg');
INSERT OR IGNORE INTO Actor (id_actor, nombre, foto_path) VALUES (103, 'Mark Ruffalo', 'https://image.tmdb.org/t/p/original/5GilHMOt5PAQh6rlUKZzGmaKEI7.jpg');
INSERT OR IGNORE INTO Actor (id_actor, nombre, foto_path) VALUES (74568, 'Chris Hemsworth', 'https://image.tmdb.org/t/p/original/piQGdoIQOF3C1EI5cbYZLAW1gfj.jpg');
INSERT OR IGNORE INTO Actor (id_actor, nombre, foto_path) VALUES (1245, 'Scarlett Johansson', 'https://image.tmdb.org/t/p/original/sRjg0DbiA5DElSr3g3SSR4EArL8.jpg');
INSERT OR REPLACE INTO Pelicula (id_pelicula, titulo, descripcion, poster_path, backdrop_path, trailer, anio_estreno, duracion) VALUES (24428, 'Los Vengadores', 'Cuando un enemigo inesperado surge como una gran amenaza para la seguridad mundial, Nick Fury, director de la Agencia SHIELD, decide reclutar a un equipo para salvar al mundo de un desastre casi seguro.', 'https://image.tmdb.org/t/p/original/ugX4WZJO3jEvTOerctAWJLinujo.jpg', 'https://image.tmdb.org/t/p/original/9BBTo63ANSmhC4e6r62OJFuK2GL.jpg', 'https://www.youtube.com/watch?v=HQIiYqOVTWo', 2012, 142);
INSERT OR REPLACE INTO Pelicula_Actor (id_pelicula, id_actor, personaje) VALUES (24428, 3223, 'Tony Stark / Iron Man');
INSERT OR REPLACE INTO Pelicula_Actor (id_pelicula, id_actor, personaje) VALUES (24428, 16828, 'Steve Rogers / Captain America');
INSERT OR REPLACE INTO Pelicula_Actor (id_pelicula, id_actor, personaje) VALUES (24428, 103, 'Bruce Banner / The Hulk');
INSERT OR REPLACE INTO Pelicula_Actor (id_pelicula, id_actor, personaje) VALUES (24428, 74568, 'Thor');
INSERT OR REPLACE INTO Pelicula_Actor (id_pelicula, id_actor, personaje) VALUES (24428, 1245, 'Natasha Romanoff / Black Widow');
INSERT OR IGNORE INTO Pelicula_Categoria (id_pelicula, id_categoria) VALUES (24428, 3);
INSERT OR IGNORE INTO Pelicula_Categoria (id_pelicula, id_categoria) VALUES (24428, 5);
INSERT OR IGNORE INTO Pelicula_Categoria (id_pelicula, id_categoria) VALUES (24428, 1);
-- Fin película: Los Vengadores --
INSERT OR IGNORE INTO Actor (id_actor, nombre, foto_path) VALUES (102920, 'Arch Hall Jr.', 'https://image.tmdb.org/t/p/original/ks89oTWSBKou1SJDPF8JqHiCQxv.jpg');
INSERT OR IGNORE INTO Actor (id_actor, nombre, foto_path) VALUES (1002686, 'Nancy Czar', '');
INSERT OR IGNORE INTO Actor (id_actor, nombre, foto_path) VALUES (99121, 'Arch Hall Sr.', 'https://image.tmdb.org/t/p/original/4Q1JPCa1pndTUnEYnrW7bwevjeJ.jpg');
INSERT OR IGNORE INTO Actor (id_actor, nombre, foto_path) VALUES (138076, 'Ray Dennis Steckler', 'https://image.tmdb.org/t/p/original/nxiSAPnGzSdX26edlGlQRKTbNEw.jpg');
INSERT OR IGNORE INTO Actor (id_actor, nombre, foto_path) VALUES (98528, 'Marie Denn', 'https://image.tmdb.org/t/p/original/9P10wbnG9K7YGBi3zxZ4hMRIuDD.jpg');
INSERT OR REPLACE INTO Pelicula (id_pelicula, titulo, descripcion, poster_path, backdrop_path, trailer, anio_estreno, duracion) VALUES (89924, 'Wild Guitar', '', 'https://image.tmdb.org/t/p/original/wH5KslajuatYp9XOwm0tgUeBfJl.jpg', 'https://image.tmdb.org/t/p/original/uCvu5UgkP1VMicA54QzzNXqFzWF.jpg', '', 1962, 92);
INSERT OR REPLACE INTO Pelicula_Actor (id_pelicula, id_actor, personaje) VALUES (89924, 102920, 'Bud Eagle');
INSERT OR REPLACE INTO Pelicula_Actor (id_pelicula, id_actor, personaje) VALUES (89924, 1002686, 'Vickie Wills');
INSERT OR REPLACE INTO Pelicula_Actor (id_pelicula, id_actor, personaje) VALUES (89924, 99121, 'Mike McCauley (as William Watters)');
INSERT OR REPLACE INTO Pelicula_Actor (id_pelicula, id_actor, personaje) VALUES (89924, 138076, 'Steak (as Cash Flagg)');
INSERT OR REPLACE INTO Pelicula_Actor (id_pelicula, id_actor, personaje) VALUES (89924, 98528, 'Marge');
INSERT OR IGNORE INTO Pelicula_Categoria (id_pelicula, id_categoria) VALUES (89924, 7);
INSERT OR IGNORE INTO Pelicula_Categoria (id_pelicula, id_categoria) VALUES (89924, 11);
INSERT OR IGNORE INTO Pelicula_Categoria (id_pelicula, id_categoria) VALUES (89924, 12);
-- Fin película: Wild Guitar --
INSERT OR IGNORE INTO Actor (id_actor, nombre, foto_path) VALUES (27972, 'Josh Hutcherson', 'https://image.tmdb.org/t/p/original/f0eosZ1Fx0VBUyspq8K2f8sUSBn.jpg');
INSERT OR IGNORE INTO Actor (id_actor, nombre, foto_path) VALUES (2283930, 'Piper Rubio', 'https://image.tmdb.org/t/p/original/kIg9VvVBi1H8Bl9B697f2GE9rPo.jpg');
INSERT OR IGNORE INTO Actor (id_actor, nombre, foto_path) VALUES (1368507, 'Elizabeth Lail', 'https://image.tmdb.org/t/p/original/lDYjEyqojUs2sF3CgdsOZ9vr2KL.jpg');
INSERT OR IGNORE INTO Actor (id_actor, nombre, foto_path) VALUES (26457, 'Matthew Lillard', 'https://image.tmdb.org/t/p/original/auUbijDzR9xpSgQtLsYDvNatloj.jpg');
INSERT OR IGNORE INTO Actor (id_actor, nombre, foto_path) VALUES (1824301, 'Freddy Carter', 'https://image.tmdb.org/t/p/original/u4Ibhf8LnRzfuR2IUx6ZQWdWaVv.jpg');
INSERT OR REPLACE INTO Pelicula (id_pelicula, titulo, descripcion, poster_path, backdrop_path, trailer, anio_estreno, duracion) VALUES (1228246, 'Five Nights at Freddy''s 2', 'Un año después de la pesadilla sobrenatural en Freddy Fazbear''s Pizza, las historias sobre lo ocurrido allí se han convertido en una leyenda local extravagante, inspirando el primer Fazfest del pueblo. Con la verdad oculta, Abby se escapa para reencontrarse con Freddy, Bonnie, Chica y Foxy, desencadenando una serie de eventos aterradores que revelarán oscuros secretos sobre el verdadero origen de Freddy''s y desatarán un horror oculto durante décadas.', 'https://image.tmdb.org/t/p/original/egHOFSRXrAaugFUD7VMEnXlTnzJ.jpg', 'https://image.tmdb.org/t/p/original/54BOXpX2ieTXMDzHymdDMnUIzYG.jpg', 'https://www.youtube.com/watch?v=d_St1yVHIsI', 2025, 104);
INSERT OR REPLACE INTO Pelicula_Actor (id_pelicula, id_actor, personaje) VALUES (1228246, 27972, 'Mike');
INSERT OR REPLACE INTO Pelicula_Actor (id_pelicula, id_actor, personaje) VALUES (1228246, 2283930, 'Abby');
INSERT OR REPLACE INTO Pelicula_Actor (id_pelicula, id_actor, personaje) VALUES (1228246, 1368507, 'Vanessa');
INSERT OR REPLACE INTO Pelicula_Actor (id_pelicula, id_actor, personaje) VALUES (1228246, 26457, 'William Afton / Yellow Rabbit');
INSERT OR REPLACE INTO Pelicula_Actor (id_pelicula, id_actor, personaje) VALUES (1228246, 1824301, 'Michael');
INSERT OR IGNORE INTO Pelicula_Categoria (id_pelicula, id_categoria) VALUES (1228246, 4);
INSERT OR IGNORE INTO Pelicula_Categoria (id_pelicula, id_categoria) VALUES (1228246, 6);
-- Fin película: Five Nights at Freddy''s 2 --
INSERT OR IGNORE INTO Actor (id_actor, nombre, foto_path) VALUES (2201315, 'Emma Mackey', 'https://image.tmdb.org/t/p/original/l4JOGnGOAeZr3BQvAerFyvakrU0.jpg');
INSERT OR IGNORE INTO Actor (id_actor, nombre, foto_path) VALUES (8944, 'Jamie Lee Curtis', 'https://image.tmdb.org/t/p/original/eb0lIt32WwrjtCULe5z6l9eBf06.jpg');
INSERT OR IGNORE INTO Actor (id_actor, nombre, foto_path) VALUES (2304140, 'Spike Fearn', 'https://image.tmdb.org/t/p/original/o1WcXkDdlN5wdL5WIuGXNpNouZ9.jpg');
INSERT OR IGNORE INTO Actor (id_actor, nombre, foto_path) VALUES (13, 'Albert Brooks', 'https://image.tmdb.org/t/p/original/8iDSGu5l93N7benjf6b3AysBore.jpg');
INSERT OR IGNORE INTO Actor (id_actor, nombre, foto_path) VALUES (1334638, 'Jack Lowden', 'https://image.tmdb.org/t/p/original/3wSE6uHLkslE9xvRiMbnphuI0VK.jpg');
INSERT OR REPLACE INTO Pelicula (id_pelicula, titulo, descripcion, poster_path, backdrop_path, trailer, anio_estreno, duracion) VALUES (1206008, 'Ella McCay', 'Una joven política idealista hace malabarismos con sus problemas familiares y su estresante vida laboral mientras se prepara para ocupar nada menos que el puesto de gobernadora de su estado, ocupando el puesto de su mentor.', 'https://image.tmdb.org/t/p/original/kuAObOLDIBnWgGE3vk9wBsrM54.jpg', 'https://image.tmdb.org/t/p/original/9cd1zsxcOAcBW01WDOWz8EODTS0.jpg', 'https://www.youtube.com/watch?v=OwgayXGF3uM', 2025, 115);
INSERT OR REPLACE INTO Pelicula_Actor (id_pelicula, id_actor, personaje) VALUES (1206008, 2201315, 'Ella McCay');
INSERT OR REPLACE INTO Pelicula_Actor (id_pelicula, id_actor, personaje) VALUES (1206008, 8944, 'Helen McCay');
INSERT OR REPLACE INTO Pelicula_Actor (id_pelicula, id_actor, personaje) VALUES (1206008, 2304140, 'Casey McCay');
INSERT OR REPLACE INTO Pelicula_Actor (id_pelicula, id_actor, personaje) VALUES (1206008, 13, 'Governor Bill');
INSERT OR REPLACE INTO Pelicula_Actor (id_pelicula, id_actor, personaje) VALUES (1206008, 1334638, 'Ryan Newell');
INSERT OR IGNORE INTO Pelicula_Categoria (id_pelicula, id_categoria) VALUES (1206008, 12);
INSERT OR IGNORE INTO Pelicula_Categoria (id_pelicula, id_categoria) VALUES (1206008, 7);
-- Fin película: Ella McCay --
INSERT OR IGNORE INTO Actor (id_actor, nombre, foto_path) VALUES (1245, 'Scarlett Johansson', 'https://image.tmdb.org/t/p/original/sRjg0DbiA5DElSr3g3SSR4EArL8.jpg');
INSERT OR IGNORE INTO Actor (id_actor, nombre, foto_path) VALUES (932967, 'Mahershala Ali', 'https://image.tmdb.org/t/p/original/9ZmSejm5lnUVY5IJ1iNx2QEjnHb.jpg');
INSERT OR IGNORE INTO Actor (id_actor, nombre, foto_path) VALUES (80860, 'Jonathan Bailey', 'https://image.tmdb.org/t/p/original/mZNzekZo8eaHMuXKgDTNLp0EvYM.jpg');
INSERT OR IGNORE INTO Actor (id_actor, nombre, foto_path) VALUES (36669, 'Rupert Friend', 'https://image.tmdb.org/t/p/original/a3HeMHmlXnoRlHLX9h31ZdZgCXM.jpg');
INSERT OR IGNORE INTO Actor (id_actor, nombre, foto_path) VALUES (1168097, 'Manuel Garcia-Rulfo', 'https://image.tmdb.org/t/p/original/54Rk1hKfNdNKGHQMnONDGmNtUv3.jpg');
INSERT OR REPLACE INTO Pelicula (id_pelicula, titulo, descripcion, poster_path, backdrop_path, trailer, anio_estreno, duracion) VALUES (1234821, 'Jurassic World: El renacer', 'Cinco años después de los eventos de "Dominion", la ecología del planeta ha demostrado ser insoportable para los dinosaurios, donde los pocos que quedan viven aislados en las regiones ecuatoriales. Zora Bennett es contratada para dirigir a un equipo de especialistas cuyo objetivo es conseguir el material genético de las tres criaturas más grandes, las cuales tienen en su ADN la clave para fabricar un medicamento que aportará grandes beneficios a la humanidad. Pero la operación se cruzará con una familia cuyo barco volcó y todos acabarán en una isla prohibida ocupada por dinosaurios de numerosas especies, donde tendrán que hacer lo imposible para sobrevivir.', 'https://image.tmdb.org/t/p/original/2sbGd7kDhMicDkT097FR9a2JyGU.jpg', 'https://image.tmdb.org/t/p/original/xCoF56oOLjKqzwWkwlC8gsrx18h.jpg', 'https://www.youtube.com/watch?v=1R3LTANp7hw', 2025, 133);
INSERT OR REPLACE INTO Pelicula_Actor (id_pelicula, id_actor, personaje) VALUES (1234821, 1245, 'Zora Bennett');
INSERT OR REPLACE INTO Pelicula_Actor (id_pelicula, id_actor, personaje) VALUES (1234821, 932967, 'Duncan Kincaid');
INSERT OR REPLACE INTO Pelicula_Actor (id_pelicula, id_actor, personaje) VALUES (1234821, 80860, 'Dr. Henry Loomis');
INSERT OR REPLACE INTO Pelicula_Actor (id_pelicula, id_actor, personaje) VALUES (1234821, 36669, 'Martin Krebs');
INSERT OR REPLACE INTO Pelicula_Actor (id_pelicula, id_actor, personaje) VALUES (1234821, 1168097, 'Reuben Delgado');
INSERT OR IGNORE INTO Pelicula_Categoria (id_pelicula, id_categoria) VALUES (1234821, 3);
INSERT OR IGNORE INTO Pelicula_Categoria (id_pelicula, id_categoria) VALUES (1234821, 1);
INSERT OR IGNORE INTO Pelicula_Categoria (id_pelicula, id_categoria) VALUES (1234821, 5);
-- Fin película: Jurassic World: El renacer --
INSERT OR IGNORE INTO Actor (id_actor, nombre, foto_path) VALUES (1482313, 'Bea Santos', 'https://image.tmdb.org/t/p/original/OdkauzwhAU5VVFgUW01PahvW1K.jpg');
INSERT OR IGNORE INTO Actor (id_actor, nombre, foto_path) VALUES (1431050, 'Oluniké Adeliyi', 'https://image.tmdb.org/t/p/original/mhyvUy5d9ZaEXfziSnKBEnDxJKh.jpg');
INSERT OR IGNORE INTO Actor (id_actor, nombre, foto_path) VALUES (1359997, 'Ari Millen', 'https://image.tmdb.org/t/p/original/x2hFdgnrJ1er0VpteRcqTr8aWTT.jpg');
INSERT OR IGNORE INTO Actor (id_actor, nombre, foto_path) VALUES (43310, 'Christine Horne', 'https://image.tmdb.org/t/p/original/lMkvMd3Z1RzTzkqbaJYcrrQVuNE.jpg');
INSERT OR IGNORE INTO Actor (id_actor, nombre, foto_path) VALUES (29878, 'Dmitry Chepovetsky', 'https://image.tmdb.org/t/p/original/3zOGDMl55RzdeGuJAkQTP9MoYHb.jpg');
INSERT OR REPLACE INTO Pelicula (id_pelicula, titulo, descripcion, poster_path, backdrop_path, trailer, anio_estreno, duracion) VALUES (460952, 'Darken', 'Una enfermera se encuentra en un mundo oscuro y misterioso.', 'https://image.tmdb.org/t/p/original/cRI8vg9WfYguw6cI8urjCc6Myjk.jpg', 'https://image.tmdb.org/t/p/original/zhoYj0OCQtuOFsFhRx7ivcjM8C.jpg', '', 2017, 82);
INSERT OR REPLACE INTO Pelicula_Actor (id_pelicula, id_actor, personaje) VALUES (460952, 1482313, 'Eve');
INSERT OR REPLACE INTO Pelicula_Actor (id_pelicula, id_actor, personaje) VALUES (460952, 1431050, 'Kali');
INSERT OR REPLACE INTO Pelicula_Actor (id_pelicula, id_actor, personaje) VALUES (460952, 1359997, 'Martin');
INSERT OR REPLACE INTO Pelicula_Actor (id_pelicula, id_actor, personaje) VALUES (460952, 43310, 'Clarity');
INSERT OR REPLACE INTO Pelicula_Actor (id_pelicula, id_actor, personaje) VALUES (460952, 29878, 'Ralston');
INSERT OR IGNORE INTO Pelicula_Categoria (id_pelicula, id_categoria) VALUES (460952, 3);
INSERT OR IGNORE INTO Pelicula_Categoria (id_pelicula, id_categoria) VALUES (460952, 3);
INSERT OR IGNORE INTO Pelicula_Categoria (id_pelicula, id_categoria) VALUES (460952, 4);
-- Fin película: Darken --
INSERT OR IGNORE INTO Actor (id_actor, nombre, foto_path) VALUES (237045, 'Prabhas', 'https://image.tmdb.org/t/p/original/u6RVP8ukgLaymeoi5VmX0JRAcCn.jpg');
INSERT OR IGNORE INTO Actor (id_actor, nombre, foto_path) VALUES (215910, 'Rana Daggubati', 'https://image.tmdb.org/t/p/original/dCQE1CoWWc6RoXUTxOKjAXO8KDr.jpg');
INSERT OR IGNORE INTO Actor (id_actor, nombre, foto_path) VALUES (88167, 'Anushka Shetty', 'https://image.tmdb.org/t/p/original/zpe6Es8kdNOXuPdXiJvqxzsmN6z.jpg');
INSERT OR IGNORE INTO Actor (id_actor, nombre, foto_path) VALUES (141701, 'Ramya Krishnan', 'https://image.tmdb.org/t/p/original/kZvSnBTgsMgTsUE5o1yFQnDR3dl.jpg');
INSERT OR IGNORE INTO Actor (id_actor, nombre, foto_path) VALUES (581895, 'Sathyaraj', 'https://image.tmdb.org/t/p/original/lnlBZ7V3K3Z3OIsjCd0zkKx26L3.jpg');
INSERT OR REPLACE INTO Pelicula (id_pelicula, titulo, descripcion, poster_path, backdrop_path, trailer, anio_estreno, duracion) VALUES (1511417, 'Baahubali: The Epic', 'Cuando una pareja tribal encuentra a un niño misterioso cerca de una estruendosa cascada, lo crían como si fuera suyo. A medida que crece, Sivudu se siente atraído por el mundo más allá de los acantilados, donde descubre el antiguo reino de Mahishmati, gobernado por un tirano cruel, asolado por la rebelión y ligado a su propio pasado. Lo que comienza como una búsqueda por amor, pronto desentraña un legado de traición, sacrificio y un príncipe olvidado.', 'https://image.tmdb.org/t/p/original/z9YIo2qscyaXYgRqIdRJtND3bw8.jpg', 'https://image.tmdb.org/t/p/original/wCwZ4ljSsWyZyTiyk1tGQtBHTDx.jpg', '', 2025, 224);
INSERT OR REPLACE INTO Pelicula_Actor (id_pelicula, id_actor, personaje) VALUES (1511417, 237045, 'Mahendra Bahubali / Amarendra Bahubali / Maharaja Veerendra Vikramadeva');
INSERT OR REPLACE INTO Pelicula_Actor (id_pelicula, id_actor, personaje) VALUES (1511417, 215910, 'Bhallaladeva');
INSERT OR REPLACE INTO Pelicula_Actor (id_pelicula, id_actor, personaje) VALUES (1511417, 88167, 'Devasena');
INSERT OR REPLACE INTO Pelicula_Actor (id_pelicula, id_actor, personaje) VALUES (1511417, 141701, 'Sivagami');
INSERT OR REPLACE INTO Pelicula_Actor (id_pelicula, id_actor, personaje) VALUES (1511417, 581895, 'Karikala Kattappa Nadar');
INSERT OR IGNORE INTO Pelicula_Categoria (id_pelicula, id_categoria) VALUES (1511417, 5);
INSERT OR IGNORE INTO Pelicula_Categoria (id_pelicula, id_categoria) VALUES (1511417, 7);
-- Fin película: Baahubali: The Epic --
INSERT OR IGNORE INTO Actor (id_actor, nombre, foto_path) VALUES (2959217, '추영우', 'https://image.tmdb.org/t/p/original/tMAj8u6siRrMC2YFd4Al3NI7CZJ.jpg');
INSERT OR IGNORE INTO Actor (id_actor, nombre, foto_path) VALUES (2896274, '신시아', 'https://image.tmdb.org/t/p/original/6acKN3HgVwV2dT771EgYYilp7I9.jpg');
INSERT OR IGNORE INTO Actor (id_actor, nombre, foto_path) VALUES (3128211, 'Cho Yu-jung', 'https://image.tmdb.org/t/p/original/nYx2YyBlirpJ6cG4eTq1oiI8Ilj.jpg');
INSERT OR IGNORE INTO Actor (id_actor, nombre, foto_path) VALUES (2595111, '진호은', 'https://image.tmdb.org/t/p/original/qUbjtCCnltqTXaK4hZUHOdUBDMl.jpg');
INSERT OR IGNORE INTO Actor (id_actor, nombre, foto_path) VALUES (1203792, '조한철', 'https://image.tmdb.org/t/p/original/58DGEXFyWfaFdqL7yKKW0VdEg3R.jpg');
INSERT OR REPLACE INTO Pelicula (id_pelicula, titulo, descripcion, poster_path, backdrop_path, trailer, anio_estreno, duracion) VALUES (1466115, 'Aunque nuestro amor se desvanezca esta noche', 'Una alumna de instituto despierta cada día sin recuerdos del día anterior. Al empezar a salir con un compañero tímido, su historia de amor se renueva con cada amanecer.', 'https://image.tmdb.org/t/p/original/lawtchSE4FQch7kNTA5OiMTZ4F3.jpg', 'https://image.tmdb.org/t/p/original/iL5eGI9ctHdUOV4yG6dyGKctSEX.jpg', '', 2025, 106);
INSERT OR REPLACE INTO Pelicula_Actor (id_pelicula, id_actor, personaje) VALUES (1466115, 2959217, 'Kim Jae-won');
INSERT OR REPLACE INTO Pelicula_Actor (id_pelicula, id_actor, personaje) VALUES (1466115, 2896274, 'Han Seo-yoon');
INSERT OR REPLACE INTO Pelicula_Actor (id_pelicula, id_actor, personaje) VALUES (1466115, 3128211, 'Choi Ji-min');
INSERT OR REPLACE INTO Pelicula_Actor (id_pelicula, id_actor, personaje) VALUES (1466115, 2595111, 'Jeong Tae-hoon');
INSERT OR REPLACE INTO Pelicula_Actor (id_pelicula, id_actor, personaje) VALUES (1466115, 1203792, 'Kim Seong-hyeon');
INSERT OR IGNORE INTO Pelicula_Categoria (id_pelicula, id_categoria) VALUES (1466115, 10);
INSERT OR IGNORE INTO Pelicula_Categoria (id_pelicula, id_categoria) VALUES (1466115, 7);
-- Fin película: Aunque nuestro amor se desvanezca esta noche --
INSERT OR IGNORE INTO Actor (id_actor, nombre, foto_path) VALUES (5469, 'Ralph Fiennes', 'https://image.tmdb.org/t/p/original/u29BOqiV5GCQ8k8WUJM50i9xlBf.jpg');
INSERT OR IGNORE INTO Actor (id_actor, nombre, foto_path) VALUES (85065, 'Jack O''Connell', 'https://image.tmdb.org/t/p/original/9RrqnB1BRaWWHEjlWVVAna0sdBB.jpg');
INSERT OR IGNORE INTO Actor (id_actor, nombre, foto_path) VALUES (5107934, 'Alfie Williams', 'https://image.tmdb.org/t/p/original/wqfyAhZH6uCu5J4THsz2gJxsizB.jpg');
INSERT OR IGNORE INTO Actor (id_actor, nombre, foto_path) VALUES (1672504, 'Erin Kellyman', 'https://image.tmdb.org/t/p/original/f7XXomAaSRxE3h5NT0sAlcQTjPL.jpg');
INSERT OR IGNORE INTO Actor (id_actor, nombre, foto_path) VALUES (1344320, 'Chi Lewis-Parry', 'https://image.tmdb.org/t/p/original/yFE1xHcKn9Gww9DCUYQmBlZ3HVx.jpg');
INSERT OR REPLACE INTO Pelicula (id_pelicula, titulo, descripcion, poster_path, backdrop_path, trailer, anio_estreno, duracion) VALUES (1272837, '28 años después: El templo de los huesos', 'El Dr. Kelson (Ralph Fiennes) se ve envuelto en una nueva y sorprendente relación, cuyas consecuencias podrían cambiar el mundo tal y como se conoce. Por otra parte, el encuentro de Spike (Alfie Williams) con el Gran Lord Jimmy Crystal (Jack O''Connell) se convierte en una pesadilla de la que el chico no puede escapar. En este mundo, los infectados ya no son la mayor amenaza para la supervivencia, ya que la inhumanidad de los supervivientes puede ser aún más extraña y aterradora.', 'https://image.tmdb.org/t/p/original/9qlqDX3lo7CiFCDZV1Qwopwm5rz.jpg', 'https://image.tmdb.org/t/p/original/cwX1koqx0UsN0naDGxKFMs3raUZ.jpg', 'https://www.youtube.com/watch?v=RcnPIyUI53Q', 2026, 109);
INSERT OR REPLACE INTO Pelicula_Actor (id_pelicula, id_actor, personaje) VALUES (1272837, 5469, 'Dr. Ian Kelson');
INSERT OR REPLACE INTO Pelicula_Actor (id_pelicula, id_actor, personaje) VALUES (1272837, 85065, 'Sir Lord Jimmy Crystal');
INSERT OR REPLACE INTO Pelicula_Actor (id_pelicula, id_actor, personaje) VALUES (1272837, 5107934, 'Spike / Jimmy');
INSERT OR REPLACE INTO Pelicula_Actor (id_pelicula, id_actor, personaje) VALUES (1272837, 1672504, 'Jimmy Ink');
INSERT OR REPLACE INTO Pelicula_Actor (id_pelicula, id_actor, personaje) VALUES (1272837, 1344320, 'Samson');
INSERT OR IGNORE INTO Pelicula_Categoria (id_pelicula, id_categoria) VALUES (1272837, 4);
INSERT OR IGNORE INTO Pelicula_Categoria (id_pelicula, id_categoria) VALUES (1272837, 6);
INSERT OR IGNORE INTO Pelicula_Categoria (id_pelicula, id_categoria) VALUES (1272837, 3);
-- Fin película: 28 años después: El templo de los huesos --
INSERT OR IGNORE INTO Actor (id_actor, nombre, foto_path) VALUES (63, 'Milla Jovovich', 'https://image.tmdb.org/t/p/original/usWnHCzbADijULREZYSJ0qfM00y.jpg');
INSERT OR IGNORE INTO Actor (id_actor, nombre, foto_path) VALUES (114019, 'Luke Evans', 'https://image.tmdb.org/t/p/original/qUkYJcrDc4M0LHNYASs30luFvw0.jpg');
INSERT OR IGNORE INTO Actor (id_actor, nombre, foto_path) VALUES (2667928, 'Billie Boullet', 'https://image.tmdb.org/t/p/original/x6Xs4CFBiYzBP6zP7uElmtyx1b5.jpg');
INSERT OR IGNORE INTO Actor (id_actor, nombre, foto_path) VALUES (956385, 'Meadow Williams', 'https://image.tmdb.org/t/p/original/iECIpEM4BWt94kvOMKFJqv5uJEU.jpg');
INSERT OR IGNORE INTO Actor (id_actor, nombre, foto_path) VALUES (3214361, 'Mila Harris', 'https://image.tmdb.org/t/p/original/10BSVhLPqosSBsOgp0L7qaU0Uhi.jpg');
INSERT OR REPLACE INTO Pelicula (id_pelicula, titulo, descripcion, poster_path, backdrop_path, trailer, anio_estreno, duracion) VALUES (1196067, 'Worldbreaker', 'Un padre esconde a su hija en una isla para mantenerla a salvo mientras la equipa para la supervivencia y las batallas que se avecinan.', 'https://image.tmdb.org/t/p/original/7K8w6mdrJp0oaSoKWGyjSZ4Zv2z.jpg', 'https://image.tmdb.org/t/p/original/4mZ06VpfpAPuaUPn1SEV0brbbxe.jpg', '', 2025, 95);
INSERT OR REPLACE INTO Pelicula_Actor (id_pelicula, id_actor, personaje) VALUES (1196067, 63, 'Mom');
INSERT OR REPLACE INTO Pelicula_Actor (id_pelicula, id_actor, personaje) VALUES (1196067, 114019, 'Dad');
INSERT OR REPLACE INTO Pelicula_Actor (id_pelicula, id_actor, personaje) VALUES (1196067, 2667928, 'Willa');
INSERT OR REPLACE INTO Pelicula_Actor (id_pelicula, id_actor, personaje) VALUES (1196067, 956385, 'Soldier #1');
INSERT OR REPLACE INTO Pelicula_Actor (id_pelicula, id_actor, personaje) VALUES (1196067, 3214361, 'Rosie');
INSERT OR IGNORE INTO Pelicula_Categoria (id_pelicula, id_categoria) VALUES (1196067, 3);
INSERT OR IGNORE INTO Pelicula_Categoria (id_pelicula, id_categoria) VALUES (1196067, 5);
INSERT OR IGNORE INTO Pelicula_Categoria (id_pelicula, id_categoria) VALUES (1196067, 4);
-- Fin película: Worldbreaker --
INSERT OR IGNORE INTO Actor (id_actor, nombre, foto_path) VALUES (17276, 'Gerard Butler', 'https://image.tmdb.org/t/p/original/rTO5opVC3Gs6hPYAxWSP9eEjogi.jpg');
INSERT OR IGNORE INTO Actor (id_actor, nombre, foto_path) VALUES (54882, 'Morena Baccarin', 'https://image.tmdb.org/t/p/original/kBSKKaOtsqIzZPhtEeHfCBmhWl9.jpg');
INSERT OR IGNORE INTO Actor (id_actor, nombre, foto_path) VALUES (62562, 'David Denman', 'https://image.tmdb.org/t/p/original/bY3YssOOP0yTnaPZx2EWVjeCXc2.jpg');
INSERT OR IGNORE INTO Actor (id_actor, nombre, foto_path) VALUES (15250, 'Hope Davis', 'https://image.tmdb.org/t/p/original/dJb76YQDFmfJ6ptlvBvx0ZBP44C.jpg');
INSERT OR IGNORE INTO Actor (id_actor, nombre, foto_path) VALUES (2077869, 'Roger Dale Floyd', 'https://image.tmdb.org/t/p/original/qys24ezlOgRom93mq0Gk1vRY5uf.jpg');
INSERT OR REPLACE INTO Pelicula (id_pelicula, titulo, descripcion, poster_path, backdrop_path, trailer, anio_estreno, duracion) VALUES (524047, 'Greenland: El último refugio', 'Cuando el mundo es consciente de que el asteroide más grande de la historia va a impactar en la Tierra y aniquilar todo rastro de vida, los gobiernos de todo el mundo realizan un sorteo en el cual los afortunados podrán sobrevivir en refugios secretos. Esta decisión desata un caos a nivel mundial. Muchos tendrán que emprender un peligroso viaje donde se enfrentarán a los más imponentes peligros de la naturaleza, lo que les obligará a encontrar la manera de mantenerse unidos mientras encuentran la forma de sobrevivir.', 'https://image.tmdb.org/t/p/original/9iFkwShRf5M29yLABAdsEZyr9w6.jpg', 'https://image.tmdb.org/t/p/original/2Fk3AB8E9dYIBc2ywJkxk8BTyhc.jpg', 'https://www.youtube.com/watch?v=KCRkwUGjJfE', 2020, 120);
INSERT OR REPLACE INTO Pelicula_Actor (id_pelicula, id_actor, personaje) VALUES (524047, 17276, 'John Garrity');
INSERT OR REPLACE INTO Pelicula_Actor (id_pelicula, id_actor, personaje) VALUES (524047, 54882, 'Allison Garrity');
INSERT OR REPLACE INTO Pelicula_Actor (id_pelicula, id_actor, personaje) VALUES (524047, 62562, 'Ralph Vento');
INSERT OR REPLACE INTO Pelicula_Actor (id_pelicula, id_actor, personaje) VALUES (524047, 15250, 'Judy Vento');
INSERT OR REPLACE INTO Pelicula_Actor (id_pelicula, id_actor, personaje) VALUES (524047, 2077869, 'Nathan Garrity');
INSERT OR IGNORE INTO Pelicula_Categoria (id_pelicula, id_categoria) VALUES (524047, 5);
INSERT OR IGNORE INTO Pelicula_Categoria (id_pelicula, id_categoria) VALUES (524047, 1);
INSERT OR IGNORE INTO Pelicula_Categoria (id_pelicula, id_categoria) VALUES (524047, 6);
INSERT OR IGNORE INTO Pelicula_Categoria (id_pelicula, id_categoria) VALUES (524047, 3);
-- Fin película: Greenland: El último refugio --
INSERT OR IGNORE INTO Actor (id_actor, nombre, foto_path) VALUES (2053219, '김다미', 'https://image.tmdb.org/t/p/original/tpb0eZLDvIaBVNLXFpxXAdPxooo.jpg');
INSERT OR IGNORE INTO Actor (id_actor, nombre, foto_path) VALUES (1593672, '박해수', 'https://image.tmdb.org/t/p/original/hFt7Cj8sx1VYIwm18lYmq5kS7Pw.jpg');
INSERT OR IGNORE INTO Actor (id_actor, nombre, foto_path) VALUES (3957235, '권은성', 'https://image.tmdb.org/t/p/original/sao2dAm3LGAg25fp9YxjFoNGLtb.jpg');
INSERT OR IGNORE INTO Actor (id_actor, nombre, foto_path) VALUES (150126, '전혜진', 'https://image.tmdb.org/t/p/original/7PliJIOzUei41vyE9FaIWvFMNzC.jpg');
INSERT OR IGNORE INTO Actor (id_actor, nombre, foto_path) VALUES (564844, '박병은', 'https://image.tmdb.org/t/p/original/8lDiEHjbBxPD8VNu1kGifMXhPUn.jpg');
INSERT OR REPLACE INTO Pelicula (id_pelicula, titulo, descripcion, poster_path, backdrop_path, trailer, anio_estreno, duracion) VALUES (982843, 'El gran diluvio', 'En el que podría ser el último día en la Tierra, una lucha a vida o muerte en un piso inundado se convierte en la única esperanza de supervivencia de la humanidad.', 'https://image.tmdb.org/t/p/original/qIzSyT2AmDxkcQ0zOAeTbtZR9EQ.jpg', 'https://image.tmdb.org/t/p/original/8vLt9TYFZdAwYtqImvggTM5yFnF.jpg', '', 2025, 107);
INSERT OR REPLACE INTO Pelicula_Actor (id_pelicula, id_actor, personaje) VALUES (982843, 2053219, 'Koo An-na');
INSERT OR REPLACE INTO Pelicula_Actor (id_pelicula, id_actor, personaje) VALUES (982843, 1593672, 'Son Hee-jo');
INSERT OR REPLACE INTO Pelicula_Actor (id_pelicula, id_actor, personaje) VALUES (982843, 3957235, 'Shin Ja-in');
INSERT OR REPLACE INTO Pelicula_Actor (id_pelicula, id_actor, personaje) VALUES (982843, 150126, 'Lim Hyeon-mo');
INSERT OR REPLACE INTO Pelicula_Actor (id_pelicula, id_actor, personaje) VALUES (982843, 564844, 'Lee Hwi-so');
INSERT OR IGNORE INTO Pelicula_Categoria (id_pelicula, id_categoria) VALUES (982843, 3);
INSERT OR IGNORE INTO Pelicula_Categoria (id_pelicula, id_categoria) VALUES (982843, 1);
INSERT OR IGNORE INTO Pelicula_Categoria (id_pelicula, id_categoria) VALUES (982843, 7);
-- Fin película: El gran diluvio --
INSERT OR IGNORE INTO Actor (id_actor, nombre, foto_path) VALUES (73457, 'Chris Pratt', 'https://image.tmdb.org/t/p/original/cRH6HPAQ98PlOwwEvhYO4CM9lwu.jpg');
INSERT OR IGNORE INTO Actor (id_actor, nombre, foto_path) VALUES (933238, 'Rebecca Ferguson', 'https://image.tmdb.org/t/p/original/lJloTOheuQSirSLXNA3JHsrMNfH.jpg');
INSERT OR IGNORE INTO Actor (id_actor, nombre, foto_path) VALUES (3119545, 'Kali Reis', 'https://image.tmdb.org/t/p/original/qJcXQKgaq11aNNPPok0m4yfP2Og.jpg');
INSERT OR IGNORE INTO Actor (id_actor, nombre, foto_path) VALUES (82809, 'Annabelle Wallis', 'https://image.tmdb.org/t/p/original/b6PltW1e18BdmRz3nKZ7ID9uZ24.jpg');
INSERT OR IGNORE INTO Actor (id_actor, nombre, foto_path) VALUES (1293892, 'Chris Sullivan', 'https://image.tmdb.org/t/p/original/gKZ9xSFrDzUPv27iAkMpH6Qf0Sk.jpg');
INSERT OR REPLACE INTO Pelicula (id_pelicula, titulo, descripcion, poster_path, backdrop_path, trailer, anio_estreno, duracion) VALUES (1236153, 'Sin piedad', 'Tras ser acusado de un crimen, un detective deberá demostrar su inocencia.', 'https://image.tmdb.org/t/p/original/9zBNg8koM3fjUTPT7QeJHuGG2r9.jpg', 'https://image.tmdb.org/t/p/original/mHC8tSRYfAKGh2jaSNQMSzGdbOW.jpg', 'https://www.youtube.com/watch?v=vvkKYJCQEk0', 2026, 100);
INSERT OR REPLACE INTO Pelicula_Actor (id_pelicula, id_actor, personaje) VALUES (1236153, 73457, 'Chris Raven');
INSERT OR REPLACE INTO Pelicula_Actor (id_pelicula, id_actor, personaje) VALUES (1236153, 933238, 'Judge Maddox');
INSERT OR REPLACE INTO Pelicula_Actor (id_pelicula, id_actor, personaje) VALUES (1236153, 3119545, 'Jacqueline 'Jaq' Diallo');
INSERT OR REPLACE INTO Pelicula_Actor (id_pelicula, id_actor, personaje) VALUES (1236153, 82809, 'Nicole Raven (née Martin)');
INSERT OR REPLACE INTO Pelicula_Actor (id_pelicula, id_actor, personaje) VALUES (1236153, 1293892, 'Robert 'Rob' Nelson');
INSERT OR IGNORE INTO Pelicula_Categoria (id_pelicula, id_categoria) VALUES (1236153, 3);
INSERT OR IGNORE INTO Pelicula_Categoria (id_pelicula, id_categoria) VALUES (1236153, 5);
INSERT OR IGNORE INTO Pelicula_Categoria (id_pelicula, id_categoria) VALUES (1236153, 6);
-- Fin película: Sin piedad --
INSERT OR IGNORE INTO Actor (id_actor, nombre, foto_path) VALUES (1600272, 'Melania Trump', 'https://image.tmdb.org/t/p/original/tPgzYRxWRbIx3GDA9AXwmle9nqc.jpg');
INSERT OR IGNORE INTO Actor (id_actor, nombre, foto_path) VALUES (33663, 'Donald Trump', 'https://image.tmdb.org/t/p/original/nkQrZELEgxsvwDSlYkNfpFmsFx4.jpg');
INSERT OR IGNORE INTO Actor (id_actor, nombre, foto_path) VALUES (2346426, 'Barron Trump', 'https://image.tmdb.org/t/p/original/dHRc5QVNL5JidsAPd4Bvp929E1x.jpg');
INSERT OR IGNORE INTO Actor (id_actor, nombre, foto_path) VALUES (146720, 'Hervé Pierre', 'https://image.tmdb.org/t/p/original/dFjFLiRdyLGkMFlHed7aNRPiJrK.jpg');
INSERT OR IGNORE INTO Actor (id_actor, nombre, foto_path) VALUES (2311145, 'رانيا العبد الله', 'https://image.tmdb.org/t/p/original/uy1zDDFsbvX8tQa6yW7d2JOXoQM.jpg');
INSERT OR REPLACE INTO Pelicula (id_pelicula, titulo, descripcion, poster_path, backdrop_path, trailer, anio_estreno, duracion) VALUES (1413097, 'Melania', 'Una crónica íntima ofrece una visión poco común de la vida de Melania Trump, explorando su papel como primera dama y su relación con el expresidente', 'https://image.tmdb.org/t/p/original/xG3v5b3rIgudFoV2ceMiWE01F0q.jpg', 'https://image.tmdb.org/t/p/original/3R5SXP6AWMclxhrWChOqWPl3W9d.jpg', '', 2026, 104);
INSERT OR REPLACE INTO Pelicula_Actor (id_pelicula, id_actor, personaje) VALUES (1413097, 1600272, 'Self');
INSERT OR REPLACE INTO Pelicula_Actor (id_pelicula, id_actor, personaje) VALUES (1413097, 33663, 'Self');
INSERT OR REPLACE INTO Pelicula_Actor (id_pelicula, id_actor, personaje) VALUES (1413097, 2346426, 'Self');
INSERT OR REPLACE INTO Pelicula_Actor (id_pelicula, id_actor, personaje) VALUES (1413097, 146720, 'Self');
INSERT OR REPLACE INTO Pelicula_Actor (id_pelicula, id_actor, personaje) VALUES (1413097, 2311145, 'Self');
INSERT OR IGNORE INTO Pelicula_Categoria (id_pelicula, id_categoria) VALUES (1413097, 4);
-- Fin película: Melania --
INSERT OR IGNORE INTO Actor (id_actor, nombre, foto_path) VALUES (25072, 'Oscar Isaac', 'https://image.tmdb.org/t/p/original/dW5U5yrIIPmMjRThR9KT2xH6nTz.jpg');
INSERT OR IGNORE INTO Actor (id_actor, nombre, foto_path) VALUES (2034418, 'Jacob Elordi', 'https://image.tmdb.org/t/p/original/qZNRPWCP2c5d0YaYLTzHXU9Rdoe.jpg');
INSERT OR IGNORE INTO Actor (id_actor, nombre, foto_path) VALUES (27319, 'Christoph Waltz', 'https://image.tmdb.org/t/p/original/jMvLGCVXLaBqjRLf5olyvEucZob.jpg');
INSERT OR IGNORE INTO Actor (id_actor, nombre, foto_path) VALUES (1137824, 'Mia Goth', 'https://image.tmdb.org/t/p/original/rwko7XVaKFcJH1dtAIIsrgLMzHb.jpg');
INSERT OR IGNORE INTO Actor (id_actor, nombre, foto_path) VALUES (3631223, 'Felix Kammerer', 'https://image.tmdb.org/t/p/original/T12faHW0QXunSZbv6YNmDWG7bC.jpg');
INSERT OR REPLACE INTO Pelicula (id_pelicula, titulo, descripcion, poster_path, backdrop_path, trailer, anio_estreno, duracion) VALUES (1062722, 'Frankenstein', 'Un científico brillante y obsesivo, Victor Frankenstein, en su ambición por desafiar a la muerte, da vida a una criatura ensamblada con partes de cadáveres. Pese a tratarse de una proeza científica, Frankenstein considera que la criatura carece de inteligencia y la rechaza. Dolida, esta se rebela contra su creador.', 'https://image.tmdb.org/t/p/original/hTj8x0ElKldJyAjTYvaqxkQNxxN.jpg', 'https://image.tmdb.org/t/p/original/ceyakefyCRAgyeFhefa2bz6d9QO.jpg', 'https://www.youtube.com/watch?v=lEQ5TNTZvVk', 2025, 149);
INSERT OR REPLACE INTO Pelicula_Actor (id_pelicula, id_actor, personaje) VALUES (1062722, 25072, 'Victor Frankenstein');
INSERT OR REPLACE INTO Pelicula_Actor (id_pelicula, id_actor, personaje) VALUES (1062722, 2034418, 'The Creature');
INSERT OR REPLACE INTO Pelicula_Actor (id_pelicula, id_actor, personaje) VALUES (1062722, 27319, 'Harlander');
INSERT OR REPLACE INTO Pelicula_Actor (id_pelicula, id_actor, personaje) VALUES (1062722, 1137824, 'Elizabeth / Claire Frankenstein');
INSERT OR REPLACE INTO Pelicula_Actor (id_pelicula, id_actor, personaje) VALUES (1062722, 3631223, 'William Frankenstein');
INSERT OR IGNORE INTO Pelicula_Categoria (id_pelicula, id_categoria) VALUES (1062722, 7);
INSERT OR IGNORE INTO Pelicula_Categoria (id_pelicula, id_categoria) VALUES (1062722, 3);
INSERT OR IGNORE INTO Pelicula_Categoria (id_pelicula, id_categoria) VALUES (1062722, 4);
-- Fin película: Frankenstein --
INSERT OR IGNORE INTO Actor (id_actor, nombre, foto_path) VALUES (1606164, 'Junya Enoki', 'https://image.tmdb.org/t/p/original/vBnNL3Jqy0zkS3ZgsXZmvDM9Dfz.jpg');
INSERT OR IGNORE INTO Actor (id_actor, nombre, foto_path) VALUES (77927, '緒方恵美', 'https://image.tmdb.org/t/p/original/eNdfMUyZgG5P4TNIZpbTAu8gBs9.jpg');
INSERT OR IGNORE INTO Actor (id_actor, nombre, foto_path) VALUES (555099, 'Koji Yusa', 'https://image.tmdb.org/t/p/original/vBo8dHvZvbG4kax0LcaWvrXUZuX.jpg');
INSERT OR IGNORE INTO Actor (id_actor, nombre, foto_path) VALUES (110665, 'Daisuke Namikawa', 'https://image.tmdb.org/t/p/original/iw0X8oDutxaBAri3Ifga8nhdUJK.jpg');
INSERT OR IGNORE INTO Actor (id_actor, nombre, foto_path) VALUES (1492992, 'Yuma Uchida', 'https://image.tmdb.org/t/p/original/2otstbLfQ7MXuFt1X8MFOb4OIgd.jpg');
INSERT OR REPLACE INTO Pelicula (id_pelicula, titulo, descripcion, poster_path, backdrop_path, trailer, anio_estreno, duracion) VALUES (1539104, 'JUJUTSU KAISEN: Ejecución', 'Durante Halloween en Shibuya, un misterioso velo atrapa a la multitud dentro del distrito. Como consecuencia, diez colonias japonesas se convierten en zonas dominadas por maldiciones.', 'https://image.tmdb.org/t/p/original/a4QuZ6oW71zCpwVW08u3fHBxc6E.jpg', 'https://image.tmdb.org/t/p/original/gtKglOSEq3d4MgQE4VsrT1sRkd0.jpg', 'https://www.youtube.com/watch?v=Okh4Zt1UfvI', 2025, 88);
INSERT OR REPLACE INTO Pelicula_Actor (id_pelicula, id_actor, personaje) VALUES (1539104, 1606164, 'Yuji Itadori (voice)');
INSERT OR REPLACE INTO Pelicula_Actor (id_pelicula, id_actor, personaje) VALUES (1539104, 77927, 'Yuta Okkotsu (voice)');
INSERT OR REPLACE INTO Pelicula_Actor (id_pelicula, id_actor, personaje) VALUES (1539104, 555099, 'Naoya Zen in (voice)');
INSERT OR REPLACE INTO Pelicula_Actor (id_pelicula, id_actor, personaje) VALUES (1539104, 110665, 'Choso (voice)');
INSERT OR REPLACE INTO Pelicula_Actor (id_pelicula, id_actor, personaje) VALUES (1539104, 1492992, 'Megumi Fushiguro (voice)');
INSERT OR IGNORE INTO Pelicula_Categoria (id_pelicula, id_categoria) VALUES (1539104, 5);
INSERT OR IGNORE INTO Pelicula_Categoria (id_pelicula, id_categoria) VALUES (1539104, 5);
-- Fin película: JUJUTSU KAISEN: Ejecución --
INSERT OR IGNORE INTO Actor (id_actor, nombre, foto_path) VALUES (1571598, 'Ahn Hyo Seop', 'https://image.tmdb.org/t/p/original/ynu1x6RQnpKvsOLTvB2WhDo26D9.jpg');
INSERT OR IGNORE INTO Actor (id_actor, nombre, foto_path) VALUES (1245104, 'Lee Min-ho', 'https://image.tmdb.org/t/p/original/iqopuz6cKuRZRUPZQrj7lFZcWWb.jpg');
INSERT OR IGNORE INTO Actor (id_actor, nombre, foto_path) VALUES (1466233, '채수빈', 'https://image.tmdb.org/t/p/original/t8inEDMgceg8EFLvgglvXzemklf.jpg');
INSERT OR IGNORE INTO Actor (id_actor, nombre, foto_path) VALUES (2353469, '신승호', 'https://image.tmdb.org/t/p/original/pIvBFVWOhfLvWClrFMqBKRJ1iK4.jpg');
INSERT OR IGNORE INTO Actor (id_actor, nombre, foto_path) VALUES (1523043, '나나', 'https://image.tmdb.org/t/p/original/zEjVBD734pLcNQrZESkKTNhKl6z.jpg');
INSERT OR REPLACE INTO Pelicula (id_pelicula, titulo, descripcion, poster_path, backdrop_path, trailer, anio_estreno, duracion) VALUES (1131759, 'Lector omnisciente: La profecía', 'La novela favorita de Dokja se hace ominosamente realidad; utilizando sus intrincados conocimientos sobre la inminente historia apocalíptica, el oficinista cambia el destino.', 'https://image.tmdb.org/t/p/original/lWQRM7IOCyJT9E5kOnoUvZNELHQ.jpg', 'https://image.tmdb.org/t/p/original/tVwFrpeGPYyk75rS82benPjtK6.jpg', '', 2025, 117);
INSERT OR REPLACE INTO Pelicula_Actor (id_pelicula, id_actor, personaje) VALUES (1131759, 1571598, 'Kim Dok-ja');
INSERT OR REPLACE INTO Pelicula_Actor (id_pelicula, id_actor, personaje) VALUES (1131759, 1245104, 'Yu Jung-hyeok');
INSERT OR REPLACE INTO Pelicula_Actor (id_pelicula, id_actor, personaje) VALUES (1131759, 1466233, 'Yu Sang-ah');
INSERT OR REPLACE INTO Pelicula_Actor (id_pelicula, id_actor, personaje) VALUES (1131759, 2353469, 'Lee Hyeon-seong');
INSERT OR REPLACE INTO Pelicula_Actor (id_pelicula, id_actor, personaje) VALUES (1131759, 1523043, 'Jeong Hee-won');
INSERT OR IGNORE INTO Pelicula_Categoria (id_pelicula, id_categoria) VALUES (1131759, 5);
INSERT OR IGNORE INTO Pelicula_Categoria (id_pelicula, id_categoria) VALUES (1131759, 1);
INSERT OR IGNORE INTO Pelicula_Categoria (id_pelicula, id_categoria) VALUES (1131759, 3);
-- Fin película: Lector omnisciente: La profecía --
INSERT OR IGNORE INTO Actor (id_actor, nombre, foto_path) VALUES (10297, 'Matthew McConaughey', 'https://image.tmdb.org/t/p/original/lCySuYjhXix3FzQdS4oceDDrXKI.jpg');
INSERT OR IGNORE INTO Actor (id_actor, nombre, foto_path) VALUES (1813, 'Anne Hathaway', 'https://image.tmdb.org/t/p/original/nbccV2pMoyLTCeg5DQip24Eq0Jp.jpg');
INSERT OR IGNORE INTO Actor (id_actor, nombre, foto_path) VALUES (3895, 'Michael Caine', 'https://image.tmdb.org/t/p/original/bVZRMlpjTAO2pJK6v90buFgVbSW.jpg');
INSERT OR IGNORE INTO Actor (id_actor, nombre, foto_path) VALUES (83002, 'Jessica Chastain', 'https://image.tmdb.org/t/p/original/bXFXSlfCzoE5Py7KBP9P0Y0Ot1v.jpg');
INSERT OR IGNORE INTO Actor (id_actor, nombre, foto_path) VALUES (1893, 'Casey Affleck', 'https://image.tmdb.org/t/p/original/304ilSygaCRWykoBWAL67TOw8g9.jpg');
INSERT OR REPLACE INTO Pelicula (id_pelicula, titulo, descripcion, poster_path, backdrop_path, trailer, anio_estreno, duracion) VALUES (157336, 'Interstellar', 'Un grupo de exploradores hacen uso de un agujero de gusano recientemente descubierto para superar las limitaciones de los viajes espaciales tripulados y vencer las inmensas distancias que tiene un viaje interestelar.', 'https://image.tmdb.org/t/p/original/fbUwSqYIP0isCiJXey3staY3DNn.jpg', 'https://image.tmdb.org/t/p/original/5XNQBqnBwPA9yT0jZ0p3s8bbLh0.jpg', 'https://www.youtube.com/watch?v=UoSSbmD9vqc', 2014, 169);
INSERT OR REPLACE INTO Pelicula_Actor (id_pelicula, id_actor, personaje) VALUES (157336, 10297, 'Cooper');
INSERT OR REPLACE INTO Pelicula_Actor (id_pelicula, id_actor, personaje) VALUES (157336, 1813, 'Brand');
INSERT OR REPLACE INTO Pelicula_Actor (id_pelicula, id_actor, personaje) VALUES (157336, 3895, 'Professor Brand');
INSERT OR REPLACE INTO Pelicula_Actor (id_pelicula, id_actor, personaje) VALUES (157336, 83002, 'Murph');
INSERT OR REPLACE INTO Pelicula_Actor (id_pelicula, id_actor, personaje) VALUES (157336, 1893, 'Tom');
INSERT OR IGNORE INTO Pelicula_Categoria (id_pelicula, id_categoria) VALUES (157336, 1);
INSERT OR IGNORE INTO Pelicula_Categoria (id_pelicula, id_categoria) VALUES (157336, 7);
INSERT OR IGNORE INTO Pelicula_Categoria (id_pelicula, id_categoria) VALUES (157336, 3);
-- Fin película: Interstellar --
INSERT OR IGNORE INTO Actor (id_actor, nombre, foto_path) VALUES (500, 'Tom Cruise', 'https://image.tmdb.org/t/p/original/maf8PhSvDCdEwjEMbYfGpojR5RP.jpg');
INSERT OR IGNORE INTO Actor (id_actor, nombre, foto_path) VALUES (39459, 'Hayley Atwell', 'https://image.tmdb.org/t/p/original/x57wXHexIjD2ywly9cRA4rov7cu.jpg');
INSERT OR IGNORE INTO Actor (id_actor, nombre, foto_path) VALUES (10182, 'Ving Rhames', 'https://image.tmdb.org/t/p/original/rqPdVVIdt45wNDsXuREu2M6PApU.jpg');
INSERT OR IGNORE INTO Actor (id_actor, nombre, foto_path) VALUES (11108, 'Simon Pegg', 'https://image.tmdb.org/t/p/original/jw8bEEoTOithyNf0qxu4Zt1yaKp.jpg');
INSERT OR IGNORE INTO Actor (id_actor, nombre, foto_path) VALUES (65344, 'Esai Morales', 'https://image.tmdb.org/t/p/original/cNYciYzUzxraGlw0BPql1QePi5H.jpg');
INSERT OR REPLACE INTO Pelicula (id_pelicula, titulo, descripcion, poster_path, backdrop_path, trailer, anio_estreno, duracion) VALUES (575265, 'Misión: Imposible - Sentencia final', 'El agente Ethan Hunt continúa su misión de impedir que Gabriel controle el tecnológicamente omnipotente programa de IA conocido como "the Entity".', 'https://image.tmdb.org/t/p/original/haOjJGUV00dKlZaJWgjM1UD1cJV.jpg', 'https://image.tmdb.org/t/p/original/xPNDRM50a58uvv1il2GVZrtWjkZ.jpg', 'https://www.youtube.com/watch?v=YqtdLeJSM6o', 2025, 169);
INSERT OR REPLACE INTO Pelicula_Actor (id_pelicula, id_actor, personaje) VALUES (575265, 500, 'Ethan Hunt');
INSERT OR REPLACE INTO Pelicula_Actor (id_pelicula, id_actor, personaje) VALUES (575265, 39459, 'Grace');
INSERT OR REPLACE INTO Pelicula_Actor (id_pelicula, id_actor, personaje) VALUES (575265, 10182, 'Luther Stickell');
INSERT OR REPLACE INTO Pelicula_Actor (id_pelicula, id_actor, personaje) VALUES (575265, 11108, 'Benji Dunn');
INSERT OR REPLACE INTO Pelicula_Actor (id_pelicula, id_actor, personaje) VALUES (575265, 65344, 'Gabriel');
INSERT OR IGNORE INTO Pelicula_Categoria (id_pelicula, id_categoria) VALUES (575265, 5);
INSERT OR IGNORE INTO Pelicula_Categoria (id_pelicula, id_categoria) VALUES (575265, 6);
INSERT OR IGNORE INTO Pelicula_Categoria (id_pelicula, id_categoria) VALUES (575265, 1);
-- Fin película: Misión: Imposible - Sentencia final --

-- === LOTE: Popular - Page 4 (2026-02-05T21:58:33.151Z) ===
INSERT OR IGNORE INTO Actor (id_actor, nombre, foto_path) VALUES (65731, 'Sam Worthington', 'https://image.tmdb.org/t/p/original/mflBcox36s9ZPbsZPVOuhf6axaJ.jpg');
INSERT OR IGNORE INTO Actor (id_actor, nombre, foto_path) VALUES (8691, 'Zoe Saldaña', 'https://image.tmdb.org/t/p/original/vQBwmsSOAd0JDaEcZ5p43J9xzsY.jpg');
INSERT OR IGNORE INTO Actor (id_actor, nombre, foto_path) VALUES (10205, 'Sigourney Weaver', 'https://image.tmdb.org/t/p/original/wTSnfktNBLd6kwQxgvkqYw6vEon.jpg');
INSERT OR IGNORE INTO Actor (id_actor, nombre, foto_path) VALUES (32747, 'Stephen Lang', 'https://image.tmdb.org/t/p/original/gnO5VfkDgA2fsHweD0622LUY3Hu.jpg');
INSERT OR IGNORE INTO Actor (id_actor, nombre, foto_path) VALUES (17647, 'Michelle Rodríguez', 'https://image.tmdb.org/t/p/original/wVcbrae4eRqGMFZz8Eh52Dl1biP.jpg');
INSERT OR REPLACE INTO Pelicula (id_pelicula, titulo, descripcion, poster_path, backdrop_path, trailer, anio_estreno, duracion) VALUES (19995, 'Avatar', 'Año 2154. Jake Sully, un exmarine en silla de ruedas, es enviado al planeta Pandora, donde se ha creado el programa Avatar, gracias al cual los seres humanos pueden controlar de forma remota un cuerpo biológico con apariencia y genética de la especie nativa. Pronto se encontrará con la encrucijada entre seguir las órdenes de sus superiores o defender al mundo que le ha acogido y siente como suyo.', 'https://image.tmdb.org/t/p/original/t5T3LPbLLgP2OP6kloM9p2PXpJL.jpg', 'https://image.tmdb.org/t/p/original/vL5LR6WdxWPjLPFRLe133jXWsh5.jpg', 'https://www.youtube.com/watch?v=AZS_d_hS2dM', 2009, 161);
INSERT OR REPLACE INTO Pelicula_Actor (id_pelicula, id_actor, personaje) VALUES (19995, 65731, 'Jake Sully');
INSERT OR REPLACE INTO Pelicula_Actor (id_pelicula, id_actor, personaje) VALUES (19995, 8691, 'Neytiri');
INSERT OR REPLACE INTO Pelicula_Actor (id_pelicula, id_actor, personaje) VALUES (19995, 10205, 'Dr. Grace Augustine');
INSERT OR REPLACE INTO Pelicula_Actor (id_pelicula, id_actor, personaje) VALUES (19995, 32747, 'Colonel Miles Quaritch');
INSERT OR REPLACE INTO Pelicula_Actor (id_pelicula, id_actor, personaje) VALUES (19995, 17647, 'Trudy Chacon');
INSERT OR IGNORE INTO Pelicula_Categoria (id_pelicula, id_categoria) VALUES (19995, 5);
INSERT OR IGNORE INTO Pelicula_Categoria (id_pelicula, id_categoria) VALUES (19995, 1);
INSERT OR IGNORE INTO Pelicula_Categoria (id_pelicula, id_categoria) VALUES (19995, 3);
INSERT OR IGNORE INTO Pelicula_Categoria (id_pelicula, id_categoria) VALUES (19995, 3);
-- Fin película: Avatar --
INSERT OR IGNORE INTO Actor (id_actor, nombre, foto_path) VALUES (1315036, 'Daisy Ridley', 'https://image.tmdb.org/t/p/original/iVboQmgPC3tYFjezBjrVECJRS8n.jpg');
INSERT OR IGNORE INTO Actor (id_actor, nombre, foto_path) VALUES (1017347, 'Brenton Thwaites', 'https://image.tmdb.org/t/p/original/4jrtVjdIGJpmgevEPRuIIU9HWcO.jpg');
INSERT OR IGNORE INTO Actor (id_actor, nombre, foto_path) VALUES (1323881, 'Mark Coles Smith', 'https://image.tmdb.org/t/p/original/mFGf5GruME5dnAuKBG1kgzK8PJs.jpg');
INSERT OR IGNORE INTO Actor (id_actor, nombre, foto_path) VALUES (1046893, 'Matt Whelan', 'https://image.tmdb.org/t/p/original/qTIe7SblKwxR9DF6iNuVX0pEWIZ.jpg');
INSERT OR IGNORE INTO Actor (id_actor, nombre, foto_path) VALUES (1445943, 'Chloe Hurst', 'https://image.tmdb.org/t/p/original/h42VtoxnH6onzfcyKSzRXg1gImB.jpg');
INSERT OR REPLACE INTO Pelicula (id_pelicula, titulo, descripcion, poster_path, backdrop_path, trailer, anio_estreno, duracion) VALUES (1198984, 'We Bury the Dead', 'Ava, una mujer desesperada cuyo marido ha desaparecido tras un catastrófico experimento militar, se une a una "unidad de recuperación de cadáveres", pero su búsqueda da un giro escalofriante cuando los cadáveres que está enterrando empiezan a dar señales de vida.', 'https://image.tmdb.org/t/p/original/xZqo0yPARmyF8TACVNyaOACkYWG.jpg', 'https://image.tmdb.org/t/p/original/vbkW4KerpshPZnP84w9qwSfYrhu.jpg', '', 2026, 95);
INSERT OR REPLACE INTO Pelicula_Actor (id_pelicula, id_actor, personaje) VALUES (1198984, 1315036, 'Ava');
INSERT OR REPLACE INTO Pelicula_Actor (id_pelicula, id_actor, personaje) VALUES (1198984, 1017347, 'Clay');
INSERT OR REPLACE INTO Pelicula_Actor (id_pelicula, id_actor, personaje) VALUES (1198984, 1323881, 'Riley');
INSERT OR REPLACE INTO Pelicula_Actor (id_pelicula, id_actor, personaje) VALUES (1198984, 1046893, 'Mitch');
INSERT OR REPLACE INTO Pelicula_Actor (id_pelicula, id_actor, personaje) VALUES (1198984, 1445943, 'Katie Harris');
INSERT OR IGNORE INTO Pelicula_Categoria (id_pelicula, id_categoria) VALUES (1198984, 4);
INSERT OR IGNORE INTO Pelicula_Categoria (id_pelicula, id_categoria) VALUES (1198984, 6);
-- Fin película: We Bury the Dead --
INSERT OR IGNORE INTO Actor (id_actor, nombre, foto_path) VALUES (5747150, 'Gomathi Shankar', 'https://image.tmdb.org/t/p/original/pzzV0Tyl40o2Hg7Dq4MWAufwGN8.jpg');
INSERT OR IGNORE INTO Actor (id_actor, nombre, foto_path) VALUES (1810366, 'Smruthi Venkat', 'https://image.tmdb.org/t/p/original/dpzzYk2fZxo0DAai2VTBQBpBLYv.jpg');
INSERT OR IGNORE INTO Actor (id_actor, nombre, foto_path) VALUES (580654, 'Michael Thangadurai', 'https://image.tmdb.org/t/p/original/rG1dgqpDsMJC4fI5JcNmhtPk0OD.jpg');
INSERT OR IGNORE INTO Actor (id_actor, nombre, foto_path) VALUES (5855863, 'Vijayashree', '');
INSERT OR IGNORE INTO Actor (id_actor, nombre, foto_path) VALUES (1422315, 'Kuberan', '');
INSERT OR REPLACE INTO Pelicula (id_pelicula, titulo, descripcion, poster_path, backdrop_path, trailer, anio_estreno, duracion) VALUES (1561955, 'Stephen', 'Una psiquiatra investiga a un asesino en serie confeso tras la desaparición de nueve niñas, pero termina cuestionándose si es culpable o víctima de un oscuro juego.', 'https://image.tmdb.org/t/p/original/yUURUJzeSTc47T2VeNw7nZwZ8VJ.jpg', 'https://image.tmdb.org/t/p/original/7cQjb8cRbRjF5tM5gOCnqsvC0iT.jpg', '', 2025, 124);
INSERT OR REPLACE INTO Pelicula_Actor (id_pelicula, id_actor, personaje) VALUES (1561955, 5747150, 'Stephen');
INSERT OR REPLACE INTO Pelicula_Actor (id_pelicula, id_actor, personaje) VALUES (1561955, 1810366, 'Seema');
INSERT OR REPLACE INTO Pelicula_Actor (id_pelicula, id_actor, personaje) VALUES (1561955, 580654, 'Michael Thangadurai');
INSERT OR REPLACE INTO Pelicula_Actor (id_pelicula, id_actor, personaje) VALUES (1561955, 5855863, 'Stephen's Mom');
INSERT OR REPLACE INTO Pelicula_Actor (id_pelicula, id_actor, personaje) VALUES (1561955, 1422315, 'Stephen's Dad');
INSERT OR IGNORE INTO Pelicula_Categoria (id_pelicula, id_categoria) VALUES (1561955, 6);
-- Fin película: Stephen --
INSERT OR IGNORE INTO Actor (id_actor, nombre, foto_path) VALUES (4103293, 'Jenn Rosa', 'https://image.tmdb.org/t/p/original/f2EItX0kOXJjDzZFZSFmGOVS8HB.jpg');
INSERT OR IGNORE INTO Actor (id_actor, nombre, foto_path) VALUES (3363711, 'Aica Veloso', 'https://image.tmdb.org/t/p/original/bL1Kd7IkesWnSPviN6waja99X7J.jpg');
INSERT OR IGNORE INTO Actor (id_actor, nombre, foto_path) VALUES (4529650, 'Cariz Manzano', 'https://image.tmdb.org/t/p/original/RaMgVj09Qm7cr1l3V4BYbOSKSZ.jpg');
INSERT OR IGNORE INTO Actor (id_actor, nombre, foto_path) VALUES (4436738, 'JD Aguas', 'https://image.tmdb.org/t/p/original/sjZFtChwvFmzYHbkcOo8kz3yfCP.jpg');
INSERT OR IGNORE INTO Actor (id_actor, nombre, foto_path) VALUES (4534709, 'Ralph Engle', 'https://image.tmdb.org/t/p/original/xHnaYDypbAWEYxyRUpcB5yxmRCv.jpg');
INSERT OR REPLACE INTO Pelicula (id_pelicula, titulo, descripcion, poster_path, backdrop_path, trailer, anio_estreno, duracion) VALUES (1266990, 'Kulong', '', 'https://image.tmdb.org/t/p/original/bZ8xfM705sK59dA1UCdRkEj7LHN.jpg', 'https://image.tmdb.org/t/p/original/mBc6RB7VajfykLqGx0ue7qatXky.jpg', '', 2024, 48);
INSERT OR REPLACE INTO Pelicula_Actor (id_pelicula, id_actor, personaje) VALUES (1266990, 4103293, 'Minerva');
INSERT OR REPLACE INTO Pelicula_Actor (id_pelicula, id_actor, personaje) VALUES (1266990, 3363711, 'Love');
INSERT OR REPLACE INTO Pelicula_Actor (id_pelicula, id_actor, personaje) VALUES (1266990, 4529650, 'Tisay');
INSERT OR REPLACE INTO Pelicula_Actor (id_pelicula, id_actor, personaje) VALUES (1266990, 4436738, 'Boie');
INSERT OR REPLACE INTO Pelicula_Actor (id_pelicula, id_actor, personaje) VALUES (1266990, 4534709, 'Jelon');
INSERT OR IGNORE INTO Pelicula_Categoria (id_pelicula, id_categoria) VALUES (1266990, 7);
-- Fin película: Kulong --
INSERT OR IGNORE INTO Actor (id_actor, nombre, foto_path) VALUES (7499, 'Jared Leto', 'https://image.tmdb.org/t/p/original/ca3x0OfIKbJppZh8S1Alx3GfUZO.jpg');
INSERT OR IGNORE INTO Actor (id_actor, nombre, foto_path) VALUES (1260481, 'Greta Lee', 'https://image.tmdb.org/t/p/original/6SydTis4XUcovlwIGskT59JowLX.jpg');
INSERT OR IGNORE INTO Actor (id_actor, nombre, foto_path) VALUES (55089, 'Evan Peters', 'https://image.tmdb.org/t/p/original/n4yb5deDWPsvSQ9KLm0WR2Q2elC.jpg');
INSERT OR IGNORE INTO Actor (id_actor, nombre, foto_path) VALUES (12214, 'Gillian Anderson', 'https://image.tmdb.org/t/p/original/5emeOf49lM2WSs4rc186Wc9Zgs3.jpg');
INSERT OR IGNORE INTO Actor (id_actor, nombre, foto_path) VALUES (1695989, 'Jodie Turner-Smith', 'https://image.tmdb.org/t/p/original/801hOIFSiYfakVDkX0U3vEAHAMt.jpg');
INSERT OR REPLACE INTO Pelicula (id_pelicula, titulo, descripcion, poster_path, backdrop_path, trailer, anio_estreno, duracion) VALUES (533533, 'TRON: Ares', 'La historia de Ares, un programa muy sofisticado que se envía desde el mundo digital al mundo real en una misión peligrosa y que va a representar el primer encuentro de la humanidad con seres creados por la IA.', 'https://image.tmdb.org/t/p/original/qShQABLVRMZKnv5mWOPXWniBeB3.jpg', 'https://image.tmdb.org/t/p/original/pUNfHmVqfwRdILhCkU8TdysVOXo.jpg', 'https://www.youtube.com/watch?v=Q1bvwjV5u3Q', 2025, 119);
INSERT OR REPLACE INTO Pelicula_Actor (id_pelicula, id_actor, personaje) VALUES (533533, 7499, 'Ares');
INSERT OR REPLACE INTO Pelicula_Actor (id_pelicula, id_actor, personaje) VALUES (533533, 1260481, 'Eve Kim');
INSERT OR REPLACE INTO Pelicula_Actor (id_pelicula, id_actor, personaje) VALUES (533533, 55089, 'Julian Dillinger');
INSERT OR REPLACE INTO Pelicula_Actor (id_pelicula, id_actor, personaje) VALUES (533533, 12214, 'Elisabeth Dillinger');
INSERT OR REPLACE INTO Pelicula_Actor (id_pelicula, id_actor, personaje) VALUES (533533, 1695989, 'Athena');
INSERT OR IGNORE INTO Pelicula_Categoria (id_pelicula, id_categoria) VALUES (533533, 3);
INSERT OR IGNORE INTO Pelicula_Categoria (id_pelicula, id_categoria) VALUES (533533, 1);
INSERT OR IGNORE INTO Pelicula_Categoria (id_pelicula, id_categoria) VALUES (533533, 5);
-- Fin película: TRON: Ares --
INSERT OR IGNORE INTO Actor (id_actor, nombre, foto_path) VALUES (1292258, 'Jack Kesy', 'https://image.tmdb.org/t/p/original/lQ8nUYK6InbCFk2TWNnXjjvG9IY.jpg');
INSERT OR IGNORE INTO Actor (id_actor, nombre, foto_path) VALUES (27811, 'Peter Weller', 'https://image.tmdb.org/t/p/original/mVRJX38zabRadVPJe0XOTObVzhp.jpg');
INSERT OR IGNORE INTO Actor (id_actor, nombre, foto_path) VALUES (945846, 'Tristin Mays', 'https://image.tmdb.org/t/p/original/5rV3IrC5AJq3yarWcnzCUa2BZCQ.jpg');
INSERT OR IGNORE INTO Actor (id_actor, nombre, foto_path) VALUES (65198, 'ケイン・コスギ', 'https://image.tmdb.org/t/p/original/zjU1zHGGlAK3yzL3cjc8lBUqrrr.jpg');
INSERT OR IGNORE INTO Actor (id_actor, nombre, foto_path) VALUES (75121, 'Steve Bastoni', 'https://image.tmdb.org/t/p/original/gPCisCPAouIEHiO9P03O4SGIR3C.jpg');
INSERT OR REPLACE INTO Pelicula (id_pelicula, titulo, descripcion, poster_path, backdrop_path, trailer, anio_estreno, duracion) VALUES (1491902, 'ปัง', '', 'https://image.tmdb.org/t/p/original/1kQTLtNy8A5lAWEU2LfjWxg6UQJ.jpg', 'https://image.tmdb.org/t/p/original/sW0X1265yuRHUorLKCrJDv9TJD7.jpg', '', 2025, 88);
INSERT OR REPLACE INTO Pelicula_Actor (id_pelicula, id_actor, personaje) VALUES (1491902, 1292258, 'William Bang');
INSERT OR REPLACE INTO Pelicula_Actor (id_pelicula, id_actor, personaje) VALUES (1491902, 27811, 'Morgan Cutter');
INSERT OR REPLACE INTO Pelicula_Actor (id_pelicula, id_actor, personaje) VALUES (1491902, 945846, 'April');
INSERT OR REPLACE INTO Pelicula_Actor (id_pelicula, id_actor, personaje) VALUES (1491902, 65198, 'Momo');
INSERT OR REPLACE INTO Pelicula_Actor (id_pelicula, id_actor, personaje) VALUES (1491902, 75121, 'Johnny Finger');
INSERT OR IGNORE INTO Pelicula_Categoria (id_pelicula, id_categoria) VALUES (1491902, 5);
INSERT OR IGNORE INTO Pelicula_Categoria (id_pelicula, id_categoria) VALUES (1491902, 6);
-- Fin película: ปัง --
INSERT OR IGNORE INTO Actor (id_actor, nombre, foto_path) VALUES (287, 'Brad Pitt', 'https://image.tmdb.org/t/p/original/cckcYc2v0yh1tc9QjRelptcOBko.jpg');
INSERT OR IGNORE INTO Actor (id_actor, nombre, foto_path) VALUES (1837297, 'Damson Idris', 'https://image.tmdb.org/t/p/original/4jKOg4jCqNwXyrYd3coqgmCqkMy.jpg');
INSERT OR IGNORE INTO Actor (id_actor, nombre, foto_path) VALUES (3810, 'Javier Bardem', 'https://image.tmdb.org/t/p/original/p5xjCovj1uzvA2SXrWLH78Nh1Jf.jpg');
INSERT OR IGNORE INTO Actor (id_actor, nombre, foto_path) VALUES (62105, 'Kerry Condon', 'https://image.tmdb.org/t/p/original/8RO25vJxQSoNdhsVbiAHOsiGfvl.jpg');
INSERT OR IGNORE INTO Actor (id_actor, nombre, foto_path) VALUES (10920, 'Tobias Menzies', 'https://image.tmdb.org/t/p/original/hGhAw2obMEOu1K0ed9b3jds9thf.jpg');
INSERT OR REPLACE INTO Pelicula (id_pelicula, titulo, descripcion, poster_path, backdrop_path, trailer, anio_estreno, duracion) VALUES (911430, 'F1 la película', 'El mítico piloto Sonny Hayes vuelve de su retiro, persuadido para liderar un equipo de Fórmula 1 en apuros y guiar a su joven promesa, en busca de una nueva oportunidad de éxito.', 'https://image.tmdb.org/t/p/original/wfpqaxoPKvcqzLy8FO0enGXBzU.jpg', 'https://image.tmdb.org/t/p/original/ZtcGMc204JsNqfjS9lU6udRgpo.jpg', 'https://www.youtube.com/watch?v=mizQBIpMrbE', 2025, 155);
INSERT OR REPLACE INTO Pelicula_Actor (id_pelicula, id_actor, personaje) VALUES (911430, 287, 'Sonny Hayes');
INSERT OR REPLACE INTO Pelicula_Actor (id_pelicula, id_actor, personaje) VALUES (911430, 1837297, 'Joshua Pearce');
INSERT OR REPLACE INTO Pelicula_Actor (id_pelicula, id_actor, personaje) VALUES (911430, 3810, 'Ruben Cervantes');
INSERT OR REPLACE INTO Pelicula_Actor (id_pelicula, id_actor, personaje) VALUES (911430, 62105, 'Kate McKenna');
INSERT OR REPLACE INTO Pelicula_Actor (id_pelicula, id_actor, personaje) VALUES (911430, 10920, 'Peter Banning');
INSERT OR IGNORE INTO Pelicula_Categoria (id_pelicula, id_categoria) VALUES (911430, 5);
INSERT OR IGNORE INTO Pelicula_Categoria (id_pelicula, id_categoria) VALUES (911430, 7);
-- Fin película: F1 la película --
INSERT OR IGNORE INTO Actor (id_actor, nombre, foto_path) VALUES (6383, 'Aaron Eckhart', 'https://image.tmdb.org/t/p/original/u5JjnRMr9zKEVvOP7k3F6gdcwT6.jpg');
INSERT OR IGNORE INTO Actor (id_actor, nombre, foto_path) VALUES (1139816, 'Tanya van Graan', 'https://image.tmdb.org/t/p/original/xeTvZH86esj3tuErPv0relTqPOY.jpg');
INSERT OR IGNORE INTO Actor (id_actor, nombre, foto_path) VALUES (209193, 'Karl Thaning', 'https://image.tmdb.org/t/p/original/oOrTV9OvC5H1BlRosJcdxWlYWW5.jpg');
INSERT OR IGNORE INTO Actor (id_actor, nombre, foto_path) VALUES (1658759, 'Nicole Fortuin', 'https://image.tmdb.org/t/p/original/6YxW3hZANTmhrESXIdFtqvfIjtq.jpg');
INSERT OR IGNORE INTO Actor (id_actor, nombre, foto_path) VALUES (85780, 'Adrian Collins', 'https://image.tmdb.org/t/p/original/3ROguAf0SqpnrA5gJ3MkdL6Yxab.jpg');
INSERT OR REPLACE INTO Pelicula (id_pelicula, titulo, descripcion, poster_path, backdrop_path, trailer, anio_estreno, duracion) VALUES (1439112, 'En busca de venganza 2: Ciudad de los lobos', 'Jake Rosser está atormentado por el trastorno de estrés postraumático de sus días como oficial K-9 y se esfuerza por llevar una vida pacífica con su familia y su compañero K-9 retirado, Socks. Pero la tranquilidad se disuelve rápidamente cuando una despiadada banda los persigue en un brutal ataque. Decidido a proteger a sus seres queridos, Jake y su nuevo compañero K-9 «Argos» se adentran en los violentos entresijos de la delincuencia, donde Jake se enfrenta a funcionarios corruptos, descubre una peligrosa red de tráfico de drogas y lucha contra sus propios demonios internos.', 'https://image.tmdb.org/t/p/original/yBg2t8vuqrE8nqrxS3VzW3Qvzh3.jpg', 'https://image.tmdb.org/t/p/original/ncI1PlBcANixIkgQSnjsSRz4OyT.jpg', '', 2025, 93);
INSERT OR REPLACE INTO Pelicula_Actor (id_pelicula, id_actor, personaje) VALUES (1439112, 6383, 'Jake Rosser');
INSERT OR REPLACE INTO Pelicula_Actor (id_pelicula, id_actor, personaje) VALUES (1439112, 1139816, 'Mia Rosser');
INSERT OR REPLACE INTO Pelicula_Actor (id_pelicula, id_actor, personaje) VALUES (1439112, 209193, 'Officer Beekman');
INSERT OR REPLACE INTO Pelicula_Actor (id_pelicula, id_actor, personaje) VALUES (1439112, 1658759, 'Detective Idalia Cutler');
INSERT OR REPLACE INTO Pelicula_Actor (id_pelicula, id_actor, personaje) VALUES (1439112, 85780, 'Officer Cobb');
INSERT OR IGNORE INTO Pelicula_Categoria (id_pelicula, id_categoria) VALUES (1439112, 5);
INSERT OR IGNORE INTO Pelicula_Categoria (id_pelicula, id_categoria) VALUES (1439112, 6);
INSERT OR IGNORE INTO Pelicula_Categoria (id_pelicula, id_categoria) VALUES (1439112, 1);
-- Fin película: En busca de venganza 2: Ciudad de los lobos --
INSERT OR IGNORE INTO Actor (id_actor, nombre, foto_path) VALUES (1295282, 'Johnny Sequoyah', 'https://image.tmdb.org/t/p/original/taFfjOB4lPAx75kJo9yFylKT1ek.jpg');
INSERT OR IGNORE INTO Actor (id_actor, nombre, foto_path) VALUES (2600509, 'Jessica Alexander', 'https://image.tmdb.org/t/p/original/61DzjStCt7NXwyUf3ALTAo47nCI.jpg');
INSERT OR IGNORE INTO Actor (id_actor, nombre, foto_path) VALUES (1571661, 'Troy Kotsur', 'https://image.tmdb.org/t/p/original/24K3og12jGBGL9dqH5OYFdjF9wu.jpg');
INSERT OR IGNORE INTO Actor (id_actor, nombre, foto_path) VALUES (4979358, 'Victoria Wyant', 'https://image.tmdb.org/t/p/original/et8teE6ZMqdWGWYj3aDIMD6Yhvt.jpg');
INSERT OR IGNORE INTO Actor (id_actor, nombre, foto_path) VALUES (3675179, 'Gia Hunter', 'https://image.tmdb.org/t/p/original/fK7xZRr1qhCjby0njwhsfgLyW0P.jpg');
INSERT OR REPLACE INTO Pelicula (id_pelicula, titulo, descripcion, poster_path, backdrop_path, trailer, anio_estreno, duracion) VALUES (1315303, 'Primate', '', 'https://image.tmdb.org/t/p/original/cyqEghDphEUunLfongtpmROjpID.jpg', 'https://image.tmdb.org/t/p/original/eFUtmW3XqK4MVwPotko0pm6oMRK.jpg', 'https://www.youtube.com/watch?v=F0fn4knTR2s', 2026, 89);
INSERT OR REPLACE INTO Pelicula_Actor (id_pelicula, id_actor, personaje) VALUES (1315303, 1295282, 'Lucy');
INSERT OR REPLACE INTO Pelicula_Actor (id_pelicula, id_actor, personaje) VALUES (1315303, 2600509, 'Hannah');
INSERT OR REPLACE INTO Pelicula_Actor (id_pelicula, id_actor, personaje) VALUES (1315303, 1571661, 'Adam');
INSERT OR REPLACE INTO Pelicula_Actor (id_pelicula, id_actor, personaje) VALUES (1315303, 4979358, 'Kate');
INSERT OR REPLACE INTO Pelicula_Actor (id_pelicula, id_actor, personaje) VALUES (1315303, 3675179, 'Erin');
INSERT OR IGNORE INTO Pelicula_Categoria (id_pelicula, id_categoria) VALUES (1315303, 4);
INSERT OR IGNORE INTO Pelicula_Categoria (id_pelicula, id_categoria) VALUES (1315303, 6);
-- Fin película: Primate --
INSERT OR IGNORE INTO Actor (id_actor, nombre, foto_path) VALUES (1762588, 'Anouck Hautbois', 'https://image.tmdb.org/t/p/original/yHBoYywjBecWuzI9ir2LKBzliRP.jpg');
INSERT OR IGNORE INTO Actor (id_actor, nombre, foto_path) VALUES (5535460, 'Clara Soares', 'https://image.tmdb.org/t/p/original/nPBty1OeKBVbM5EDWmwPHQpmY9Z.jpg');
INSERT OR IGNORE INTO Actor (id_actor, nombre, foto_path) VALUES (1558941, 'Claire Baradat', 'https://image.tmdb.org/t/p/original/wkuYETuFtlD6bHNhQk1h1hadxu8.jpg');
INSERT OR IGNORE INTO Actor (id_actor, nombre, foto_path) VALUES (5788374, 'Grégory Laisné', '');
INSERT OR IGNORE INTO Actor (id_actor, nombre, foto_path) VALUES (1558832, 'Benjamin Bollen', 'https://image.tmdb.org/t/p/original/v39WarohjEdNCexiM5wF6CCMwG1.jpg');
INSERT OR REPLACE INTO Pelicula (id_pelicula, titulo, descripcion, poster_path, backdrop_path, trailer, anio_estreno, duracion) VALUES (1147411, 'Miraculous World : Tokyo, Stellar Force', '', 'https://image.tmdb.org/t/p/original/vFaopnGXRXxRf4z2Z3IgA1QtOyV.jpg', 'https://image.tmdb.org/t/p/original/3kps0wiGFMRVkSXxbebbAUeWrN3.jpg', '', 2025, 51);
INSERT OR REPLACE INTO Pelicula_Actor (id_pelicula, id_actor, personaje) VALUES (1147411, 1762588, 'Marinette / Ladybug (voice)');
INSERT OR REPLACE INTO Pelicula_Actor (id_pelicula, id_actor, personaje) VALUES (1147411, 5535460, 'Kagami / Ryuko (voice)');
INSERT OR REPLACE INTO Pelicula_Actor (id_pelicula, id_actor, personaje) VALUES (1147411, 1558941, 'Miki / Lion (voice)');
INSERT OR REPLACE INTO Pelicula_Actor (id_pelicula, id_actor, personaje) VALUES (1147411, 5788374, 'Kazuno / Capricorne (voice)');
INSERT OR REPLACE INTO Pelicula_Actor (id_pelicula, id_actor, personaje) VALUES (1147411, 1558832, 'Adrien / Félix (voice)');
INSERT OR IGNORE INTO Pelicula_Categoria (id_pelicula, id_categoria) VALUES (1147411, 1);
INSERT OR IGNORE INTO Pelicula_Categoria (id_pelicula, id_categoria) VALUES (1147411, 5);
INSERT OR IGNORE INTO Pelicula_Categoria (id_pelicula, id_categoria) VALUES (1147411, 5);
INSERT OR IGNORE INTO Pelicula_Categoria (id_pelicula, id_categoria) VALUES (1147411, 7);
INSERT OR IGNORE INTO Pelicula_Categoria (id_pelicula, id_categoria) VALUES (1147411, 12);
-- Fin película: Miraculous World : Tokyo, Stellar Force --
INSERT OR IGNORE INTO Actor (id_actor, nombre, foto_path) VALUES (52583, 'Wagner Moura', 'https://image.tmdb.org/t/p/original/5Vs0d8js1uJV0WDPwMFU3zO2n3m.jpg');
INSERT OR IGNORE INTO Actor (id_actor, nombre, foto_path) VALUES (2346588, 'Carlos Francisco', 'https://image.tmdb.org/t/p/original/ihf4bN4GuScyA2QwlzVCnPqOuOo.jpg');
INSERT OR IGNORE INTO Actor (id_actor, nombre, foto_path) VALUES (4497686, 'Tânia Maria', 'https://image.tmdb.org/t/p/original/73QyA2htiMJ01sFo25KLCDyPtWF.jpg');
INSERT OR IGNORE INTO Actor (id_actor, nombre, foto_path) VALUES (2375667, 'Robério Diógenes', 'https://image.tmdb.org/t/p/original/dLYYDd4FwB8fMb5A7Q54UOfxdet.jpg');
INSERT OR IGNORE INTO Actor (id_actor, nombre, foto_path) VALUES (143500, 'Roney Villela', 'https://image.tmdb.org/t/p/original/y0S7k8ahQF8FAJ0ZCzK2BfTKbz0.jpg');
INSERT OR REPLACE INTO Pelicula (id_pelicula, titulo, descripcion, poster_path, backdrop_path, trailer, anio_estreno, duracion) VALUES (1220564, 'El agente secreto', 'En Brasil, en 1977, Marcelo, un especialista en tecnología que huye de un pasado misterioso, regresa a Recife en busca de paz, pero se da cuenta de que la ciudad está lejos del refugio que busca.', 'https://image.tmdb.org/t/p/original/qYWybdgL6casJxbZE0xLGXsdWOP.jpg', 'https://image.tmdb.org/t/p/original/b4uXVgLCOxx2c9VbyppdSD9G3Xq.jpg', 'https://www.youtube.com/watch?v=GcyZJpOfX_k', 2025, 161);
INSERT OR REPLACE INTO Pelicula_Actor (id_pelicula, id_actor, personaje) VALUES (1220564, 52583, 'Armando / Marcelo / Adult Fernando');
INSERT OR REPLACE INTO Pelicula_Actor (id_pelicula, id_actor, personaje) VALUES (1220564, 2346588, 'Seu Alexandre');
INSERT OR REPLACE INTO Pelicula_Actor (id_pelicula, id_actor, personaje) VALUES (1220564, 4497686, 'Dona Sebastiana');
INSERT OR REPLACE INTO Pelicula_Actor (id_pelicula, id_actor, personaje) VALUES (1220564, 2375667, 'Euclides');
INSERT OR REPLACE INTO Pelicula_Actor (id_pelicula, id_actor, personaje) VALUES (1220564, 143500, 'Augusto');
INSERT OR IGNORE INTO Pelicula_Categoria (id_pelicula, id_categoria) VALUES (1220564, 9);
INSERT OR IGNORE INTO Pelicula_Categoria (id_pelicula, id_categoria) VALUES (1220564, 7);
INSERT OR IGNORE INTO Pelicula_Categoria (id_pelicula, id_categoria) VALUES (1220564, 6);
-- Fin película: El agente secreto --
INSERT OR IGNORE INTO Actor (id_actor, nombre, foto_path) VALUES (148012, 'Jorma Tommila', 'https://image.tmdb.org/t/p/original/ll9ZZR4kMnHS8FU2yHx76bnm0P.jpg');
INSERT OR IGNORE INTO Actor (id_actor, nombre, foto_path) VALUES (32747, 'Stephen Lang', 'https://image.tmdb.org/t/p/original/gnO5VfkDgA2fsHweD0622LUY3Hu.jpg');
INSERT OR IGNORE INTO Actor (id_actor, nombre, foto_path) VALUES (3901, 'Richard Brake', 'https://image.tmdb.org/t/p/original/JwsiErANShzPSdYsNoiNYdrSg1.jpg');
INSERT OR IGNORE INTO Actor (id_actor, nombre, foto_path) VALUES (93004, 'Tommi Korpela', 'https://image.tmdb.org/t/p/original/8RdCWktYZl0xF7SLZdRUKAoV7Ta.jpg');
INSERT OR IGNORE INTO Actor (id_actor, nombre, foto_path) VALUES (1418968, 'Kaspar Velberg', 'https://image.tmdb.org/t/p/original/mYlQdQWoNdk7QdrqNqATNA7ZOWH.jpg');
INSERT OR REPLACE INTO Pelicula (id_pelicula, titulo, descripcion, poster_path, backdrop_path, trailer, anio_estreno, duracion) VALUES (1223601, 'Sisu: Camino a la venganza', 'Al regresar a la casa donde su familia fue brutalmente asesinada durante la guerra, «el hombre que se niega a morir» la desmantela, la carga en un camión y se propone reconstruirla en un lugar seguro en honor a ellos. Cuando el comandante del Ejército Rojo que mató a su familia regresa empeñado en terminar el trabajo, se produce una implacable y espectacular persecución a través del país, una lucha a muerte llena de escenas de acción increíbles e ingeniosas.', 'https://image.tmdb.org/t/p/original/qQyc6t9dHS5dlIUt3ccCQnRIAc1.jpg', 'https://image.tmdb.org/t/p/original/yCatt8lmp3oRFEcOZF8KHhsiASQ.jpg', 'https://www.youtube.com/watch?v=SzWyH7r5gM8', 2025, 89);
INSERT OR REPLACE INTO Pelicula_Actor (id_pelicula, id_actor, personaje) VALUES (1223601, 148012, 'Aatami Korpi');
INSERT OR REPLACE INTO Pelicula_Actor (id_pelicula, id_actor, personaje) VALUES (1223601, 32747, 'Yeagor Dragunov');
INSERT OR REPLACE INTO Pelicula_Actor (id_pelicula, id_actor, personaje) VALUES (1223601, 3901, 'KGB Officer');
INSERT OR REPLACE INTO Pelicula_Actor (id_pelicula, id_actor, personaje) VALUES (1223601, 93004, 'Finnish Man');
INSERT OR REPLACE INTO Pelicula_Actor (id_pelicula, id_actor, personaje) VALUES (1223601, 1418968, 'Pilot');
INSERT OR IGNORE INTO Pelicula_Categoria (id_pelicula, id_categoria) VALUES (1223601, 5);
INSERT OR IGNORE INTO Pelicula_Categoria (id_pelicula, id_categoria) VALUES (1223601, 1);
-- Fin película: Sisu: Camino a la venganza --
INSERT OR IGNORE INTO Actor (id_actor, nombre, foto_path) VALUES (1035873, 'Joyce Jimenez', 'https://image.tmdb.org/t/p/original/bOCnuUTy9NLrrRxce8HpXNNCfBE.jpg');
INSERT OR IGNORE INTO Actor (id_actor, nombre, foto_path) VALUES (1052738, 'Mark Anthony Fernandez', 'https://image.tmdb.org/t/p/original/wJUZQyd2FUdj1A18Q0KVk7MkDqp.jpg');
INSERT OR REPLACE INTO Pelicula (id_pelicula, titulo, descripcion, poster_path, backdrop_path, trailer, anio_estreno, duracion) VALUES (111646, 'Biyaheng Langit', '', 'https://image.tmdb.org/t/p/original/pqNk7q4Ce28rsXsC8q5cptdYnsl.jpg', 'https://image.tmdb.org/t/p/original/j5MdNZz3Seyj9vIIjeaF9M0yJFS.jpg', '', 2000, 91);
INSERT OR REPLACE INTO Pelicula_Actor (id_pelicula, id_actor, personaje) VALUES (111646, 1035873, 'Bea');
INSERT OR REPLACE INTO Pelicula_Actor (id_pelicula, id_actor, personaje) VALUES (111646, 1052738, 'Danny');
INSERT OR IGNORE INTO Pelicula_Categoria (id_pelicula, id_categoria) VALUES (111646, 7);
INSERT OR IGNORE INTO Pelicula_Categoria (id_pelicula, id_categoria) VALUES (111646, 5);
INSERT OR IGNORE INTO Pelicula_Categoria (id_pelicula, id_categoria) VALUES (111646, 10);
-- Fin película: Biyaheng Langit --
INSERT OR IGNORE INTO Actor (id_actor, nombre, foto_path) VALUES (417, 'Ginnifer Goodwin', 'https://image.tmdb.org/t/p/original/xOCA2WN5MRfXmJmlzEbFEhIbfIQ.jpg');
INSERT OR IGNORE INTO Actor (id_actor, nombre, foto_path) VALUES (23532, 'Jason Bateman', 'https://image.tmdb.org/t/p/original/8e6mt0vGjPo6eW52gqRuXy5YnfN.jpg');
INSERT OR IGNORE INTO Actor (id_actor, nombre, foto_path) VALUES (17605, 'Idris Elba', 'https://image.tmdb.org/t/p/original/be1bVF7qGX91a6c5WeRPs5pKXln.jpg');
INSERT OR IGNORE INTO Actor (id_actor, nombre, foto_path) VALUES (213001, 'Jenny Slate', 'https://image.tmdb.org/t/p/original/aqH8MCnT3O5Od3OfZR8LClSP7UB.jpg');
INSERT OR IGNORE INTO Actor (id_actor, nombre, foto_path) VALUES (41565, 'Nate Torrence', 'https://image.tmdb.org/t/p/original/yT9o149xPygdY0NsF9sNgiQwuru.jpg');
INSERT OR REPLACE INTO Pelicula (id_pelicula, titulo, descripcion, poster_path, backdrop_path, trailer, anio_estreno, duracion) VALUES (269149, 'Zootrópolis', 'La moderna metrópoli mamífera de Zootrópolis es una ciudad absolutamente única. Está compuesta de barrios con diferentes hábitats como la lujosa Plaza Sahara, el Distrito Selva Tropical y el gélido Distrito Tundra. Es un crisol donde los animales de cada entorno conviven, un lugar donde no importa lo que seas. De hecho puedes ser cualquier cosa, desde un elefante enorme hasta la musaraña más diminuta. Pero cuando llega la optimista agente Judy Hopps, descubre que ser la primera conejita de un cuerpo policial compuesto de animales duros y enormes no es nada fácil. Pero está decidida a demostrar su valía y se mete de cabeza en un caso, a pesar de que eso significa trabajar con Nick Wilde, un zorro parlanchín y estafador, para resolver el misterio.', 'https://image.tmdb.org/t/p/original/i3WnZpJkQYXXbSGplEGmyoyeskM.jpg', 'https://image.tmdb.org/t/p/original/9tOkjBEiiGcaClgJFtwocStZvIT.jpg', 'https://www.youtube.com/watch?v=FE_fc3xcLPY', 2016, 108);
INSERT OR REPLACE INTO Pelicula_Actor (id_pelicula, id_actor, personaje) VALUES (269149, 417, 'Judy Hopps (voice)');
INSERT OR REPLACE INTO Pelicula_Actor (id_pelicula, id_actor, personaje) VALUES (269149, 23532, 'Nick Wilde (voice)');
INSERT OR REPLACE INTO Pelicula_Actor (id_pelicula, id_actor, personaje) VALUES (269149, 17605, 'Chief Bogo (voice)');
INSERT OR REPLACE INTO Pelicula_Actor (id_pelicula, id_actor, personaje) VALUES (269149, 213001, 'Bellwether (voice)');
INSERT OR REPLACE INTO Pelicula_Actor (id_pelicula, id_actor, personaje) VALUES (269149, 41565, 'Clawhauser (voice)');
INSERT OR IGNORE INTO Pelicula_Categoria (id_pelicula, id_categoria) VALUES (269149, 5);
INSERT OR IGNORE INTO Pelicula_Categoria (id_pelicula, id_categoria) VALUES (269149, 1);
INSERT OR IGNORE INTO Pelicula_Categoria (id_pelicula, id_categoria) VALUES (269149, 12);
INSERT OR IGNORE INTO Pelicula_Categoria (id_pelicula, id_categoria) VALUES (269149, 12);
-- Fin película: Zootrópolis --
INSERT OR IGNORE INTO Actor (id_actor, nombre, foto_path) VALUES (2527414, 'Nicole Wallace', 'https://image.tmdb.org/t/p/original/xlvq6OYCN6yQef4fpJQtwVyQxqr.jpg');
INSERT OR IGNORE INTO Actor (id_actor, nombre, foto_path) VALUES (2786960, 'Gabriel Guevara', 'https://image.tmdb.org/t/p/original/pviRYKEEmoPUfLYwP1VHJ6LQcRg.jpg');
INSERT OR IGNORE INTO Actor (id_actor, nombre, foto_path) VALUES (970027, 'Marta Hazas', 'https://image.tmdb.org/t/p/original/1dbeTFRCbWBt70dIGjYHKVLnpaG.jpg');
INSERT OR IGNORE INTO Actor (id_actor, nombre, foto_path) VALUES (1251336, 'Iván Sánchez', 'https://image.tmdb.org/t/p/original/woVz8D7t1VUKjFJnsTAdc8tyz5C.jpg');
INSERT OR IGNORE INTO Actor (id_actor, nombre, foto_path) VALUES (4105602, 'Eva Ruiz', 'https://image.tmdb.org/t/p/original/bcu0nmQvhxwTzh4csc4kuxJsQee.jpg');
INSERT OR REPLACE INTO Pelicula (id_pelicula, titulo, descripcion, poster_path, backdrop_path, trailer, anio_estreno, duracion) VALUES (1010581, 'Culpa mía', 'Noah debe dejar su ciudad, novio y amigos para mudarse a la mansión de William Leister, el flamante y rico marido de su madre Rafaela. Por otro lado, con 17 años, orgullosa e independiente, Noah se resiste a vivir en una mansión rodeada de lujo. Allí conoce a Nick, su nuevo hermanastro, y el choque de sus fuertes personalidades se hace evidente desde el primer momento.', 'https://image.tmdb.org/t/p/original/gp31EwMH5D2bftOjscwkgTmoLAB.jpg', 'https://image.tmdb.org/t/p/original/oz4U9eA6ilYf1tyiVuGmkftdLac.jpg', 'https://www.youtube.com/watch?v=1SqMjrE0J6E', 2023, 117);
INSERT OR REPLACE INTO Pelicula_Actor (id_pelicula, id_actor, personaje) VALUES (1010581, 2527414, 'Noah Morgan');
INSERT OR REPLACE INTO Pelicula_Actor (id_pelicula, id_actor, personaje) VALUES (1010581, 2786960, 'Nick Leister');
INSERT OR REPLACE INTO Pelicula_Actor (id_pelicula, id_actor, personaje) VALUES (1010581, 970027, 'Rafaela');
INSERT OR REPLACE INTO Pelicula_Actor (id_pelicula, id_actor, personaje) VALUES (1010581, 1251336, 'William Leister');
INSERT OR REPLACE INTO Pelicula_Actor (id_pelicula, id_actor, personaje) VALUES (1010581, 4105602, 'Jenna');
INSERT OR IGNORE INTO Pelicula_Categoria (id_pelicula, id_categoria) VALUES (1010581, 7);
INSERT OR IGNORE INTO Pelicula_Categoria (id_pelicula, id_categoria) VALUES (1010581, 10);
INSERT OR IGNORE INTO Pelicula_Categoria (id_pelicula, id_categoria) VALUES (1010581, 6);
-- Fin película: Culpa mía --
INSERT OR IGNORE INTO Actor (id_actor, nombre, foto_path) VALUES (93527, 'Kelly Rowland', 'https://image.tmdb.org/t/p/original/vqdvovRv0CuqTfYIqQFHehZA2gI.jpg');
INSERT OR IGNORE INTO Actor (id_actor, nombre, foto_path) VALUES (5384, 'Method Man', 'https://image.tmdb.org/t/p/original/mYJFxOcrda410rS5JHPf0nPuimZ.jpg');
INSERT OR IGNORE INTO Actor (id_actor, nombre, foto_path) VALUES (1110105, 'Robin Thede', 'https://image.tmdb.org/t/p/original/zmodX7Rln5W8B8F9u77qCvXGZPP.jpg');
INSERT OR IGNORE INTO Actor (id_actor, nombre, foto_path) VALUES (2560944, 'Annie Gonzalez', 'https://image.tmdb.org/t/p/original/xPNTKFVelmIX0Xy1jJlQAqXAgnf.jpg');
INSERT OR IGNORE INTO Actor (id_actor, nombre, foto_path) VALUES (352, 'Dennis Haysbert', 'https://image.tmdb.org/t/p/original/lcnjaw2CFN6q9eaes1jTYrUB0rb.jpg');
INSERT OR REPLACE INTO Pelicula (id_pelicula, titulo, descripcion, poster_path, backdrop_path, trailer, anio_estreno, duracion) VALUES (1433842, 'La Meta es el Amor', 'Cuando la brillante productora de televisión Leah Caldwell (Kelly Rowland) está a punto de hacer historia como la primera mujer en dirigir el programa matutino más importante de Nueva York, su ex, Jarrett Roy (Clifford "Method Man" Smith), aparece para competir por el mismo puesto. Afirma ser un hombre diferente, transformado por la sabiduría del bestseller del New York Times, "Relationship Goals".Mientras su círculo íntimo de amigos se sumerge en el mismo libro transformador, todos comienzan a redescubrir su propósito en el amor. Sin embargo, Leah, completamente centrada en romper el techo de cristal, no está lista para creer en encontrar el amor, incluso cuando la innegable química con su ex amenaza con reavivar viejas llamas.', 'https://image.tmdb.org/t/p/original/eZRbRa0q9rKkPe0gfJ2a0NhygBX.jpg', 'https://image.tmdb.org/t/p/original/dFdFQaffaBNBNM5hzinc6Q0oWDZ.jpg', 'https://www.youtube.com/watch?v=m-dp6lQwGSI', 2026, 96);
INSERT OR REPLACE INTO Pelicula_Actor (id_pelicula, id_actor, personaje) VALUES (1433842, 93527, 'Leah Caldwell');
INSERT OR REPLACE INTO Pelicula_Actor (id_pelicula, id_actor, personaje) VALUES (1433842, 5384, 'Jarrett Roy');
INSERT OR REPLACE INTO Pelicula_Actor (id_pelicula, id_actor, personaje) VALUES (1433842, 1110105, 'Brenda Phelps');
INSERT OR REPLACE INTO Pelicula_Actor (id_pelicula, id_actor, personaje) VALUES (1433842, 2560944, 'Treese Moore');
INSERT OR REPLACE INTO Pelicula_Actor (id_pelicula, id_actor, personaje) VALUES (1433842, 352, 'Papa Jim');
INSERT OR IGNORE INTO Pelicula_Categoria (id_pelicula, id_categoria) VALUES (1433842, 10);
INSERT OR IGNORE INTO Pelicula_Categoria (id_pelicula, id_categoria) VALUES (1433842, 12);
-- Fin película: La Meta es el Amor --
INSERT OR IGNORE INTO Actor (id_actor, nombre, foto_path) VALUES (25002, 'Lee Byung-hun', 'https://image.tmdb.org/t/p/original/j7SUd9Qi8iOxgrQGb3nQyEYcXur.jpg');
INSERT OR IGNORE INTO Actor (id_actor, nombre, foto_path) VALUES (86889, 'Son Ye-jin', 'https://image.tmdb.org/t/p/original/njczzJJnugd9y7p5CF3XW7dcyYK.jpg');
INSERT OR IGNORE INTO Actor (id_actor, nombre, foto_path) VALUES (93999, 'Park Hee-soon', 'https://image.tmdb.org/t/p/original/s2SSzvlsSfCPP5EXhCoWUr8970F.jpg');
INSERT OR IGNORE INTO Actor (id_actor, nombre, foto_path) VALUES (141548, '이성민', 'https://image.tmdb.org/t/p/original/25NytLwnf40D5Yd8MAYnvhar405.jpg');
INSERT OR IGNORE INTO Actor (id_actor, nombre, foto_path) VALUES (2084416, '염혜란', 'https://image.tmdb.org/t/p/original/xZxVHnbDdNxF6J8UhwBTkJGNKWx.jpg');
INSERT OR REPLACE INTO Pelicula (id_pelicula, titulo, descripcion, poster_path, backdrop_path, trailer, anio_estreno, duracion) VALUES (639988, 'No hay otra opción', 'La historia sigue a un hombre de mediana edad llamado Man-su que se embarca decidido en una búsqueda de trabajo tras ser despedido inesperadamente de la compañía de papel en la que trabajó durante 25 años. "Si no hay una vacante para mí, tendré que crear una para que me contraten. No hay otra opción". Adaptación de la novela "The Ax" de Donald E. Westlake, que ya fue llevada al cine en la película "Arcadia", dirigida por Costa-Gavras en 2005.', 'https://image.tmdb.org/t/p/original/9gu70dhYzzPNLh0hNpzZKdE1Pun.jpg', 'https://image.tmdb.org/t/p/original/s6aB9kjxNg0mu2361IkCUSpyHJV.jpg', '', 2025, 139);
INSERT OR REPLACE INTO Pelicula_Actor (id_pelicula, id_actor, personaje) VALUES (639988, 25002, 'Yoo Man-su');
INSERT OR REPLACE INTO Pelicula_Actor (id_pelicula, id_actor, personaje) VALUES (639988, 86889, 'Lee Mi-ri');
INSERT OR REPLACE INTO Pelicula_Actor (id_pelicula, id_actor, personaje) VALUES (639988, 93999, 'Choi Seon-chul');
INSERT OR REPLACE INTO Pelicula_Actor (id_pelicula, id_actor, personaje) VALUES (639988, 141548, 'Gu Bum-mo');
INSERT OR REPLACE INTO Pelicula_Actor (id_pelicula, id_actor, personaje) VALUES (639988, 2084416, 'Lee A-ra');
INSERT OR IGNORE INTO Pelicula_Categoria (id_pelicula, id_categoria) VALUES (639988, 9);
INSERT OR IGNORE INTO Pelicula_Categoria (id_pelicula, id_categoria) VALUES (639988, 6);
INSERT OR IGNORE INTO Pelicula_Categoria (id_pelicula, id_categoria) VALUES (639988, 12);
-- Fin película: No hay otra opción --
INSERT OR IGNORE INTO Actor (id_actor, nombre, foto_path) VALUES (3775927, 'Yen Renee Durano', 'https://image.tmdb.org/t/p/original/15rjYCmWsc4oFfr6lrk05SrIw7x.jpg');
INSERT OR IGNORE INTO Actor (id_actor, nombre, foto_path) VALUES (3937164, 'Audrey Avila', 'https://image.tmdb.org/t/p/original/9xPDiznkS7MZ3KeGt8NIWbFRbWn.jpg');
INSERT OR IGNORE INTO Actor (id_actor, nombre, foto_path) VALUES (1200479, 'Albie Casiño', 'https://image.tmdb.org/t/p/original/dA5VRoHMJ0rcmDjOhLHFWHy19wy.jpg');
INSERT OR IGNORE INTO Actor (id_actor, nombre, foto_path) VALUES (3653075, 'Itan Magnaye', 'https://image.tmdb.org/t/p/original/uqAucbglPI8fYYlxrrccF047V6d.jpg');
INSERT OR IGNORE INTO Actor (id_actor, nombre, foto_path) VALUES (1977555, 'Raffy Tejada', 'https://image.tmdb.org/t/p/original/adqNdZLwECi3jxTCHWuh6FNm2Dx.jpg');
INSERT OR REPLACE INTO Pelicula (id_pelicula, titulo, descripcion, poster_path, backdrop_path, trailer, anio_estreno, duracion) VALUES (1241742, 'EKS', '', 'https://image.tmdb.org/t/p/original/gcK3HgN6IHNOviXnX11W6aFLTGv.jpg', 'https://image.tmdb.org/t/p/original/2Ve7sjxLb3rKG8qJ1t7QEuNI0UM.jpg', '', 2024, 119);
INSERT OR REPLACE INTO Pelicula_Actor (id_pelicula, id_actor, personaje) VALUES (1241742, 3775927, 'Lisa/Lara/Lilak');
INSERT OR REPLACE INTO Pelicula_Actor (id_pelicula, id_actor, personaje) VALUES (1241742, 3937164, 'Akio');
INSERT OR REPLACE INTO Pelicula_Actor (id_pelicula, id_actor, personaje) VALUES (1241742, 1200479, 'Dex');
INSERT OR REPLACE INTO Pelicula_Actor (id_pelicula, id_actor, personaje) VALUES (1241742, 3653075, 'Gabo');
INSERT OR REPLACE INTO Pelicula_Actor (id_pelicula, id_actor, personaje) VALUES (1241742, 1977555, 'Tatay');
INSERT OR IGNORE INTO Pelicula_Categoria (id_pelicula, id_categoria) VALUES (1241742, 7);
-- Fin película: EKS --
INSERT OR IGNORE INTO Actor (id_actor, nombre, foto_path) VALUES (65731, 'Sam Worthington', 'https://image.tmdb.org/t/p/original/mflBcox36s9ZPbsZPVOuhf6axaJ.jpg');
INSERT OR IGNORE INTO Actor (id_actor, nombre, foto_path) VALUES (8691, 'Zoe Saldaña', 'https://image.tmdb.org/t/p/original/vQBwmsSOAd0JDaEcZ5p43J9xzsY.jpg');
INSERT OR IGNORE INTO Actor (id_actor, nombre, foto_path) VALUES (10205, 'Sigourney Weaver', 'https://image.tmdb.org/t/p/original/wTSnfktNBLd6kwQxgvkqYw6vEon.jpg');
INSERT OR IGNORE INTO Actor (id_actor, nombre, foto_path) VALUES (32747, 'Stephen Lang', 'https://image.tmdb.org/t/p/original/gnO5VfkDgA2fsHweD0622LUY3Hu.jpg');
INSERT OR IGNORE INTO Actor (id_actor, nombre, foto_path) VALUES (204, 'Kate Winslet', 'https://image.tmdb.org/t/p/original/e3tdop3WhseRnn8KwMVLAV25Ybv.jpg');
INSERT OR REPLACE INTO Pelicula (id_pelicula, titulo, descripcion, poster_path, backdrop_path, trailer, anio_estreno, duracion) VALUES (76600, 'Avatar: El sentido del agua', 'Más de una década después de los acontecimientos de ''Avatar'', los Na''vi Jake Sully, Neytiri y sus hijos viven en paz en los bosques de Pandora hasta que regresan los hombres del cielo. Entonces comienzan los problemas que persiguen sin descanso a la familia Sully, que decide hacer un gran sacrificio para mantener a su pueblo a salvo y seguir ellos con vida.', 'https://image.tmdb.org/t/p/original/ckeTumMS4G31UQ9NNkmtW2QhfMF.jpg', 'https://image.tmdb.org/t/p/original/cd8YDn7M0lfaHhZdU6MvCDxPalP.jpg', 'https://www.youtube.com/watch?v=inT3MvpxRqE', 2022, 192);
INSERT OR REPLACE INTO Pelicula_Actor (id_pelicula, id_actor, personaje) VALUES (76600, 65731, 'Jake Sully');
INSERT OR REPLACE INTO Pelicula_Actor (id_pelicula, id_actor, personaje) VALUES (76600, 8691, 'Neytiri');
INSERT OR REPLACE INTO Pelicula_Actor (id_pelicula, id_actor, personaje) VALUES (76600, 10205, 'Kiri');
INSERT OR REPLACE INTO Pelicula_Actor (id_pelicula, id_actor, personaje) VALUES (76600, 32747, 'Colonel Miles Quaritch');
INSERT OR REPLACE INTO Pelicula_Actor (id_pelicula, id_actor, personaje) VALUES (76600, 204, 'Ronal');
INSERT OR IGNORE INTO Pelicula_Categoria (id_pelicula, id_categoria) VALUES (76600, 5);
INSERT OR IGNORE INTO Pelicula_Categoria (id_pelicula, id_categoria) VALUES (76600, 1);
INSERT OR IGNORE INTO Pelicula_Categoria (id_pelicula, id_categoria) VALUES (76600, 3);
-- Fin película: Avatar: El sentido del agua --
INSERT OR IGNORE INTO Actor (id_actor, nombre, foto_path) VALUES (572541, 'Caleb Landry Jones', 'https://image.tmdb.org/t/p/original/8M5lPHrERwAIfWK56RkH30FOjhV.jpg');
INSERT OR IGNORE INTO Actor (id_actor, nombre, foto_path) VALUES (2491204, 'Zoë Bleu Sidel', 'https://image.tmdb.org/t/p/original/1FsS1gMWe11AWmMst2NubiwrxtF.jpg');
INSERT OR IGNORE INTO Actor (id_actor, nombre, foto_path) VALUES (27319, 'Christoph Waltz', 'https://image.tmdb.org/t/p/original/jMvLGCVXLaBqjRLf5olyvEucZob.jpg');
INSERT OR IGNORE INTO Actor (id_actor, nombre, foto_path) VALUES (1589101, 'Matilda De Angelis', 'https://image.tmdb.org/t/p/original/xL6Ky35uDDz9L4qWkMF2cTjGkbn.jpg');
INSERT OR IGNORE INTO Actor (id_actor, nombre, foto_path) VALUES (2802762, 'Ewens Abid', 'https://image.tmdb.org/t/p/original/5zGcQkoSsg1AdkcvYuqnLuslMuv.jpg');
INSERT OR REPLACE INTO Pelicula (id_pelicula, titulo, descripcion, poster_path, backdrop_path, trailer, anio_estreno, duracion) VALUES (1246049, 'Drácula', 'Tras la muerte de su esposa, un príncipe del siglo XV renuncia a Dios y se convierte en vampiro. Siglos más tarde, en el Londres del siglo XIX, ve a una mujer parecida a su difunta esposa y la persigue, sellando así su propio destino.', 'https://image.tmdb.org/t/p/original/ff7fyDdtXM2wu9jsm9gOMYtpvOl.jpg', 'https://image.tmdb.org/t/p/original/8jYyd9mGx5O28FX2OvfcqZfs5tB.jpg', '', 2025, 130);
INSERT OR REPLACE INTO Pelicula_Actor (id_pelicula, id_actor, personaje) VALUES (1246049, 572541, 'Vlad / Dracula');
INSERT OR REPLACE INTO Pelicula_Actor (id_pelicula, id_actor, personaje) VALUES (1246049, 2491204, 'Elisabeta / Mina');
INSERT OR REPLACE INTO Pelicula_Actor (id_pelicula, id_actor, personaje) VALUES (1246049, 27319, 'Priest');
INSERT OR REPLACE INTO Pelicula_Actor (id_pelicula, id_actor, personaje) VALUES (1246049, 1589101, 'Maria');
INSERT OR REPLACE INTO Pelicula_Actor (id_pelicula, id_actor, personaje) VALUES (1246049, 2802762, 'Jonathan Harker');
INSERT OR IGNORE INTO Pelicula_Categoria (id_pelicula, id_categoria) VALUES (1246049, 4);
INSERT OR IGNORE INTO Pelicula_Categoria (id_pelicula, id_categoria) VALUES (1246049, 3);
INSERT OR IGNORE INTO Pelicula_Categoria (id_pelicula, id_categoria) VALUES (1246049, 10);
-- Fin película: Drácula --

-- === LOTE: Popular - Page 5 (2026-02-05T21:58:53.337Z) ===
INSERT OR IGNORE INTO Actor (id_actor, nombre, foto_path) VALUES (930728, 'Dileep', 'https://image.tmdb.org/t/p/original/5DirIZGTvLfBJOt2zOfBlb0bIsz.jpg');
INSERT OR IGNORE INTO Actor (id_actor, nombre, foto_path) VALUES (989480, 'Vineeth Sreenivasan', 'https://image.tmdb.org/t/p/original/yM1QOwiYHAcL2FwHlHBV2esBA9m.jpg');
INSERT OR IGNORE INTO Actor (id_actor, nombre, foto_path) VALUES (1274870, 'Dhyan Sreenivasan', 'https://image.tmdb.org/t/p/original/5osJr8O74M3dq5GqbOfDGuSAIJx.jpg');
INSERT OR IGNORE INTO Actor (id_actor, nombre, foto_path) VALUES (82732, 'Mohanlal', 'https://image.tmdb.org/t/p/original/wvoBULQimwguAGPOHZ8TDoy7jBJ.jpg');
INSERT OR IGNORE INTO Actor (id_actor, nombre, foto_path) VALUES (2112010, 'Sandy', 'https://image.tmdb.org/t/p/original/hyZHicpeea7dtOBUo7nuCEYXsS2.jpg');
INSERT OR REPLACE INTO Pelicula (id_pelicula, titulo, descripcion, poster_path, backdrop_path, trailer, anio_estreno, duracion) VALUES (1196995, 'ഭ. ഭ. ബ.', '', 'https://image.tmdb.org/t/p/original/fMDt3o7CVXDc84WIbOskya8XkSN.jpg', 'https://image.tmdb.org/t/p/original/fEaR0uvRZluIEEPtDuaL7CkYsCJ.jpg', '', 2025, 150);
INSERT OR REPLACE INTO Pelicula_Actor (id_pelicula, id_actor, personaje) VALUES (1196995, 930728, 'Ram Damodar 'Radarr'');
INSERT OR REPLACE INTO Pelicula_Actor (id_pelicula, id_actor, personaje) VALUES (1196995, 989480, 'Noble Joseph');
INSERT OR REPLACE INTO Pelicula_Actor (id_pelicula, id_actor, personaje) VALUES (1196995, 1274870, 'Godson Ancharakandy');
INSERT OR REPLACE INTO Pelicula_Actor (id_pelicula, id_actor, personaje) VALUES (1196995, 82732, 'Ghilli Bala "Balettan"');
INSERT OR REPLACE INTO Pelicula_Actor (id_pelicula, id_actor, personaje) VALUES (1196995, 2112010, 'ACP Ashkar Ahammed');
INSERT OR IGNORE INTO Pelicula_Categoria (id_pelicula, id_categoria) VALUES (1196995, 12);
INSERT OR IGNORE INTO Pelicula_Categoria (id_pelicula, id_categoria) VALUES (1196995, 5);
-- Fin película: ഭ. ഭ. ബ. --
INSERT OR IGNORE INTO Actor (id_actor, nombre, foto_path) VALUES (18269, 'Brendan Fraser', 'https://image.tmdb.org/t/p/original/tFj5PaWWQbb8rHBBhu1EHklznph.jpg');
INSERT OR IGNORE INTO Actor (id_actor, nombre, foto_path) VALUES (1082509, 'Takehiro Hira', 'https://image.tmdb.org/t/p/original/2N1viBfPY4cRlz6W6YfM2F6UbSH.jpg');
INSERT OR IGNORE INTO Actor (id_actor, nombre, foto_path) VALUES (2210389, 'Mari Yamamoto', 'https://image.tmdb.org/t/p/original/chy8WQgbSfIxp4B1lHzHFFVzsEv.jpg');
INSERT OR IGNORE INTO Actor (id_actor, nombre, foto_path) VALUES (5615231, 'Shannon Mahina Gorman', 'https://image.tmdb.org/t/p/original/8t3tWp0K8eMrnMBrZYTZibaKSPS.jpg');
INSERT OR IGNORE INTO Actor (id_actor, nombre, foto_path) VALUES (13283, '柄本明', 'https://image.tmdb.org/t/p/original/qQHdGgAL7idxy79oWHjYON6bYQm.jpg');
INSERT OR REPLACE INTO Pelicula (id_pelicula, titulo, descripcion, poster_path, backdrop_path, trailer, anio_estreno, duracion) VALUES (1208348, 'Rental Family', 'Ambientada en el Tokio actual, sigue a un actor estadounidense que lucha por encontrar un propósito en la vida hasta que consigue un trabajo inusual: trabajar para una agencia japonesa de "familias de alquiler", interpretando papeles de suplente para desconocidos. A medida que se sumerge en el mundo de sus clientes, comienza a establecer vínculos genuinos que difuminan las líneas entre la actuación y la realidad. Al enfrentarse a las complejidades morales de su trabajo, redescubre el propósito, la pertenencia y la tranquila belleza de las relaciones humanas.', 'https://image.tmdb.org/t/p/original/9z5dHWiX8EjZBRhJ2OzmYZGW7jS.jpg', 'https://image.tmdb.org/t/p/original/ufuabtiOem0kHeYz6b8x8MjBb2L.jpg', 'https://www.youtube.com/watch?v=gtDTQATpSi8', 2025, 110);
INSERT OR REPLACE INTO Pelicula_Actor (id_pelicula, id_actor, personaje) VALUES (1208348, 18269, 'Phillip Vanderploeg');
INSERT OR REPLACE INTO Pelicula_Actor (id_pelicula, id_actor, personaje) VALUES (1208348, 1082509, 'Shinji');
INSERT OR REPLACE INTO Pelicula_Actor (id_pelicula, id_actor, personaje) VALUES (1208348, 2210389, 'Aiko');
INSERT OR REPLACE INTO Pelicula_Actor (id_pelicula, id_actor, personaje) VALUES (1208348, 5615231, 'Mia Kawasaki');
INSERT OR REPLACE INTO Pelicula_Actor (id_pelicula, id_actor, personaje) VALUES (1208348, 13283, 'Kikuo Hasegawa');
INSERT OR IGNORE INTO Pelicula_Categoria (id_pelicula, id_categoria) VALUES (1208348, 12);
INSERT OR IGNORE INTO Pelicula_Categoria (id_pelicula, id_categoria) VALUES (1208348, 7);
-- Fin película: Rental Family --
INSERT OR REPLACE INTO Pelicula (id_pelicula, titulo, descripcion, poster_path, backdrop_path, trailer, anio_estreno, duracion) VALUES (1409999, 'World War II: A History of WWII (Part 2)', '', 'https://image.tmdb.org/t/p/original/f7fbDkpe5PcEBdgBs1qnwCcOWD7.jpg', '', '', 2001, 54);
INSERT OR IGNORE INTO Pelicula_Categoria (id_pelicula, id_categoria) VALUES (1409999, 4);
INSERT OR IGNORE INTO Pelicula_Categoria (id_pelicula, id_categoria) VALUES (1409999, 1);
INSERT OR IGNORE INTO Pelicula_Categoria (id_pelicula, id_categoria) VALUES (1409999, 1);
-- Fin película: World War II: A History of WWII (Part 2) --
INSERT OR IGNORE INTO Actor (id_actor, nombre, foto_path) VALUES (83271, 'Glen Powell', 'https://image.tmdb.org/t/p/original/fUnIaJkdgvQTztyR1nLeUceSzly.jpg');
INSERT OR IGNORE INTO Actor (id_actor, nombre, foto_path) VALUES (91671, 'Colman Domingo', 'https://image.tmdb.org/t/p/original/2tu6T9ugnf82qIMGVKWSb0dvvq5.jpg');
INSERT OR IGNORE INTO Actor (id_actor, nombre, foto_path) VALUES (16851, 'Josh Brolin', 'https://image.tmdb.org/t/p/original/sX2etBbIkxRaCsATyw5ZpOVMPTD.jpg');
INSERT OR IGNORE INTO Actor (id_actor, nombre, foto_path) VALUES (3905, 'William H. Macy', 'https://image.tmdb.org/t/p/original/hdVEGSrP8qWlJnt0v5vSVcGOjy7.jpg');
INSERT OR IGNORE INTO Actor (id_actor, nombre, foto_path) VALUES (72095, 'Lee Pace', 'https://image.tmdb.org/t/p/original/hePfTi5HwU9X0eX2sOmHj9I1Ryp.jpg');
INSERT OR REPLACE INTO Pelicula (id_pelicula, titulo, descripcion, poster_path, backdrop_path, trailer, anio_estreno, duracion) VALUES (798645, 'The Running Man', 'En una América distópica en el año 2025, Ben Richards participa en el violento reality show "The Running Man" con el fin de ganar suficiente dinero para revivir a su hija gravemente enferma.', 'https://image.tmdb.org/t/p/original/5WYxFamHLqroV0TilEw0RqBPzqG.jpg', 'https://image.tmdb.org/t/p/original/aHj7d7wSLqrg5cjAcgHhiGr97Ih.jpg', 'https://www.youtube.com/watch?v=gDzch_4Mi68', 2025, 133);
INSERT OR REPLACE INTO Pelicula_Actor (id_pelicula, id_actor, personaje) VALUES (798645, 83271, 'Ben Richards');
INSERT OR REPLACE INTO Pelicula_Actor (id_pelicula, id_actor, personaje) VALUES (798645, 91671, 'Bobby Thompson');
INSERT OR REPLACE INTO Pelicula_Actor (id_pelicula, id_actor, personaje) VALUES (798645, 16851, 'Dan Killian');
INSERT OR REPLACE INTO Pelicula_Actor (id_pelicula, id_actor, personaje) VALUES (798645, 3905, 'Molie Jernigan');
INSERT OR REPLACE INTO Pelicula_Actor (id_pelicula, id_actor, personaje) VALUES (798645, 72095, 'Evan McCone');
INSERT OR IGNORE INTO Pelicula_Categoria (id_pelicula, id_categoria) VALUES (798645, 5);
INSERT OR IGNORE INTO Pelicula_Categoria (id_pelicula, id_categoria) VALUES (798645, 6);
INSERT OR IGNORE INTO Pelicula_Categoria (id_pelicula, id_categoria) VALUES (798645, 3);
-- Fin película: The Running Man --
INSERT OR IGNORE INTO Actor (id_actor, nombre, foto_path) VALUES (5012920, 'Millo Taslim', '');
INSERT OR IGNORE INTO Actor (id_actor, nombre, foto_path) VALUES (3292404, 'Agus Kencrot', '');
INSERT OR IGNORE INTO Actor (id_actor, nombre, foto_path) VALUES (4577653, 'Cleo Haura', 'https://image.tmdb.org/t/p/original/qqGVIBio3mcpctzP8KY114D6XJR.jpg');
INSERT OR IGNORE INTO Actor (id_actor, nombre, foto_path) VALUES (2137612, 'Aqilla Herby', 'https://image.tmdb.org/t/p/original/dIpfVfS9xkdmTMHsE2KfgL8CFhs.jpg');
INSERT OR IGNORE INTO Actor (id_actor, nombre, foto_path) VALUES (3313171, 'Jordan Omar', 'https://image.tmdb.org/t/p/original/qzFyoiXEPu1i0HZX0MCIiYbwKPz.jpg');
INSERT OR REPLACE INTO Pelicula (id_pelicula, titulo, descripcion, poster_path, backdrop_path, trailer, anio_estreno, duracion) VALUES (1602705, 'Una carta a mi juventud', 'Un adolescente rebelde y un reservado educador forjan un vínculo inesperado en un orfanato, mientras intentan pasar página y lidiar con su doloroso pasado.', 'https://image.tmdb.org/t/p/original/lQAEYXhRyOD6OQK0tKt9FAj3Kkx.jpg', 'https://image.tmdb.org/t/p/original/3RaVf9MWpB74kK8AtPJ7DJmfZNA.jpg', '', 2026, 135);
INSERT OR REPLACE INTO Pelicula_Actor (id_pelicula, id_actor, personaje) VALUES (1602705, 5012920, 'Kefas');
INSERT OR REPLACE INTO Pelicula_Actor (id_pelicula, id_actor, personaje) VALUES (1602705, 3292404, 'Simon');
INSERT OR REPLACE INTO Pelicula_Actor (id_pelicula, id_actor, personaje) VALUES (1602705, 4577653, 'Joy');
INSERT OR REPLACE INTO Pelicula_Actor (id_pelicula, id_actor, personaje) VALUES (1602705, 2137612, 'Sabrina');
INSERT OR REPLACE INTO Pelicula_Actor (id_pelicula, id_actor, personaje) VALUES (1602705, 3313171, '');
INSERT OR IGNORE INTO Pelicula_Categoria (id_pelicula, id_categoria) VALUES (1602705, 7);
-- Fin película: Una carta a mi juventud --
INSERT OR IGNORE INTO Actor (id_actor, nombre, foto_path) VALUES (3651176, 'Kikunosuke Toya', 'https://image.tmdb.org/t/p/original/tSAHe7tjN7luUD1Tx5yPSCuCnuD.jpg');
INSERT OR IGNORE INTO Actor (id_actor, nombre, foto_path) VALUES (1452028, 'Reina Ueda', 'https://image.tmdb.org/t/p/original/cddK6dQtVCg6ToQRpETbRYRJK4G.jpg');
INSERT OR IGNORE INTO Actor (id_actor, nombre, foto_path) VALUES (2004086, 'Tomori Kusunoki', 'https://image.tmdb.org/t/p/original/t5aBzyYiJZDE6DWeTcGMrcQpiI5.jpg');
INSERT OR IGNORE INTO Actor (id_actor, nombre, foto_path) VALUES (2812912, 'Shogo Sakata', 'https://image.tmdb.org/t/p/original/fRRPNBz3OCNRdmLdUTdpq7dGqxM.jpg');
INSERT OR IGNORE INTO Actor (id_actor, nombre, foto_path) VALUES (1296667, 'Maaya Uchida', 'https://image.tmdb.org/t/p/original/rq4glg2SZwGyt3TIxR3ElalKmhH.jpg');
INSERT OR REPLACE INTO Pelicula (id_pelicula, titulo, descripcion, poster_path, backdrop_path, trailer, anio_estreno, duracion) VALUES (1218925, 'Chainsaw Man - La película: El arco de Reze', 'Denji trabajaba como cazador de demonios para la yakuza, tratando de saldar la deuda que había heredado de sus padres, pero la yakuza lo traicionó y lo mató. Antes de perder el conocimiento, Pochita, el perro-demonio motosierra de Denji, hizo un trato con él y le salvó la vida. Así se fusionaron, creando al imparable Chainsaw Man. Ahora, en medio de una brutal guerra entre demonios, cazadores y enemigos secretos, una misteriosa chica llamada Reze irrumpe en su mundo y Denji se enfrenta a su batalla más mortífera, impulsado por el amor, en un mundo donde la supervivencia no conoce reglas.', 'https://image.tmdb.org/t/p/original/fJdnp5OO2wh07tdy6noACNyaqMJ.jpg', 'https://image.tmdb.org/t/p/original/gqTz24ZRsCP6AKjARmEivY7m0cK.jpg', 'https://www.youtube.com/watch?v=-KpVet_60Yc', 2025, 100);
INSERT OR REPLACE INTO Pelicula_Actor (id_pelicula, id_actor, personaje) VALUES (1218925, 3651176, 'Denji (voice)');
INSERT OR REPLACE INTO Pelicula_Actor (id_pelicula, id_actor, personaje) VALUES (1218925, 1452028, 'Reze (voice)');
INSERT OR REPLACE INTO Pelicula_Actor (id_pelicula, id_actor, personaje) VALUES (1218925, 2004086, 'Makima (voice)');
INSERT OR REPLACE INTO Pelicula_Actor (id_pelicula, id_actor, personaje) VALUES (1218925, 2812912, 'Aki (voice)');
INSERT OR REPLACE INTO Pelicula_Actor (id_pelicula, id_actor, personaje) VALUES (1218925, 1296667, 'Angel Devil (voice)');
INSERT OR IGNORE INTO Pelicula_Categoria (id_pelicula, id_categoria) VALUES (1218925, 5);
INSERT OR IGNORE INTO Pelicula_Categoria (id_pelicula, id_categoria) VALUES (1218925, 5);
INSERT OR IGNORE INTO Pelicula_Categoria (id_pelicula, id_categoria) VALUES (1218925, 10);
INSERT OR IGNORE INTO Pelicula_Categoria (id_pelicula, id_categoria) VALUES (1218925, 3);
-- Fin película: Chainsaw Man - La película: El arco de Reze --
INSERT OR IGNORE INTO Actor (id_actor, nombre, foto_path) VALUES (225692, 'Jeremy Irvine', 'https://image.tmdb.org/t/p/original/gSEtyKl9InFkaDcAEd25eYrHSNB.jpg');
INSERT OR IGNORE INTO Actor (id_actor, nombre, foto_path) VALUES (1685904, 'Hannah Emily Anderson', 'https://image.tmdb.org/t/p/original/fSyNGF4pZQj9Ne9IKv9kfimECzk.jpg');
INSERT OR IGNORE INTO Actor (id_actor, nombre, foto_path) VALUES (3131371, 'Evie Templeton', 'https://image.tmdb.org/t/p/original/1JV3FEULVnROl4APfkUprqTrFF6.jpg');
INSERT OR IGNORE INTO Actor (id_actor, nombre, foto_path) VALUES (1675328, 'Robert Strange', 'https://image.tmdb.org/t/p/original/4GBjA1itRhsKaPaOrVE1YN9qOqc.jpg');
INSERT OR IGNORE INTO Actor (id_actor, nombre, foto_path) VALUES (2438347, 'Pearse Egan', 'https://image.tmdb.org/t/p/original/bzHkytLIEk4T4arzd7h5BRLufov.jpg');
INSERT OR REPLACE INTO Pelicula (id_pelicula, titulo, descripcion, poster_path, backdrop_path, trailer, anio_estreno, duracion) VALUES (680493, 'Return to Silent Hill', 'Impulsado por las sombras de su pasado, James Sunderland regresa a Silent Hill para encontrar a su amor perdido, Mary Crane. Pero el pequeño pueblo oscuro y deprimente ya no es el lugar de sus recuerdos. James se encuentra con personajes que le parecen demasiado familiares y que intentan distraerlo de su búsqueda de Mary. Cuanto más busca a Mary, más comienza a preguntarse si esto sigue siendo la realidad, o si ha caído en el oscuro inframundo de Jacob Crane.', 'https://image.tmdb.org/t/p/original/5Y2TeCVEnwPbd4FDShGbkKYw6GE.jpg', 'https://image.tmdb.org/t/p/original/nTbO6UF944b0VZrgypMK5rFYRSW.jpg', '', 2026, 106);
INSERT OR REPLACE INTO Pelicula_Actor (id_pelicula, id_actor, personaje) VALUES (680493, 225692, 'James Sunderland');
INSERT OR REPLACE INTO Pelicula_Actor (id_pelicula, id_actor, personaje) VALUES (680493, 1685904, 'Mary Crane  / Angela / Maria / Moth Mary');
INSERT OR REPLACE INTO Pelicula_Actor (id_pelicula, id_actor, personaje) VALUES (680493, 3131371, 'Laura');
INSERT OR REPLACE INTO Pelicula_Actor (id_pelicula, id_actor, personaje) VALUES (680493, 1675328, 'Pyramid Head');
INSERT OR REPLACE INTO Pelicula_Actor (id_pelicula, id_actor, personaje) VALUES (680493, 2438347, 'Eddie');
INSERT OR IGNORE INTO Pelicula_Categoria (id_pelicula, id_categoria) VALUES (680493, 4);
INSERT OR IGNORE INTO Pelicula_Categoria (id_pelicula, id_categoria) VALUES (680493, 1);
-- Fin película: Return to Silent Hill --
INSERT OR IGNORE INTO Actor (id_actor, nombre, foto_path) VALUES (1785744, '王俊凯', 'https://image.tmdb.org/t/p/original/gl1ibG6gEDy0XKAkSDbzEieDZq0.jpg');
INSERT OR IGNORE INTO Actor (id_actor, nombre, foto_path) VALUES (1414138, '苗苗', 'https://image.tmdb.org/t/p/original/cKlYo2zrAmkPTPPzDYlOdvr6SFl.jpg');
INSERT OR IGNORE INTO Actor (id_actor, nombre, foto_path) VALUES (1279598, '鄭愷', 'https://image.tmdb.org/t/p/original/49ipepyE1WyOWQr3E40VXh9VllZ.jpg');
INSERT OR IGNORE INTO Actor (id_actor, nombre, foto_path) VALUES (2174695, '任敏', 'https://image.tmdb.org/t/p/original/3PKeDlZVW3b3R0dBjfqvxtHOXRn.jpg');
INSERT OR IGNORE INTO Actor (id_actor, nombre, foto_path) VALUES (1172611, '辛柏青', 'https://image.tmdb.org/t/p/original/tuecnWeqbJhDtb4bwhqoKY6WFTi.jpg');
INSERT OR REPLACE INTO Pelicula (id_pelicula, titulo, descripcion, poster_path, backdrop_path, trailer, anio_estreno, duracion) VALUES (1033462, 'Bureau 749', 'En un futuro próximo, la Tierra enfrenta un desastre catastrófico causado por una criatura desconocida. Ma Shan, un joven marginado se une a la misteriosa Oficina 749 para enfrentar la crisis.', 'https://image.tmdb.org/t/p/original/uXQm8PKup6FxXkrd9kPyD2asCZs.jpg', 'https://image.tmdb.org/t/p/original/lf8IZ86ajGpgbuyHCZrXUeAMmvy.jpg', '', 2024, 123);
INSERT OR REPLACE INTO Pelicula_Actor (id_pelicula, id_actor, personaje) VALUES (1033462, 1785744, 'Ma Shan');
INSERT OR REPLACE INTO Pelicula_Actor (id_pelicula, id_actor, personaje) VALUES (1033462, 1414138, 'Xia Hua');
INSERT OR REPLACE INTO Pelicula_Actor (id_pelicula, id_actor, personaje) VALUES (1033462, 1279598, 'Qiao Dongbei');
INSERT OR REPLACE INTO Pelicula_Actor (id_pelicula, id_actor, personaje) VALUES (1033462, 2174695, 'Sang Mei');
INSERT OR REPLACE INTO Pelicula_Actor (id_pelicula, id_actor, personaje) VALUES (1033462, 1172611, 'Ma Jue / Cao Guojiu');
INSERT OR IGNORE INTO Pelicula_Categoria (id_pelicula, id_categoria) VALUES (1033462, 5);
INSERT OR IGNORE INTO Pelicula_Categoria (id_pelicula, id_categoria) VALUES (1033462, 1);
INSERT OR IGNORE INTO Pelicula_Categoria (id_pelicula, id_categoria) VALUES (1033462, 3);
-- Fin película: Bureau 749 --
INSERT OR IGNORE INTO Actor (id_actor, nombre, foto_path) VALUES (2461, 'Mel Gibson', 'https://image.tmdb.org/t/p/original/jnqHMaOslt8cef2atSmOpGRvNla.jpg');
INSERT OR IGNORE INTO Actor (id_actor, nombre, foto_path) VALUES (444211, 'Shelley Hennig', 'https://image.tmdb.org/t/p/original/oebUgnvPMuW74zaYDKELt9yEajM.jpg');
INSERT OR IGNORE INTO Actor (id_actor, nombre, foto_path) VALUES (31384, 'Jordi Mollà', 'https://image.tmdb.org/t/p/original/9XsTmWLJ2qMXoUpcb105h6h5OUX.jpg');
INSERT OR IGNORE INTO Actor (id_actor, nombre, foto_path) VALUES (1600083, 'Sofia Hublitz', 'https://image.tmdb.org/t/p/original/A1nSqZXtKJwuQXDGrhmYa0CP0cZ.jpg');
INSERT OR IGNORE INTO Actor (id_actor, nombre, foto_path) VALUES (60460, 'A.J. Buckley', 'https://image.tmdb.org/t/p/original/arGsJN4HuiNpFsRsNX81fDX1KJj.jpg');
INSERT OR REPLACE INTO Pelicula (id_pelicula, titulo, descripcion, poster_path, backdrop_path, trailer, anio_estreno, duracion) VALUES (1387382, 'Hunting Season', 'Cuando una misteriosa joven aparece en la orilla de un río local, tanto la niña de doce años que la descubre como su sobreprotector padre cambian para siempre con la llegada de esta extraña a su hogar. Mientras, un despiadado capo de la droga no se detendrá ante nada para matarla de una vez por todas.', 'https://image.tmdb.org/t/p/original/cbryTyaWdqrKpQCw6K7zm2jrB5v.jpg', 'https://image.tmdb.org/t/p/original/eJ0HooOOD1uzI39CfOQNWIiWKlJ.jpg', '', 2025, 93);
INSERT OR REPLACE INTO Pelicula_Actor (id_pelicula, id_actor, personaje) VALUES (1387382, 2461, 'Bowdrie');
INSERT OR REPLACE INTO Pelicula_Actor (id_pelicula, id_actor, personaje) VALUES (1387382, 444211, 'January');
INSERT OR REPLACE INTO Pelicula_Actor (id_pelicula, id_actor, personaje) VALUES (1387382, 31384, 'Alejandro');
INSERT OR REPLACE INTO Pelicula_Actor (id_pelicula, id_actor, personaje) VALUES (1387382, 1600083, 'Tag');
INSERT OR REPLACE INTO Pelicula_Actor (id_pelicula, id_actor, personaje) VALUES (1387382, 60460, 'Davenport');
INSERT OR IGNORE INTO Pelicula_Categoria (id_pelicula, id_categoria) VALUES (1387382, 5);
INSERT OR IGNORE INTO Pelicula_Categoria (id_pelicula, id_categoria) VALUES (1387382, 7);
INSERT OR IGNORE INTO Pelicula_Categoria (id_pelicula, id_categoria) VALUES (1387382, 6);
-- Fin película: Hunting Season --
INSERT OR IGNORE INTO Actor (id_actor, nombre, foto_path) VALUES (2367355, '吕艳婷', 'https://image.tmdb.org/t/p/original/vKpOzPutTaPf03rWXiLuK8R2K3B.jpg');
INSERT OR IGNORE INTO Actor (id_actor, nombre, foto_path) VALUES (2367356, '囧森瑟夫', 'https://image.tmdb.org/t/p/original/58Ytg6PBGpqB2s7DkHB82dRvdFO.jpg');
INSERT OR IGNORE INTO Actor (id_actor, nombre, foto_path) VALUES (2368846, '瀚墨', 'https://image.tmdb.org/t/p/original/6Ueom0Y4pjIG9B6zjQlfIbgcGhH.jpg');
INSERT OR IGNORE INTO Actor (id_actor, nombre, foto_path) VALUES (2368848, '陈浩', 'https://image.tmdb.org/t/p/original/eBZJW1NCBFDh3U3xImf0vCCnDpy.jpg');
INSERT OR IGNORE INTO Actor (id_actor, nombre, foto_path) VALUES (2368849, '绿绮', 'https://image.tmdb.org/t/p/original/eGoSeaM1c6KCLiRIqM8LJq5S5L5.jpg');
INSERT OR REPLACE INTO Pelicula (id_pelicula, titulo, descripcion, poster_path, backdrop_path, trailer, anio_estreno, duracion) VALUES (980477, 'Ne Zha 2', 'Cuando los cuerpos de los dos amigos, Aobing y Nezha, están a punto de ser destruidos, se les permite que sus almas sigan existiendo. Su maestro, Taiyi Zhenren, restaura sus cuerpos con la ayuda de una flor de loto. Después de esto, Nezha parte en busca de enfrentar al Rey Dragón del Mar del Este, Ao Guang.', 'https://image.tmdb.org/t/p/original/jz5sGlPGf0cWZ0uJPDc8cSjjFcZ.jpg', 'https://image.tmdb.org/t/p/original/8btfz81bOJ2lC7cujYBTw03wzg3.jpg', '', 2025, 144);
INSERT OR REPLACE INTO Pelicula_Actor (id_pelicula, id_actor, personaje) VALUES (980477, 2367355, 'Young Nezha (voice)');
INSERT OR REPLACE INTO Pelicula_Actor (id_pelicula, id_actor, personaje) VALUES (980477, 2367356, 'Youth Nezha / Jie Jie Shou Left (voice)');
INSERT OR REPLACE INTO Pelicula_Actor (id_pelicula, id_actor, personaje) VALUES (980477, 2368846, 'Ao Bing (voice)');
INSERT OR REPLACE INTO Pelicula_Actor (id_pelicula, id_actor, personaje) VALUES (980477, 2368848, 'Li Jing (voice)');
INSERT OR REPLACE INTO Pelicula_Actor (id_pelicula, id_actor, personaje) VALUES (980477, 2368849, 'Mrs. Yin (voice)');
INSERT OR IGNORE INTO Pelicula_Categoria (id_pelicula, id_categoria) VALUES (980477, 5);
INSERT OR IGNORE INTO Pelicula_Categoria (id_pelicula, id_categoria) VALUES (980477, 3);
INSERT OR IGNORE INTO Pelicula_Categoria (id_pelicula, id_categoria) VALUES (980477, 1);
INSERT OR IGNORE INTO Pelicula_Categoria (id_pelicula, id_categoria) VALUES (980477, 5);
-- Fin película: Ne Zha 2 --
INSERT OR IGNORE INTO Actor (id_actor, nombre, foto_path) VALUES (1253360, 'Pedro Pascal', 'https://image.tmdb.org/t/p/original/cuhkTL3MezjArl80MnYl6QJQ4PQ.jpg');
INSERT OR IGNORE INTO Actor (id_actor, nombre, foto_path) VALUES (556356, 'Vanessa Kirby', 'https://image.tmdb.org/t/p/original/a8a9U00KL2JJkkekzhNnueIGKKF.jpg');
INSERT OR IGNORE INTO Actor (id_actor, nombre, foto_path) VALUES (21042, 'Ebon Moss-Bachrach', 'https://image.tmdb.org/t/p/original/xD8GVNayMpiTZxLfahy2DseYcQq.jpg');
INSERT OR IGNORE INTO Actor (id_actor, nombre, foto_path) VALUES (1597365, 'Joseph Quinn', 'https://image.tmdb.org/t/p/original/zshhuioZaH8S5ZKdMcojzWi1ntl.jpg');
INSERT OR IGNORE INTO Actor (id_actor, nombre, foto_path) VALUES (202032, 'Ralph Ineson', 'https://image.tmdb.org/t/p/original/sn3ONJw2pJxMHiCqPwvkaiWr5mc.jpg');
INSERT OR REPLACE INTO Pelicula (id_pelicula, titulo, descripcion, poster_path, backdrop_path, trailer, anio_estreno, duracion) VALUES (617126, 'Los Cuatro Fantásticos: Primeros pasos', 'Con un mundo retrofuturista inspirado en los años 60 como telón de fondo, la Primera Familia de Marvel deberá hacer frente a su mayor desafío hasta la fecha. Obligados a buscar el equilibrio entre su papel de héroes y sus fuertes vínculos familiares, tendrán que defender la Tierra de un hambriento dios espacial llamado Galactus y su intrigante heraldo, Estela Plateada.', 'https://image.tmdb.org/t/p/original/ckfiXWGEMWrUP53cc6QyHijLlhl.jpg', 'https://image.tmdb.org/t/p/original/s94NjfKkcSczZ1FembwmQZwsuwY.jpg', 'https://www.youtube.com/watch?v=L1lCRrgTOc4', 2025, 115);
INSERT OR REPLACE INTO Pelicula_Actor (id_pelicula, id_actor, personaje) VALUES (617126, 1253360, 'Reed Richards / Mister Fantastic');
INSERT OR REPLACE INTO Pelicula_Actor (id_pelicula, id_actor, personaje) VALUES (617126, 556356, 'Sue Storm / Invisible Woman');
INSERT OR REPLACE INTO Pelicula_Actor (id_pelicula, id_actor, personaje) VALUES (617126, 21042, 'Ben Grimm / The Thing');
INSERT OR REPLACE INTO Pelicula_Actor (id_pelicula, id_actor, personaje) VALUES (617126, 1597365, 'Johnny Storm / Human Torch');
INSERT OR REPLACE INTO Pelicula_Actor (id_pelicula, id_actor, personaje) VALUES (617126, 202032, 'Galactus');
INSERT OR IGNORE INTO Pelicula_Categoria (id_pelicula, id_categoria) VALUES (617126, 3);
INSERT OR IGNORE INTO Pelicula_Categoria (id_pelicula, id_categoria) VALUES (617126, 1);
INSERT OR IGNORE INTO Pelicula_Categoria (id_pelicula, id_categoria) VALUES (617126, 5);
-- Fin película: Los Cuatro Fantásticos: Primeros pasos --
INSERT OR IGNORE INTO Actor (id_actor, nombre, foto_path) VALUES (64182, 'Bill Barretta', 'https://image.tmdb.org/t/p/original/m4M99V64Bni91R8J2YgJ2QPwRDL.jpg');
INSERT OR IGNORE INTO Actor (id_actor, nombre, foto_path) VALUES (64181, 'Dave Goelz', 'https://image.tmdb.org/t/p/original/tBJDwH008IVSeTCB5e2P856NbIv.jpg');
INSERT OR IGNORE INTO Actor (id_actor, nombre, foto_path) VALUES (97185, 'Eric Jacobson', 'https://image.tmdb.org/t/p/original/bB4DRQwKUswG8uvFmDDHHWFwzlz.jpg');
INSERT OR IGNORE INTO Actor (id_actor, nombre, foto_path) VALUES (360193, 'Peter Linz', 'https://image.tmdb.org/t/p/original/hQZzWLqAK1sf45ddLCMh6Yuiaai.jpg');
INSERT OR IGNORE INTO Actor (id_actor, nombre, foto_path) VALUES (192632, 'David Rudman', 'https://image.tmdb.org/t/p/original/lHk21OS9k5aeACDSYJFBaJgMrCP.jpg');
INSERT OR REPLACE INTO Pelicula (id_pelicula, titulo, descripcion, poster_path, backdrop_path, trailer, anio_estreno, duracion) VALUES (1548113, 'El show de los Muppets', '¡Vuelve "El show de los Muppets"! La rana Gustavo, la Señorita Peggy y el resto de los queridos Muppets regresan con un nuevo programa especial. La música, la comedia y el caos están garantizados cuando los Muppets se suban de nuevo al escenario del Teatro de los Muppets original con una invitada muy especial: ¡Sabrina Carpenter!', 'https://image.tmdb.org/t/p/original/9UQB40mDmP9l5WsOTYs9FW0ItOI.jpg', 'https://image.tmdb.org/t/p/original/v1DsKWjIF9M9eB7xtIwVfU6unSW.jpg', '', 2026, 32);
INSERT OR REPLACE INTO Pelicula_Actor (id_pelicula, id_actor, personaje) VALUES (1548113, 64182, 'Rowlf the Dog / Dr. Teeth  / Swedish Chef / Pepé the King Prawn (voice)');
INSERT OR REPLACE INTO Pelicula_Actor (id_pelicula, id_actor, personaje) VALUES (1548113, 64181, 'Gonzo / Zoot / Waldorf / Dr. Bunsen Honeydew (voice)');
INSERT OR REPLACE INTO Pelicula_Actor (id_pelicula, id_actor, personaje) VALUES (1548113, 97185, 'Miss Piggy / Fozzie Bear / Animal / Sam Eagle (voice)');
INSERT OR REPLACE INTO Pelicula_Actor (id_pelicula, id_actor, personaje) VALUES (1548113, 360193, 'Lips / Statler (voice)');
INSERT OR REPLACE INTO Pelicula_Actor (id_pelicula, id_actor, personaje) VALUES (1548113, 192632, 'Scooter / Janice / Beaker (voice)');
INSERT OR IGNORE INTO Pelicula_Categoria (id_pelicula, id_categoria) VALUES (1548113, 12);
INSERT OR IGNORE INTO Pelicula_Categoria (id_pelicula, id_categoria) VALUES (1548113, 12);
INSERT OR IGNORE INTO Pelicula_Categoria (id_pelicula, id_categoria) VALUES (1548113, 11);
INSERT OR IGNORE INTO Pelicula_Categoria (id_pelicula, id_categoria) VALUES (1548113, 7);
-- Fin película: El show de los Muppets --
INSERT OR IGNORE INTO Actor (id_actor, nombre, foto_path) VALUES (1785590, 'David Corenswet', 'https://image.tmdb.org/t/p/original/qB0hBMu4wU1nPrqtdUQP3sQeN5t.jpg');
INSERT OR IGNORE INTO Actor (id_actor, nombre, foto_path) VALUES (993774, 'Rachel Brosnahan', 'https://image.tmdb.org/t/p/original/v4L98SN5IQ5adNVHGddz5zkE5JE.jpg');
INSERT OR IGNORE INTO Actor (id_actor, nombre, foto_path) VALUES (3292, 'Nicholas Hoult', 'https://image.tmdb.org/t/p/original/nXm7XCaZm5qcEJq0cAQMVj315jv.jpg');
INSERT OR IGNORE INTO Actor (id_actor, nombre, foto_path) VALUES (39391, 'Edi Gathegi', 'https://image.tmdb.org/t/p/original/dt8yMyycDlzxkjhmuuJJ4tXDbp4.jpg');
INSERT OR IGNORE INTO Actor (id_actor, nombre, foto_path) VALUES (51797, 'Nathan Fillion', 'https://image.tmdb.org/t/p/original/q31mXXgnN5PsuIjEqaaAPvBDvHc.jpg');
INSERT OR REPLACE INTO Pelicula (id_pelicula, titulo, descripcion, poster_path, backdrop_path, trailer, anio_estreno, duracion) VALUES (1061474, 'Superman', 'En un mundo que ha perdido la fe en la bondad, Superman lucha por reconciliar su herencia kryptoniana con los valores humanos que moldearon su carácter. Criado en la Tierra, representa la verdad, la justicia y el estilo americano, pero debe enfrentarse a un mundo cínico que cuestiona sus ideales. Entre el deber de proteger a la humanidad y la búsqueda de su identidad, Superman demuestra que la esperanza y la bondad nunca pasan de moda, incluso en los tiempos más oscuros, inspirando a otros a creer en un futuro mejor.', 'https://image.tmdb.org/t/p/original/fvUJb08yatV2b3NUSwuYdQKYoFd.jpg', 'https://image.tmdb.org/t/p/original/eU7IfdWq8KQy0oNd4kKXS0QUR08.jpg', 'https://www.youtube.com/watch?v=KWoJAz9YiPc', 2025, 129);
INSERT OR REPLACE INTO Pelicula_Actor (id_pelicula, id_actor, personaje) VALUES (1061474, 1785590, 'Superman');
INSERT OR REPLACE INTO Pelicula_Actor (id_pelicula, id_actor, personaje) VALUES (1061474, 993774, 'Lois Lane');
INSERT OR REPLACE INTO Pelicula_Actor (id_pelicula, id_actor, personaje) VALUES (1061474, 3292, 'Lex Luthor');
INSERT OR REPLACE INTO Pelicula_Actor (id_pelicula, id_actor, personaje) VALUES (1061474, 39391, 'Mr. Terrific');
INSERT OR REPLACE INTO Pelicula_Actor (id_pelicula, id_actor, personaje) VALUES (1061474, 51797, 'Guy Gardner');
INSERT OR IGNORE INTO Pelicula_Categoria (id_pelicula, id_categoria) VALUES (1061474, 3);
INSERT OR IGNORE INTO Pelicula_Categoria (id_pelicula, id_categoria) VALUES (1061474, 1);
INSERT OR IGNORE INTO Pelicula_Categoria (id_pelicula, id_categoria) VALUES (1061474, 5);
-- Fin película: Superman --
INSERT OR IGNORE INTO Actor (id_actor, nombre, foto_path) VALUES (45749, 'Thekla Reuten', 'https://image.tmdb.org/t/p/original/grsIJAo7a37SAVl3La5aaUFpVla.jpg');
INSERT OR IGNORE INTO Actor (id_actor, nombre, foto_path) VALUES (1823412, 'Elijah Wolf', 'https://image.tmdb.org/t/p/original/cymAOFMtBVjgsnpzk24dN0Gexl8.jpg');
INSERT OR IGNORE INTO Actor (id_actor, nombre, foto_path) VALUES (228968, 'Emun Elliott', 'https://image.tmdb.org/t/p/original/A0PGkWHpgbus4t76hKSTqoey8HP.jpg');
INSERT OR IGNORE INTO Actor (id_actor, nombre, foto_path) VALUES (563559, 'Sam Hazeldine', 'https://image.tmdb.org/t/p/original/lzxuRO9hkI2LWGUCXssemiIUgeX.jpg');
INSERT OR IGNORE INTO Actor (id_actor, nombre, foto_path) VALUES (1222359, 'Dawn Steele', 'https://image.tmdb.org/t/p/original/bdxZUWa0LS8ozzQBAnobTk8EPnf.jpg');
INSERT OR REPLACE INTO Pelicula (id_pelicula, titulo, descripcion, poster_path, backdrop_path, trailer, anio_estreno, duracion) VALUES (662659, 'Marionette', 'Una terapeuta pierde el control de la realidad cuando un niño de diez años afirma que puede controlar su futuro.', 'https://image.tmdb.org/t/p/original/wNNAGw2TsYW4c3if252c6Il1fEc.jpg', 'https://image.tmdb.org/t/p/original/cb3xdCXws4OLcXNNqQmZHDfAKCY.jpg', '', 2020, 108);
INSERT OR REPLACE INTO Pelicula_Actor (id_pelicula, id_actor, personaje) VALUES (662659, 45749, 'Dr. Marianne Winter');
INSERT OR REPLACE INTO Pelicula_Actor (id_pelicula, id_actor, personaje) VALUES (662659, 1823412, 'Manny');
INSERT OR REPLACE INTO Pelicula_Actor (id_pelicula, id_actor, personaje) VALUES (662659, 228968, 'Kieran');
INSERT OR REPLACE INTO Pelicula_Actor (id_pelicula, id_actor, personaje) VALUES (662659, 563559, 'Josh');
INSERT OR REPLACE INTO Pelicula_Actor (id_pelicula, id_actor, personaje) VALUES (662659, 1222359, 'Tina');
INSERT OR IGNORE INTO Pelicula_Categoria (id_pelicula, id_categoria) VALUES (662659, 6);
-- Fin película: Marionette --
INSERT OR IGNORE INTO Actor (id_actor, nombre, foto_path) VALUES (934, 'Russell Crowe', 'https://image.tmdb.org/t/p/original/uxiXuVH4vNWrKlJMVVPG1sxAJFe.jpg');
INSERT OR IGNORE INTO Actor (id_actor, nombre, foto_path) VALUES (17838, 'Rami Malek', 'https://image.tmdb.org/t/p/original/zvBCjFmedqXRqa45jlLf6vBd9Nt.jpg');
INSERT OR IGNORE INTO Actor (id_actor, nombre, foto_path) VALUES (335, 'Michael Shannon', 'https://image.tmdb.org/t/p/original/6mMczfjM8CiS1WuBOgo5Xom1TcR.jpg');
INSERT OR IGNORE INTO Actor (id_actor, nombre, foto_path) VALUES (3477880, 'Leo Woodall', 'https://image.tmdb.org/t/p/original/wK62b76NTxiGfjZa3opvJRyxpb7.jpg');
INSERT OR IGNORE INTO Actor (id_actor, nombre, foto_path) VALUES (21134, 'John Slattery', 'https://image.tmdb.org/t/p/original/tm7g84OWD5gQRoyfG4hduBphP1j.jpg');
INSERT OR REPLACE INTO Pelicula (id_pelicula, titulo, descripcion, poster_path, backdrop_path, trailer, anio_estreno, duracion) VALUES (1214931, 'Núremberg', 'Un psiquiatra estadounidense examina a 22 criminales nazis durante los juicios de Núremberg. Su fascinación por Hermann Göring y su obsesiva búsqueda por entender la naturaleza del mal lo llevan a un oscuro destino.', 'https://image.tmdb.org/t/p/original/7OOQRx9SmkMC3UQfdzj4QsQHtA1.jpg', 'https://image.tmdb.org/t/p/original/xsO1Qgru8sETLTcVla8MrqxOVr0.jpg', 'https://www.youtube.com/watch?v=8caQ0aapFp4', 2025, 150);
INSERT OR REPLACE INTO Pelicula_Actor (id_pelicula, id_actor, personaje) VALUES (1214931, 934, 'Hermann Göring');
INSERT OR REPLACE INTO Pelicula_Actor (id_pelicula, id_actor, personaje) VALUES (1214931, 17838, 'Douglas Kelley');
INSERT OR REPLACE INTO Pelicula_Actor (id_pelicula, id_actor, personaje) VALUES (1214931, 335, 'Justice Robert H. Jackson');
INSERT OR REPLACE INTO Pelicula_Actor (id_pelicula, id_actor, personaje) VALUES (1214931, 3477880, 'Sergeant Howie Triest');
INSERT OR REPLACE INTO Pelicula_Actor (id_pelicula, id_actor, personaje) VALUES (1214931, 21134, 'Colonel Burton Andrus');
INSERT OR IGNORE INTO Pelicula_Categoria (id_pelicula, id_categoria) VALUES (1214931, 1);
INSERT OR IGNORE INTO Pelicula_Categoria (id_pelicula, id_categoria) VALUES (1214931, 7);
-- Fin película: Núremberg --
INSERT OR IGNORE INTO Actor (id_actor, nombre, foto_path) VALUES (1221867, 'Mai Kadowaki', 'https://image.tmdb.org/t/p/original/jb3fSusebJ0yDTZ6bB9ckL3mAvu.jpg');
INSERT OR IGNORE INTO Actor (id_actor, nombre, foto_path) VALUES (203473, 'Kaori Nazuka', 'https://image.tmdb.org/t/p/original/cIMS99s6jpgGBbMnih8gx9hLPFi.jpg');
INSERT OR IGNORE INTO Actor (id_actor, nombre, foto_path) VALUES (230471, 'Kana Ueda', 'https://image.tmdb.org/t/p/original/us6FMwXCeSUR2YyByxVcgOUjiIA.jpg');
INSERT OR IGNORE INTO Actor (id_actor, nombre, foto_path) VALUES (571993, 'Shizuka Itoh', 'https://image.tmdb.org/t/p/original/n47YvFPlJzl8HnsoDBtM8SUqG8q.jpg');
INSERT OR IGNORE INTO Actor (id_actor, nombre, foto_path) VALUES (1243042, '高野直子', 'https://image.tmdb.org/t/p/original/i5R5n9Dg4ISMtsoDvEwHFLp5oBj.jpg');
INSERT OR REPLACE INTO Pelicula (id_pelicula, titulo, descripcion, poster_path, backdrop_path, trailer, anio_estreno, duracion) VALUES (1280869, 'Fate/kaleid liner プリズマ☆イリヤ 運動会 DE ダンス！', '', 'https://image.tmdb.org/t/p/original/qaC8H3FengQcTxjFmlPBCcAJTff.jpg', 'https://image.tmdb.org/t/p/original/kF3ruatQCQVDEDqHVLXgWEF17TU.jpg', '', 2014, 25);
INSERT OR REPLACE INTO Pelicula_Actor (id_pelicula, id_actor, personaje) VALUES (1280869, 1221867, 'Illyasviel von Einzbern');
INSERT OR REPLACE INTO Pelicula_Actor (id_pelicula, id_actor, personaje) VALUES (1280869, 203473, 'Miyu Edelfelt');
INSERT OR REPLACE INTO Pelicula_Actor (id_pelicula, id_actor, personaje) VALUES (1280869, 230471, 'Rin Tohsaka');
INSERT OR REPLACE INTO Pelicula_Actor (id_pelicula, id_actor, personaje) VALUES (1280869, 571993, 'Luviagelita Edelfelt');
INSERT OR REPLACE INTO Pelicula_Actor (id_pelicula, id_actor, personaje) VALUES (1280869, 1243042, 'Magical Ruby');
INSERT OR IGNORE INTO Pelicula_Categoria (id_pelicula, id_categoria) VALUES (1280869, 5);
INSERT OR IGNORE INTO Pelicula_Categoria (id_pelicula, id_categoria) VALUES (1280869, 3);
INSERT OR IGNORE INTO Pelicula_Categoria (id_pelicula, id_categoria) VALUES (1280869, 12);
-- Fin película: Fate/kaleid liner プリズマ☆イリヤ 運動会 DE ダンス！ --
INSERT OR IGNORE INTO Actor (id_actor, nombre, foto_path) VALUES (6193, 'Leonardo DiCaprio', 'https://image.tmdb.org/t/p/original/wo2hJpn04vbtmh0B9utCFdsQhxM.jpg');
INSERT OR IGNORE INTO Actor (id_actor, nombre, foto_path) VALUES (204, 'Kate Winslet', 'https://image.tmdb.org/t/p/original/e3tdop3WhseRnn8KwMVLAV25Ybv.jpg');
INSERT OR IGNORE INTO Actor (id_actor, nombre, foto_path) VALUES (1954, 'Billy Zane', 'https://image.tmdb.org/t/p/original/7CBwxqE00aZAAEBaRkapylgdi15.jpg');
INSERT OR IGNORE INTO Actor (id_actor, nombre, foto_path) VALUES (8534, 'Kathy Bates', 'https://image.tmdb.org/t/p/original/3MsayDvY73uXGVbCFHyy1ABTacV.jpg');
INSERT OR IGNORE INTO Actor (id_actor, nombre, foto_path) VALUES (3713, 'Frances Fisher', 'https://image.tmdb.org/t/p/original/3iNDgd54IIj8g8hGqhhUjM6TeWd.jpg');
INSERT OR REPLACE INTO Pelicula (id_pelicula, titulo, descripcion, poster_path, backdrop_path, trailer, anio_estreno, duracion) VALUES (597, 'Titanic', 'Jack, un joven artista, gana en una partida de cartas un pasaje para viajar a América en el Titanic, el transatlántico más grande y seguro jamás construido. A bordo conoce a Rose, una joven de una buena familia venida a menos que va a contraer un matrimonio de conveniencia con Cal, un millonario engreído a quien sólo interesa el prestigioso apellido de su prometida. Jack y Rose se enamoran, pero el prometido y la madre de ella ponen todo tipo de trabas a su relación. Mientras, el gigantesco y lujoso transatlántico se aproxima hacia un inmenso iceberg.', 'https://image.tmdb.org/t/p/original/VMOt5scbGmBKDvkfHjZN6Ki54i.jpg', 'https://image.tmdb.org/t/p/original/xnHVX37XZEp33hhCbYlQFq7ux1J.jpg', 'https://www.youtube.com/watch?v=6FKmt1RcLug', 1997, 194);
INSERT OR REPLACE INTO Pelicula_Actor (id_pelicula, id_actor, personaje) VALUES (597, 6193, 'Jack Dawson');
INSERT OR REPLACE INTO Pelicula_Actor (id_pelicula, id_actor, personaje) VALUES (597, 204, 'Rose DeWitt Bukater');
INSERT OR REPLACE INTO Pelicula_Actor (id_pelicula, id_actor, personaje) VALUES (597, 1954, 'Cal Hockley');
INSERT OR REPLACE INTO Pelicula_Actor (id_pelicula, id_actor, personaje) VALUES (597, 8534, 'Molly Brown');
INSERT OR REPLACE INTO Pelicula_Actor (id_pelicula, id_actor, personaje) VALUES (597, 3713, 'Ruth DeWitt Bukater');
INSERT OR IGNORE INTO Pelicula_Categoria (id_pelicula, id_categoria) VALUES (597, 7);
INSERT OR IGNORE INTO Pelicula_Categoria (id_pelicula, id_categoria) VALUES (597, 10);
-- Fin película: Titanic --
INSERT OR IGNORE INTO Actor (id_actor, nombre, foto_path) VALUES (115440, 'Sydney Sweeney', 'https://image.tmdb.org/t/p/original/uDnIdU4KGjQg7liFvb9wnALvg95.jpg');
INSERT OR IGNORE INTO Actor (id_actor, nombre, foto_path) VALUES (11107, 'Ben Foster', 'https://image.tmdb.org/t/p/original/keBl3i2uHuowNdap0EgdxWxjWmm.jpg');
INSERT OR IGNORE INTO Actor (id_actor, nombre, foto_path) VALUES (28044, 'Merritt Wever', 'https://image.tmdb.org/t/p/original/ldd1WntzQ72DVuNLoko8yMFHH7j.jpg');
INSERT OR IGNORE INTO Actor (id_actor, nombre, foto_path) VALUES (2252989, 'Katy O''Brian', 'https://image.tmdb.org/t/p/original/lEz7WmJPrBGSsIkEiAA10t5nDDM.jpg');
INSERT OR IGNORE INTO Actor (id_actor, nombre, foto_path) VALUES (58019, 'Ethan Embry', 'https://image.tmdb.org/t/p/original/feYnMlTejbHfkhD1akVVXKWG0u1.jpg');
INSERT OR REPLACE INTO Pelicula (id_pelicula, titulo, descripcion, poster_path, backdrop_path, trailer, anio_estreno, duracion) VALUES (1287322, 'Christy', 'Biopic de Christy Martin, la boxeadora de más éxito de los años 90.', 'https://image.tmdb.org/t/p/original/ssy1uHGZkuXLkIWJWrtsBczPvVC.jpg', 'https://image.tmdb.org/t/p/original/d95WgAQXqDVlqbEHdLWfyvRG2ms.jpg', '', 2025, 135);
INSERT OR REPLACE INTO Pelicula_Actor (id_pelicula, id_actor, personaje) VALUES (1287322, 115440, 'Christy Martin');
INSERT OR REPLACE INTO Pelicula_Actor (id_pelicula, id_actor, personaje) VALUES (1287322, 11107, 'Jim V. Martin');
INSERT OR REPLACE INTO Pelicula_Actor (id_pelicula, id_actor, personaje) VALUES (1287322, 28044, 'Joyce Salters');
INSERT OR REPLACE INTO Pelicula_Actor (id_pelicula, id_actor, personaje) VALUES (1287322, 2252989, 'Lisa Holewyne');
INSERT OR REPLACE INTO Pelicula_Actor (id_pelicula, id_actor, personaje) VALUES (1287322, 58019, 'John Salters');
INSERT OR IGNORE INTO Pelicula_Categoria (id_pelicula, id_categoria) VALUES (1287322, 1);
INSERT OR IGNORE INTO Pelicula_Categoria (id_pelicula, id_categoria) VALUES (1287322, 7);
-- Fin película: Christy --
INSERT OR IGNORE INTO Actor (id_actor, nombre, foto_path) VALUES (82388, 'Bob Hope', 'https://image.tmdb.org/t/p/original/4TNYeks5q1dNKszFxOmL4pCjEvn.jpg');
INSERT OR IGNORE INTO Actor (id_actor, nombre, foto_path) VALUES (11165, 'Jane Russell', 'https://image.tmdb.org/t/p/original/i0EFJW983yikjX3CNL3wU8iqmNU.jpg');
INSERT OR IGNORE INTO Actor (id_actor, nombre, foto_path) VALUES (83395, 'Roy Rogers', 'https://image.tmdb.org/t/p/original/1ZKQNYHS0YO4691hqD1Tgd3nvkY.jpg');
INSERT OR IGNORE INTO Actor (id_actor, nombre, foto_path) VALUES (96243, 'Bill Williams', 'https://image.tmdb.org/t/p/original/yUzvbKsQoobsB1KfoWXf5aA4ntc.jpg');
INSERT OR IGNORE INTO Actor (id_actor, nombre, foto_path) VALUES (34497, 'Lloyd Corrigan', 'https://image.tmdb.org/t/p/original/vlcMdcXRbho8Zgm13dSeO9iDRQW.jpg');
INSERT OR REPLACE INTO Pelicula (id_pelicula, titulo, descripcion, poster_path, backdrop_path, trailer, anio_estreno, duracion) VALUES (30801, 'El hijo de rostro pálido', 'Continuación de "The Paleface" (1948), de Norman Z. McLeod, tambien con Hope y Russell y coescrita por Tashlin, uno de los grandes éxitos de taquilla del actor Bob Hope (sin Bing Crosby). En el film, Hope y Jane Russell repiten protagonismo, uniéndose esta vez el cantante y actor Roy Rogers. Lo curioso es que sus personajes son diferentes, ya que ahora Hope es un universitario que viaja al salvaje Oeste para hacerse cargo de la herencia de su padre, un célebre pistolero. En su camino se topará con extraños personajes como un agente federal (Rogers) y una chica de salón que tiene una doble personalidad como bandida.', 'https://image.tmdb.org/t/p/original/zEHHFRw4axerMQTRXixoLcyO0Eh.jpg', 'https://image.tmdb.org/t/p/original/3TmRl1fhY3DH0ZN4c4dMrggyKAt.jpg', '', 1952, 95);
INSERT OR REPLACE INTO Pelicula_Actor (id_pelicula, id_actor, personaje) VALUES (30801, 82388, 'Peter Potter Jr.');
INSERT OR REPLACE INTO Pelicula_Actor (id_pelicula, id_actor, personaje) VALUES (30801, 11165, 'Mike 'The Torch' Delroy');
INSERT OR REPLACE INTO Pelicula_Actor (id_pelicula, id_actor, personaje) VALUES (30801, 83395, 'Roy Barton');
INSERT OR REPLACE INTO Pelicula_Actor (id_pelicula, id_actor, personaje) VALUES (30801, 96243, 'Kirk');
INSERT OR REPLACE INTO Pelicula_Actor (id_pelicula, id_actor, personaje) VALUES (30801, 34497, 'Doc Lovejoy');
INSERT OR IGNORE INTO Pelicula_Categoria (id_pelicula, id_categoria) VALUES (30801, 12);
INSERT OR IGNORE INTO Pelicula_Categoria (id_pelicula, id_categoria) VALUES (30801, 2);
-- Fin película: El hijo de rostro pálido --
INSERT OR IGNORE INTO Actor (id_actor, nombre, foto_path) VALUES (3967, 'Kate Beckinsale', 'https://image.tmdb.org/t/p/original/nUZuC2chd5PVw2tLxePZ6uaLbhx.jpg');
INSERT OR IGNORE INTO Actor (id_actor, nombre, foto_path) VALUES (1610940, 'Lewis Tan', 'https://image.tmdb.org/t/p/original/xSpvbRqscYnDVPDtlXgniltf7eF.jpg');
INSERT OR IGNORE INTO Actor (id_actor, nombre, foto_path) VALUES (2506, 'Alice Krige', 'https://image.tmdb.org/t/p/original/sWyv9fPrZBfuiNIzIs00AMRpbqm.jpg');
INSERT OR IGNORE INTO Actor (id_actor, nombre, foto_path) VALUES (4391, 'Charles Dance', 'https://image.tmdb.org/t/p/original/3xHwq5lchAI6mfW0aGQOEijexv6.jpg');
INSERT OR IGNORE INTO Actor (id_actor, nombre, foto_path) VALUES (205725, 'Rasmus Hardiker', 'https://image.tmdb.org/t/p/original/gDdrt1YXPCxdv5LG8WvVJswPydZ.jpg');
INSERT OR REPLACE INTO Pelicula (id_pelicula, titulo, descripcion, poster_path, backdrop_path, trailer, anio_estreno, duracion) VALUES (1448560, 'Wildcat', 'Un antiguo escuadrón de operaciones especiales se reúne para una última misión: un robo de alto riesgo para rescatar a la hija pequeña de su comandante.', 'https://image.tmdb.org/t/p/original/cv09iyQhL9jqYQ7G0p9KE7ccwCZ.jpg', 'https://image.tmdb.org/t/p/original/pAyImoslSnpMgjRwhaS5ZEdl8UI.jpg', '', 2025, 99);
INSERT OR REPLACE INTO Pelicula_Actor (id_pelicula, id_actor, personaje) VALUES (1448560, 3967, 'Ada');
INSERT OR REPLACE INTO Pelicula_Actor (id_pelicula, id_actor, personaje) VALUES (1448560, 1610940, 'Roman');
INSERT OR REPLACE INTO Pelicula_Actor (id_pelicula, id_actor, personaje) VALUES (1448560, 2506, 'Mrs. Christina Vine');
INSERT OR REPLACE INTO Pelicula_Actor (id_pelicula, id_actor, personaje) VALUES (1448560, 4391, 'Frasier Mahoney');
INSERT OR REPLACE INTO Pelicula_Actor (id_pelicula, id_actor, personaje) VALUES (1448560, 205725, 'Edward');
INSERT OR IGNORE INTO Pelicula_Categoria (id_pelicula, id_categoria) VALUES (1448560, 5);
INSERT OR IGNORE INTO Pelicula_Categoria (id_pelicula, id_categoria) VALUES (1448560, 6);
-- Fin película: Wildcat --
