
-- === LOTE: Top Rated - Page 1 (2026-02-06T06:28:05.607Z) ===
INSERT OR IGNORE INTO Actor (id_actor, nombre, foto_path) VALUES (504, 'Tim Robbins', 'https://image.tmdb.org/t/p/original/3FfJMIVwXgsIXbAT8ECBSZJAncR.jpg');
INSERT OR IGNORE INTO Actor (id_actor, nombre, foto_path) VALUES (192, 'Morgan Freeman', 'https://image.tmdb.org/t/p/original/jPsLqiYGSofU4s6BjrxnefMfabb.jpg');
INSERT OR IGNORE INTO Actor (id_actor, nombre, foto_path) VALUES (4029, 'Bob Gunton', 'https://image.tmdb.org/t/p/original/ulbVvuBToBN3aCGcV028hwO0MOP.jpg');
INSERT OR IGNORE INTO Actor (id_actor, nombre, foto_path) VALUES (6573, 'William Sadler', 'https://image.tmdb.org/t/p/original/xC9sijoDnjS3oDZ5eszcGKHKAOp.jpg');
INSERT OR IGNORE INTO Actor (id_actor, nombre, foto_path) VALUES (6574, 'Clancy Brown', 'https://image.tmdb.org/t/p/original/1JeBRNG7VS7r64V9lOvej9bZXW5.jpg');
INSERT OR REPLACE INTO Pelicula (id_pelicula, titulo, descripcion, poster_path, backdrop_path, trailer, anio_estreno, duracion) VALUES (278, 'Cadena perpetua', 'Acusado del asesinato de su mujer, Andrew Dufresne, tras ser condenado a cadena perpetua, es enviado a la prisión de Shawshank. Con el paso de los años conseguirá ganarse la confianza del director del centro y el respeto de sus compañeros presidiarios, especialmente de Red, el jefe de la mafia de los sobornos.', 'https://image.tmdb.org/t/p/original/uRRTV7p6l2ivtODWJVVAMRrwTn2.jpg', 'https://image.tmdb.org/t/p/original/zfbjgQE1uSd9wiPTX4VzsLi0rGG.jpg', 'https://www.youtube.com/watch?v=4u87tmlj4oE', 1994, 143);
INSERT OR REPLACE INTO Pelicula_Actor (id_pelicula, id_actor, personaje) VALUES (278, 504, 'Andy Dufresne');
INSERT OR REPLACE INTO Pelicula_Actor (id_pelicula, id_actor, personaje) VALUES (278, 192, 'Ellis Boyd 'Red' Redding');
INSERT OR REPLACE INTO Pelicula_Actor (id_pelicula, id_actor, personaje) VALUES (278, 4029, 'Warden Norton');
INSERT OR REPLACE INTO Pelicula_Actor (id_pelicula, id_actor, personaje) VALUES (278, 6573, 'Heywood');
INSERT OR REPLACE INTO Pelicula_Actor (id_pelicula, id_actor, personaje) VALUES (278, 6574, 'Captain Byron T. Hadley');
INSERT OR IGNORE INTO Pelicula_Categoria (id_pelicula, id_categoria) VALUES (278, 7);
INSERT OR IGNORE INTO Pelicula_Categoria (id_pelicula, id_categoria) VALUES (278, 9);
-- Fin película: Cadena perpetua --
INSERT OR IGNORE INTO Actor (id_actor, nombre, foto_path) VALUES (3084, 'Marlon Brando', 'https://image.tmdb.org/t/p/original/iyO183LVAJ0I4ZkNibINPjfAjCP.jpg');
INSERT OR IGNORE INTO Actor (id_actor, nombre, foto_path) VALUES (1158, 'Al Pacino', 'https://image.tmdb.org/t/p/original/m8HAAjq1T75JypKk0v1FFQn4ysZ.jpg');
INSERT OR IGNORE INTO Actor (id_actor, nombre, foto_path) VALUES (3085, 'James Caan', 'https://image.tmdb.org/t/p/original/v3flJtQEyczxENi29yJyvnN6LVt.jpg');
INSERT OR IGNORE INTO Actor (id_actor, nombre, foto_path) VALUES (3087, 'Robert Duvall', 'https://image.tmdb.org/t/p/original/ybMmK25h4IVtfE7qrnlVp47RQlh.jpg');
INSERT OR IGNORE INTO Actor (id_actor, nombre, foto_path) VALUES (3086, 'Richard S. Castellano', 'https://image.tmdb.org/t/p/original/1vr75BdHWret81vuSJ3ugiCBkxw.jpg');
INSERT OR REPLACE INTO Pelicula (id_pelicula, titulo, descripcion, poster_path, backdrop_path, trailer, anio_estreno, duracion) VALUES (238, 'El padrino', 'Don Vito Corleone, conocido dentro de los círculos del hampa como ''El Padrino'', es el patriarca de una de las cinco familias que ejercen el mando de la Cosa Nostra en Nueva York en los años cuarenta. Don Corleone tiene cuatro hijos: una chica, Connie, y tres varones; Sonny, Michael y Fredo. Cuando el Padrino reclina intervenir en el negocio de estupefacientes, empieza una cruenta lucha de violentos episodios entre las distintas familias del crimen organizado.', 'https://image.tmdb.org/t/p/original/ApiEfzSkrqS4m1L5a2GwWXzIiAs.jpg', 'https://image.tmdb.org/t/p/original/tSPT36ZKlP2WVHJLM4cQPLSzv3b.jpg', 'https://www.youtube.com/watch?v=v72XprPxy3E', 1972, 175);
INSERT OR REPLACE INTO Pelicula_Actor (id_pelicula, id_actor, personaje) VALUES (238, 3084, 'Don Vito Corleone');
INSERT OR REPLACE INTO Pelicula_Actor (id_pelicula, id_actor, personaje) VALUES (238, 1158, 'Michael Corleone');
INSERT OR REPLACE INTO Pelicula_Actor (id_pelicula, id_actor, personaje) VALUES (238, 3085, 'Sonny Corleone');
INSERT OR REPLACE INTO Pelicula_Actor (id_pelicula, id_actor, personaje) VALUES (238, 3087, 'Tom Hagen');
INSERT OR REPLACE INTO Pelicula_Actor (id_pelicula, id_actor, personaje) VALUES (238, 3086, 'Clemenza');
INSERT OR IGNORE INTO Pelicula_Categoria (id_pelicula, id_categoria) VALUES (238, 7);
INSERT OR IGNORE INTO Pelicula_Categoria (id_pelicula, id_categoria) VALUES (238, 9);
-- Fin película: El padrino --
INSERT OR IGNORE INTO Actor (id_actor, nombre, foto_path) VALUES (1158, 'Al Pacino', 'https://image.tmdb.org/t/p/original/m8HAAjq1T75JypKk0v1FFQn4ysZ.jpg');
INSERT OR IGNORE INTO Actor (id_actor, nombre, foto_path) VALUES (3087, 'Robert Duvall', 'https://image.tmdb.org/t/p/original/ybMmK25h4IVtfE7qrnlVp47RQlh.jpg');
INSERT OR IGNORE INTO Actor (id_actor, nombre, foto_path) VALUES (3092, 'Diane Keaton', 'https://image.tmdb.org/t/p/original/A8B3BsFgbmw2WEmJuQX38qeU9eR.jpg');
INSERT OR IGNORE INTO Actor (id_actor, nombre, foto_path) VALUES (380, 'Robert De Niro', 'https://image.tmdb.org/t/p/original/cT8htcckIuyI1Lqwt1CvD02ynTh.jpg');
INSERT OR IGNORE INTO Actor (id_actor, nombre, foto_path) VALUES (3096, 'John Cazale', 'https://image.tmdb.org/t/p/original/7uKBc2BVbLlAiHuSdfioe1OUnCX.jpg');
INSERT OR REPLACE INTO Pelicula (id_pelicula, titulo, descripcion, poster_path, backdrop_path, trailer, anio_estreno, duracion) VALUES (240, 'El Padrino Parte II', 'Continuación de la saga de los Corleone con dos historias paralelas: la elección de Michael Corleone como jefe de los negocios familiares y los orígenes del patriarca, el ya fallecido Don Vito, primero en Sicilia y luego en Estados Unidos, donde, empezando desde abajo, llegó a ser un poderosísimo jefe de la mafia de Nueva York.', 'https://image.tmdb.org/t/p/original/mbry0W5PRylSUHsYzdiY2FSJwze.jpg', 'https://image.tmdb.org/t/p/original/kGzFbGhp99zva6oZODW5atUtnqi.jpg', 'https://www.youtube.com/watch?v=rMT8b3MJ-RI', 1974, 200);
INSERT OR REPLACE INTO Pelicula_Actor (id_pelicula, id_actor, personaje) VALUES (240, 1158, 'Don Michael Corleone');
INSERT OR REPLACE INTO Pelicula_Actor (id_pelicula, id_actor, personaje) VALUES (240, 3087, 'Tom Hagen');
INSERT OR REPLACE INTO Pelicula_Actor (id_pelicula, id_actor, personaje) VALUES (240, 3092, 'Kay Corleone');
INSERT OR REPLACE INTO Pelicula_Actor (id_pelicula, id_actor, personaje) VALUES (240, 380, 'Vito Corleone');
INSERT OR REPLACE INTO Pelicula_Actor (id_pelicula, id_actor, personaje) VALUES (240, 3096, 'Frederico 'Fredo' Corleone');
INSERT OR IGNORE INTO Pelicula_Categoria (id_pelicula, id_categoria) VALUES (240, 7);
INSERT OR IGNORE INTO Pelicula_Categoria (id_pelicula, id_categoria) VALUES (240, 9);
-- Fin película: El Padrino Parte II --
INSERT OR IGNORE INTO Actor (id_actor, nombre, foto_path) VALUES (3896, 'Liam Neeson', 'https://image.tmdb.org/t/p/original/sRLev3wJioBgun3ZoeAUFpkLy0D.jpg');
INSERT OR IGNORE INTO Actor (id_actor, nombre, foto_path) VALUES (2282, 'Ben Kingsley', 'https://image.tmdb.org/t/p/original/vQtBqpF2HDdzbfXHDzR4u37i1Ac.jpg');
INSERT OR IGNORE INTO Actor (id_actor, nombre, foto_path) VALUES (5469, 'Ralph Fiennes', 'https://image.tmdb.org/t/p/original/u29BOqiV5GCQ8k8WUJM50i9xlBf.jpg');
INSERT OR IGNORE INTO Actor (id_actor, nombre, foto_path) VALUES (6692, 'Caroline Goodall', 'https://image.tmdb.org/t/p/original/4cagGtMqACvkuw6Llq8Li8UJ1AR.jpg');
INSERT OR IGNORE INTO Actor (id_actor, nombre, foto_path) VALUES (6693, 'Jonathan Sagall', 'https://image.tmdb.org/t/p/original/waxNDsgfw7CXXO3LH8EdKi8z7VV.jpg');
INSERT OR REPLACE INTO Pelicula (id_pelicula, titulo, descripcion, poster_path, backdrop_path, trailer, anio_estreno, duracion) VALUES (424, 'La lista de Schindler', 'Oskar Schindler, un hombre de enorme astucia y talento para las relaciones públicas, organiza un ambicioso plan para ganarse la simpatía de los nazis. Después de la invasión de Polonia por los alemanes, consigue, gracias a sus relaciones con los nazis, la propiedad de una fábrica de Cracovia. Allí emplea a cientos de operarios judíos, cuya explotación le hace prosperar rápidamente. Su gerente, también judío, es el verdadero director en la sombra, pues Schindler no tiene el menor conocimiento industrial.', 'https://image.tmdb.org/t/p/original/3Ho0pXsnMxpGJWqdOi0KDNdaTkT.jpg', 'https://image.tmdb.org/t/p/original/zb6fM1CX41D9rF9hdgclu0peUmy.jpg', 'https://www.youtube.com/watch?v=0Z9cLiliBh0', 1993, 195);
INSERT OR REPLACE INTO Pelicula_Actor (id_pelicula, id_actor, personaje) VALUES (424, 3896, 'Oskar Schindler');
INSERT OR REPLACE INTO Pelicula_Actor (id_pelicula, id_actor, personaje) VALUES (424, 2282, 'Itzhak Stern');
INSERT OR REPLACE INTO Pelicula_Actor (id_pelicula, id_actor, personaje) VALUES (424, 5469, 'Amon Goeth');
INSERT OR REPLACE INTO Pelicula_Actor (id_pelicula, id_actor, personaje) VALUES (424, 6692, 'Emilie Schindler');
INSERT OR REPLACE INTO Pelicula_Actor (id_pelicula, id_actor, personaje) VALUES (424, 6693, 'Poldek Pfefferberg');
INSERT OR IGNORE INTO Pelicula_Categoria (id_pelicula, id_categoria) VALUES (424, 7);
INSERT OR IGNORE INTO Pelicula_Categoria (id_pelicula, id_categoria) VALUES (424, 1);
INSERT OR IGNORE INTO Pelicula_Categoria (id_pelicula, id_categoria) VALUES (424, 1);
-- Fin película: La lista de Schindler --
INSERT OR IGNORE INTO Actor (id_actor, nombre, foto_path) VALUES (1936, 'Martin Balsam', 'https://image.tmdb.org/t/p/original/2q7xs6j6vGll3pc9Mm6TUEvvwBf.jpg');
INSERT OR IGNORE INTO Actor (id_actor, nombre, foto_path) VALUES (5247, 'John Fiedler', 'https://image.tmdb.org/t/p/original/27sXisLWQJQ49PD40j89miNhL73.jpg');
INSERT OR IGNORE INTO Actor (id_actor, nombre, foto_path) VALUES (5248, 'Lee J. Cobb', 'https://image.tmdb.org/t/p/original/yxMxBvM0PZwu7YXQamG0kFwt9DZ.jpg');
INSERT OR IGNORE INTO Actor (id_actor, nombre, foto_path) VALUES (5249, 'E.G. Marshall', 'https://image.tmdb.org/t/p/original/psimeVoRk64DV7UNm4cLQylRFy2.jpg');
INSERT OR IGNORE INTO Actor (id_actor, nombre, foto_path) VALUES (5250, 'Jack Klugman', 'https://image.tmdb.org/t/p/original/oJxveOxlunD8C9OczqKeryU0k6D.jpg');
INSERT OR REPLACE INTO Pelicula (id_pelicula, titulo, descripcion, poster_path, backdrop_path, trailer, anio_estreno, duracion) VALUES (389, '12 hombres sin piedad', 'Tras escuchar todos los testimonios y valorar las pruebas presentadas, un jurado popular compuesto por doce hombres tiene que decidir, por unanimidad, si absuelve o condena a muerte a un joven acusado de haber matado a su padre. Al principio, once están completamente convencidos de su culpabilidad y se inclinan por la condena, pero el que discrepa empieza a plantear dudas razonables que, poco a poco, van resquebrajando la inicial seguridad de los demás.', 'https://image.tmdb.org/t/p/original/qyVoDb3EKO5SnhpSRpztNmZjo70.jpg', 'https://image.tmdb.org/t/p/original/w4bTBXcqXc2TUyS5Fc4h67uWbPn.jpg', '', 1957, 92);
INSERT OR REPLACE INTO Pelicula_Actor (id_pelicula, id_actor, personaje) VALUES (389, 1936, 'Juror 1');
INSERT OR REPLACE INTO Pelicula_Actor (id_pelicula, id_actor, personaje) VALUES (389, 5247, 'Juror 2');
INSERT OR REPLACE INTO Pelicula_Actor (id_pelicula, id_actor, personaje) VALUES (389, 5248, 'Juror 3');
INSERT OR REPLACE INTO Pelicula_Actor (id_pelicula, id_actor, personaje) VALUES (389, 5249, 'Juror 4');
INSERT OR REPLACE INTO Pelicula_Actor (id_pelicula, id_actor, personaje) VALUES (389, 5250, 'Juror 5');
INSERT OR IGNORE INTO Pelicula_Categoria (id_pelicula, id_categoria) VALUES (389, 7);
-- Fin película: 12 hombres sin piedad --
INSERT OR IGNORE INTO Actor (id_actor, nombre, foto_path) VALUES (19587, 'Rumi Hiiragi', 'https://image.tmdb.org/t/p/original/zITaVtFyc4xSM3mxSoPRWHbqgJI.jpg');
INSERT OR IGNORE INTO Actor (id_actor, nombre, foto_path) VALUES (19588, 'Miyu Irino', 'https://image.tmdb.org/t/p/original/8qEEhHUObNvGQr4e6eqLu5z4qTz.jpg');
INSERT OR IGNORE INTO Actor (id_actor, nombre, foto_path) VALUES (19589, 'Mari Natsuki', 'https://image.tmdb.org/t/p/original/MIFzUc77Sx57FQOZsoiGWEbpH2.jpg');
INSERT OR IGNORE INTO Actor (id_actor, nombre, foto_path) VALUES (19590, 'Takashi Naito', 'https://image.tmdb.org/t/p/original/xwsm0ygjG79jLIogutwo6r64igy.jpg');
INSERT OR IGNORE INTO Actor (id_actor, nombre, foto_path) VALUES (19591, 'Yasuko Sawaguchi', 'https://image.tmdb.org/t/p/original/rWspusb13VeJowmctnniXYYTcqq.jpg');
INSERT OR REPLACE INTO Pelicula (id_pelicula, titulo, descripcion, poster_path, backdrop_path, trailer, anio_estreno, duracion) VALUES (129, 'El viaje de Chihiro', 'Durante el traslado de su familia a los suburbios, una niña de 10 años de edad deambula por un mundo gobernado por dioses, brujas y espíritus, y donde los humanos se convierten en bestias.', 'https://image.tmdb.org/t/p/original/laXrmaTRuroArSPfsGlvTbeWxVA.jpg', 'https://image.tmdb.org/t/p/original/ukfI9QkU1aIhOhKXYWE9n3z1mFR.jpg', 'https://www.youtube.com/watch?v=5Fgq4Osh6XQ', 2001, 122);
INSERT OR REPLACE INTO Pelicula_Actor (id_pelicula, id_actor, personaje) VALUES (129, 19587, 'Chihiro (voice)');
INSERT OR REPLACE INTO Pelicula_Actor (id_pelicula, id_actor, personaje) VALUES (129, 19588, 'Haku (voice)');
INSERT OR REPLACE INTO Pelicula_Actor (id_pelicula, id_actor, personaje) VALUES (129, 19589, 'Yubaba / Zeniba (voice)');
INSERT OR REPLACE INTO Pelicula_Actor (id_pelicula, id_actor, personaje) VALUES (129, 19590, 'Father (voice)');
INSERT OR REPLACE INTO Pelicula_Actor (id_pelicula, id_actor, personaje) VALUES (129, 19591, 'Mother (voice)');
INSERT OR IGNORE INTO Pelicula_Categoria (id_pelicula, id_categoria) VALUES (129, 5);
INSERT OR IGNORE INTO Pelicula_Categoria (id_pelicula, id_categoria) VALUES (129, 12);
INSERT OR IGNORE INTO Pelicula_Categoria (id_pelicula, id_categoria) VALUES (129, 3);
-- Fin película: El viaje de Chihiro --
INSERT OR IGNORE INTO Actor (id_actor, nombre, foto_path) VALUES (3894, 'Christian Bale', 'https://image.tmdb.org/t/p/original/7Pxez9J8fuPd2Mn9kex13YALrCQ.jpg');
INSERT OR IGNORE INTO Actor (id_actor, nombre, foto_path) VALUES (1810, 'Heath Ledger', 'https://image.tmdb.org/t/p/original/p2z2bURSg7nuMsN9P2s61e2RvNz.jpg');
INSERT OR IGNORE INTO Actor (id_actor, nombre, foto_path) VALUES (6383, 'Aaron Eckhart', 'https://image.tmdb.org/t/p/original/u5JjnRMr9zKEVvOP7k3F6gdcwT6.jpg');
INSERT OR IGNORE INTO Actor (id_actor, nombre, foto_path) VALUES (3895, 'Michael Caine', 'https://image.tmdb.org/t/p/original/bVZRMlpjTAO2pJK6v90buFgVbSW.jpg');
INSERT OR IGNORE INTO Actor (id_actor, nombre, foto_path) VALUES (1579, 'Maggie Gyllenhaal', 'https://image.tmdb.org/t/p/original/vsfkWdYWmA9CpzMHTJzrFxlDnEZ.jpg');
INSERT OR REPLACE INTO Pelicula (id_pelicula, titulo, descripcion, poster_path, backdrop_path, trailer, anio_estreno, duracion) VALUES (155, 'El caballero oscuro', 'Batman/Bruce Wayne regresa para continuar su guerra contra el crimen. Con la ayuda del teniente Jim Gordon y del Fiscal del Distrito Harvey Dent, Batman se propone destruir el crimen organizado en la ciudad de Gotham. El triunvirato demuestra su eficacia, pero, de repente, aparece Joker, un nuevo criminal que desencadena el caos y tiene aterrados a los ciudadanos.', 'https://image.tmdb.org/t/p/original/8QDQExnfNFOtabLDKqfDQuHDsIg.jpg', 'https://image.tmdb.org/t/p/original/dqK9Hag1054tghRQSqLSfrkvQnA.jpg', '', 2008, 152);
INSERT OR REPLACE INTO Pelicula_Actor (id_pelicula, id_actor, personaje) VALUES (155, 3894, 'Bruce Wayne');
INSERT OR REPLACE INTO Pelicula_Actor (id_pelicula, id_actor, personaje) VALUES (155, 1810, 'Joker');
INSERT OR REPLACE INTO Pelicula_Actor (id_pelicula, id_actor, personaje) VALUES (155, 6383, 'Harvey Dent');
INSERT OR REPLACE INTO Pelicula_Actor (id_pelicula, id_actor, personaje) VALUES (155, 3895, 'Alfred');
INSERT OR REPLACE INTO Pelicula_Actor (id_pelicula, id_actor, personaje) VALUES (155, 1579, 'Rachel');
INSERT OR IGNORE INTO Pelicula_Categoria (id_pelicula, id_categoria) VALUES (155, 5);
INSERT OR IGNORE INTO Pelicula_Categoria (id_pelicula, id_categoria) VALUES (155, 9);
INSERT OR IGNORE INTO Pelicula_Categoria (id_pelicula, id_categoria) VALUES (155, 6);
-- Fin película: El caballero oscuro --
INSERT OR IGNORE INTO Actor (id_actor, nombre, foto_path) VALUES (55061, 'Kajol', 'https://image.tmdb.org/t/p/original/h4m0TkDuEMCUNaPrQxMRyFb2AQ7.jpg');
INSERT OR IGNORE INTO Actor (id_actor, nombre, foto_path) VALUES (35742, 'शाहरुख़ ख़ान', 'https://image.tmdb.org/t/p/original/d8jQehnCiGuLhZbs1DyB2uDu5BA.jpg');
INSERT OR IGNORE INTO Actor (id_actor, nombre, foto_path) VALUES (691, 'Amrish Puri', 'https://image.tmdb.org/t/p/original/uhMGFS7tuG71LDv2wk9LfZZ4EG6.jpg');
INSERT OR IGNORE INTO Actor (id_actor, nombre, foto_path) VALUES (146971, 'Farida Jalal', 'https://image.tmdb.org/t/p/original/tJdqL4BRSAWVFX1W6cmwxFs9IFh.jpg');
INSERT OR IGNORE INTO Actor (id_actor, nombre, foto_path) VALUES (6217, 'Anupam Kher', 'https://image.tmdb.org/t/p/original/kgU5Ap1Kf9RnicB5DMcXEZqed2f.jpg');
INSERT OR REPLACE INTO Pelicula (id_pelicula, titulo, descripcion, poster_path, backdrop_path, trailer, anio_estreno, duracion) VALUES (19404, 'Un amor contra viento y marea', 'Los Singh son una familia india con grandes convicciones culturales de su nación de origen, que emigraron a Reino Unido antes de nacer sus primeros hijos. Uno de ellos querrá casarse con una mujer ajena a su cultura y para ello deberá hacer todos los esfuerzos por convencer a su familia.', 'https://image.tmdb.org/t/p/original/2CAL2433ZeIihfX1Hb2139CX0pW.jpg', 'https://image.tmdb.org/t/p/original/zQDFHYNVVVp9OAYSixYAG1SyX1l.jpg', '', 1995, 189);
INSERT OR REPLACE INTO Pelicula_Actor (id_pelicula, id_actor, personaje) VALUES (19404, 55061, 'Simran Singh');
INSERT OR REPLACE INTO Pelicula_Actor (id_pelicula, id_actor, personaje) VALUES (19404, 35742, 'Raj Malhotra');
INSERT OR REPLACE INTO Pelicula_Actor (id_pelicula, id_actor, personaje) VALUES (19404, 691, 'Chaudhry Baldev Singh');
INSERT OR REPLACE INTO Pelicula_Actor (id_pelicula, id_actor, personaje) VALUES (19404, 146971, 'Lajwanti 'Lajjo' Singh');
INSERT OR REPLACE INTO Pelicula_Actor (id_pelicula, id_actor, personaje) VALUES (19404, 6217, 'Dharamvir Malhotra');
INSERT OR IGNORE INTO Pelicula_Categoria (id_pelicula, id_categoria) VALUES (19404, 12);
INSERT OR IGNORE INTO Pelicula_Categoria (id_pelicula, id_categoria) VALUES (19404, 7);
INSERT OR IGNORE INTO Pelicula_Categoria (id_pelicula, id_categoria) VALUES (19404, 10);
-- Fin película: Un amor contra viento y marea --
INSERT OR IGNORE INTO Actor (id_actor, nombre, foto_path) VALUES (31, 'Tom Hanks', 'https://image.tmdb.org/t/p/original/oFvZoKI6lvU03n4YoNGAll9rkas.jpg');
INSERT OR IGNORE INTO Actor (id_actor, nombre, foto_path) VALUES (52, 'David Morse', 'https://image.tmdb.org/t/p/original/tzBIwZYV2dmWZGSrGkJJx5F7Cei.jpg');
INSERT OR IGNORE INTO Actor (id_actor, nombre, foto_path) VALUES (5149, 'Bonnie Hunt', 'https://image.tmdb.org/t/p/original/tT9C6uLztgN8OxJULq6F9iEzqlA.jpg');
INSERT OR IGNORE INTO Actor (id_actor, nombre, foto_path) VALUES (61981, 'Michael Clarke Duncan', 'https://image.tmdb.org/t/p/original/3RX8OBqt3gbvFwKYZqiom4O3Ta6.jpg');
INSERT OR IGNORE INTO Actor (id_actor, nombre, foto_path) VALUES (2505, 'James Cromwell', 'https://image.tmdb.org/t/p/original/17AIez58rJyk7EzU5a9L2r6Tn3u.jpg');
INSERT OR REPLACE INTO Pelicula (id_pelicula, titulo, descripcion, poster_path, backdrop_path, trailer, anio_estreno, duracion) VALUES (497, 'La milla verde', 'En el sur de los Estados Unidos, en plena Depresión, Paul Edgecomb es un vigilante penitenciario a cargo de la Milla Verde, un pasillo que separa las celdas de los reclusos condenados a la silla eléctrica. Esperando su ejecución está John Coffey, un gigantesco negro acusado de asesinar brutalmente a dos hermanas de nueve años. Tras una personalidad ingenua, Coffey esconde un don sobrenatural prodigioso. A medida que transcurre la historia, Paul Edgecomb aprende que los milagros ocurren... incluso en los lugares más insospechados.', 'https://image.tmdb.org/t/p/original/aBQiJRxGRrX0mXFMjxyzWYFtEnf.jpg', 'https://image.tmdb.org/t/p/original/b6HWTOxn1xevvyHU2K9ICvaRU6g.jpg', 'https://www.youtube.com/watch?v=hBtSF4-cnzk', 1999, 189);
INSERT OR REPLACE INTO Pelicula_Actor (id_pelicula, id_actor, personaje) VALUES (497, 31, 'Paul Edgecomb');
INSERT OR REPLACE INTO Pelicula_Actor (id_pelicula, id_actor, personaje) VALUES (497, 52, 'Brutus 'Brutal' Howell');
INSERT OR REPLACE INTO Pelicula_Actor (id_pelicula, id_actor, personaje) VALUES (497, 5149, 'Jan Edgecomb');
INSERT OR REPLACE INTO Pelicula_Actor (id_pelicula, id_actor, personaje) VALUES (497, 61981, 'John Coffey');
INSERT OR REPLACE INTO Pelicula_Actor (id_pelicula, id_actor, personaje) VALUES (497, 2505, 'Warden Hal Moores');
INSERT OR IGNORE INTO Pelicula_Categoria (id_pelicula, id_categoria) VALUES (497, 3);
INSERT OR IGNORE INTO Pelicula_Categoria (id_pelicula, id_categoria) VALUES (497, 7);
INSERT OR IGNORE INTO Pelicula_Categoria (id_pelicula, id_categoria) VALUES (497, 9);
-- Fin película: La milla verde --
INSERT OR IGNORE INTO Actor (id_actor, nombre, foto_path) VALUES (20738, 'Song Kang-ho', 'https://image.tmdb.org/t/p/original/7dw9wIpFZ5nJZ3zqrue8t7hUUgQ.jpg');
INSERT OR IGNORE INTO Actor (id_actor, nombre, foto_path) VALUES (115290, 'Lee Sun-kyun', 'https://image.tmdb.org/t/p/original/nHFBbSFohzOUOvMxPVwe3Es2nJw.jpg');
INSERT OR IGNORE INTO Actor (id_actor, nombre, foto_path) VALUES (556435, 'Cho Yeo-jeong', 'https://image.tmdb.org/t/p/original/5MgWM8pkUiYkj9MEaEpO0Ir1FD9.jpg');
INSERT OR IGNORE INTO Actor (id_actor, nombre, foto_path) VALUES (1255881, 'Choi Woo-shik', 'https://image.tmdb.org/t/p/original/hRDiuKWwe156zRjEu826eci7H3r.jpg');
INSERT OR IGNORE INTO Actor (id_actor, nombre, foto_path) VALUES (1442583, 'Park So-dam', 'https://image.tmdb.org/t/p/original/fGVOikpvivopeATDy6ZzLdKYXDu.jpg');
INSERT OR REPLACE INTO Pelicula (id_pelicula, titulo, descripcion, poster_path, backdrop_path, trailer, anio_estreno, duracion) VALUES (496243, 'Parásitos', 'Tanto Gi Taek (Song Kang-ho) como su familia están sin trabajo. Cuando su hijo mayor, Gi Woo (Choi Woo-sik), empieza a dar clases particulares en casa de Park (Lee Seon-gyun), las dos familias, que tienen mucho en común pese a pertenecer a dos mundos totalmente distintos, comienzan una interrelación de resultados imprevisibles.', 'https://image.tmdb.org/t/p/original/4N55tgxDW0RRATyrZHbx0q9HUKv.jpg', 'https://image.tmdb.org/t/p/original/hiKmpZMGZsrkA3cdce8a7Dpos1j.jpg', 'https://www.youtube.com/watch?v=-PtU49Aol00', 2019, 132);
INSERT OR REPLACE INTO Pelicula_Actor (id_pelicula, id_actor, personaje) VALUES (496243, 20738, 'Kim Ki-taek');
INSERT OR REPLACE INTO Pelicula_Actor (id_pelicula, id_actor, personaje) VALUES (496243, 115290, 'Park Dong-ik');
INSERT OR REPLACE INTO Pelicula_Actor (id_pelicula, id_actor, personaje) VALUES (496243, 556435, 'Yeon-kyo');
INSERT OR REPLACE INTO Pelicula_Actor (id_pelicula, id_actor, personaje) VALUES (496243, 1255881, 'Ki-woo');
INSERT OR REPLACE INTO Pelicula_Actor (id_pelicula, id_actor, personaje) VALUES (496243, 1442583, 'Ki-jung');
INSERT OR IGNORE INTO Pelicula_Categoria (id_pelicula, id_categoria) VALUES (496243, 12);
INSERT OR IGNORE INTO Pelicula_Categoria (id_pelicula, id_categoria) VALUES (496243, 6);
INSERT OR IGNORE INTO Pelicula_Categoria (id_pelicula, id_categoria) VALUES (496243, 7);
-- Fin película: Parásitos --
INSERT OR IGNORE INTO Actor (id_actor, nombre, foto_path) VALUES (109, 'Elijah Wood', 'https://image.tmdb.org/t/p/original/7UKRbJBNG7mxBl2QQc5XsAh6F8B.jpg');
INSERT OR IGNORE INTO Actor (id_actor, nombre, foto_path) VALUES (1327, 'Ian McKellen', 'https://image.tmdb.org/t/p/original/coWjgMEYJjk2OrNddlXCBm8EIr3.jpg');
INSERT OR IGNORE INTO Actor (id_actor, nombre, foto_path) VALUES (110, 'Viggo Mortensen', 'https://image.tmdb.org/t/p/original/vH5gVSpHAMhDaFWfh0Q7BG61O1y.jpg');
INSERT OR IGNORE INTO Actor (id_actor, nombre, foto_path) VALUES (1328, 'Sean Astin', 'https://image.tmdb.org/t/p/original/As3ctGUtBYmG4zj4Ifyrcqd71HP.jpg');
INSERT OR IGNORE INTO Actor (id_actor, nombre, foto_path) VALUES (1333, 'Andy Serkis', 'https://image.tmdb.org/t/p/original/eNGqhebQ4cDssjVeNFrKtUvweV5.jpg');
INSERT OR REPLACE INTO Pelicula (id_pelicula, titulo, descripcion, poster_path, backdrop_path, trailer, anio_estreno, duracion) VALUES (122, 'El señor de los anillos: El retorno del rey', 'Las fuerzas de Saruman han sido destruidas, y su fortaleza sitiada. Ha llegado el momento de que se decida el destino de la Tierra Media, y por primera vez en mucho tiempo, parece que hay una pequeña esperanza. La atención del señor oscuro Sauron se centra ahora en Gondor, el último reducto de los hombres, y del cual Aragorn tendrá que reclamar el trono para ocupar su puesto de rey. Pero las fuerzas de Sauron ya se preparan para lanzar el último y definitivo ataque contra el reino de Gondor, la batalla que decidirá el destino de todos. Mientras tanto, Frodo y Sam continuan su camino hacia Mordor, a la espera de que Sauron no repare en que dos pequeños Hobbits se acercan cada día más al final de su camino, el Monte del Destino.', 'https://image.tmdb.org/t/p/original/mWuFbQrXyLk2kMBKF9TUPtDwuPx.jpg', 'https://image.tmdb.org/t/p/original/2u7zbn8EudG6kLlBzUYqP8RyFU4.jpg', 'https://www.youtube.com/watch?v=h-9RYiqyqjk', 2003, 202);
INSERT OR REPLACE INTO Pelicula_Actor (id_pelicula, id_actor, personaje) VALUES (122, 109, 'Frodo');
INSERT OR REPLACE INTO Pelicula_Actor (id_pelicula, id_actor, personaje) VALUES (122, 1327, 'Gandalf');
INSERT OR REPLACE INTO Pelicula_Actor (id_pelicula, id_actor, personaje) VALUES (122, 110, 'Aragorn');
INSERT OR REPLACE INTO Pelicula_Actor (id_pelicula, id_actor, personaje) VALUES (122, 1328, 'Sam');
INSERT OR REPLACE INTO Pelicula_Actor (id_pelicula, id_actor, personaje) VALUES (122, 1333, 'Gollum / Smeagol');
INSERT OR IGNORE INTO Pelicula_Categoria (id_pelicula, id_categoria) VALUES (122, 1);
INSERT OR IGNORE INTO Pelicula_Categoria (id_pelicula, id_categoria) VALUES (122, 3);
INSERT OR IGNORE INTO Pelicula_Categoria (id_pelicula, id_categoria) VALUES (122, 5);
-- Fin película: El señor de los anillos: El retorno del rey --
INSERT OR IGNORE INTO Actor (id_actor, nombre, foto_path) VALUES (8891, 'John Travolta', 'https://image.tmdb.org/t/p/original/ap8eEYfBKTLixmVVpRlq4NslDD5.jpg');
INSERT OR IGNORE INTO Actor (id_actor, nombre, foto_path) VALUES (2231, 'Samuel L. Jackson', 'https://image.tmdb.org/t/p/original/AiAYAqwpM5xmiFrAIeQvUXDCVvo.jpg');
INSERT OR IGNORE INTO Actor (id_actor, nombre, foto_path) VALUES (139, 'Uma Thurman', 'https://image.tmdb.org/t/p/original/sBgAZWi3o4FsnaTvnTNtK6jpQcF.jpg');
INSERT OR IGNORE INTO Actor (id_actor, nombre, foto_path) VALUES (62, 'Bruce Willis', 'https://image.tmdb.org/t/p/original/w3aXr1e7gQCn8MSp1vW4sXHn99P.jpg');
INSERT OR IGNORE INTO Actor (id_actor, nombre, foto_path) VALUES (10182, 'Ving Rhames', 'https://image.tmdb.org/t/p/original/rqPdVVIdt45wNDsXuREu2M6PApU.jpg');
INSERT OR REPLACE INTO Pelicula (id_pelicula, titulo, descripcion, poster_path, backdrop_path, trailer, anio_estreno, duracion) VALUES (680, 'Pulp Fiction', 'Jules y Vincent, dos asesinos a sueldo con muy pocas luces, trabajan para Marsellus Wallace. Vincent le confiesa a Jules que Marsellus le ha pedido que cuide de Mia, su mujer. Jules le recomienda prudencia porque es muy peligroso sobrepasarse con la novia del jefe. Cuando llega la hora de trabajar, ambos deben ponerse manos a la obra. Su misión: recuperar un misterioso maletín.', 'https://image.tmdb.org/t/p/original/hNcQAuquJxTxl2fJFs1R42DrWcf.jpg', 'https://image.tmdb.org/t/p/original/96hiUXEuYsu4tcnvlaY8tEMFM0m.jpg', 'https://www.youtube.com/watch?v=Yydi7TMo5n0', 1994, 154);
INSERT OR REPLACE INTO Pelicula_Actor (id_pelicula, id_actor, personaje) VALUES (680, 8891, 'Vincent Vega');
INSERT OR REPLACE INTO Pelicula_Actor (id_pelicula, id_actor, personaje) VALUES (680, 2231, 'Jules Winnfield');
INSERT OR REPLACE INTO Pelicula_Actor (id_pelicula, id_actor, personaje) VALUES (680, 139, 'Mia Wallace');
INSERT OR REPLACE INTO Pelicula_Actor (id_pelicula, id_actor, personaje) VALUES (680, 62, 'Butch Coolidge');
INSERT OR REPLACE INTO Pelicula_Actor (id_pelicula, id_actor, personaje) VALUES (680, 10182, 'Marsellus Wallace');
INSERT OR IGNORE INTO Pelicula_Categoria (id_pelicula, id_categoria) VALUES (680, 6);
INSERT OR IGNORE INTO Pelicula_Categoria (id_pelicula, id_categoria) VALUES (680, 9);
INSERT OR IGNORE INTO Pelicula_Categoria (id_pelicula, id_categoria) VALUES (680, 12);
-- Fin película: Pulp Fiction --
INSERT OR IGNORE INTO Actor (id_actor, nombre, foto_path) VALUES (225730, 'Ryunosuke Kamiki', 'https://image.tmdb.org/t/p/original/ut7ewXjdgUmgkhJ1EtbOo9tbc7s.jpg');
INSERT OR IGNORE INTO Actor (id_actor, nombre, foto_path) VALUES (1369100, '上白石萌音', 'https://image.tmdb.org/t/p/original/cPydoy2sSqFDsbXeBPmzQGPmq0R.jpg');
INSERT OR IGNORE INTO Actor (id_actor, nombre, foto_path) VALUES (1668610, '成田凌', 'https://image.tmdb.org/t/p/original/f42OXn4J7cM62wtykL196YW7x85.jpg');
INSERT OR IGNORE INTO Actor (id_actor, nombre, foto_path) VALUES (936275, 'Aoi Yuki', 'https://image.tmdb.org/t/p/original/a5Mkd66GV1l3c9bZZtnvjUf33T2.jpg');
INSERT OR IGNORE INTO Actor (id_actor, nombre, foto_path) VALUES (1210634, 'Nobunaga Shimazaki', 'https://image.tmdb.org/t/p/original/qke5rZusHsjSlvB0NKlJ5dQF5D.jpg');
INSERT OR REPLACE INTO Pelicula (id_pelicula, titulo, descripcion, poster_path, backdrop_path, trailer, anio_estreno, duracion) VALUES (372058, 'Your Name', 'Taki y Mitsuha descubren un día que durante el sueño sus cuerpos se intercambian, y comienzan a comunicarse por medio de notas. A medida que consiguen superar torpemente un reto tras otro, se va creando entre los dos un vínculo que poco a poco se convierte en algo más romántico.', 'https://image.tmdb.org/t/p/original/iaiy3tg9QVkDpObm1IGqmbC9A5C.jpg', 'https://image.tmdb.org/t/p/original/8x9iKH8kWA0zdkgNdpAew7OstYe.jpg', '', 2016, 106);
INSERT OR REPLACE INTO Pelicula_Actor (id_pelicula, id_actor, personaje) VALUES (372058, 225730, 'Taki Tachibana (voice)');
INSERT OR REPLACE INTO Pelicula_Actor (id_pelicula, id_actor, personaje) VALUES (372058, 1369100, 'Mitsuha Miyamizu (voice)');
INSERT OR REPLACE INTO Pelicula_Actor (id_pelicula, id_actor, personaje) VALUES (372058, 1668610, 'Katsuhiko Teshigawara (voice)');
INSERT OR REPLACE INTO Pelicula_Actor (id_pelicula, id_actor, personaje) VALUES (372058, 936275, 'Sayaka Natori (voice)');
INSERT OR REPLACE INTO Pelicula_Actor (id_pelicula, id_actor, personaje) VALUES (372058, 1210634, 'Tsukasa Fujii (voice)');
INSERT OR IGNORE INTO Pelicula_Categoria (id_pelicula, id_categoria) VALUES (372058, 5);
INSERT OR IGNORE INTO Pelicula_Categoria (id_pelicula, id_categoria) VALUES (372058, 10);
INSERT OR IGNORE INTO Pelicula_Categoria (id_pelicula, id_categoria) VALUES (372058, 7);
-- Fin película: Your Name --
INSERT OR IGNORE INTO Actor (id_actor, nombre, foto_path) VALUES (190, 'Clint Eastwood', 'https://image.tmdb.org/t/p/original/8TwdCfeOZH7ucRlfLZ6wObxa7cO.jpg');
INSERT OR IGNORE INTO Actor (id_actor, nombre, foto_path) VALUES (3265, 'Eli Wallach', 'https://image.tmdb.org/t/p/original/egLe8r2PwbTx9ocwS1Zu2vsYC9v.jpg');
INSERT OR IGNORE INTO Actor (id_actor, nombre, foto_path) VALUES (4078, 'Lee Van Cleef', 'https://image.tmdb.org/t/p/original/oEEsdGCBjpyJyVZlx1X8PKvHe7S.jpg');
INSERT OR IGNORE INTO Actor (id_actor, nombre, foto_path) VALUES (5813, 'Aldo Giuffrè', 'https://image.tmdb.org/t/p/original/aT6eECl1R3YGYL4KatyIQrq0zG8.jpg');
INSERT OR IGNORE INTO Actor (id_actor, nombre, foto_path) VALUES (5814, 'Luigi Pistilli', 'https://image.tmdb.org/t/p/original/bH5vmD2CMBHzJyBe0P0bL6iTUNL.jpg');
INSERT OR REPLACE INTO Pelicula (id_pelicula, titulo, descripcion, poster_path, backdrop_path, trailer, anio_estreno, duracion) VALUES (429, 'El bueno, el feo y el malo', 'Durante la Guerra de Secesión, tres cazadores de recompensas se lanzan a la búsqueda de un tesoro que ninguno de los tres truhanes puede localizar sin la ayuda de los otros dos. Tuco sabe que el tesoro se encuentra en un cementerio, mientras que Joe conoce el nombre inscrito en la tumba que lo esconde. Mientras tanto, Sentenza no duda en matar a mujeres y niños para conseguir su meta. De esta forma, los tres hombres colaboran en apariencia, pero al final intentarán eliminarse mutuamente.', 'https://image.tmdb.org/t/p/original/fSWnIXsxA47smMLwRELSWkxbVJ.jpg', 'https://image.tmdb.org/t/p/original/Adrip2Jqzw56KeuV2nAxucKMNXA.jpg', 'https://www.youtube.com/watch?v=9gEiRcNc2Rs', 1966, 161);
INSERT OR REPLACE INTO Pelicula_Actor (id_pelicula, id_actor, personaje) VALUES (429, 190, 'Blondie');
INSERT OR REPLACE INTO Pelicula_Actor (id_pelicula, id_actor, personaje) VALUES (429, 3265, 'Tuco Ramirez');
INSERT OR REPLACE INTO Pelicula_Actor (id_pelicula, id_actor, personaje) VALUES (429, 4078, 'Sentenza / Angel Eyes');
INSERT OR REPLACE INTO Pelicula_Actor (id_pelicula, id_actor, personaje) VALUES (429, 5813, 'Alcoholic Union Captain');
INSERT OR REPLACE INTO Pelicula_Actor (id_pelicula, id_actor, personaje) VALUES (429, 5814, 'Father Pablo Ramirez');
INSERT OR IGNORE INTO Pelicula_Categoria (id_pelicula, id_categoria) VALUES (429, 2);
-- Fin película: El bueno, el feo y el malo --
INSERT OR IGNORE INTO Actor (id_actor, nombre, foto_path) VALUES (10297, 'Matthew McConaughey', 'https://image.tmdb.org/t/p/original/lCySuYjhXix3FzQdS4oceDDrXKI.jpg');
INSERT OR IGNORE INTO Actor (id_actor, nombre, foto_path) VALUES (1813, 'Anne Hathaway', 'https://image.tmdb.org/t/p/original/nbccV2pMoyLTCeg5DQip24Eq0Jp.jpg');
INSERT OR IGNORE INTO Actor (id_actor, nombre, foto_path) VALUES (3895, 'Michael Caine', 'https://image.tmdb.org/t/p/original/bVZRMlpjTAO2pJK6v90buFgVbSW.jpg');
INSERT OR IGNORE INTO Actor (id_actor, nombre, foto_path) VALUES (83002, 'Jessica Chastain', 'https://image.tmdb.org/t/p/original/bXFXSlfCzoE5Py7KBP9P0Y0Ot1v.jpg');
INSERT OR IGNORE INTO Actor (id_actor, nombre, foto_path) VALUES (1893, 'Casey Affleck', 'https://image.tmdb.org/t/p/original/304ilSygaCRWykoBWAL67TOw8g9.jpg');
INSERT OR REPLACE INTO Pelicula (id_pelicula, titulo, descripcion, poster_path, backdrop_path, trailer, anio_estreno, duracion) VALUES (157336, 'Interstellar', 'Un grupo de exploradores hacen uso de un agujero de gusano recientemente descubierto para superar las limitaciones de los viajes espaciales tripulados y vencer las inmensas distancias que tiene un viaje interestelar.', 'https://image.tmdb.org/t/p/original/fbUwSqYIP0isCiJXey3staY3DNn.jpg', 'https://image.tmdb.org/t/p/original/5XNQBqnBwPA9yT0jZ0p3s8bbLh0.jpg', 'https://www.youtube.com/watch?v=UoSSbmD9vqc', 2014, 169);
INSERT OR REPLACE INTO Pelicula_Actor (id_pelicula, id_actor, personaje) VALUES (157336, 10297, 'Cooper');
INSERT OR REPLACE INTO Pelicula_Actor (id_pelicula, id_actor, personaje) VALUES (157336, 1813, 'Brand');
INSERT OR REPLACE INTO Pelicula_Actor (id_pelicula, id_actor, personaje) VALUES (157336, 3895, 'Professor Brand');
INSERT OR REPLACE INTO Pelicula_Actor (id_pelicula, id_actor, personaje) VALUES (157336, 83002, 'Murph');
INSERT OR REPLACE INTO Pelicula_Actor (id_pelicula, id_actor, personaje) VALUES (157336, 1893, 'Tom');
INSERT OR IGNORE INTO Pelicula_Categoria (id_pelicula, id_categoria) VALUES (157336, 1);
INSERT OR IGNORE INTO Pelicula_Categoria (id_pelicula, id_categoria) VALUES (157336, 7);
INSERT OR IGNORE INTO Pelicula_Categoria (id_pelicula, id_categoria) VALUES (157336, 3);
-- Fin película: Interstellar --
INSERT OR IGNORE INTO Actor (id_actor, nombre, foto_path) VALUES (31, 'Tom Hanks', 'https://image.tmdb.org/t/p/original/oFvZoKI6lvU03n4YoNGAll9rkas.jpg');
INSERT OR IGNORE INTO Actor (id_actor, nombre, foto_path) VALUES (32, 'Robin Wright', 'https://image.tmdb.org/t/p/original/d3rIv0y2p0jMsQ7ViR7O1606NZa.jpg');
INSERT OR IGNORE INTO Actor (id_actor, nombre, foto_path) VALUES (33, 'Gary Sinise', 'https://image.tmdb.org/t/p/original/olRjiV8ZhBixQiTvrGwXhpVXxsV.jpg');
INSERT OR IGNORE INTO Actor (id_actor, nombre, foto_path) VALUES (35, 'Sally Field', 'https://image.tmdb.org/t/p/original/5fBK36MdmdwQQMuP0W70rXADXih.jpg');
INSERT OR IGNORE INTO Actor (id_actor, nombre, foto_path) VALUES (34, 'Mykelti Williamson', 'https://image.tmdb.org/t/p/original/dR16zD9AjnHWbeN5OVmJWE0vSax.jpg');
INSERT OR REPLACE INTO Pelicula (id_pelicula, titulo, descripcion, poster_path, backdrop_path, trailer, anio_estreno, duracion) VALUES (13, 'Forrest Gump', 'Forrest Gump es un chico con deficiencias mentales no muy profundas y con alguna incapacidad motora que, a pesar de todo, llegará a convertirse, entre otras cosas, en un héroe durante la Guerra del Vietnam. Su persistencia y bondad le llevarán a conseguir una gran fortuna, ser objeto del clamor popular y a codearse con las más altas esferas sociales y políticas del país. Siempre sin olvidar a Jenny, su gran amor desde que era niño.', 'https://image.tmdb.org/t/p/original/oiqKEhEfxl9knzWXvWecJKN3aj6.jpg', 'https://image.tmdb.org/t/p/original/67HggiWaP9ZLv5sPYmyRV37yAJM.jpg', 'https://www.youtube.com/watch?v=aSEPD9w_dLM', 1994, 142);
INSERT OR REPLACE INTO Pelicula_Actor (id_pelicula, id_actor, personaje) VALUES (13, 31, 'Forrest Gump');
INSERT OR REPLACE INTO Pelicula_Actor (id_pelicula, id_actor, personaje) VALUES (13, 32, 'Jenny Curran');
INSERT OR REPLACE INTO Pelicula_Actor (id_pelicula, id_actor, personaje) VALUES (13, 33, 'Lieutenant Dan Taylor');
INSERT OR REPLACE INTO Pelicula_Actor (id_pelicula, id_actor, personaje) VALUES (13, 35, 'Mrs. Gump');
INSERT OR REPLACE INTO Pelicula_Actor (id_pelicula, id_actor, personaje) VALUES (13, 34, 'Bubba Blue');
INSERT OR IGNORE INTO Pelicula_Categoria (id_pelicula, id_categoria) VALUES (13, 12);
INSERT OR IGNORE INTO Pelicula_Categoria (id_pelicula, id_categoria) VALUES (13, 7);
INSERT OR IGNORE INTO Pelicula_Categoria (id_pelicula, id_categoria) VALUES (13, 10);
-- Fin película: Forrest Gump --
INSERT OR IGNORE INTO Actor (id_actor, nombre, foto_path) VALUES (380, 'Robert De Niro', 'https://image.tmdb.org/t/p/original/cT8htcckIuyI1Lqwt1CvD02ynTh.jpg');
INSERT OR IGNORE INTO Actor (id_actor, nombre, foto_path) VALUES (11477, 'Ray Liotta', 'https://image.tmdb.org/t/p/original/rhaCUi04uEXDFvuPM5Drj1AprE6.jpg');
INSERT OR IGNORE INTO Actor (id_actor, nombre, foto_path) VALUES (4517, 'Joe Pesci', 'https://image.tmdb.org/t/p/original/zbAdhqbMfRXSz26TjxJvB5f2eL5.jpg');
INSERT OR IGNORE INTO Actor (id_actor, nombre, foto_path) VALUES (11478, 'Lorraine Bracco', 'https://image.tmdb.org/t/p/original/tAtpCzN4sTOy1RHpMpJj52zTO4S.jpg');
INSERT OR IGNORE INTO Actor (id_actor, nombre, foto_path) VALUES (7004, 'Paul Sorvino', 'https://image.tmdb.org/t/p/original/1gF0UskusEdDcNaBDJ2CMsz5Agi.jpg');
INSERT OR REPLACE INTO Pelicula (id_pelicula, titulo, descripcion, poster_path, backdrop_path, trailer, anio_estreno, duracion) VALUES (769, 'Uno de los nuestros', 'Henry, un niño de trece años de Brooklyn, vive fascinado con el mundo de los gángsters. Su sueño se hace realidad cuando entra a formar parte de la familia Pauline, dueña absoluta de la zona, que lo educan como un miembro más de la banda convirtiéndole en un destacado mafioso.', 'https://image.tmdb.org/t/p/original/3Yy0zBO9AlyAZH1cTI8Ko2ouCi.jpg', 'https://image.tmdb.org/t/p/original/gILte6Zd7m1YneIr6MVhh30S9pr.jpg', 'https://www.youtube.com/watch?v=Shj-QWYDn_M', 1990, 146);
INSERT OR REPLACE INTO Pelicula_Actor (id_pelicula, id_actor, personaje) VALUES (769, 380, 'James Conway');
INSERT OR REPLACE INTO Pelicula_Actor (id_pelicula, id_actor, personaje) VALUES (769, 11477, 'Henry Hill');
INSERT OR REPLACE INTO Pelicula_Actor (id_pelicula, id_actor, personaje) VALUES (769, 4517, 'Tommy DeVito');
INSERT OR REPLACE INTO Pelicula_Actor (id_pelicula, id_actor, personaje) VALUES (769, 11478, 'Karen Hill');
INSERT OR REPLACE INTO Pelicula_Actor (id_pelicula, id_actor, personaje) VALUES (769, 7004, 'Paul Cicero');
INSERT OR IGNORE INTO Pelicula_Categoria (id_pelicula, id_categoria) VALUES (769, 7);
INSERT OR IGNORE INTO Pelicula_Categoria (id_pelicula, id_categoria) VALUES (769, 9);
-- Fin película: Uno de los nuestros --
INSERT OR IGNORE INTO Actor (id_actor, nombre, foto_path) VALUES (7450, 'Toshirō Mifune', 'https://image.tmdb.org/t/p/original/3A9PqrtiXHLp8B2JL7m3YvVXrmL.jpg');
INSERT OR IGNORE INTO Actor (id_actor, nombre, foto_path) VALUES (7453, '志村喬', 'https://image.tmdb.org/t/p/original/ydyAm2vyBbEPZRICIMqqjDm0NM9.jpg');
INSERT OR IGNORE INTO Actor (id_actor, nombre, foto_path) VALUES (20828, '稲葉義男', 'https://image.tmdb.org/t/p/original/5qIAqM5PegWTNq67qNofz78fb6U.jpg');
INSERT OR IGNORE INTO Actor (id_actor, nombre, foto_path) VALUES (20829, '宮口精二', 'https://image.tmdb.org/t/p/original/mAGkZlsowKzgpvvi40mRLU4vA53.jpg');
INSERT OR IGNORE INTO Actor (id_actor, nombre, foto_path) VALUES (7454, '千秋実', 'https://image.tmdb.org/t/p/original/9E3efYEg8pxANdfVLqYGiX8zJE8.jpg');
INSERT OR REPLACE INTO Pelicula (id_pelicula, titulo, descripcion, poster_path, backdrop_path, trailer, anio_estreno, duracion) VALUES (346, 'Los siete samuráis', 'Una banda de forajidos atemorizan a los habitantes de un pequeño pueblo, saqueándolos periódicamente sin piedad. Para repeler estos ataques, los aldeanos deciden contratar a mercenarios. Finalmente, consiguen los servicios de 7 guerreros, 7 samurais dispuestos a defenderlos a cambio, tan solo, de cobijo y comida.', 'https://image.tmdb.org/t/p/original/zr4DkzWIMjaWtj6hlsbN6dnNeTX.jpg', 'https://image.tmdb.org/t/p/original/qvZ91FwMq6O47VViAr8vZNQz3WI.jpg', '', 1954, 207);
INSERT OR REPLACE INTO Pelicula_Actor (id_pelicula, id_actor, personaje) VALUES (346, 7450, 'Kikuchiyo');
INSERT OR REPLACE INTO Pelicula_Actor (id_pelicula, id_actor, personaje) VALUES (346, 7453, 'Kambei Shimada');
INSERT OR REPLACE INTO Pelicula_Actor (id_pelicula, id_actor, personaje) VALUES (346, 20828, 'Gorobei Katayama');
INSERT OR REPLACE INTO Pelicula_Actor (id_pelicula, id_actor, personaje) VALUES (346, 20829, 'Kyuzo');
INSERT OR REPLACE INTO Pelicula_Actor (id_pelicula, id_actor, personaje) VALUES (346, 7454, 'Heihachi Hayashida');
INSERT OR IGNORE INTO Pelicula_Categoria (id_pelicula, id_categoria) VALUES (346, 5);
INSERT OR IGNORE INTO Pelicula_Categoria (id_pelicula, id_categoria) VALUES (346, 7);
-- Fin película: Los siete samuráis --
INSERT OR IGNORE INTO Actor (id_actor, nombre, foto_path) VALUES (72413, '辰巳努', 'https://image.tmdb.org/t/p/original/opRQfqXqAcUaqLMNARi78S7KZVa.jpg');
INSERT OR IGNORE INTO Actor (id_actor, nombre, foto_path) VALUES (72414, '白石綾乃', 'https://image.tmdb.org/t/p/original/ltxZJRUAMsKqnflUKw1zlSjMhcu.jpg');
INSERT OR IGNORE INTO Actor (id_actor, nombre, foto_path) VALUES (72415, '志乃原良子', 'https://image.tmdb.org/t/p/original/yvpARjDfEri1a3nh7OXywzWb1Xn.jpg');
INSERT OR IGNORE INTO Actor (id_actor, nombre, foto_path) VALUES (72416, '山口朱美', '');
INSERT OR IGNORE INTO Actor (id_actor, nombre, foto_path) VALUES (3773484, 'Masayo Sakai', '');
INSERT OR REPLACE INTO Pelicula (id_pelicula, titulo, descripcion, poster_path, backdrop_path, trailer, anio_estreno, duracion) VALUES (12477, 'La tumba de las luciérnagas', 'Verano de 1945. La aviación estadounidense somete las ciudades japonesas a continuos ataques aéreos. En uno de ellos, una incursión con bombas incendiarias convierte la ciudad de Kōbe en un infierno humeante, para los dos protagonistas (Seita, de 14 años, y su hermanita Setsuko, de 5). El joven Seita y su pequeña hermana Setsuko son hijos de un oficial de la marina japonesa. Durante la Segunda Guerra Mundial, ambos viven con su madre, pero un día, tras un bombardeo, ellos se retrasan y no consiguen llegar al búnker donde ella los espera.', 'https://image.tmdb.org/t/p/original/juKTAn2AuoE9MvCNvf3kwZrt1t4.jpg', 'https://image.tmdb.org/t/p/original/aHaqZpOL7UyVu0nKqp3SMz0o2E1.jpg', 'https://www.youtube.com/watch?v=3YeP-UMHVaE', 1988, 95);
INSERT OR REPLACE INTO Pelicula_Actor (id_pelicula, id_actor, personaje) VALUES (12477, 72413, 'Seita (voice)');
INSERT OR REPLACE INTO Pelicula_Actor (id_pelicula, id_actor, personaje) VALUES (12477, 72414, 'Setsuko (voice)');
INSERT OR REPLACE INTO Pelicula_Actor (id_pelicula, id_actor, personaje) VALUES (12477, 72415, 'Mother (voice)');
INSERT OR REPLACE INTO Pelicula_Actor (id_pelicula, id_actor, personaje) VALUES (12477, 72416, 'Auntie (voice)');
INSERT OR REPLACE INTO Pelicula_Actor (id_pelicula, id_actor, personaje) VALUES (12477, 3773484, 'Woman who takes care of Setsuko (voice)');
INSERT OR IGNORE INTO Pelicula_Categoria (id_pelicula, id_categoria) VALUES (12477, 5);
INSERT OR IGNORE INTO Pelicula_Categoria (id_pelicula, id_categoria) VALUES (12477, 7);
INSERT OR IGNORE INTO Pelicula_Categoria (id_pelicula, id_categoria) VALUES (12477, 1);
-- Fin película: La tumba de las luciérnagas --
INSERT OR IGNORE INTO Actor (id_actor, nombre, foto_path) VALUES (4818, 'Roberto Benigni', 'https://image.tmdb.org/t/p/original/ba1Sg02XxCphu6E1dWDMAH1GzeE.jpg');
INSERT OR IGNORE INTO Actor (id_actor, nombre, foto_path) VALUES (9235, 'Nicoletta Braschi', 'https://image.tmdb.org/t/p/original/9IeE3Iz9HXZVTrvhjSCKlR4FLxB.jpg');
INSERT OR IGNORE INTO Actor (id_actor, nombre, foto_path) VALUES (9236, 'Giorgio Cantarini', 'https://image.tmdb.org/t/p/original/1tKZHpVTYcw8EP3naVTZFlrOkhQ.jpg');
INSERT OR IGNORE INTO Actor (id_actor, nombre, foto_path) VALUES (9237, 'Giustino Durano', 'https://image.tmdb.org/t/p/original/5VbG50qZNUnpx6UW7594RUlX7SZ.jpg');
INSERT OR IGNORE INTO Actor (id_actor, nombre, foto_path) VALUES (9239, 'Sergio Bini Bustric', 'https://image.tmdb.org/t/p/original/crnlLn1SxP2LqbsXNr8CQrvaiNc.jpg');
INSERT OR REPLACE INTO Pelicula (id_pelicula, titulo, descripcion, poster_path, backdrop_path, trailer, anio_estreno, duracion) VALUES (637, 'La vida es bella', 'En 1939, a punto de estallar la Segunda Guerra Mundial (1939-1945), el extravagante Guido llega a Arezzo, en la Toscana, con la intención de abrir una librería. Allí conoce a la encantadora Dora y, a pesar de que es la prometida del fascista Rodolfo, se casa con ella y tiene un hijo. Al estallar la guerra, los tres son internados en un campo de exterminio, donde Guido hará lo imposible para hacer creer a su hijo que la terrible situación que están padeciendo es tan sólo un juego.', 'https://image.tmdb.org/t/p/original/aZ7MFlKPfB02Lr9NwZQ4vsYRgcy.jpg', 'https://image.tmdb.org/t/p/original/6aNKD81RHR1DqUUa8kOZ1TBY1Lp.jpg', '', 1997, 117);
INSERT OR REPLACE INTO Pelicula_Actor (id_pelicula, id_actor, personaje) VALUES (637, 4818, 'Guido');
INSERT OR REPLACE INTO Pelicula_Actor (id_pelicula, id_actor, personaje) VALUES (637, 9235, 'Dora');
INSERT OR REPLACE INTO Pelicula_Actor (id_pelicula, id_actor, personaje) VALUES (637, 9236, 'Giosué');
INSERT OR REPLACE INTO Pelicula_Actor (id_pelicula, id_actor, personaje) VALUES (637, 9237, 'Zio');
INSERT OR REPLACE INTO Pelicula_Actor (id_pelicula, id_actor, personaje) VALUES (637, 9239, 'Ferruccio');
INSERT OR IGNORE INTO Pelicula_Categoria (id_pelicula, id_categoria) VALUES (637, 12);
INSERT OR IGNORE INTO Pelicula_Categoria (id_pelicula, id_categoria) VALUES (637, 7);
-- Fin película: La vida es bella --

-- === LOTE: Top Rated - Page 2 (2026-02-06T06:29:02.475Z) ===
INSERT OR IGNORE INTO Actor (id_actor, nombre, foto_path) VALUES (819, 'Edward Norton', 'https://image.tmdb.org/t/p/original/8nytsqL59SFJTVYVrN72k6qkGgJ.jpg');
INSERT OR IGNORE INTO Actor (id_actor, nombre, foto_path) VALUES (287, 'Brad Pitt', 'https://image.tmdb.org/t/p/original/cckcYc2v0yh1tc9QjRelptcOBko.jpg');
INSERT OR IGNORE INTO Actor (id_actor, nombre, foto_path) VALUES (1283, 'Helena Bonham Carter', 'https://image.tmdb.org/t/p/original/hJMbNSPJ2PCahsP3rNEU39C8GWU.jpg');
INSERT OR IGNORE INTO Actor (id_actor, nombre, foto_path) VALUES (7470, 'Meat Loaf', 'https://image.tmdb.org/t/p/original/7gKLR1u46OB8WJ6m06LemNBCMx6.jpg');
INSERT OR IGNORE INTO Actor (id_actor, nombre, foto_path) VALUES (7499, 'Jared Leto', 'https://image.tmdb.org/t/p/original/ca3x0OfIKbJppZh8S1Alx3GfUZO.jpg');
INSERT OR REPLACE INTO Pelicula (id_pelicula, titulo, descripcion, poster_path, backdrop_path, trailer, anio_estreno, duracion) VALUES (550, 'El Club de la Lucha', 'Un hombre consumido por el insomnio y una vida sin sentido conoce a Tyler Durden, un carismático anarquista que lo arrastra a un club secreto donde el dolor despierta algo dormido. Lo que comienza como liberación pronto se convierte en una guerra contra el sistema…', 'https://image.tmdb.org/t/p/original/sgTAWJFaB2kBvdQxRGabYFiQqEK.jpg', 'https://image.tmdb.org/t/p/original/5TiwfWEaPSwD20uwXjCTUqpQX70.jpg', 'https://www.youtube.com/watch?v=aIo4Adm96EA', 1999, 139);
INSERT OR REPLACE INTO Pelicula_Actor (id_pelicula, id_actor, personaje) VALUES (550, 819, 'Narrator');
INSERT OR REPLACE INTO Pelicula_Actor (id_pelicula, id_actor, personaje) VALUES (550, 287, 'Tyler Durden');
INSERT OR REPLACE INTO Pelicula_Actor (id_pelicula, id_actor, personaje) VALUES (550, 1283, 'Marla Singer');
INSERT OR REPLACE INTO Pelicula_Actor (id_pelicula, id_actor, personaje) VALUES (550, 7470, 'Robert Paulson');
INSERT OR REPLACE INTO Pelicula_Actor (id_pelicula, id_actor, personaje) VALUES (550, 7499, 'Angel Face');
INSERT OR IGNORE INTO Pelicula_Categoria (id_pelicula, id_categoria) VALUES (550, 7);
INSERT OR IGNORE INTO Pelicula_Categoria (id_pelicula, id_categoria) VALUES (550, 6);
-- Fin película: El Club de la Lucha --
INSERT OR IGNORE INTO Actor (id_actor, nombre, foto_path) VALUES (70131, 'Tatsuya Nakadai', 'https://image.tmdb.org/t/p/original/4LygOe0vFQplLIft5IUWI5OewPX.jpg');
INSERT OR IGNORE INTO Actor (id_actor, nombre, foto_path) VALUES (76977, '石濱朗', 'https://image.tmdb.org/t/p/original/sQC3XSIR0LeYPz11VJt8nJoeRKY.jpg');
INSERT OR IGNORE INTO Actor (id_actor, nombre, foto_path) VALUES (76976, '岩下志麻', 'https://image.tmdb.org/t/p/original/jVKVxWiaBP3ul4rztvB5vMgPoFv.jpg');
INSERT OR IGNORE INTO Actor (id_actor, nombre, foto_path) VALUES (10071, '丹波哲郎', 'https://image.tmdb.org/t/p/original/hrjJ1JfkVxjAOQ6IaSM6wBsIaAO.jpg');
INSERT OR IGNORE INTO Actor (id_actor, nombre, foto_path) VALUES (125721, '三島雅夫', 'https://image.tmdb.org/t/p/original/bfPdwV4TCWJ7jjf16MFNsOndHWB.jpg');
INSERT OR REPLACE INTO Pelicula (id_pelicula, titulo, descripcion, poster_path, backdrop_path, trailer, anio_estreno, duracion) VALUES (14537, 'Harakiri', 'Un samurái pide permiso para practicarse el Seppuku (o Harakiri), ceremonia durante la cual se quitará la vida abriéndose el estómago al tiempo que otro samurái lo decapitará. Solicita también poder contar la historia que le ha llevado a tomar tan trágica decisión.', 'https://image.tmdb.org/t/p/original/3uRTEObwdN7Q3u5xswL2Vf8EsOn.jpg', 'https://image.tmdb.org/t/p/original/e3hG3uadtcP0pYdRa5ch4ysQW76.jpg', 'https://www.youtube.com/watch?v=d4XmPZvKh0g', 1962, 133);
INSERT OR REPLACE INTO Pelicula_Actor (id_pelicula, id_actor, personaje) VALUES (14537, 70131, 'Hanshiro Tsugumo');
INSERT OR REPLACE INTO Pelicula_Actor (id_pelicula, id_actor, personaje) VALUES (14537, 76977, 'Motome Chijiiwa');
INSERT OR REPLACE INTO Pelicula_Actor (id_pelicula, id_actor, personaje) VALUES (14537, 76976, 'Miho Tsugumo');
INSERT OR REPLACE INTO Pelicula_Actor (id_pelicula, id_actor, personaje) VALUES (14537, 10071, 'Hikokuro Omodaka');
INSERT OR REPLACE INTO Pelicula_Actor (id_pelicula, id_actor, personaje) VALUES (14537, 125721, 'Tango Inaba');
INSERT OR IGNORE INTO Pelicula_Categoria (id_pelicula, id_categoria) VALUES (14537, 5);
INSERT OR IGNORE INTO Pelicula_Categoria (id_pelicula, id_categoria) VALUES (14537, 7);
INSERT OR IGNORE INTO Pelicula_Categoria (id_pelicula, id_categoria) VALUES (14537, 1);
-- Fin película: Harakiri --
INSERT OR IGNORE INTO Actor (id_actor, nombre, foto_path) VALUES (24366, 'Philippe Noiret', 'https://image.tmdb.org/t/p/original/c2SR01KxuSOGpKh6rOtQMpmSREe.jpg');
INSERT OR IGNORE INTO Actor (id_actor, nombre, foto_path) VALUES (20030, 'Jacques Perrin', 'https://image.tmdb.org/t/p/original/lGbDfSdDgFg3QHgungWIDsV9uh7.jpg');
INSERT OR IGNORE INTO Actor (id_actor, nombre, foto_path) VALUES (27643, 'Marco Leonardi', 'https://image.tmdb.org/t/p/original/5VVhO9rPvRgKsZME2gZKtG9WgWD.jpg');
INSERT OR IGNORE INTO Actor (id_actor, nombre, foto_path) VALUES (68635, 'Salvatore Cascio', 'https://image.tmdb.org/t/p/original/7t59ZGfLUv30DBgoUcqXXhK0t6Y.jpg');
INSERT OR IGNORE INTO Actor (id_actor, nombre, foto_path) VALUES (120152, 'Agnese Nano', 'https://image.tmdb.org/t/p/original/gUbvX3dm8rIq58phY8jSl3oPgUe.jpg');
INSERT OR REPLACE INTO Pelicula (id_pelicula, titulo, descripcion, poster_path, backdrop_path, trailer, anio_estreno, duracion) VALUES (11216, 'Cinema Paradiso', 'En un pequeño pueblo siciliano durante los años previos a la llegada de la televisión (justo al finalizar la Segunda Guerra Mundial) el joven Toto vivía fascinado por el cine. Toto trata de entablar amistad con Alfredo, el proyeccionista del cine local, una persona muy irritable pero con un gran corazón. Todos estos hechos se presentan en forma de nostálgicos recuerdos de Toto que ha crecido hasta convertirse en un cineasta de éxito, y que revive a su infancia cuando recibe la noticia de que Alfredo ha muerto.', 'https://image.tmdb.org/t/p/original/hHwsr3t5n7VVUbPyU8VZswn0jkL.jpg', 'https://image.tmdb.org/t/p/original/zoVeIgKzGJzpdG6Gwnr7iOYfIMU.jpg', '', 1988, 155);
INSERT OR REPLACE INTO Pelicula_Actor (id_pelicula, id_actor, personaje) VALUES (11216, 24366, 'Alfredo');
INSERT OR REPLACE INTO Pelicula_Actor (id_pelicula, id_actor, personaje) VALUES (11216, 20030, 'Salvatore 'Totò' Di Vita (adult)');
INSERT OR REPLACE INTO Pelicula_Actor (id_pelicula, id_actor, personaje) VALUES (11216, 27643, 'Salvatore 'Totò' Di Vita (teen)');
INSERT OR REPLACE INTO Pelicula_Actor (id_pelicula, id_actor, personaje) VALUES (11216, 68635, 'Salvatore 'Totò' Di Vita (child)');
INSERT OR REPLACE INTO Pelicula_Actor (id_pelicula, id_actor, personaje) VALUES (11216, 120152, 'Elena Mendola (teen) / Elena's daughter (in Director's cut)');
INSERT OR IGNORE INTO Pelicula_Categoria (id_pelicula, id_categoria) VALUES (11216, 7);
INSERT OR IGNORE INTO Pelicula_Categoria (id_pelicula, id_categoria) VALUES (11216, 10);
-- Fin película: Cinema Paradiso --
INSERT OR IGNORE INTO Actor (id_actor, nombre, foto_path) VALUES (8595, 'Alexandre Rodrigues', 'https://image.tmdb.org/t/p/original/iExs5h6LeFmdR3kDtSS5xYU1Qgx.jpg');
INSERT OR IGNORE INTO Actor (id_actor, nombre, foto_path) VALUES (8596, 'Leandro Firmino', 'https://image.tmdb.org/t/p/original/aEzWJgEzId04EP8C2UFQaF28WTW.jpg');
INSERT OR IGNORE INTO Actor (id_actor, nombre, foto_path) VALUES (8597, 'Phellipe Haagensen', 'https://image.tmdb.org/t/p/original/3dxy4unadLTAb6aUQUyX2r3AkE.jpg');
INSERT OR IGNORE INTO Actor (id_actor, nombre, foto_path) VALUES (8598, 'Douglas Silva', 'https://image.tmdb.org/t/p/original/7C2ZoLBU0W2gwnGbNRbi1cyIU2h.jpg');
INSERT OR IGNORE INTO Actor (id_actor, nombre, foto_path) VALUES (8599, 'Jonathan Haagensen', 'https://image.tmdb.org/t/p/original/cha3GxI1MfbCjc973iUNKUvopQF.jpg');
INSERT OR REPLACE INTO Pelicula (id_pelicula, titulo, descripcion, poster_path, backdrop_path, trailer, anio_estreno, duracion) VALUES (598, 'Ciudad de Dios', 'Basada en hechos reales, cuenta la historia del crecimiento del crimen organizado en los suburbios de la ciudad de Río de Janeiro, desde finales de los años sesenta hasta el comienzo de los ochenta, cuando el tráfico de drogas y la violencia impusieron su ley entre la miseria de las favelas.“Buscapé” tiene 11 años y es sólo un niño más en Cidade de Deus, un suburbio de Río de Janeiro. Tímido y delicado, observa a los niños duros de su barrio, sus robos, sus peleas, sus enfrentamientos diarios con la policía. Ya sabe lo que quiere ser si consigue sobrevivir: fotógrafo. “Dadinho”, un niño de su misma edad, se traslada al barrio. Sueña con ser el criminal más peligroso de Río de Janeiro y empieza su aprendizaje haciendo recados para los delincuentes locales. Dos vidas paralelas en Cidade de Deus.', 'https://image.tmdb.org/t/p/original/zYjngc6yGUO1IEuAwk0yAhg8CKh.jpg', 'https://image.tmdb.org/t/p/original/uvitbjFU4JqvMwIkMWHp69bmUzG.jpg', 'https://www.youtube.com/watch?v=63kaF1n5sz0', 2002, 130);
INSERT OR REPLACE INTO Pelicula_Actor (id_pelicula, id_actor, personaje) VALUES (598, 8595, 'Buscapé - Rocket');
INSERT OR REPLACE INTO Pelicula_Actor (id_pelicula, id_actor, personaje) VALUES (598, 8596, 'Zé Pequeno - Li'l Zé');
INSERT OR REPLACE INTO Pelicula_Actor (id_pelicula, id_actor, personaje) VALUES (598, 8597, 'Bené - Benny');
INSERT OR REPLACE INTO Pelicula_Actor (id_pelicula, id_actor, personaje) VALUES (598, 8598, 'Dadinho - Li'l Dice');
INSERT OR REPLACE INTO Pelicula_Actor (id_pelicula, id_actor, personaje) VALUES (598, 8599, 'Cabeleira - Shaggy');
INSERT OR IGNORE INTO Pelicula_Categoria (id_pelicula, id_categoria) VALUES (598, 7);
INSERT OR IGNORE INTO Pelicula_Categoria (id_pelicula, id_categoria) VALUES (598, 9);
-- Fin película: Ciudad de Dios --
INSERT OR IGNORE INTO Actor (id_actor, nombre, foto_path) VALUES (109, 'Elijah Wood', 'https://image.tmdb.org/t/p/original/7UKRbJBNG7mxBl2QQc5XsAh6F8B.jpg');
INSERT OR IGNORE INTO Actor (id_actor, nombre, foto_path) VALUES (1327, 'Ian McKellen', 'https://image.tmdb.org/t/p/original/coWjgMEYJjk2OrNddlXCBm8EIr3.jpg');
INSERT OR IGNORE INTO Actor (id_actor, nombre, foto_path) VALUES (110, 'Viggo Mortensen', 'https://image.tmdb.org/t/p/original/vH5gVSpHAMhDaFWfh0Q7BG61O1y.jpg');
INSERT OR IGNORE INTO Actor (id_actor, nombre, foto_path) VALUES (1328, 'Sean Astin', 'https://image.tmdb.org/t/p/original/As3ctGUtBYmG4zj4Ifyrcqd71HP.jpg');
INSERT OR IGNORE INTO Actor (id_actor, nombre, foto_path) VALUES (65, 'Ian Holm', 'https://image.tmdb.org/t/p/original/cOJDgvgj4nMec6Inzj1H5nugTO5.jpg');
INSERT OR REPLACE INTO Pelicula (id_pelicula, titulo, descripcion, poster_path, backdrop_path, trailer, anio_estreno, duracion) VALUES (120, 'El señor de los anillos: La comunidad del anillo', 'En la Tierra Media, el Señor Oscuro Saurón creó los Grandes Anillos de Poder, forjados por los herreros Elfos. Tres para los reyes Elfos, siete para los Señores Enanos, y nueve para los Hombres Mortales. Secretamente, Saurón también forjó un anillo maestro, el Anillo Único, que contiene en sí el poder para esclavizar a toda la Tierra Media. Con la ayuda de un grupo de amigos y de valientes aliados, Frodo emprende un peligroso viaje con la misión de destruir el Anillo Único. Pero el Señor Oscuro Sauron, quien creara el Anillo, envía a sus servidores para perseguir al grupo. Si Sauron lograra recuperar el Anillo, sería el final de la Tierra Media.', 'https://image.tmdb.org/t/p/original/9xtH1RmAzQ0rrMBNUMXstb2s3er.jpg', 'https://image.tmdb.org/t/p/original/a0lfia8tk8ifkrve0Tn8wkISUvs.jpg', 'https://www.youtube.com/watch?v=3GJp6p_mgPo', 2001, 179);
INSERT OR REPLACE INTO Pelicula_Actor (id_pelicula, id_actor, personaje) VALUES (120, 109, 'Frodo');
INSERT OR REPLACE INTO Pelicula_Actor (id_pelicula, id_actor, personaje) VALUES (120, 1327, 'Gandalf');
INSERT OR REPLACE INTO Pelicula_Actor (id_pelicula, id_actor, personaje) VALUES (120, 110, 'Aragorn');
INSERT OR REPLACE INTO Pelicula_Actor (id_pelicula, id_actor, personaje) VALUES (120, 1328, 'Sam');
INSERT OR REPLACE INTO Pelicula_Actor (id_pelicula, id_actor, personaje) VALUES (120, 65, 'Bilbo');
INSERT OR IGNORE INTO Pelicula_Categoria (id_pelicula, id_categoria) VALUES (120, 1);
INSERT OR IGNORE INTO Pelicula_Categoria (id_pelicula, id_categoria) VALUES (120, 3);
INSERT OR IGNORE INTO Pelicula_Categoria (id_pelicula, id_categoria) VALUES (120, 5);
-- Fin película: El señor de los anillos: La comunidad del anillo --
INSERT OR IGNORE INTO Actor (id_actor, nombre, foto_path) VALUES (1508206, 'Nora Velázquez', 'https://image.tmdb.org/t/p/original/lh3fpLrabTkEuJ6rDGaighy1N1C.jpg');
INSERT OR IGNORE INTO Actor (id_actor, nombre, foto_path) VALUES (1379379, 'Benny Emmanuel', 'https://image.tmdb.org/t/p/original/rSqiumttAOg08Auypm5Z7FpdvMS.jpg');
INSERT OR IGNORE INTO Actor (id_actor, nombre, foto_path) VALUES (224508, 'Luisa Huertas', 'https://image.tmdb.org/t/p/original/pk2t0f2EcRGxg55xG9gkbyk2xkH.jpg');
INSERT OR IGNORE INTO Actor (id_actor, nombre, foto_path) VALUES (941366, 'Salvador Garcini', '');
INSERT OR IGNORE INTO Actor (id_actor, nombre, foto_path) VALUES (1549908, 'Andrés Delgado', 'https://image.tmdb.org/t/p/original/gq7nwfzsF9R81qGCc2tlzgO2FI7.jpg');
INSERT OR REPLACE INTO Pelicula (id_pelicula, titulo, descripcion, poster_path, backdrop_path, trailer, anio_estreno, duracion) VALUES (667257, 'Cosas imposibles', 'La vida es tan curiosa e impredecible que, a veces, uno encuentra la felicidad donde menos lo espera. Matilde es una mujer que, tras la muerte de su esposo –un hombre que abusó de ella constantemente–, encuentra a su nuevo gran amigo en Miguel, su vecino joven, inseguro, desorientado y hasta dealer..', 'https://image.tmdb.org/t/p/original/eaf7GQj0ieOwm08rrvjJQNbN0kN.jpg', 'https://image.tmdb.org/t/p/original/bxSBOAD8AuMHYMdW3jso9npAkgt.jpg', 'https://www.youtube.com/watch?v=WNysxnl_4co', 2021, 88);
INSERT OR REPLACE INTO Pelicula_Actor (id_pelicula, id_actor, personaje) VALUES (667257, 1508206, 'Matilde');
INSERT OR REPLACE INTO Pelicula_Actor (id_pelicula, id_actor, personaje) VALUES (667257, 1379379, 'Miguel');
INSERT OR REPLACE INTO Pelicula_Actor (id_pelicula, id_actor, personaje) VALUES (667257, 224508, 'Eugenia');
INSERT OR REPLACE INTO Pelicula_Actor (id_pelicula, id_actor, personaje) VALUES (667257, 941366, 'Porfirio');
INSERT OR REPLACE INTO Pelicula_Actor (id_pelicula, id_actor, personaje) VALUES (667257, 1549908, 'Lalo');
INSERT OR IGNORE INTO Pelicula_Categoria (id_pelicula, id_categoria) VALUES (667257, 12);
INSERT OR IGNORE INTO Pelicula_Categoria (id_pelicula, id_categoria) VALUES (667257, 7);
-- Fin película: Cosas imposibles --
INSERT OR IGNORE INTO Actor (id_actor, nombre, foto_path) VALUES (7301, 'Anthony Perkins', 'https://image.tmdb.org/t/p/original/7FipKwmg2woHNvt5ATeXLBirHXs.jpg');
INSERT OR IGNORE INTO Actor (id_actor, nombre, foto_path) VALUES (7302, 'Janet Leigh', 'https://image.tmdb.org/t/p/original/2dv9IqJEx31RSoH7xAHlJZXF5uB.jpg');
INSERT OR IGNORE INTO Actor (id_actor, nombre, foto_path) VALUES (7303, 'Vera Miles', 'https://image.tmdb.org/t/p/original/9PDTsJnBfrAlvVPOBBFS3ehN8lD.jpg');
INSERT OR IGNORE INTO Actor (id_actor, nombre, foto_path) VALUES (7304, 'John Gavin', 'https://image.tmdb.org/t/p/original/n8vlG1PRtNzv6vlwjTNK7UnoKr0.jpg');
INSERT OR IGNORE INTO Actor (id_actor, nombre, foto_path) VALUES (1936, 'Martin Balsam', 'https://image.tmdb.org/t/p/original/2q7xs6j6vGll3pc9Mm6TUEvvwBf.jpg');
INSERT OR REPLACE INTO Pelicula (id_pelicula, titulo, descripcion, poster_path, backdrop_path, trailer, anio_estreno, duracion) VALUES (539, 'Psicosis', 'Una joven secretaria, tras cometer un robo, se marcha de la ciudad y conduce durante horas, parando para descansar en un pequeño motel de carretera regentado por un joven llamado Norman. Todo parece normal y tranquilo en el apartado motel y en la casa de al lado en la que viven Norman y su madre pero, mientras está en la ducha, la joven es asesinada salvajemente a cuchilladas.', 'https://image.tmdb.org/t/p/original/xFbnc2QPG5H5gYWsGbZT4q8Akya.jpg', 'https://image.tmdb.org/t/p/original/vzXQEAmXIEWAtPCgB81bAS6EJCy.jpg', 'https://www.youtube.com/watch?v=mC2gOyWuSEY', 1960, 109);
INSERT OR REPLACE INTO Pelicula_Actor (id_pelicula, id_actor, personaje) VALUES (539, 7301, 'Norman Bates');
INSERT OR REPLACE INTO Pelicula_Actor (id_pelicula, id_actor, personaje) VALUES (539, 7302, 'Marion Crane');
INSERT OR REPLACE INTO Pelicula_Actor (id_pelicula, id_actor, personaje) VALUES (539, 7303, 'Lila Crane');
INSERT OR REPLACE INTO Pelicula_Actor (id_pelicula, id_actor, personaje) VALUES (539, 7304, 'Sam Loomis');
INSERT OR REPLACE INTO Pelicula_Actor (id_pelicula, id_actor, personaje) VALUES (539, 1936, 'Milton Arbogast');
INSERT OR IGNORE INTO Pelicula_Categoria (id_pelicula, id_categoria) VALUES (539, 4);
INSERT OR IGNORE INTO Pelicula_Categoria (id_pelicula, id_categoria) VALUES (539, 6);
INSERT OR IGNORE INTO Pelicula_Categoria (id_pelicula, id_categoria) VALUES (539, 1);
-- Fin película: Psicosis --
INSERT OR IGNORE INTO Actor (id_actor, nombre, foto_path) VALUES (8600, 'Matheus Nachtergaele', 'https://image.tmdb.org/t/p/original/zgTT5AP7NYa2hN0jUqHIHkNyp2v.jpg');
INSERT OR IGNORE INTO Actor (id_actor, nombre, foto_path) VALUES (87341, 'Selton Mello', 'https://image.tmdb.org/t/p/original/sBVDTAAEDJuVBTKzVGA0PrqeD17.jpg');
INSERT OR IGNORE INTO Actor (id_actor, nombre, foto_path) VALUES (123757, 'Rogério Cardoso', 'https://image.tmdb.org/t/p/original/ertp7Yo3BhAA9FXaXJo4LDK9Out.jpg');
INSERT OR IGNORE INTO Actor (id_actor, nombre, foto_path) VALUES (123758, 'Denise Fraga', 'https://image.tmdb.org/t/p/original/oLn1Av1qF0vbip8WKnTb4EQkaZ5.jpg');
INSERT OR IGNORE INTO Actor (id_actor, nombre, foto_path) VALUES (102551, 'Diogo Vilela', 'https://image.tmdb.org/t/p/original/hsAky8EzEgWMlbCr9YgJJ69B5lt.jpg');
INSERT OR REPLACE INTO Pelicula (id_pelicula, titulo, descripcion, poster_path, backdrop_path, trailer, anio_estreno, duracion) VALUES (40096, 'O Auto da Compadecida', 'En el interior del estado de Paríba, en el pueblo de Taperoá, viven João Grilo y Chicó, dos tipos muy pobres que van anunciando por las calles la mejor película del mundo, ''La Pasión de Cristo''. La sesión tiene éxito y ellos ganan algo de dinero pero siguen luchando por la supervivencia. João Grilo y Chicó planean nuevas tretas para conseguir algún dinero y se enfrentan a numeroso desafíos provocando múltiples confusiones causadas por la astucia de João Grilo, siempre acompañado de Chicó.', 'https://image.tmdb.org/t/p/original/imcOp1kJsCsAFCoOtY5OnPrFbAf.jpg', 'https://image.tmdb.org/t/p/original/alQqTpmEkxSLgajfEYTsTH6nAKB.jpg', '', 2000, 104);
INSERT OR REPLACE INTO Pelicula_Actor (id_pelicula, id_actor, personaje) VALUES (40096, 8600, 'João Grilo');
INSERT OR REPLACE INTO Pelicula_Actor (id_pelicula, id_actor, personaje) VALUES (40096, 87341, 'Chicó');
INSERT OR REPLACE INTO Pelicula_Actor (id_pelicula, id_actor, personaje) VALUES (40096, 123757, 'Padre João');
INSERT OR REPLACE INTO Pelicula_Actor (id_pelicula, id_actor, personaje) VALUES (40096, 123758, 'Dora');
INSERT OR REPLACE INTO Pelicula_Actor (id_pelicula, id_actor, personaje) VALUES (40096, 102551, 'Eurico');
INSERT OR IGNORE INTO Pelicula_Categoria (id_pelicula, id_categoria) VALUES (40096, 12);
INSERT OR IGNORE INTO Pelicula_Categoria (id_pelicula, id_categoria) VALUES (40096, 7);
INSERT OR IGNORE INTO Pelicula_Categoria (id_pelicula, id_categoria) VALUES (40096, 3);
INSERT OR IGNORE INTO Pelicula_Categoria (id_pelicula, id_categoria) VALUES (40096, 10);
-- Fin película: O Auto da Compadecida --
INSERT OR IGNORE INTO Actor (id_actor, nombre, foto_path) VALUES (514, 'Jack Nicholson', 'https://image.tmdb.org/t/p/original/hBHcQIEa6P48HQAlLZkh0eKSSkG.jpg');
INSERT OR IGNORE INTO Actor (id_actor, nombre, foto_path) VALUES (1370, 'Brad Dourif', 'https://image.tmdb.org/t/p/original/ex7AmuHM3owhUetYZAyOmN1ehWS.jpg');
INSERT OR IGNORE INTO Actor (id_actor, nombre, foto_path) VALUES (7071, 'Louise Fletcher', 'https://image.tmdb.org/t/p/original/hN15em5LqXqDe1QgDa6lXK9fx3z.jpg');
INSERT OR IGNORE INTO Actor (id_actor, nombre, foto_path) VALUES (518, 'Danny DeVito', 'https://image.tmdb.org/t/p/original/6kO4IN7ndoIGw2JhyhAQN3SFmdx.jpg');
INSERT OR IGNORE INTO Actor (id_actor, nombre, foto_path) VALUES (7072, 'William Redfield', 'https://image.tmdb.org/t/p/original/6w7BRi6bTRZq263Bxkfogy4ekLB.jpg');
INSERT OR REPLACE INTO Pelicula (id_pelicula, titulo, descripcion, poster_path, backdrop_path, trailer, anio_estreno, duracion) VALUES (510, 'Alguien voló sobre el nido del cuco', 'Randle McMurphy (Jack Nicholson), un violador de espíritu libre, que vive contracorriente, es recluido en un hospital psiquiátrico. La inflexible disciplina del centro acentúa su contagiosa tendencia al desorden, que acabará desencadenando una guerra entre los pacientes y el personal de la clínica con la fría y severa enfermera Ratched (Louise Fletcher) a la cabeza. La suerte de cada paciente del pabellón está en juego.', 'https://image.tmdb.org/t/p/original/lBYmCynNEPt7HVaJvuXgfHvLhbJ.jpg', 'https://image.tmdb.org/t/p/original/6Oa3zTiluBz2W8D2ou1MY16dUiF.jpg', '', 1975, 133);
INSERT OR REPLACE INTO Pelicula_Actor (id_pelicula, id_actor, personaje) VALUES (510, 514, 'Randle Patrick McMurphy');
INSERT OR REPLACE INTO Pelicula_Actor (id_pelicula, id_actor, personaje) VALUES (510, 1370, 'Billy Bibbit');
INSERT OR REPLACE INTO Pelicula_Actor (id_pelicula, id_actor, personaje) VALUES (510, 7071, 'Nurse Mildred Ratched');
INSERT OR REPLACE INTO Pelicula_Actor (id_pelicula, id_actor, personaje) VALUES (510, 518, 'Martini');
INSERT OR REPLACE INTO Pelicula_Actor (id_pelicula, id_actor, personaje) VALUES (510, 7072, 'Dale Harding');
INSERT OR IGNORE INTO Pelicula_Categoria (id_pelicula, id_categoria) VALUES (510, 7);
-- Fin película: Alguien voló sobre el nido del cuco --
INSERT OR IGNORE INTO Actor (id_actor, nombre, foto_path) VALUES (109, 'Elijah Wood', 'https://image.tmdb.org/t/p/original/7UKRbJBNG7mxBl2QQc5XsAh6F8B.jpg');
INSERT OR IGNORE INTO Actor (id_actor, nombre, foto_path) VALUES (1327, 'Ian McKellen', 'https://image.tmdb.org/t/p/original/coWjgMEYJjk2OrNddlXCBm8EIr3.jpg');
INSERT OR IGNORE INTO Actor (id_actor, nombre, foto_path) VALUES (110, 'Viggo Mortensen', 'https://image.tmdb.org/t/p/original/vH5gVSpHAMhDaFWfh0Q7BG61O1y.jpg');
INSERT OR IGNORE INTO Actor (id_actor, nombre, foto_path) VALUES (1328, 'Sean Astin', 'https://image.tmdb.org/t/p/original/As3ctGUtBYmG4zj4Ifyrcqd71HP.jpg');
INSERT OR IGNORE INTO Actor (id_actor, nombre, foto_path) VALUES (1333, 'Andy Serkis', 'https://image.tmdb.org/t/p/original/eNGqhebQ4cDssjVeNFrKtUvweV5.jpg');
INSERT OR REPLACE INTO Pelicula (id_pelicula, titulo, descripcion, poster_path, backdrop_path, trailer, anio_estreno, duracion) VALUES (121, 'El señor de los anillos: Las dos torres', 'La Compañía del Anillo se ha disuelto. El portador del anillo Frodo y su fiel amigo Sam se dirigen hacia Mordor para destruir el Anillo Único y acabar con el poder de Sauron. Mientras, y tras la dura batalla contra los orcos donde cayó Boromir, el hombre Aragorn, el elfo Legolas y el enano Gimli intentan rescatar a los medianos Merry y Pipin, secuestrados por los ogros de Mordor. Por su parte, Saurón y el traidor Sarumán continúan con sus planes en Mordor, en espera de la guerra contra las razas libres de la Tierra Media.', 'https://image.tmdb.org/t/p/original/z632eZtXaw76ZE5mMMGOBXCpm1T.jpg', 'https://image.tmdb.org/t/p/original/kWYfW2Re0rUDE6IHhy4CRuKWeFr.jpg', 'https://www.youtube.com/watch?v=h-9RYiqyqjk', 2002, 180);
INSERT OR REPLACE INTO Pelicula_Actor (id_pelicula, id_actor, personaje) VALUES (121, 109, 'Frodo');
INSERT OR REPLACE INTO Pelicula_Actor (id_pelicula, id_actor, personaje) VALUES (121, 1327, 'Gandalf');
INSERT OR REPLACE INTO Pelicula_Actor (id_pelicula, id_actor, personaje) VALUES (121, 110, 'Aragorn');
INSERT OR REPLACE INTO Pelicula_Actor (id_pelicula, id_actor, personaje) VALUES (121, 1328, 'Sam');
INSERT OR REPLACE INTO Pelicula_Actor (id_pelicula, id_actor, personaje) VALUES (121, 1333, 'Gollum');
INSERT OR IGNORE INTO Pelicula_Categoria (id_pelicula, id_categoria) VALUES (121, 1);
INSERT OR IGNORE INTO Pelicula_Categoria (id_pelicula, id_categoria) VALUES (121, 3);
INSERT OR IGNORE INTO Pelicula_Categoria (id_pelicula, id_categoria) VALUES (121, 5);
-- Fin película: El señor de los anillos: Las dos torres --
INSERT OR IGNORE INTO Actor (id_actor, nombre, foto_path) VALUES (1312450, 'Melanie Zanetti', 'https://image.tmdb.org/t/p/original/lbUQ7ilvBtWMU23reKsHg3jRmsf.jpg');
INSERT OR IGNORE INTO Actor (id_actor, nombre, foto_path) VALUES (544002, 'Giulio Berruti', 'https://image.tmdb.org/t/p/original/cCOWVvjQ1TblPvM7TgMBqMczkOX.jpg');
INSERT OR IGNORE INTO Actor (id_actor, nombre, foto_path) VALUES (73659, 'Kurt McKinney', 'https://image.tmdb.org/t/p/original/setj0mgP81HdUdBiXF4SU5Gs1Dx.jpg');
INSERT OR IGNORE INTO Actor (id_actor, nombre, foto_path) VALUES (1188681, 'Agnes Albright', 'https://image.tmdb.org/t/p/original/39laAb3lRSVQv4NtXzIwuowuFry.jpg');
INSERT OR IGNORE INTO Actor (id_actor, nombre, foto_path) VALUES (2595115, 'Margaux Brooke', 'https://image.tmdb.org/t/p/original/leLl5l6KnjMdg5O48FhDfB7GquI.jpg');
INSERT OR REPLACE INTO Pelicula (id_pelicula, titulo, descripcion, poster_path, backdrop_path, trailer, anio_estreno, duracion) VALUES (696374, 'Gabriel''s Inferno', 'El enigmático y atractivo profesor Gabriel Emerson, reconocido especialista en Dante, es un hombre torturado por su pasado y orgulloso del prestigio que ha conseguido, aunque también es consciente de que es un imán para el pecado y, en especial, para la lujuria.', 'https://image.tmdb.org/t/p/original/oyG9TL7FcRP4EZ9Vid6uKzwdndz.jpg', 'https://image.tmdb.org/t/p/original/nIkcTtuhmkl1GZO2LfZi7SwFz7F.jpg', '', 2020, 122);
INSERT OR REPLACE INTO Pelicula_Actor (id_pelicula, id_actor, personaje) VALUES (696374, 1312450, 'Julianne Mitchell');
INSERT OR REPLACE INTO Pelicula_Actor (id_pelicula, id_actor, personaje) VALUES (696374, 544002, 'Gabriel Emerson');
INSERT OR REPLACE INTO Pelicula_Actor (id_pelicula, id_actor, personaje) VALUES (696374, 73659, 'Tom Mitchell');
INSERT OR REPLACE INTO Pelicula_Actor (id_pelicula, id_actor, personaje) VALUES (696374, 1188681, 'Paulina');
INSERT OR REPLACE INTO Pelicula_Actor (id_pelicula, id_actor, personaje) VALUES (696374, 2595115, 'Christa Peterson');
INSERT OR IGNORE INTO Pelicula_Categoria (id_pelicula, id_categoria) VALUES (696374, 10);
INSERT OR IGNORE INTO Pelicula_Categoria (id_pelicula, id_categoria) VALUES (696374, 7);
-- Fin película: Gabriel''s Inferno --
INSERT OR IGNORE INTO Actor (id_actor, nombre, foto_path) VALUES (587506, 'Shameik Moore', 'https://image.tmdb.org/t/p/original/ovUKfVOwJ7CadEHaG3NDsfA5xRq.jpg');
INSERT OR IGNORE INTO Actor (id_actor, nombre, foto_path) VALUES (543505, 'Jake Johnson', 'https://image.tmdb.org/t/p/original/3UNfW2qZgRkW81neNVfQvaRC92K.jpg');
INSERT OR IGNORE INTO Actor (id_actor, nombre, foto_path) VALUES (130640, 'Hailee Steinfeld', 'https://image.tmdb.org/t/p/original/jiClUr3gaySWAyfXAHiCgmmtvij.jpg');
INSERT OR IGNORE INTO Actor (id_actor, nombre, foto_path) VALUES (932967, 'Mahershala Ali', 'https://image.tmdb.org/t/p/original/9ZmSejm5lnUVY5IJ1iNx2QEjnHb.jpg');
INSERT OR IGNORE INTO Actor (id_actor, nombre, foto_path) VALUES (226366, 'Brian Tyree Henry', 'https://image.tmdb.org/t/p/original/1UgDnFt3OteCJQPiUelWzIR5bvT.jpg');
INSERT OR REPLACE INTO Pelicula (id_pelicula, titulo, descripcion, poster_path, backdrop_path, trailer, anio_estreno, duracion) VALUES (324857, 'Spider-Man: un nuevo universo', 'En un universo paralelo donde Peter Parker ha muerto, un joven de secundaria llamado Miles Morales es el nuevo Spider-Man. Sin embargo, cuando el líder mafioso Wilson Fisk construye el ''Super Colisionador'' trae a una versión alternativa de Peter Parker que tratará de enseñar a Miles como ser un mejor Spider-Man. Pero no será el único Spider Man en entrar a este universo:  cuatro versiones alternativas buscan regresar a su universo antes de que toda la realidad se colapse.', 'https://image.tmdb.org/t/p/original/xRMZikjAHNFebD1FLRqgDZeGV4a.jpg', 'https://image.tmdb.org/t/p/original/8mnXR9rey5uQ08rZAvzojKWbDQS.jpg', 'https://www.youtube.com/watch?v=qLObEn9IK20', 2018, 116);
INSERT OR REPLACE INTO Pelicula_Actor (id_pelicula, id_actor, personaje) VALUES (324857, 587506, 'Miles Morales (voice)');
INSERT OR REPLACE INTO Pelicula_Actor (id_pelicula, id_actor, personaje) VALUES (324857, 543505, 'Peter B. Parker (voice)');
INSERT OR REPLACE INTO Pelicula_Actor (id_pelicula, id_actor, personaje) VALUES (324857, 130640, 'Gwen Stacy (voice)');
INSERT OR REPLACE INTO Pelicula_Actor (id_pelicula, id_actor, personaje) VALUES (324857, 932967, 'Uncle Aaron (voice)');
INSERT OR REPLACE INTO Pelicula_Actor (id_pelicula, id_actor, personaje) VALUES (324857, 226366, 'Jefferson Davis (voice)');
INSERT OR IGNORE INTO Pelicula_Categoria (id_pelicula, id_categoria) VALUES (324857, 5);
INSERT OR IGNORE INTO Pelicula_Categoria (id_pelicula, id_categoria) VALUES (324857, 5);
INSERT OR IGNORE INTO Pelicula_Categoria (id_pelicula, id_categoria) VALUES (324857, 1);
INSERT OR IGNORE INTO Pelicula_Categoria (id_pelicula, id_categoria) VALUES (324857, 3);
-- Fin película: Spider-Man: un nuevo universo --
INSERT OR IGNORE INTO Actor (id_actor, nombre, foto_path) VALUES (85008, '설경구', 'https://image.tmdb.org/t/p/original/teD7AMzfNl4qhQO2b6MAWwLtPVn.jpg');
INSERT OR IGNORE INTO Actor (id_actor, nombre, foto_path) VALUES (1299243, '엄지원', 'https://image.tmdb.org/t/p/original/21ln2aJX0BWCWURqpDW2CjKL9BB.jpg');
INSERT OR IGNORE INTO Actor (id_actor, nombre, foto_path) VALUES (1299244, '이레', 'https://image.tmdb.org/t/p/original/i1A5E4v5xRFammipC3H4jeOwczv.jpg');
INSERT OR IGNORE INTO Actor (id_actor, nombre, foto_path) VALUES (123820, '김상호', 'https://image.tmdb.org/t/p/original/jGo5mG7OEj9LAGh55UPEwL4cEQl.jpg');
INSERT OR IGNORE INTO Actor (id_actor, nombre, foto_path) VALUES (93252, '김해숙', 'https://image.tmdb.org/t/p/original/dt5bmKeG7qbvDwHrxFZFxiGc9fZ.jpg');
INSERT OR REPLACE INTO Pelicula (id_pelicula, titulo, descripcion, poster_path, backdrop_path, trailer, anio_estreno, duracion) VALUES (255709, 'So Won', 'Una niña llamada So Won se convierte en víctima de la violencia. Su familia pasa por la desesperación y el dolor al intentar abrir otra puerta en su vida.', 'https://image.tmdb.org/t/p/original/PZlNvDwKwHeHUsXnd6SEDXWZNn.jpg', 'https://image.tmdb.org/t/p/original/4Nx40jwpoTHPjCWNGoaZ6kaoGxa.jpg', '', 2013, 123);
INSERT OR REPLACE INTO Pelicula_Actor (id_pelicula, id_actor, personaje) VALUES (255709, 85008, 'Dong-hoon');
INSERT OR REPLACE INTO Pelicula_Actor (id_pelicula, id_actor, personaje) VALUES (255709, 1299243, 'Mi-hee');
INSERT OR REPLACE INTO Pelicula_Actor (id_pelicula, id_actor, personaje) VALUES (255709, 1299244, 'So-won');
INSERT OR REPLACE INTO Pelicula_Actor (id_pelicula, id_actor, personaje) VALUES (255709, 123820, 'Gwang-sik');
INSERT OR REPLACE INTO Pelicula_Actor (id_pelicula, id_actor, personaje) VALUES (255709, 93252, 'Psychiatrist Jung-sook');
INSERT OR IGNORE INTO Pelicula_Categoria (id_pelicula, id_categoria) VALUES (255709, 7);
-- Fin película: So Won --
INSERT OR IGNORE INTO Actor (id_actor, nombre, foto_path) VALUES (2, 'Mark Hamill', 'https://image.tmdb.org/t/p/original/zMQ93JTLW8KxusKhOlHFZhih3YQ.jpg');
INSERT OR IGNORE INTO Actor (id_actor, nombre, foto_path) VALUES (3, 'Harrison Ford', 'https://image.tmdb.org/t/p/original/zVnHagUvXkR2StdOtquEwsiwSVt.jpg');
INSERT OR IGNORE INTO Actor (id_actor, nombre, foto_path) VALUES (4, 'Carrie Fisher', 'https://image.tmdb.org/t/p/original/of4yHmryKPy92eeskUQ7MRmjC3l.jpg');
INSERT OR IGNORE INTO Actor (id_actor, nombre, foto_path) VALUES (3799, 'Billy Dee Williams', 'https://image.tmdb.org/t/p/original/AwFFWuXJbGCXb0cA5uZvCNtg68H.jpg');
INSERT OR IGNORE INTO Actor (id_actor, nombre, foto_path) VALUES (6, 'Anthony Daniels', 'https://image.tmdb.org/t/p/original/7kR4kwXtvXtvrsxWeX3QLX5NS5V.jpg');
INSERT OR REPLACE INTO Pelicula (id_pelicula, titulo, descripcion, poster_path, backdrop_path, trailer, anio_estreno, duracion) VALUES (1891, 'El imperio contraataca', 'Tras un ataque sorpresa de las tropas imperiales a las bases camufladas de la alianza rebelde, Luke Skywalker, en compañía de R2D2, parte hacia el planeta Dagobah en busca de Yoda, el último maestro Jedi, para que le enseñe los secretos de la Fuerza. Mientras, Han Solo, la princesa Leia, Chewbacca, y C3PO esquivan a las fuerzas imperiales y piden refugio al antiguo propietario del Halcón Milenario, Lando Calrissian, en la ciudad minera de Bespin, donde les prepara una trampa urdida por Darth Vader.', 'https://image.tmdb.org/t/p/original/eU7KcNAOeZj9PBIcGUMSsuJz8qj.jpg', 'https://image.tmdb.org/t/p/original/aJCtkxLLzkk1pECehVjKHA2lBgw.jpg', 'https://www.youtube.com/watch?v=xr3hPFJAHO4', 1980, 124);
INSERT OR REPLACE INTO Pelicula_Actor (id_pelicula, id_actor, personaje) VALUES (1891, 2, 'Luke Skywalker');
INSERT OR REPLACE INTO Pelicula_Actor (id_pelicula, id_actor, personaje) VALUES (1891, 3, 'Han Solo');
INSERT OR REPLACE INTO Pelicula_Actor (id_pelicula, id_actor, personaje) VALUES (1891, 4, 'Princess Leia');
INSERT OR REPLACE INTO Pelicula_Actor (id_pelicula, id_actor, personaje) VALUES (1891, 3799, 'Lando Calrissian');
INSERT OR REPLACE INTO Pelicula_Actor (id_pelicula, id_actor, personaje) VALUES (1891, 6, 'C-3PO');
INSERT OR IGNORE INTO Pelicula_Categoria (id_pelicula, id_categoria) VALUES (1891, 1);
INSERT OR IGNORE INTO Pelicula_Categoria (id_pelicula, id_categoria) VALUES (1891, 5);
INSERT OR IGNORE INTO Pelicula_Categoria (id_pelicula, id_categoria) VALUES (1891, 3);
-- Fin película: El imperio contraataca --
INSERT OR IGNORE INTO Actor (id_actor, nombre, foto_path) VALUES (380, 'Robert De Niro', 'https://image.tmdb.org/t/p/original/cT8htcckIuyI1Lqwt1CvD02ynTh.jpg');
INSERT OR IGNORE INTO Actor (id_actor, nombre, foto_path) VALUES (4512, 'James Woods', 'https://image.tmdb.org/t/p/original/tLH7mpH4KqkWL5VgjueTbewGsfK.jpg');
INSERT OR IGNORE INTO Actor (id_actor, nombre, foto_path) VALUES (4513, 'Elizabeth McGovern', 'https://image.tmdb.org/t/p/original/nA5jJkV5YyYvhpaMD285qQnOWGv.jpg');
INSERT OR IGNORE INTO Actor (id_actor, nombre, foto_path) VALUES (4515, 'Treat Williams', 'https://image.tmdb.org/t/p/original/jbRMOU2K7ePg7Zs59nfgEYLeD1e.jpg');
INSERT OR IGNORE INTO Actor (id_actor, nombre, foto_path) VALUES (4514, 'Tuesday Weld', 'https://image.tmdb.org/t/p/original/9d58qElviT6Q9soeixJmxWtaMBc.jpg');
INSERT OR REPLACE INTO Pelicula (id_pelicula, titulo, descripcion, poster_path, backdrop_path, trailer, anio_estreno, duracion) VALUES (311, 'Érase una vez en América', 'David Aaronson "Noodles", un pobre joven judío, conoce en los suburbios de principios del siglo XX de Manhattan, Nueva York, a Maximilian Bercovicz "Max", otro joven de origen hebreo dispuesto a llegar lejos por cualquier método. Entablan una gran amistad y forman, con los 3 colegas de "Noodles", Patrick Goldberg "Patsy", Philip Stein "Cockeye", y Dominic una banda que prospera rápidamente. Desgraciadamente, son perseguidos por Bugsy, el tipo para el que Noodles y sus amigos trabajaban anteriormente, y en uno de sus asaltos, mata a Dominic. Rápidamente Noodles se tira encima suyo y le mata, por lo que pasará 12 años en prisión. Cuando Noodles sale de prisión le recibe Max, que sigue con su banda junto a los otros 2 amigos, Patsy y Cockeye. Rápidamente, entre los 4, llegan a convertirse, en tiempos de la prohibición, en unos de los mayores gánsteres de todo el país.', 'https://image.tmdb.org/t/p/original/u4VnqaxINtKVscmdldZsBojU6jm.jpg', 'https://image.tmdb.org/t/p/original/xlDUjb0Q5Dv6jPQRF5VE4IMjIy.jpg', '', 1984, 225);
INSERT OR REPLACE INTO Pelicula_Actor (id_pelicula, id_actor, personaje) VALUES (311, 380, 'David 'Noodles' Aaronson');
INSERT OR REPLACE INTO Pelicula_Actor (id_pelicula, id_actor, personaje) VALUES (311, 4512, 'Maximilian 'Max' Bercovicz');
INSERT OR REPLACE INTO Pelicula_Actor (id_pelicula, id_actor, personaje) VALUES (311, 4513, 'Deborah Gelly');
INSERT OR REPLACE INTO Pelicula_Actor (id_pelicula, id_actor, personaje) VALUES (311, 4515, 'James Conway O Donnell');
INSERT OR REPLACE INTO Pelicula_Actor (id_pelicula, id_actor, personaje) VALUES (311, 4514, 'Carol');
INSERT OR IGNORE INTO Pelicula_Categoria (id_pelicula, id_categoria) VALUES (311, 7);
INSERT OR IGNORE INTO Pelicula_Categoria (id_pelicula, id_categoria) VALUES (311, 9);
-- Fin película: Érase una vez en América --
INSERT OR IGNORE INTO Actor (id_actor, nombre, foto_path) VALUES (533325, '倍賞千恵子', 'https://image.tmdb.org/t/p/original/b8ANR4WfdUZtoU4ktlnMFzbq759.jpg');
INSERT OR IGNORE INTO Actor (id_actor, nombre, foto_path) VALUES (12670, '木村拓哉', 'https://image.tmdb.org/t/p/original/sswCg8kvFsgSaVJwcIKKe4K7jOe.jpg');
INSERT OR IGNORE INTO Actor (id_actor, nombre, foto_path) VALUES (20338, '美輪明宏', 'https://image.tmdb.org/t/p/original/pCfBeLJigKnUWOAy7hsdBR7K0UV.jpg');
INSERT OR IGNORE INTO Actor (id_actor, nombre, foto_path) VALUES (19592, 'Tatsuya Gashûin', 'https://image.tmdb.org/t/p/original/fLqIdkShknsJmZy4EfBWuWyHN4C.jpg');
INSERT OR IGNORE INTO Actor (id_actor, nombre, foto_path) VALUES (225730, 'Ryunosuke Kamiki', 'https://image.tmdb.org/t/p/original/ut7ewXjdgUmgkhJ1EtbOo9tbc7s.jpg');
INSERT OR REPLACE INTO Pelicula (id_pelicula, titulo, descripcion, poster_path, backdrop_path, trailer, anio_estreno, duracion) VALUES (4935, 'El castillo ambulante', 'Sophie, una joven sobre la que pesa una horrible maldición que le confiere el aspecto de una anciana, decide pedir ayuda al mago Howl, que vive en un castillo ambulante, pero tal vez sea Howl quien necesite la ayuda de Sophie.', 'https://image.tmdb.org/t/p/original/p8EARnEw8KPZzlZg3vkseYVMczu.jpg', 'https://image.tmdb.org/t/p/original/pjy0T63vIFYvxRSJ3ZtjB4tmWV4.jpg', '', 2004, 120);
INSERT OR REPLACE INTO Pelicula_Actor (id_pelicula, id_actor, personaje) VALUES (4935, 533325, 'Sophie (voice)');
INSERT OR REPLACE INTO Pelicula_Actor (id_pelicula, id_actor, personaje) VALUES (4935, 12670, 'Howl (voice)');
INSERT OR REPLACE INTO Pelicula_Actor (id_pelicula, id_actor, personaje) VALUES (4935, 20338, 'Witch of the Waste (voice)');
INSERT OR REPLACE INTO Pelicula_Actor (id_pelicula, id_actor, personaje) VALUES (4935, 19592, 'Calcifer (voice)');
INSERT OR REPLACE INTO Pelicula_Actor (id_pelicula, id_actor, personaje) VALUES (4935, 225730, 'Markl (voice)');
INSERT OR IGNORE INTO Pelicula_Categoria (id_pelicula, id_categoria) VALUES (4935, 3);
INSERT OR IGNORE INTO Pelicula_Categoria (id_pelicula, id_categoria) VALUES (4935, 5);
INSERT OR IGNORE INTO Pelicula_Categoria (id_pelicula, id_categoria) VALUES (4935, 1);
-- Fin película: El castillo ambulante --
INSERT OR IGNORE INTO Actor (id_actor, nombre, foto_path) VALUES (19588, 'Miyu Irino', 'https://image.tmdb.org/t/p/original/8qEEhHUObNvGQr4e6eqLu5z4qTz.jpg');
INSERT OR IGNORE INTO Actor (id_actor, nombre, foto_path) VALUES (221773, 'Saori Hayami', 'https://image.tmdb.org/t/p/original/gLv9lO7dlUbIsmyJUvgegqAAXki.jpg');
INSERT OR IGNORE INTO Actor (id_actor, nombre, foto_path) VALUES (936275, 'Aoi Yuki', 'https://image.tmdb.org/t/p/original/a5Mkd66GV1l3c9bZZtnvjUf33T2.jpg');
INSERT OR IGNORE INTO Actor (id_actor, nombre, foto_path) VALUES (1065297, 'Kensho Ono', 'https://image.tmdb.org/t/p/original/wUYJ3HIeygHfh4rAqupE4RPoG3W.jpg');
INSERT OR IGNORE INTO Actor (id_actor, nombre, foto_path) VALUES (1258549, '金子有希', 'https://image.tmdb.org/t/p/original/pqbqe4CxC6t94ptUW2tJfK5j2J2.jpg');
INSERT OR REPLACE INTO Pelicula (id_pelicula, titulo, descripcion, poster_path, backdrop_path, trailer, anio_estreno, duracion) VALUES (378064, 'A Silent Voice', 'Shōko, una niña con discapacidad auditiva, es víctima de acoso en su escuela, siendo Shōya su principal agresor. Cuando ella se cambia de colegio, él sufre el rechazo de sus compañeros y queda aislado. Años después, intenta enmendar su error y hacer las paces con Shōko.', 'https://image.tmdb.org/t/p/original/hGQnljXpDGI429SC39LohaQBHhf.jpg', 'https://image.tmdb.org/t/p/original/5lAMQMWpXMsirvtLLvW7cJgEPkU.jpg', 'https://www.youtube.com/watch?v=JLixtembASE', 2016, 130);
INSERT OR REPLACE INTO Pelicula_Actor (id_pelicula, id_actor, personaje) VALUES (378064, 19588, 'Shouya Ishida (voice)');
INSERT OR REPLACE INTO Pelicula_Actor (id_pelicula, id_actor, personaje) VALUES (378064, 221773, 'Shouko Nishimiya (voice)');
INSERT OR REPLACE INTO Pelicula_Actor (id_pelicula, id_actor, personaje) VALUES (378064, 936275, 'Yuzuru Nishimiya (voice)');
INSERT OR REPLACE INTO Pelicula_Actor (id_pelicula, id_actor, personaje) VALUES (378064, 1065297, 'Tomohiro Nagatsuka (voice)');
INSERT OR REPLACE INTO Pelicula_Actor (id_pelicula, id_actor, personaje) VALUES (378064, 1258549, 'Naoka Ueno (voice)');
INSERT OR IGNORE INTO Pelicula_Categoria (id_pelicula, id_categoria) VALUES (378064, 5);
INSERT OR IGNORE INTO Pelicula_Categoria (id_pelicula, id_categoria) VALUES (378064, 7);
INSERT OR IGNORE INTO Pelicula_Categoria (id_pelicula, id_categoria) VALUES (378064, 10);
-- Fin película: A Silent Voice --
INSERT OR IGNORE INTO Actor (id_actor, nombre, foto_path) VALUES (192, 'Morgan Freeman', 'https://image.tmdb.org/t/p/original/jPsLqiYGSofU4s6BjrxnefMfabb.jpg');
INSERT OR IGNORE INTO Actor (id_actor, nombre, foto_path) VALUES (287, 'Brad Pitt', 'https://image.tmdb.org/t/p/original/cckcYc2v0yh1tc9QjRelptcOBko.jpg');
INSERT OR IGNORE INTO Actor (id_actor, nombre, foto_path) VALUES (12052, 'Gwyneth Paltrow', 'https://image.tmdb.org/t/p/original/8x3jpWD7DEvyMXO1FOjwNdd1UZT.jpg');
INSERT OR IGNORE INTO Actor (id_actor, nombre, foto_path) VALUES (12055, 'John Cassini', 'https://image.tmdb.org/t/p/original/kn2Rtn0I8ivCR7ydZTY74XUBh1K.jpg');
INSERT OR IGNORE INTO Actor (id_actor, nombre, foto_path) VALUES (30487, 'Peter Crombie', 'https://image.tmdb.org/t/p/original/pMvhE1wwQo3eTSp4vwq8Hb22CwN.jpg');
INSERT OR REPLACE INTO Pelicula (id_pelicula, titulo, descripcion, poster_path, backdrop_path, trailer, anio_estreno, duracion) VALUES (807, 'Seven', 'El teniente Somerset, del departamento de homicidios, está a punto de jubilarse y ser reemplazado por el ambicioso y brillante detective David Mills. Ambos tendrán que colaborar en la resolución de una serie de asesinatos cometidos por un psicópata que toma como base la relación de los siete pecados capitales: gula, pereza, soberbia, avaricia, envidia, lujuria e ira. Los cuerpos de las víctimas, sobre los que el asesino se ensaña de manera impúdica, se convertirán para los policías en un enigma que les obligará a viajar al horror y la barbarie más absoluta.', 'https://image.tmdb.org/t/p/original/uVPcVz4b2hnSGrXYLdIGRXwcivs.jpg', 'https://image.tmdb.org/t/p/original/iwgl8zlrrfvfWp9k9Paj8lvFEvS.jpg', '', 1995, 127);
INSERT OR REPLACE INTO Pelicula_Actor (id_pelicula, id_actor, personaje) VALUES (807, 192, 'Somerset');
INSERT OR REPLACE INTO Pelicula_Actor (id_pelicula, id_actor, personaje) VALUES (807, 287, 'Mills');
INSERT OR REPLACE INTO Pelicula_Actor (id_pelicula, id_actor, personaje) VALUES (807, 12052, 'Tracy');
INSERT OR REPLACE INTO Pelicula_Actor (id_pelicula, id_actor, personaje) VALUES (807, 12055, 'Officer Davis');
INSERT OR REPLACE INTO Pelicula_Actor (id_pelicula, id_actor, personaje) VALUES (807, 30487, 'Dr. O Neill');
INSERT OR IGNORE INTO Pelicula_Categoria (id_pelicula, id_categoria) VALUES (807, 9);
INSERT OR IGNORE INTO Pelicula_Categoria (id_pelicula, id_categoria) VALUES (807, 1);
INSERT OR IGNORE INTO Pelicula_Categoria (id_pelicula, id_categoria) VALUES (807, 6);
-- Fin película: Seven --
INSERT OR IGNORE INTO Actor (id_actor, nombre, foto_path) VALUES (3490, 'Adrien Brody', 'https://image.tmdb.org/t/p/original/qBc7ahQrpVpcllaZ5hkivsOEb3C.jpg');
INSERT OR IGNORE INTO Actor (id_actor, nombre, foto_path) VALUES (3491, 'Thomas Kretschmann', 'https://image.tmdb.org/t/p/original/kBnPu1KREhckuPpnAUppm24kkVX.jpg');
INSERT OR IGNORE INTO Actor (id_actor, nombre, foto_path) VALUES (6637, 'Frank Finlay', 'https://image.tmdb.org/t/p/original/fO7CYAaGydu9d3s5numYRi1BRvL.jpg');
INSERT OR IGNORE INTO Actor (id_actor, nombre, foto_path) VALUES (6638, 'Maureen Lipman', 'https://image.tmdb.org/t/p/original/kx26NOAw9GnsHjJIJ4l40YHblJ.jpg');
INSERT OR IGNORE INTO Actor (id_actor, nombre, foto_path) VALUES (6639, 'Emilia Fox', 'https://image.tmdb.org/t/p/original/lZpNRsHAOW8m0f7bRfgUDmRRjo.jpg');
INSERT OR REPLACE INTO Pelicula (id_pelicula, titulo, descripcion, poster_path, backdrop_path, trailer, anio_estreno, duracion) VALUES (423, 'El pianista', 'Varsovia, 1939. El pianista polaco de origen judío Wladyslaw Szpilman (Adrien Brody) interpreta un tema de Chopin en la radio nacional de Polonia mientras la aviación alemana bombardea la capital. El régimen nazi ha invadido el país, y como hace en otros países invadidos, lleva a cabo la misma política con respecto a los judíos. Así Szpilman y toda su familia -sus padres, su hermano y sus dos hermanas- se ven obligados a dejar su casa y todo lo que les pertenece para trasladarse con miles de personas de origen judío al ghetto de Varsovia. Mientras Wladyslaw trabaja como pianista en un restaurante propiedad de un judío que colabora con los nazis, su hermano Henryk (Ed Stoppard) prefiere luchar contra los nazis. Pero tres años más tarde, los habitantes del ghetto son trasladados en trenes hacia campos de concentración.', 'https://image.tmdb.org/t/p/original/mxfLOWnHnSlbdraKfzRn5mqoqk7.jpg', 'https://image.tmdb.org/t/p/original/1XqIhsqnAozznGhxlGdI0GPcCro.jpg', '', 2002, 150);
INSERT OR REPLACE INTO Pelicula_Actor (id_pelicula, id_actor, personaje) VALUES (423, 3490, 'Władysław 'Władek' Szpilman');
INSERT OR REPLACE INTO Pelicula_Actor (id_pelicula, id_actor, personaje) VALUES (423, 3491, 'Captain Wilm Hosenfeld');
INSERT OR REPLACE INTO Pelicula_Actor (id_pelicula, id_actor, personaje) VALUES (423, 6637, 'Father');
INSERT OR REPLACE INTO Pelicula_Actor (id_pelicula, id_actor, personaje) VALUES (423, 6638, 'Mother');
INSERT OR REPLACE INTO Pelicula_Actor (id_pelicula, id_actor, personaje) VALUES (423, 6639, 'Dorota');
INSERT OR IGNORE INTO Pelicula_Categoria (id_pelicula, id_categoria) VALUES (423, 7);
INSERT OR IGNORE INTO Pelicula_Categoria (id_pelicula, id_categoria) VALUES (423, 1);
-- Fin película: El pianista --
INSERT OR IGNORE INTO Actor (id_actor, nombre, foto_path) VALUES (996701, 'Miles Teller', 'https://image.tmdb.org/t/p/original/aciu7YM8fD0BzrrA6cJ5wDKZIA6.jpg');
INSERT OR IGNORE INTO Actor (id_actor, nombre, foto_path) VALUES (18999, 'J.K. Simmons', 'https://image.tmdb.org/t/p/original/ScmKoJ9eiSUOthAt1PDNLi8Fkw.jpg');
INSERT OR IGNORE INTO Actor (id_actor, nombre, foto_path) VALUES (781, 'Paul Reiser', 'https://image.tmdb.org/t/p/original/rGryzG00uSk8LsidacSBXVgo3iv.jpg');
INSERT OR IGNORE INTO Actor (id_actor, nombre, foto_path) VALUES (129104, 'Melissa Benoist', 'https://image.tmdb.org/t/p/original/fUPIkDDVmyZPejPu67HyfdDar9W.jpg');
INSERT OR IGNORE INTO Actor (id_actor, nombre, foto_path) VALUES (970216, 'Austin Stowell', 'https://image.tmdb.org/t/p/original/At09XQpVXnChgedNsxu4ceR5W9i.jpg');
INSERT OR REPLACE INTO Pelicula (id_pelicula, titulo, descripcion, poster_path, backdrop_path, trailer, anio_estreno, duracion) VALUES (244786, 'Whiplash', 'El objetivo de Andrew Neiman, un joven y ambicioso baterista de jazz, es triunfar en el elitista Conservatorio de Música de la Costa Este en el que estudia. Marcado por el fracaso de la carrera literaria de su padre, Andrew alberga sueños de grandeza. Terence Fletcher, un profesor conocido tanto por su talento como por sus rigurosos métodos de enseñanza, dirige el mejor conjunto de jazz del Conservatorio. Cuando Fletcher elige a Andrew y para formar parte del conjunto musical que dirige, cambia para siempre la vida del joven. La pasión de Andrew por alcanzar la perfección se convierte en obsesión, al tiempo que su despiadado profesor lo lleva al límite de su capacidad y de su salud mental.', 'https://image.tmdb.org/t/p/original/uy36CPy5ARuC8qrH8Esg2ndFyJ5.jpg', 'https://image.tmdb.org/t/p/original/1kuYEvLkX2nTkbfzN6X0w0xQFQU.jpg', 'https://www.youtube.com/watch?v=tXploxlYWL4', 2014, 105);
INSERT OR REPLACE INTO Pelicula_Actor (id_pelicula, id_actor, personaje) VALUES (244786, 996701, 'Andrew');
INSERT OR REPLACE INTO Pelicula_Actor (id_pelicula, id_actor, personaje) VALUES (244786, 18999, 'Fletcher');
INSERT OR REPLACE INTO Pelicula_Actor (id_pelicula, id_actor, personaje) VALUES (244786, 781, 'Jim');
INSERT OR REPLACE INTO Pelicula_Actor (id_pelicula, id_actor, personaje) VALUES (244786, 129104, 'Nicole');
INSERT OR REPLACE INTO Pelicula_Actor (id_pelicula, id_actor, personaje) VALUES (244786, 970216, 'Ryan');
INSERT OR IGNORE INTO Pelicula_Categoria (id_pelicula, id_categoria) VALUES (244786, 7);
INSERT OR IGNORE INTO Pelicula_Categoria (id_pelicula, id_categoria) VALUES (244786, 11);
-- Fin película: Whiplash --

-- === LOTE: Top Rated - Page 3 (2026-02-06T06:30:07.456Z) ===
INSERT OR IGNORE INTO Actor (id_actor, nombre, foto_path) VALUES (1312450, 'Melanie Zanetti', 'https://image.tmdb.org/t/p/original/lbUQ7ilvBtWMU23reKsHg3jRmsf.jpg');
INSERT OR IGNORE INTO Actor (id_actor, nombre, foto_path) VALUES (544002, 'Giulio Berruti', 'https://image.tmdb.org/t/p/original/cCOWVvjQ1TblPvM7TgMBqMczkOX.jpg');
INSERT OR IGNORE INTO Actor (id_actor, nombre, foto_path) VALUES (2345991, 'James Andrew Fraser', 'https://image.tmdb.org/t/p/original/bMHD0ezBKKNRLr8fLkWgIWpkqNs.jpg');
INSERT OR IGNORE INTO Actor (id_actor, nombre, foto_path) VALUES (2595115, 'Margaux Brooke', 'https://image.tmdb.org/t/p/original/leLl5l6KnjMdg5O48FhDfB7GquI.jpg');
INSERT OR IGNORE INTO Actor (id_actor, nombre, foto_path) VALUES (1188681, 'Agnes Albright', 'https://image.tmdb.org/t/p/original/39laAb3lRSVQv4NtXzIwuowuFry.jpg');
INSERT OR REPLACE INTO Pelicula (id_pelicula, titulo, descripcion, poster_path, backdrop_path, trailer, anio_estreno, duracion) VALUES (724089, 'Gabriel''s Inferno: Part II', 'Basado en la novela más vendida de Sylvain Reynard, el profesor Gabriel Emerson se ha embarcado en un apasionado pero clandestino romance con su antigua alumna, Julia Mitchell.', 'https://image.tmdb.org/t/p/original/x5o8cLZfEXMoZczTYWLrUo1P7UJ.jpg', 'https://image.tmdb.org/t/p/original/jtAI6OJIWLWiRItNSZoWjrsUtmi.jpg', '', 2020, 106);
INSERT OR REPLACE INTO Pelicula_Actor (id_pelicula, id_actor, personaje) VALUES (724089, 1312450, 'Julia Mitchell');
INSERT OR REPLACE INTO Pelicula_Actor (id_pelicula, id_actor, personaje) VALUES (724089, 544002, 'Gabriel Emerson');
INSERT OR REPLACE INTO Pelicula_Actor (id_pelicula, id_actor, personaje) VALUES (724089, 2345991, 'Paul Norris');
INSERT OR REPLACE INTO Pelicula_Actor (id_pelicula, id_actor, personaje) VALUES (724089, 2595115, 'Christa Peterson');
INSERT OR REPLACE INTO Pelicula_Actor (id_pelicula, id_actor, personaje) VALUES (724089, 1188681, 'Paulina');
INSERT OR IGNORE INTO Pelicula_Categoria (id_pelicula, id_categoria) VALUES (724089, 10);
INSERT OR IGNORE INTO Pelicula_Categoria (id_pelicula, id_categoria) VALUES (724089, 7);
-- Fin película: Gabriel''s Inferno: Part II --
INSERT OR IGNORE INTO Actor (id_actor, nombre, foto_path) VALUES (6193, 'Leonardo DiCaprio', 'https://image.tmdb.org/t/p/original/wo2hJpn04vbtmh0B9utCFdsQhxM.jpg');
INSERT OR IGNORE INTO Actor (id_actor, nombre, foto_path) VALUES (24045, 'Joseph Gordon-Levitt', 'https://image.tmdb.org/t/p/original/z2FA8js799xqtfiFjBTicFYdfk.jpg');
INSERT OR IGNORE INTO Actor (id_actor, nombre, foto_path) VALUES (3899, 'Ken Watanabe', 'https://image.tmdb.org/t/p/original/w2t30L5Cmr34myAaUobLoSgsLfS.jpg');
INSERT OR IGNORE INTO Actor (id_actor, nombre, foto_path) VALUES (2524, 'Tom Hardy', 'https://image.tmdb.org/t/p/original/32pesf3nGyLOQEVrhsFHpdbbMli.jpg');
INSERT OR IGNORE INTO Actor (id_actor, nombre, foto_path) VALUES (27578, 'Elliot Page', 'https://image.tmdb.org/t/p/original/nXO8DE4biVXY4UDYP0NdIY1zvXS.jpg');
INSERT OR REPLACE INTO Pelicula (id_pelicula, titulo, descripcion, poster_path, backdrop_path, trailer, anio_estreno, duracion) VALUES (27205, 'Origen', 'Dom Cobb es un ladrón hábil, el mejor de todos, especializado en el peligroso arte de extracción: el robo de secretos valiosos desde las profundidades del subconsciente durante el estado de sueño cuando la mente está más vulnerable. Esta habilidad excepcional de Cobb le ha hecho un jugador codiciado en el traicionero nuevo mundo de espionaje corporativo, pero al mismo tiempo, le ha convertido en un fugitivo internacional y ha tenido que sacrificar todo que le importaba. Ahora a Cobb se le ofrece una oportunidad para redimirse. Con un último trabajo podría recuperar su vida anterior, pero solamente si logra lo imposible.', 'https://image.tmdb.org/t/p/original/tXQvtRWfkUUnWJAn2tN3jERIUG.jpg', 'https://image.tmdb.org/t/p/original/ii8QGacT3MXESqBckQlyrATY0lT.jpg', 'https://www.youtube.com/watch?v=RV9L7ui9Cn8', 2010, 148);
INSERT OR REPLACE INTO Pelicula_Actor (id_pelicula, id_actor, personaje) VALUES (27205, 6193, 'Dom Cobb');
INSERT OR REPLACE INTO Pelicula_Actor (id_pelicula, id_actor, personaje) VALUES (27205, 24045, 'Arthur');
INSERT OR REPLACE INTO Pelicula_Actor (id_pelicula, id_actor, personaje) VALUES (27205, 3899, 'Saito');
INSERT OR REPLACE INTO Pelicula_Actor (id_pelicula, id_actor, personaje) VALUES (27205, 2524, 'Eames');
INSERT OR REPLACE INTO Pelicula_Actor (id_pelicula, id_actor, personaje) VALUES (27205, 27578, 'Ariadne');
INSERT OR IGNORE INTO Pelicula_Categoria (id_pelicula, id_categoria) VALUES (27205, 5);
INSERT OR IGNORE INTO Pelicula_Categoria (id_pelicula, id_categoria) VALUES (27205, 3);
INSERT OR IGNORE INTO Pelicula_Categoria (id_pelicula, id_categoria) VALUES (27205, 1);
-- Fin película: Origen --
INSERT OR IGNORE INTO Actor (id_actor, nombre, foto_path) VALUES (1312450, 'Melanie Zanetti', 'https://image.tmdb.org/t/p/original/lbUQ7ilvBtWMU23reKsHg3jRmsf.jpg');
INSERT OR IGNORE INTO Actor (id_actor, nombre, foto_path) VALUES (544002, 'Giulio Berruti', 'https://image.tmdb.org/t/p/original/cCOWVvjQ1TblPvM7TgMBqMczkOX.jpg');
INSERT OR IGNORE INTO Actor (id_actor, nombre, foto_path) VALUES (1844204, 'Rhett Wellington Ramirez', 'https://image.tmdb.org/t/p/original/3WWleE8I95hzi3VxH6TunlfyT7j.jpg');
INSERT OR IGNORE INTO Actor (id_actor, nombre, foto_path) VALUES (2345991, 'James Andrew Fraser', 'https://image.tmdb.org/t/p/original/bMHD0ezBKKNRLr8fLkWgIWpkqNs.jpg');
INSERT OR IGNORE INTO Actor (id_actor, nombre, foto_path) VALUES (2595115, 'Margaux Brooke', 'https://image.tmdb.org/t/p/original/leLl5l6KnjMdg5O48FhDfB7GquI.jpg');
INSERT OR REPLACE INTO Pelicula (id_pelicula, titulo, descripcion, poster_path, backdrop_path, trailer, anio_estreno, duracion) VALUES (761053, 'El infierno de Gabriel Parte 3', '', 'https://image.tmdb.org/t/p/original/fYtHxTxlhzD4QWfEbrC1rypysSD.jpg', 'https://image.tmdb.org/t/p/original/fQq1FWp1rC89xDrRMuyFJdFUdMd.jpg', '', 2020, 102);
INSERT OR REPLACE INTO Pelicula_Actor (id_pelicula, id_actor, personaje) VALUES (761053, 1312450, 'Julia Mitchell');
INSERT OR REPLACE INTO Pelicula_Actor (id_pelicula, id_actor, personaje) VALUES (761053, 544002, 'Gabriel Emerson');
INSERT OR REPLACE INTO Pelicula_Actor (id_pelicula, id_actor, personaje) VALUES (761053, 1844204, 'Simon Talbot');
INSERT OR REPLACE INTO Pelicula_Actor (id_pelicula, id_actor, personaje) VALUES (761053, 2345991, 'Paul Norris');
INSERT OR REPLACE INTO Pelicula_Actor (id_pelicula, id_actor, personaje) VALUES (761053, 2595115, 'Christa Peterson');
INSERT OR IGNORE INTO Pelicula_Categoria (id_pelicula, id_categoria) VALUES (761053, 10);
INSERT OR IGNORE INTO Pelicula_Categoria (id_pelicula, id_categoria) VALUES (761053, 7);
-- Fin película: El infierno de Gabriel Parte 3 --
INSERT OR IGNORE INTO Actor (id_actor, nombre, foto_path) VALUES (239574, 'Eugenio Derbez', 'https://image.tmdb.org/t/p/original/6o1w3mYF947N6TTakQXcs3NNy4w.jpg');
INSERT OR IGNORE INTO Actor (id_actor, nombre, foto_path) VALUES (1875322, 'Daniel Haddad', 'https://image.tmdb.org/t/p/original/tCZAs7jDAjOl5545eL93C1mcIsa.jpg');
INSERT OR IGNORE INTO Actor (id_actor, nombre, foto_path) VALUES (3895926, 'Jennifer Trejo', 'https://image.tmdb.org/t/p/original/kjKptBXj7z3VJlzUJA9dJZmpFrO.jpg');
INSERT OR IGNORE INTO Actor (id_actor, nombre, foto_path) VALUES (3895927, 'Mia Fernanda Solis', 'https://image.tmdb.org/t/p/original/rGzl5vQM2CG4SfFl2MJK7BAlJ7u.jpg');
INSERT OR IGNORE INTO Actor (id_actor, nombre, foto_path) VALUES (3895928, 'Danilo Guardiola Escobar', 'https://image.tmdb.org/t/p/original/rlceus4FE90OWZ71rOFo2P0zQOF.jpg');
INSERT OR REPLACE INTO Pelicula (id_pelicula, titulo, descripcion, poster_path, backdrop_path, trailer, anio_estreno, duracion) VALUES (1058694, 'Radical', 'En una ciudad fronteriza mexicana plagada de abandono, corrupción y violencia, un profesor frustrado prueba un nuevo método radical para romper la apatía de sus alumnos y desbloquear su curiosidad, su potencial... y puede que incluso su genialidad. Basada en una historia real.', 'https://image.tmdb.org/t/p/original/eSatbygYZp8ooprBHZdb6GFZxGB.jpg', 'https://image.tmdb.org/t/p/original/gutU32BiBxJvJdzLv5RWC9hQhNh.jpg', 'https://www.youtube.com/watch?v=tttHqw-kBGk', 2023, 127);
INSERT OR REPLACE INTO Pelicula_Actor (id_pelicula, id_actor, personaje) VALUES (1058694, 239574, 'Sergio');
INSERT OR REPLACE INTO Pelicula_Actor (id_pelicula, id_actor, personaje) VALUES (1058694, 1875322, 'Chucho');
INSERT OR REPLACE INTO Pelicula_Actor (id_pelicula, id_actor, personaje) VALUES (1058694, 3895926, 'Paloma');
INSERT OR REPLACE INTO Pelicula_Actor (id_pelicula, id_actor, personaje) VALUES (1058694, 3895927, 'Lupe');
INSERT OR REPLACE INTO Pelicula_Actor (id_pelicula, id_actor, personaje) VALUES (1058694, 3895928, 'Nico');
INSERT OR IGNORE INTO Pelicula_Categoria (id_pelicula, id_categoria) VALUES (1058694, 7);
-- Fin película: Radical --
INSERT OR IGNORE INTO Actor (id_actor, nombre, foto_path) VALUES (2643437, 'Scarlett Diamond', 'https://image.tmdb.org/t/p/original/iWUIZ5VauMQzpD1ikrsbc16n8ap.jpg');
INSERT OR IGNORE INTO Actor (id_actor, nombre, foto_path) VALUES (2430234, 'Vincent Vargas', 'https://image.tmdb.org/t/p/original/nQe3cWO2xiAPtOlK13LI9rB450h.jpg');
INSERT OR IGNORE INTO Actor (id_actor, nombre, foto_path) VALUES (2875508, 'Adam Hightower', 'https://image.tmdb.org/t/p/original/4f1P5YGUHSKr6REMpbnTWPWluYg.jpg');
INSERT OR IGNORE INTO Actor (id_actor, nombre, foto_path) VALUES (96277, 'Shawn Stevens', 'https://image.tmdb.org/t/p/original/i20i1fmF2Mb6yO3wQuhymMbWxHU.jpg');
INSERT OR IGNORE INTO Actor (id_actor, nombre, foto_path) VALUES (3973357, 'Florencia Contreras Stevens', 'https://image.tmdb.org/t/p/original/kG8eDLiNUkPvSMEAC3AEaNum4Xj.jpg');
INSERT OR REPLACE INTO Pelicula (id_pelicula, titulo, descripcion, poster_path, backdrop_path, trailer, anio_estreno, duracion) VALUES (770156, 'Un ángel en nuestras vidas', 'Las segundas oportunidades comienzan cuando un criminal endurecido se cruza con una niña precoz a la que un ángel ayuda a cambiar de corazón durante la temporada navideña.', 'https://image.tmdb.org/t/p/original/f938pbdnA0rYQCkdB2RIKLluJpW.jpg', 'https://image.tmdb.org/t/p/original/7jS69IM8bK7ooOWGFmM9G6JcenO.jpg', '', 2020, 87);
INSERT OR REPLACE INTO Pelicula_Actor (id_pelicula, id_actor, personaje) VALUES (770156, 2643437, 'Lucy Shimmers');
INSERT OR REPLACE INTO Pelicula_Actor (id_pelicula, id_actor, personaje) VALUES (770156, 2430234, 'Edgar Ruiz');
INSERT OR REPLACE INTO Pelicula_Actor (id_pelicula, id_actor, personaje) VALUES (770156, 2875508, 'James Shimmers');
INSERT OR REPLACE INTO Pelicula_Actor (id_pelicula, id_actor, personaje) VALUES (770156, 96277, 'Grandpa Jackson');
INSERT OR REPLACE INTO Pelicula_Actor (id_pelicula, id_actor, personaje) VALUES (770156, 3973357, 'Isabelle Shimmers');
INSERT OR IGNORE INTO Pelicula_Categoria (id_pelicula, id_categoria) VALUES (770156, 7);
INSERT OR IGNORE INTO Pelicula_Categoria (id_pelicula, id_categoria) VALUES (770156, 12);
-- Fin película: Un ángel en nuestras vidas --
INSERT OR IGNORE INTO Actor (id_actor, nombre, foto_path) VALUES (854, 'James Stewart', 'https://image.tmdb.org/t/p/original/jam9DRhOuKomlr0vUXTamPoxPdk.jpg');
INSERT OR IGNORE INTO Actor (id_actor, nombre, foto_path) VALUES (4070, 'Grace Kelly', 'https://image.tmdb.org/t/p/original/gnz3NGJrUERwklqfuPWXxcOPs0Q.jpg');
INSERT OR IGNORE INTO Actor (id_actor, nombre, foto_path) VALUES (7683, 'Wendell Corey', 'https://image.tmdb.org/t/p/original/tD2USnh2ItYSviS3L9dHKeztNGQ.jpg');
INSERT OR IGNORE INTO Actor (id_actor, nombre, foto_path) VALUES (7684, 'Thelma Ritter', 'https://image.tmdb.org/t/p/original/q48Cf2evvi73qJULqhIotGrszaA.jpg');
INSERT OR IGNORE INTO Actor (id_actor, nombre, foto_path) VALUES (7685, 'Raymond Burr', 'https://image.tmdb.org/t/p/original/gsmckogOXPIk6lce2qnNMAFF901.jpg');
INSERT OR REPLACE INTO Pelicula (id_pelicula, titulo, descripcion, poster_path, backdrop_path, trailer, anio_estreno, duracion) VALUES (567, 'La ventana indiscreta', 'Un reportero fotográfico se ve obligado a permanecer en reposo con una pierna escayolada. A pesar de la compañía de su novia y de su enfermera, procura escapar al tedio, observando desde la ventana de su apartamento con unos prismáticos lo que ocurre en las viviendas de enfrente. Debido a una serie de extrañas circunstancias empieza a sospechar de un vecino cuya mujer ha desaparecido.', 'https://image.tmdb.org/t/p/original/fH1MipE8PXGg0rlI5cUdzxKnyA2.jpg', 'https://image.tmdb.org/t/p/original/zGs5tZOlvc9cprdcU6kDOVNpujf.jpg', '', 1954, 112);
INSERT OR REPLACE INTO Pelicula_Actor (id_pelicula, id_actor, personaje) VALUES (567, 854, 'L.B. Jefferies');
INSERT OR REPLACE INTO Pelicula_Actor (id_pelicula, id_actor, personaje) VALUES (567, 4070, 'Lisa Fremont');
INSERT OR REPLACE INTO Pelicula_Actor (id_pelicula, id_actor, personaje) VALUES (567, 7683, 'Thomas Doyle');
INSERT OR REPLACE INTO Pelicula_Actor (id_pelicula, id_actor, personaje) VALUES (567, 7684, 'Stella');
INSERT OR REPLACE INTO Pelicula_Actor (id_pelicula, id_actor, personaje) VALUES (567, 7685, 'Lars Thorwald');
INSERT OR IGNORE INTO Pelicula_Categoria (id_pelicula, id_categoria) VALUES (567, 6);
INSERT OR IGNORE INTO Pelicula_Categoria (id_pelicula, id_categoria) VALUES (567, 1);
-- Fin película: La ventana indiscreta --
INSERT OR IGNORE INTO Actor (id_actor, nombre, foto_path) VALUES (1038, 'Jodie Foster', 'https://image.tmdb.org/t/p/original/8DAd9knKivHR4CCStxlNEQXzjIh.jpg');
INSERT OR IGNORE INTO Actor (id_actor, nombre, foto_path) VALUES (4173, 'Anthony Hopkins', 'https://image.tmdb.org/t/p/original/cbFWUHhk6pZKTEm48OKVM5awNNn.jpg');
INSERT OR IGNORE INTO Actor (id_actor, nombre, foto_path) VALUES (349, 'Scott Glenn', 'https://image.tmdb.org/t/p/original/keBKcMPojtRTi5ImLXOoKDmDbqU.jpg');
INSERT OR IGNORE INTO Actor (id_actor, nombre, foto_path) VALUES (15854, 'Ted Levine', 'https://image.tmdb.org/t/p/original/451KSkowLW6M2Au0wBKZZcidgGm.jpg');
INSERT OR IGNORE INTO Actor (id_actor, nombre, foto_path) VALUES (16293, 'Anthony Heald', 'https://image.tmdb.org/t/p/original/e0E6Z1Y0debr4mAHgj0HO7MYyXG.jpg');
INSERT OR REPLACE INTO Pelicula (id_pelicula, titulo, descripcion, poster_path, backdrop_path, trailer, anio_estreno, duracion) VALUES (274, 'El silencio de los corderos', 'Clarice Starling, del FBI, se aventura a una prisión de máxima seguridad para analizar el cerebro enfermo de Hannibal Lecter, un psiquiatra convertido en caníbal.', 'https://image.tmdb.org/t/p/original/8FdQQ3cUCs9goEOr1qUFaHackoJ.jpg', 'https://image.tmdb.org/t/p/original/aYcnDyLMnpKce1FOYUpZrXtgUye.jpg', 'https://www.youtube.com/watch?v=5SKgu_gXPQ4', 1991, 118);
INSERT OR REPLACE INTO Pelicula_Actor (id_pelicula, id_actor, personaje) VALUES (274, 1038, 'Clarice Starling');
INSERT OR REPLACE INTO Pelicula_Actor (id_pelicula, id_actor, personaje) VALUES (274, 4173, 'Dr. Hannibal Lecter');
INSERT OR REPLACE INTO Pelicula_Actor (id_pelicula, id_actor, personaje) VALUES (274, 349, 'Jack Crawford');
INSERT OR REPLACE INTO Pelicula_Actor (id_pelicula, id_actor, personaje) VALUES (274, 15854, 'Jame Gumb');
INSERT OR REPLACE INTO Pelicula_Actor (id_pelicula, id_actor, personaje) VALUES (274, 16293, 'Dr. Frederick Chilton');
INSERT OR IGNORE INTO Pelicula_Categoria (id_pelicula, id_categoria) VALUES (274, 9);
INSERT OR IGNORE INTO Pelicula_Categoria (id_pelicula, id_categoria) VALUES (274, 6);
INSERT OR IGNORE INTO Pelicula_Categoria (id_pelicula, id_categoria) VALUES (274, 7);
-- Fin película: El silencio de los corderos --
INSERT OR IGNORE INTO Actor (id_actor, nombre, foto_path) VALUES (7450, 'Toshirō Mifune', 'https://image.tmdb.org/t/p/original/3A9PqrtiXHLp8B2JL7m3YvVXrmL.jpg');
INSERT OR IGNORE INTO Actor (id_actor, nombre, foto_path) VALUES (70131, 'Tatsuya Nakadai', 'https://image.tmdb.org/t/p/original/4LygOe0vFQplLIft5IUWI5OewPX.jpg');
INSERT OR IGNORE INTO Actor (id_actor, nombre, foto_path) VALUES (34374, '香川京子', 'https://image.tmdb.org/t/p/original/q47wPwySJvhj6HQoYb7ON1TjbcV.jpg');
INSERT OR IGNORE INTO Actor (id_actor, nombre, foto_path) VALUES (13251, '三橋達也', 'https://image.tmdb.org/t/p/original/s33XOrwOEEVoWeScWMK2Afs7Njl.jpg');
INSERT OR IGNORE INTO Actor (id_actor, nombre, foto_path) VALUES (20830, '木村功', 'https://image.tmdb.org/t/p/original/afLPuf3x7UYXryAbqAGqmRcVNNW.jpg');
INSERT OR REPLACE INTO Pelicula (id_pelicula, titulo, descripcion, poster_path, backdrop_path, trailer, anio_estreno, duracion) VALUES (12493, 'El infierno del odio', 'En un momento crucial de su vida financiera, Gondo, un hombre de negocios, recibe la noticia de que su hijo ha sido secuestrado, y el rescate exigido es una cantidad de dinero similar a la que necesita para cerrar una importante negociación. Gondo está dispuesto a pagar el rescate hasta que comprende que los secuestradores se han equivocado y se han llevado al hijo del chófer. Ahora deberá decidir si el dinero es más importante que la vida del niño.', 'https://image.tmdb.org/t/p/original/pXXemxg8s7PHlide0A6cmb3UVU8.jpg', 'https://image.tmdb.org/t/p/original/A62quSOB8otoZvGiLvMVZ9G4BiO.jpg', '', 1963, 143);
INSERT OR REPLACE INTO Pelicula_Actor (id_pelicula, id_actor, personaje) VALUES (12493, 7450, 'Kingo Gondo');
INSERT OR REPLACE INTO Pelicula_Actor (id_pelicula, id_actor, personaje) VALUES (12493, 70131, 'Chief Detective Tokura');
INSERT OR REPLACE INTO Pelicula_Actor (id_pelicula, id_actor, personaje) VALUES (12493, 34374, 'Reiko Gondo');
INSERT OR REPLACE INTO Pelicula_Actor (id_pelicula, id_actor, personaje) VALUES (12493, 13251, 'Kawanishi, Gondo s secretary');
INSERT OR REPLACE INTO Pelicula_Actor (id_pelicula, id_actor, personaje) VALUES (12493, 20830, 'Detective Arai');
INSERT OR IGNORE INTO Pelicula_Categoria (id_pelicula, id_categoria) VALUES (12493, 7);
INSERT OR IGNORE INTO Pelicula_Categoria (id_pelicula, id_categoria) VALUES (12493, 9);
-- Fin película: El infierno del odio --
INSERT OR IGNORE INTO Actor (id_actor, nombre, foto_path) VALUES (587506, 'Shameik Moore', 'https://image.tmdb.org/t/p/original/ovUKfVOwJ7CadEHaG3NDsfA5xRq.jpg');
INSERT OR IGNORE INTO Actor (id_actor, nombre, foto_path) VALUES (130640, 'Hailee Steinfeld', 'https://image.tmdb.org/t/p/original/jiClUr3gaySWAyfXAHiCgmmtvij.jpg');
INSERT OR IGNORE INTO Actor (id_actor, nombre, foto_path) VALUES (226366, 'Brian Tyree Henry', 'https://image.tmdb.org/t/p/original/1UgDnFt3OteCJQPiUelWzIR5bvT.jpg');
INSERT OR IGNORE INTO Actor (id_actor, nombre, foto_path) VALUES (141610, 'Luna Lauren Vélez', 'https://image.tmdb.org/t/p/original/98BvmTJCZHx0jPv0oNcv04Jkmfb.jpg');
INSERT OR IGNORE INTO Actor (id_actor, nombre, foto_path) VALUES (543505, 'Jake Johnson', 'https://image.tmdb.org/t/p/original/3UNfW2qZgRkW81neNVfQvaRC92K.jpg');
INSERT OR REPLACE INTO Pelicula (id_pelicula, titulo, descripcion, poster_path, backdrop_path, trailer, anio_estreno, duracion) VALUES (569094, 'Spider-Man: Cruzando el Multiverso', 'Tras reencontrarse con Gwen Stacy, el amigable vecindario de Spider-Man de Brooklyn al completo es catapultado a través del Multiverso, donde se encuentra con un equipo de Spidermans encargados de proteger su propia existencia. Pero cuando los héroes se enfrentan sobre cómo manejar una nueva amenaza, Miles se encuentra enfrentado a las otras Arañas y debe redefinir lo que significa ser un héroe para poder salvar a la gente que más quiere.', 'https://image.tmdb.org/t/p/original/37WcNMgNOMxdhT87MFl7tq7FM1.jpg', 'https://image.tmdb.org/t/p/original/9xfDWXAUbFXQK585JvByT5pEAhe.jpg', 'https://www.youtube.com/watch?v=b_yMOiRgMmQ', 2023, 140);
INSERT OR REPLACE INTO Pelicula_Actor (id_pelicula, id_actor, personaje) VALUES (569094, 587506, 'Miles Morales (voice)');
INSERT OR REPLACE INTO Pelicula_Actor (id_pelicula, id_actor, personaje) VALUES (569094, 130640, 'Gwen Stacy (voice)');
INSERT OR REPLACE INTO Pelicula_Actor (id_pelicula, id_actor, personaje) VALUES (569094, 226366, 'Jeff Morales (voice)');
INSERT OR REPLACE INTO Pelicula_Actor (id_pelicula, id_actor, personaje) VALUES (569094, 141610, 'Rio Morales (voice)');
INSERT OR REPLACE INTO Pelicula_Actor (id_pelicula, id_actor, personaje) VALUES (569094, 543505, 'Peter B. Parker (voice)');
INSERT OR IGNORE INTO Pelicula_Categoria (id_pelicula, id_categoria) VALUES (569094, 5);
INSERT OR IGNORE INTO Pelicula_Categoria (id_pelicula, id_categoria) VALUES (569094, 5);
INSERT OR IGNORE INTO Pelicula_Categoria (id_pelicula, id_categoria) VALUES (569094, 1);
INSERT OR IGNORE INTO Pelicula_Categoria (id_pelicula, id_categoria) VALUES (569094, 3);
-- Fin película: Spider-Man: Cruzando el Multiverso --
INSERT OR IGNORE INTO Actor (id_actor, nombre, foto_path) VALUES (819, 'Edward Norton', 'https://image.tmdb.org/t/p/original/8nytsqL59SFJTVYVrN72k6qkGgJ.jpg');
INSERT OR IGNORE INTO Actor (id_actor, nombre, foto_path) VALUES (820, 'Edward Furlong', 'https://image.tmdb.org/t/p/original/gzMDzH0UDXE4vS0xPhD1M8oTymo.jpg');
INSERT OR IGNORE INTO Actor (id_actor, nombre, foto_path) VALUES (821, 'Beverly D''Angelo', 'https://image.tmdb.org/t/p/original/8fYQIA8dAaA4GOTxOFSKIvTqzi.jpg');
INSERT OR IGNORE INTO Actor (id_actor, nombre, foto_path) VALUES (823, 'Jennifer Lien', 'https://image.tmdb.org/t/p/original/5wafpjORY55TY5OC6d9Cyb36O2r.jpg');
INSERT OR IGNORE INTO Actor (id_actor, nombre, foto_path) VALUES (824, 'Ethan Suplee', 'https://image.tmdb.org/t/p/original/gGSb8P9nQdDNu0JC65zyAyMUFhS.jpg');
INSERT OR REPLACE INTO Pelicula (id_pelicula, titulo, descripcion, poster_path, backdrop_path, trailer, anio_estreno, duracion) VALUES (73, 'American History X', 'Derek (Edward Norton) es un joven californiano que se convierte en el líder de una banda de neonazis tras el asesinato de su padre. Su hermano pequeño, Danny, le admira y sigue sus pasos de odio y violencia. Cuando Derek mata a dos ladrones negros, es condenado a tres años de cárcel, donde cambia su forma de pensar al conocer a otros presos. Al salir, intenta alejar a Danny del racismo y la delincuencia, pero se encuentra con la resistencia de sus antiguos compañeros y las consecuencias de su pasado.', 'https://image.tmdb.org/t/p/original/h2cDqHvnZkycBJKoF7WhcQ2MX1V.jpg', 'https://image.tmdb.org/t/p/original/6qHI1IYj7QlLSCwHRzkL62X175s.jpg', 'https://www.youtube.com/watch?v=oi7bhRmJzec', 1998, 119);
INSERT OR REPLACE INTO Pelicula_Actor (id_pelicula, id_actor, personaje) VALUES (73, 819, 'Derek');
INSERT OR REPLACE INTO Pelicula_Actor (id_pelicula, id_actor, personaje) VALUES (73, 820, 'Danny');
INSERT OR REPLACE INTO Pelicula_Actor (id_pelicula, id_actor, personaje) VALUES (73, 821, 'Doris');
INSERT OR REPLACE INTO Pelicula_Actor (id_pelicula, id_actor, personaje) VALUES (73, 823, 'Davina');
INSERT OR REPLACE INTO Pelicula_Actor (id_pelicula, id_actor, personaje) VALUES (73, 824, 'Seth');
INSERT OR IGNORE INTO Pelicula_Categoria (id_pelicula, id_categoria) VALUES (73, 7);
-- Fin película: American History X --
INSERT OR IGNORE INTO Actor (id_actor, nombre, foto_path) VALUES (3651176, 'Kikunosuke Toya', 'https://image.tmdb.org/t/p/original/tSAHe7tjN7luUD1Tx5yPSCuCnuD.jpg');
INSERT OR IGNORE INTO Actor (id_actor, nombre, foto_path) VALUES (1452028, 'Reina Ueda', 'https://image.tmdb.org/t/p/original/cddK6dQtVCg6ToQRpETbRYRJK4G.jpg');
INSERT OR IGNORE INTO Actor (id_actor, nombre, foto_path) VALUES (2004086, 'Tomori Kusunoki', 'https://image.tmdb.org/t/p/original/t5aBzyYiJZDE6DWeTcGMrcQpiI5.jpg');
INSERT OR IGNORE INTO Actor (id_actor, nombre, foto_path) VALUES (2812912, 'Shogo Sakata', 'https://image.tmdb.org/t/p/original/fRRPNBz3OCNRdmLdUTdpq7dGqxM.jpg');
INSERT OR IGNORE INTO Actor (id_actor, nombre, foto_path) VALUES (1296667, 'Maaya Uchida', 'https://image.tmdb.org/t/p/original/rq4glg2SZwGyt3TIxR3ElalKmhH.jpg');
INSERT OR REPLACE INTO Pelicula (id_pelicula, titulo, descripcion, poster_path, backdrop_path, trailer, anio_estreno, duracion) VALUES (1218925, 'Chainsaw Man - La película: El arco de Reze', 'Denji trabajaba como cazador de demonios para la yakuza, tratando de saldar la deuda que había heredado de sus padres, pero la yakuza lo traicionó y lo mató. Antes de perder el conocimiento, Pochita, el perro-demonio motosierra de Denji, hizo un trato con él y le salvó la vida. Así se fusionaron, creando al imparable Chainsaw Man. Ahora, en medio de una brutal guerra entre demonios, cazadores y enemigos secretos, una misteriosa chica llamada Reze irrumpe en su mundo y Denji se enfrenta a su batalla más mortífera, impulsado por el amor, en un mundo donde la supervivencia no conoce reglas.', 'https://image.tmdb.org/t/p/original/fJdnp5OO2wh07tdy6noACNyaqMJ.jpg', 'https://image.tmdb.org/t/p/original/gqTz24ZRsCP6AKjARmEivY7m0cK.jpg', 'https://www.youtube.com/watch?v=-KpVet_60Yc', 2025, 100);
INSERT OR REPLACE INTO Pelicula_Actor (id_pelicula, id_actor, personaje) VALUES (1218925, 3651176, 'Denji (voice)');
INSERT OR REPLACE INTO Pelicula_Actor (id_pelicula, id_actor, personaje) VALUES (1218925, 1452028, 'Reze (voice)');
INSERT OR REPLACE INTO Pelicula_Actor (id_pelicula, id_actor, personaje) VALUES (1218925, 2004086, 'Makima (voice)');
INSERT OR REPLACE INTO Pelicula_Actor (id_pelicula, id_actor, personaje) VALUES (1218925, 2812912, 'Aki (voice)');
INSERT OR REPLACE INTO Pelicula_Actor (id_pelicula, id_actor, personaje) VALUES (1218925, 1296667, 'Angel Devil (voice)');
INSERT OR IGNORE INTO Pelicula_Categoria (id_pelicula, id_categoria) VALUES (1218925, 5);
INSERT OR IGNORE INTO Pelicula_Categoria (id_pelicula, id_categoria) VALUES (1218925, 5);
INSERT OR IGNORE INTO Pelicula_Categoria (id_pelicula, id_categoria) VALUES (1218925, 10);
INSERT OR IGNORE INTO Pelicula_Categoria (id_pelicula, id_categoria) VALUES (1218925, 3);
-- Fin película: Chainsaw Man - La película: El arco de Reze --
INSERT OR IGNORE INTO Actor (id_actor, nombre, foto_path) VALUES (521, 'Michael J. Fox', 'https://image.tmdb.org/t/p/original/2JB4FMgQmnhbBlQ4SxWFN9EIVDi.jpg');
INSERT OR IGNORE INTO Actor (id_actor, nombre, foto_path) VALUES (1062, 'Christopher Lloyd', 'https://image.tmdb.org/t/p/original/nxVjpyb3UrfbPZnEyDNlQVlFAs5.jpg');
INSERT OR IGNORE INTO Actor (id_actor, nombre, foto_path) VALUES (1064, 'Crispin Glover', 'https://image.tmdb.org/t/p/original/imBnLpSXvg61qDDdEfvL6R4ITKt.jpg');
INSERT OR IGNORE INTO Actor (id_actor, nombre, foto_path) VALUES (1063, 'Lea Thompson', 'https://image.tmdb.org/t/p/original/85E9NTEfkRdUdK4kTrrnk5of25w.jpg');
INSERT OR IGNORE INTO Actor (id_actor, nombre, foto_path) VALUES (1066, 'Claudia Wells', 'https://image.tmdb.org/t/p/original/2VOsPvoV2vmEUd1O2KjW3kcN8JD.jpg');
INSERT OR REPLACE INTO Pelicula (id_pelicula, titulo, descripcion, poster_path, backdrop_path, trailer, anio_estreno, duracion) VALUES (105, 'Regreso al futuro', 'El adolescente Marty McFly es amigo de Doc, un científico al que todos toman por loco. Cuando Doc crea una máquina para viajar en el tiempo, un error fortuito hace que Marty llegue a 1955, año en el que sus futuros padres aún no se habían conocido. Después de impedir su primer encuentro, deberá conseguir que se conozcan y se casen; de lo contrario, su existencia no sería posible.', 'https://image.tmdb.org/t/p/original/owk40tn1sFJmC7bhamEpmhdZPKa.jpg', 'https://image.tmdb.org/t/p/original/qskzmLTbarKnXDbo2HRj4NJ3vcW.jpg', 'https://www.youtube.com/watch?v=xxSo8ZEvzE8', 1985, 116);
INSERT OR REPLACE INTO Pelicula_Actor (id_pelicula, id_actor, personaje) VALUES (105, 521, 'Marty McFly');
INSERT OR REPLACE INTO Pelicula_Actor (id_pelicula, id_actor, personaje) VALUES (105, 1062, 'Emmett Brown');
INSERT OR REPLACE INTO Pelicula_Actor (id_pelicula, id_actor, personaje) VALUES (105, 1064, 'George McFly');
INSERT OR REPLACE INTO Pelicula_Actor (id_pelicula, id_actor, personaje) VALUES (105, 1063, 'Lorraine Baines');
INSERT OR REPLACE INTO Pelicula_Actor (id_pelicula, id_actor, personaje) VALUES (105, 1066, 'Jennifer Parker');
INSERT OR IGNORE INTO Pelicula_Categoria (id_pelicula, id_categoria) VALUES (105, 1);
INSERT OR IGNORE INTO Pelicula_Categoria (id_pelicula, id_categoria) VALUES (105, 12);
INSERT OR IGNORE INTO Pelicula_Categoria (id_pelicula, id_categoria) VALUES (105, 3);
-- Fin película: Regreso al futuro --
INSERT OR IGNORE INTO Actor (id_actor, nombre, foto_path) VALUES (622, '松田洋治', 'https://image.tmdb.org/t/p/original/42WeHwCymsgJh3mLAyknCdRcef8.jpg');
INSERT OR IGNORE INTO Actor (id_actor, nombre, foto_path) VALUES (20330, '石田ゆり子', 'https://image.tmdb.org/t/p/original/cADoBCi603Chz2IaxcwWT2mNwCf.jpg');
INSERT OR IGNORE INTO Actor (id_actor, nombre, foto_path) VALUES (20331, '田中裕子', 'https://image.tmdb.org/t/p/original/fMonAnp3OQ16FmGy5SGhEJRcuVI.jpg');
INSERT OR IGNORE INTO Actor (id_actor, nombre, foto_path) VALUES (20332, '小林薫', 'https://image.tmdb.org/t/p/original/zpnQ8L6SpyT8pI5vgbpKqXyMYoj.jpg');
INSERT OR IGNORE INTO Actor (id_actor, nombre, foto_path) VALUES (20333, 'Masahiko Nishimura', 'https://image.tmdb.org/t/p/original/2fXvxAI4KySYgp9KZMzkK4q2TkY.jpg');
INSERT OR REPLACE INTO Pelicula (id_pelicula, titulo, descripcion, poster_path, backdrop_path, trailer, anio_estreno, duracion) VALUES (128, 'La princesa Mononoke', 'Tras sufrir el ataque de un monstruoso jabalí maldito, el joven Ashitaka emprende el camino en busca de la cura que detenga la infección. Mientras, los humanos están acabando con los bosques y los dioses convertidos en temibles bestias hacen todo lo posible por protegerlo encabezados por Mononoke, una princesa guerrera. Ashikata deberá escoger bando y decidir si ayudar a los hombres o las deidades intentando detener la maldición de su herida que se extiende por su cuerpo sin cuartel.', 'https://image.tmdb.org/t/p/original/xP466sdt19CPLVljpRwI7luEgFn.jpg', 'https://image.tmdb.org/t/p/original/gl0jzn4BupSbL2qMVeqrjKkF9Js.jpg', 'https://www.youtube.com/watch?v=NixsPRMfqV0', 1997, 134);
INSERT OR REPLACE INTO Pelicula_Actor (id_pelicula, id_actor, personaje) VALUES (128, 622, 'Ashitaka (voice)');
INSERT OR REPLACE INTO Pelicula_Actor (id_pelicula, id_actor, personaje) VALUES (128, 20330, 'San / Kaya (voice)');
INSERT OR REPLACE INTO Pelicula_Actor (id_pelicula, id_actor, personaje) VALUES (128, 20331, 'Eboshi Gozen (voice)');
INSERT OR REPLACE INTO Pelicula_Actor (id_pelicula, id_actor, personaje) VALUES (128, 20332, 'Jikobo (voice)');
INSERT OR REPLACE INTO Pelicula_Actor (id_pelicula, id_actor, personaje) VALUES (128, 20333, 'Kouroku (voice)');
INSERT OR IGNORE INTO Pelicula_Categoria (id_pelicula, id_categoria) VALUES (128, 1);
INSERT OR IGNORE INTO Pelicula_Categoria (id_pelicula, id_categoria) VALUES (128, 3);
INSERT OR IGNORE INTO Pelicula_Categoria (id_pelicula, id_categoria) VALUES (128, 5);
-- Fin película: La princesa Mononoke --
INSERT OR IGNORE INTO Actor (id_actor, nombre, foto_path) VALUES (1907244, '王宥霁', 'https://image.tmdb.org/t/p/original/fm3Hpzr4Fb8g43Oo8TvDfv7O3O1.jpg');
INSERT OR IGNORE INTO Actor (id_actor, nombre, foto_path) VALUES (2156556, '劉朙月', 'https://image.tmdb.org/t/p/original/kqh1vBsQ35b617dvd9jtvQ2ii7l.jpg');
INSERT OR IGNORE INTO Actor (id_actor, nombre, foto_path) VALUES (2207399, '郝祥海', 'https://image.tmdb.org/t/p/original/mDGtY44WlZbk8pMmuzPToIommx4.jpg');
INSERT OR IGNORE INTO Actor (id_actor, nombre, foto_path) VALUES (2196313, '叮当', 'https://image.tmdb.org/t/p/original/vXMuscwMmOjVgv5tZMILhjguLWd.jpg');
INSERT OR IGNORE INTO Actor (id_actor, nombre, foto_path) VALUES (2339317, 'Yuntu Cao', 'https://image.tmdb.org/t/p/original/9qSDFftuxOJh2vKw255g0RsAV3h.jpg');
INSERT OR REPLACE INTO Pelicula (id_pelicula, titulo, descripcion, poster_path, backdrop_path, trailer, anio_estreno, duracion) VALUES (620249, 'La leyenda de Hei', 'Durante generaciones, los humanos han creído que los demonios eran leyendas, sin saber que realmente coexisten con nosotros. Hei es un gato demonio que ha vivido siempre feliz en los bosques de las montañas, hasta que la expansión de la ciudad acaba destruyendo su propio hogar. En ese momento, Hei comienza a vagar por el mundo buscando un nuevo lugar en el que cobijarse.  Una película precuela de la serie web Luo Xiao Hei Zhan Ji. Los espectadores descubrirán cómo Xiao Hei obtuvo el apellido Luo. También se espera que el episodio 28 de la serie sea lanzado justo antes de que la película se transmita en los cines después de un paréntesis de 2 años.', 'https://image.tmdb.org/t/p/original/ogqmdo6Vuofr1FkDQgwB1PHw4ZC.jpg', 'https://image.tmdb.org/t/p/original/aVFx1VtlOxR3v0ADEatalXOvwbu.jpg', '', 2019, 102);
INSERT OR REPLACE INTO Pelicula_Actor (id_pelicula, id_actor, personaje) VALUES (620249, 1907244, 'Luo Xiaohei / Nezha (voice)');
INSERT OR REPLACE INTO Pelicula_Actor (id_pelicula, id_actor, personaje) VALUES (620249, 2156556, 'Wuxian (voice)');
INSERT OR REPLACE INTO Pelicula_Actor (id_pelicula, id_actor, personaje) VALUES (620249, 2207399, 'Fengxi (voice)');
INSERT OR REPLACE INTO Pelicula_Actor (id_pelicula, id_actor, personaje) VALUES (620249, 2196313, 'Luozhu (voice)');
INSERT OR REPLACE INTO Pelicula_Actor (id_pelicula, id_actor, personaje) VALUES (620249, 2339317, 'Xuhuai (voice)');
INSERT OR IGNORE INTO Pelicula_Categoria (id_pelicula, id_categoria) VALUES (620249, 5);
INSERT OR IGNORE INTO Pelicula_Categoria (id_pelicula, id_categoria) VALUES (620249, 3);
INSERT OR IGNORE INTO Pelicula_Categoria (id_pelicula, id_categoria) VALUES (620249, 5);
-- Fin película: La leyenda de Hei --
INSERT OR IGNORE INTO Actor (id_actor, nombre, foto_path) VALUES (7453, '志村喬', 'https://image.tmdb.org/t/p/original/ydyAm2vyBbEPZRICIMqqjDm0NM9.jpg');
INSERT OR IGNORE INTO Actor (id_actor, nombre, foto_path) VALUES (34375, '田中春男', 'https://image.tmdb.org/t/p/original/eziah9QZcIs3SVPgTS3iuyUpiW3.jpg');
INSERT OR IGNORE INTO Actor (id_actor, nombre, foto_path) VALUES (34376, '金子信雄', 'https://image.tmdb.org/t/p/original/uKkx38oqe1VqAzVjpXslOPSTajW.jpg');
INSERT OR IGNORE INTO Actor (id_actor, nombre, foto_path) VALUES (34377, '左卜全', 'https://image.tmdb.org/t/p/original/kvISvHgKAAWVPOnDjgVHWOgSOaO.jpg');
INSERT OR IGNORE INTO Actor (id_actor, nombre, foto_path) VALUES (34378, '小田切みき', 'https://image.tmdb.org/t/p/original/9pfgepQ89gE9wZyHLnMM3tMRV1Y.jpg');
INSERT OR REPLACE INTO Pelicula (id_pelicula, titulo, descripcion, poster_path, backdrop_path, trailer, anio_estreno, duracion) VALUES (3782, 'Vivir', 'Kanji Watanabe es un viejo funcionario público que arrastra una vida monótona y gris; sin embargo, no es consciente del vacío de su existencia hasta que le diagnostican un cáncer incurable. Con la certeza de que el fin de sus días se acerca, surge en él la necesidad de buscarle un sentido a la vida. Y cuando lo consigue se produce un cambio radical en su actitud respecto a los demás.', 'https://image.tmdb.org/t/p/original/eDg67pLOtZAewt0hKIoinECpzCG.jpg', 'https://image.tmdb.org/t/p/original/stiGp1XzkLSYdUUEWTyQOZRkr49.jpg', 'https://www.youtube.com/watch?v=qAPSdf8NmBQ', 1952, 123);
INSERT OR REPLACE INTO Pelicula_Actor (id_pelicula, id_actor, personaje) VALUES (3782, 7453, 'Kanji Watanabe');
INSERT OR REPLACE INTO Pelicula_Actor (id_pelicula, id_actor, personaje) VALUES (3782, 34375, 'Sakai');
INSERT OR REPLACE INTO Pelicula_Actor (id_pelicula, id_actor, personaje) VALUES (3782, 34376, 'Mitsuo, son of Kanji');
INSERT OR REPLACE INTO Pelicula_Actor (id_pelicula, id_actor, personaje) VALUES (3782, 34377, 'Ohara');
INSERT OR REPLACE INTO Pelicula_Actor (id_pelicula, id_actor, personaje) VALUES (3782, 34378, 'Toyo');
INSERT OR IGNORE INTO Pelicula_Categoria (id_pelicula, id_categoria) VALUES (3782, 7);
-- Fin película: Vivir --
INSERT OR IGNORE INTO Actor (id_actor, nombre, foto_path) VALUES (1267329, 'Lupita Nyong''o', 'https://image.tmdb.org/t/p/original/y40Wu1T742kynOqtwXASc5Qgm49.jpg');
INSERT OR IGNORE INTO Actor (id_actor, nombre, foto_path) VALUES (1253360, 'Pedro Pascal', 'https://image.tmdb.org/t/p/original/cuhkTL3MezjArl80MnYl6QJQ4PQ.jpg');
INSERT OR IGNORE INTO Actor (id_actor, nombre, foto_path) VALUES (1538851, 'Kit Connor', 'https://image.tmdb.org/t/p/original/ut64CyBwiRudb3DxOgUa2j9Wxep.jpg');
INSERT OR IGNORE INTO Actor (id_actor, nombre, foto_path) VALUES (2440, 'Bill Nighy', 'https://image.tmdb.org/t/p/original/ixFI2YCGNGJfwlpI8iyhvVZRg8C.jpg');
INSERT OR IGNORE INTO Actor (id_actor, nombre, foto_path) VALUES (1381186, 'Stephanie Hsu', 'https://image.tmdb.org/t/p/original/8gb3lfIHKQAGOQyeC4ynQPsCiHr.jpg');
INSERT OR REPLACE INTO Pelicula (id_pelicula, titulo, descripcion, poster_path, backdrop_path, trailer, anio_estreno, duracion) VALUES (1184918, 'Robot salvaje', 'Esta aventura épica cuenta la historia de una robot, Rozzum 7-1-3-4, "Roz" para abreviar, que naufraga en una isla inhabitada y debe aprender a adaptarse a los entornos rigurosos construyendo relaciones con los animales de la isla y convirtiéndose en la madre adoptiva de una cría de ganso huérfana.', 'https://image.tmdb.org/t/p/original/a0a7RC01aTa7pOnskgJb3mCD2Ba.jpg', 'https://image.tmdb.org/t/p/original/1pmXyN3sKeYoUhu5VBZiDU4BX21.jpg', 'https://www.youtube.com/watch?v=TTu_rks8mUc', 2024, 101);
INSERT OR REPLACE INTO Pelicula_Actor (id_pelicula, id_actor, personaje) VALUES (1184918, 1267329, 'Roz / Rummage (voice)');
INSERT OR REPLACE INTO Pelicula_Actor (id_pelicula, id_actor, personaje) VALUES (1184918, 1253360, 'Fink (voice)');
INSERT OR REPLACE INTO Pelicula_Actor (id_pelicula, id_actor, personaje) VALUES (1184918, 1538851, 'Brightbill (voice)');
INSERT OR REPLACE INTO Pelicula_Actor (id_pelicula, id_actor, personaje) VALUES (1184918, 2440, 'Longneck (voice)');
INSERT OR REPLACE INTO Pelicula_Actor (id_pelicula, id_actor, personaje) VALUES (1184918, 1381186, 'Vontra (voice)');
INSERT OR IGNORE INTO Pelicula_Categoria (id_pelicula, id_categoria) VALUES (1184918, 5);
INSERT OR IGNORE INTO Pelicula_Categoria (id_pelicula, id_categoria) VALUES (1184918, 3);
INSERT OR IGNORE INTO Pelicula_Categoria (id_pelicula, id_categoria) VALUES (1184918, 12);
INSERT OR IGNORE INTO Pelicula_Categoria (id_pelicula, id_categoria) VALUES (1184918, 1);
INSERT OR IGNORE INTO Pelicula_Categoria (id_pelicula, id_categoria) VALUES (1184918, 7);
-- Fin película: Robot salvaje --
INSERT OR IGNORE INTO Actor (id_actor, nombre, foto_path) VALUES (233590, 'Yoshitsugu Matsuoka', 'https://image.tmdb.org/t/p/original/ugDwdWEXnmv43jcbnfAi4XwiQ8C.jpg');
INSERT OR IGNORE INTO Actor (id_actor, nombre, foto_path) VALUES (119143, 'Kana Hanazawa', 'https://image.tmdb.org/t/p/original/5bK9ttcRydQBWmyZp7gXDmJYOPF.jpg');
INSERT OR IGNORE INTO Actor (id_actor, nombre, foto_path) VALUES (1072776, 'Ayana Taketatsu', 'https://image.tmdb.org/t/p/original/5JyZSnHwP18DIcVSqlGUwccA2WE.jpg');
INSERT OR IGNORE INTO Actor (id_actor, nombre, foto_path) VALUES (1530921, 'Miku Ito', 'https://image.tmdb.org/t/p/original/kP7JBvveQO9ucYpmOvUNcW5RLAp.jpg');
INSERT OR IGNORE INTO Actor (id_actor, nombre, foto_path) VALUES (992869, 'Ayane Sakura', 'https://image.tmdb.org/t/p/original/yPbTmntASE9psPIMhNGU5oo6vIH.jpg');
INSERT OR REPLACE INTO Pelicula (id_pelicula, titulo, descripcion, poster_path, backdrop_path, trailer, anio_estreno, duracion) VALUES (820067, 'Las Quintillizas: La Película', 'Como tutor a tiempo parcial, a Fuutarou se le asigna la tarea de guiar a las cinco hermosas chicas, que están “a punto de suspender” y “odian los estudios”, hasta la “graduación”. Fuutarou se esfuerza por preparar el festival escolar mientras vigila los estudios de Ichika, que ha decidido tomarse una licencia para concentrarse en la actuación, y Yotsuba está aún más decidida que de costumbre a que sea un festival escolar sin remordimientos.  Fuutarou se siente animado por la decisión de Itsuki de no rendirse, y busca respuestas a los sentimientos de Nino, la determinación de Miku y sus sentimientos por Ichika, Yotsuba e Itsuki. Con cada uno de ellos con sus propios pensamientos y sentimientos, el primer día del festival escolar, el último evento de su vida en el instituto, finalmente comenzó. “Ven al salón de clases a las 15:00, el primer día del festival escolar”. Las quintillizas se reúnen en el aula y Fuutarou finalmente les informa que tomará una decisión…', 'https://image.tmdb.org/t/p/original/6QsExD8uP3vLk64yLnxD8MSS4A6.jpg', 'https://image.tmdb.org/t/p/original/gcgKSyE2iqwfKWMDZ8TJPxeIu0P.jpg', '', 2022, 136);
INSERT OR REPLACE INTO Pelicula_Actor (id_pelicula, id_actor, personaje) VALUES (820067, 233590, 'Fuutarou Uesugi (voice)');
INSERT OR REPLACE INTO Pelicula_Actor (id_pelicula, id_actor, personaje) VALUES (820067, 119143, 'Ichika Nakano (voice)');
INSERT OR REPLACE INTO Pelicula_Actor (id_pelicula, id_actor, personaje) VALUES (820067, 1072776, 'Nino Nakano (voice)');
INSERT OR REPLACE INTO Pelicula_Actor (id_pelicula, id_actor, personaje) VALUES (820067, 1530921, 'Miku Nakano (voice)');
INSERT OR REPLACE INTO Pelicula_Actor (id_pelicula, id_actor, personaje) VALUES (820067, 992869, 'Yotsuba Nakano (voice)');
INSERT OR IGNORE INTO Pelicula_Categoria (id_pelicula, id_categoria) VALUES (820067, 5);
INSERT OR IGNORE INTO Pelicula_Categoria (id_pelicula, id_categoria) VALUES (820067, 12);
INSERT OR IGNORE INTO Pelicula_Categoria (id_pelicula, id_categoria) VALUES (820067, 10);
-- Fin película: Las Quintillizas: La Película --
INSERT OR IGNORE INTO Actor (id_actor, nombre, foto_path) VALUES (2157, 'Robin Williams', 'https://image.tmdb.org/t/p/original/iYdeP6K0qz44Wg2Nw9LPJGMBkQ5.jpg');
INSERT OR IGNORE INTO Actor (id_actor, nombre, foto_path) VALUES (2692, 'Robert Sean Leonard', 'https://image.tmdb.org/t/p/original/jXehZM0AWLJ2OIz4o0jFtHEzcMI.jpg');
INSERT OR IGNORE INTO Actor (id_actor, nombre, foto_path) VALUES (569, 'Ethan Hawke', 'https://image.tmdb.org/t/p/original/2LoTr6x0TEM7L5em4kSx1VmGDgG.jpg');
INSERT OR IGNORE INTO Actor (id_actor, nombre, foto_path) VALUES (2694, 'Josh Charles', 'https://image.tmdb.org/t/p/original/xmFdIoFKVRNUmXaslBlErA3UHfF.jpg');
INSERT OR IGNORE INTO Actor (id_actor, nombre, foto_path) VALUES (2693, 'Gale Hansen', 'https://image.tmdb.org/t/p/original/gVZ9TFvseA3I0fLLJiXKInzBygp.jpg');
INSERT OR REPLACE INTO Pelicula (id_pelicula, titulo, descripcion, poster_path, backdrop_path, trailer, anio_estreno, duracion) VALUES (207, 'El club de los poetas muertos', 'En un elitista y estricto colegio privado de Nueva Inglaterra, un grupo de alumnos descubrirá la poesía, el significado de "Carpe Diem" -aprovechar el momento- y la importancia de perseguir los sueños, gracias a un excéntrico profesor que despierta sus mentes por medio de métodos poco convencionales.', 'https://image.tmdb.org/t/p/original/vsLcmuk8KBN73spAIEwm1nLNSjc.jpg', 'https://image.tmdb.org/t/p/original/yYvBNN96Ym3wtPxGCFl7F888WwB.jpg', 'https://www.youtube.com/watch?v=S52E2aje2l0', 1989, 128);
INSERT OR REPLACE INTO Pelicula_Actor (id_pelicula, id_actor, personaje) VALUES (207, 2157, 'John Keating');
INSERT OR REPLACE INTO Pelicula_Actor (id_pelicula, id_actor, personaje) VALUES (207, 2692, 'Neil Perry');
INSERT OR REPLACE INTO Pelicula_Actor (id_pelicula, id_actor, personaje) VALUES (207, 569, 'Todd Anderson');
INSERT OR REPLACE INTO Pelicula_Actor (id_pelicula, id_actor, personaje) VALUES (207, 2694, 'Knox Overstreet');
INSERT OR REPLACE INTO Pelicula_Actor (id_pelicula, id_actor, personaje) VALUES (207, 2693, 'Charlie Dalton');
INSERT OR IGNORE INTO Pelicula_Categoria (id_pelicula, id_categoria) VALUES (207, 7);
-- Fin película: El club de los poetas muertos --
INSERT OR IGNORE INTO Actor (id_actor, nombre, foto_path) VALUES (126698, '野島健児', 'https://image.tmdb.org/t/p/original/nRSPVjDkdpnrQabnK5mENH118zN.jpg');
INSERT OR IGNORE INTO Actor (id_actor, nombre, foto_path) VALUES (93801, 'Hiroshi Kamiya', 'https://image.tmdb.org/t/p/original/5aAAOlQ2hW5EqEQOzk4UeroxcTN.jpg');
INSERT OR IGNORE INTO Actor (id_actor, nombre, foto_path) VALUES (9720, 'Hideo Ishikawa', 'https://image.tmdb.org/t/p/original/gEjEDNGt3CHsyzFQdNqewZVbh0.jpg');
INSERT OR IGNORE INTO Actor (id_actor, nombre, foto_path) VALUES (2258797, 'Yurino', '');
INSERT OR REPLACE INTO Pelicula (id_pelicula, titulo, descripcion, poster_path, backdrop_path, trailer, anio_estreno, duracion) VALUES (372754, 'En la misma clase', 'Sajô y Kusakabe son más o menos igual de altos, tienen la misma edad y van a la misma clase. Por lo demás, no puede decirse que tengan mucho en común. Kusakabe, de carácter inquieto y despreocupado, toca en un grupo de rock con sus amigos y deja pasar los días sin pensar mucho en el futuro. Sajô, en cambio, es un alumno modélico que no termina de encajar en ese instituto de macarras, al que nadie sabe muy bien cómo fue a parar. Un día, Kusakabe se da cuenta de que su compañero no canta en los ensayos del coro para intentar disimular su falta de oído musical, así que se ofrece a darle unas lecciones. Entre refrescos compartidos bajo el sol de verano, nace entre ellos un amor de adolescencia que crecerá con el devenir de las estaciones. De la mano, compartiendo sinsabores y alegrías, ambos se encaminarán hacia el final de sus días de instituto y el comienzo de la vida adulta.', 'https://image.tmdb.org/t/p/original/7byisQANRFHf9SC60n5PaLywuMa.jpg', 'https://image.tmdb.org/t/p/original/tLmyP7akYmxLwyfTEt2qyj2sOR3.jpg', '', 2016, 60);
INSERT OR REPLACE INTO Pelicula_Actor (id_pelicula, id_actor, personaje) VALUES (372754, 126698, 'Rihito Sajo (voice)');
INSERT OR REPLACE INTO Pelicula_Actor (id_pelicula, id_actor, personaje) VALUES (372754, 93801, 'Hikaru Kusakabe (voice)');
INSERT OR REPLACE INTO Pelicula_Actor (id_pelicula, id_actor, personaje) VALUES (372754, 9720, 'Manabu Hara (voice)');
INSERT OR REPLACE INTO Pelicula_Actor (id_pelicula, id_actor, personaje) VALUES (372754, 2258797, 'Mikipon (voice)');
INSERT OR IGNORE INTO Pelicula_Categoria (id_pelicula, id_categoria) VALUES (372754, 10);
INSERT OR IGNORE INTO Pelicula_Categoria (id_pelicula, id_categoria) VALUES (372754, 5);
-- Fin película: En la misma clase --
INSERT OR IGNORE INTO Actor (id_actor, nombre, foto_path) VALUES (65437, '岩男潤子', 'https://image.tmdb.org/t/p/original/bKyMLT1MgDTnXafsq2ur32VMwY5.jpg');
INSERT OR IGNORE INTO Actor (id_actor, nombre, foto_path) VALUES (65424, '松本梨香', 'https://image.tmdb.org/t/p/original/ykm6ZpLcX5wblCNp7rOAoZpCh3L.jpg');
INSERT OR IGNORE INTO Actor (id_actor, nombre, foto_path) VALUES (553949, '新山志保', 'https://image.tmdb.org/t/p/original/eUmzsJ0wqHYuzEBTviYy2MlXWw.jpg');
INSERT OR IGNORE INTO Actor (id_actor, nombre, foto_path) VALUES (1685, 'Masaaki Okura', 'https://image.tmdb.org/t/p/original/lQmV0Nzww7i3cmbr2ToqGJ5q6qr.jpg');
INSERT OR IGNORE INTO Actor (id_actor, nombre, foto_path) VALUES (65438, 'Shinpachi Tsuji', 'https://image.tmdb.org/t/p/original/af5ILJbixauO84bsuLOr8XSU9yd.jpg');
INSERT OR REPLACE INTO Pelicula (id_pelicula, titulo, descripcion, poster_path, backdrop_path, trailer, anio_estreno, duracion) VALUES (10494, 'Perfect Blue', 'Tras años siendo una ídolo juvenil que forma parte del exitoso trío musical CHAM!, Mima Kirigoe decide abandonar el grupo para perseguir su sueño de convertirse en actriz. Alentada por su entorno, decide romper con su imagen de niña buena y acepta un papel en una serie policíaca subida de tono, lo que provoca la ira de muchos de sus fans. Pronto descubre que alguien está escribiendo un blog en internet en el que explica detalles íntimos sobre su vida y además su misterioso acosador pasa a la acción amenazando a sus seres queridos. Mientras los cadáveres comienzan a acumularse a su alrededor, la realidad y las alucinaciones se mezclan en un mundo terrorífico en el que no hay lugar para la inocencia y los sueños se convierten en pesadillas.', 'https://image.tmdb.org/t/p/original/kk8p22JheV6MB0fBXOOUgZK9UWQ.jpg', 'https://image.tmdb.org/t/p/original/mHG7dpLb0ZScSY3LpP443IHRmjy.jpg', 'https://www.youtube.com/watch?v=RS3fB6KLz8A', 1998, 81);
INSERT OR REPLACE INTO Pelicula_Actor (id_pelicula, id_actor, personaje) VALUES (10494, 65437, 'Mima Kirigoe (voice)');
INSERT OR REPLACE INTO Pelicula_Actor (id_pelicula, id_actor, personaje) VALUES (10494, 65424, 'Rumi (voice)');
INSERT OR REPLACE INTO Pelicula_Actor (id_pelicula, id_actor, personaje) VALUES (10494, 553949, 'Rei (voice)');
INSERT OR REPLACE INTO Pelicula_Actor (id_pelicula, id_actor, personaje) VALUES (10494, 1685, 'Mamoru Uchida (voice)');
INSERT OR REPLACE INTO Pelicula_Actor (id_pelicula, id_actor, personaje) VALUES (10494, 65438, 'Tadokoro (voice)');
INSERT OR IGNORE INTO Pelicula_Categoria (id_pelicula, id_categoria) VALUES (10494, 5);
INSERT OR IGNORE INTO Pelicula_Categoria (id_pelicula, id_categoria) VALUES (10494, 6);
-- Fin película: Perfect Blue --

-- === LOTE: Top Rated - Page 4 (2026-02-06T06:31:01.626Z) ===
INSERT OR IGNORE INTO Actor (id_actor, nombre, foto_path) VALUES (1003, 'Jean Reno', 'https://image.tmdb.org/t/p/original/mw0EZJYz3kiFq9fNxsML773gotF.jpg');
INSERT OR IGNORE INTO Actor (id_actor, nombre, foto_path) VALUES (524, 'Natalie Portman', 'https://image.tmdb.org/t/p/original/edPU5HxncLWa1YkgRPNkSd68ONG.jpg');
INSERT OR IGNORE INTO Actor (id_actor, nombre, foto_path) VALUES (64, 'Gary Oldman', 'https://image.tmdb.org/t/p/original/2v9FVVBUrrkW2m3QOcYkuhq9A6o.jpg');
INSERT OR IGNORE INTO Actor (id_actor, nombre, foto_path) VALUES (1004, 'Danny Aiello', 'https://image.tmdb.org/t/p/original/2WiZ8SkiFU355GUT2QuSPlenrfM.jpg');
INSERT OR IGNORE INTO Actor (id_actor, nombre, foto_path) VALUES (1005, 'Peter Appel', 'https://image.tmdb.org/t/p/original/AvOZjWVwklfJHNHD2AwLmYRhSXw.jpg');
INSERT OR REPLACE INTO Pelicula (id_pelicula, titulo, descripcion, poster_path, backdrop_path, trailer, anio_estreno, duracion) VALUES (101, 'El profesional (Léon)', 'Stan es un corrupto agente de la DEA cuya codicia le lleva a cometer asesinatos en las calles de Nueva York. El mortal juego del gato y el ratón empieza cuando se cruza en su camino un solitario hombre, llamado León. León es asesino a sueldo, un personaje indestructible e indocumentado, que sólo bebe leche y se ocupa de sus plantas. En medio se encuentra una huerfanita de 12 años, que no puede olvidar al hombre que asesinó a su familia.', 'https://image.tmdb.org/t/p/original/9Ztxqq9mAeGiXDkyqXJPaACUcbd.jpg', 'https://image.tmdb.org/t/p/original/erRKAGEjtz3XKYKp8TaSbLrIoB2.jpg', 'https://www.youtube.com/watch?v=AjGr4tjEa5M', 1994, 110);
INSERT OR REPLACE INTO Pelicula_Actor (id_pelicula, id_actor, personaje) VALUES (101, 1003, 'Léon Montana');
INSERT OR REPLACE INTO Pelicula_Actor (id_pelicula, id_actor, personaje) VALUES (101, 524, 'Mathilda Lando');
INSERT OR REPLACE INTO Pelicula_Actor (id_pelicula, id_actor, personaje) VALUES (101, 64, 'Norman Stansfield');
INSERT OR REPLACE INTO Pelicula_Actor (id_pelicula, id_actor, personaje) VALUES (101, 1004, 'Tony');
INSERT OR REPLACE INTO Pelicula_Actor (id_pelicula, id_actor, personaje) VALUES (101, 1005, 'Malky');
INSERT OR IGNORE INTO Pelicula_Categoria (id_pelicula, id_categoria) VALUES (101, 9);
INSERT OR IGNORE INTO Pelicula_Categoria (id_pelicula, id_categoria) VALUES (101, 7);
INSERT OR IGNORE INTO Pelicula_Categoria (id_pelicula, id_categoria) VALUES (101, 5);
-- Fin película: El profesional (Léon) --
INSERT OR IGNORE INTO Actor (id_actor, nombre, foto_path) VALUES (1622, '張震', 'https://image.tmdb.org/t/p/original/4BOQ5pJXdsArkMHvyVhrV8Ditnr.jpg');
INSERT OR IGNORE INTO Actor (id_actor, nombre, foto_path) VALUES (150162, '楊靜怡', 'https://image.tmdb.org/t/p/original/ptV4yPHZMsR4Z99qhY2h2a45y1P.jpg');
INSERT OR IGNORE INTO Actor (id_actor, nombre, foto_path) VALUES (1088685, '張國柱', 'https://image.tmdb.org/t/p/original/6hGLo2VE970oi3LMPr9QcmiaDSG.jpg');
INSERT OR IGNORE INTO Actor (id_actor, nombre, foto_path) VALUES (103598, '金燕玲', 'https://image.tmdb.org/t/p/original/eXhTJ8vMsflpvoU4lOWeFTahbVY.jpg');
INSERT OR IGNORE INTO Actor (id_actor, nombre, foto_path) VALUES (1293234, '王琄', 'https://image.tmdb.org/t/p/original/yJq73sOtT5NGXGXhqscXcGSfmpA.jpg');
INSERT OR REPLACE INTO Pelicula (id_pelicula, titulo, descripcion, poster_path, backdrop_path, trailer, anio_estreno, duracion) VALUES (15804, 'Un día de verano', 'Taiwan, años ''60. Los jóvenes taiwaneses, aunque dominados por China, se sienten deslumbrados por los Estados Unidos y organizan bandas para afirmar su identidad. La versión original duraba 237 minutos, pero por motivos comerciales Yang la recortó para su exhibición hasta los 188 minutos.', 'https://image.tmdb.org/t/p/original/gXvyDspzokDAjG0C3rSrszTj12j.jpg', 'https://image.tmdb.org/t/p/original/hypv7bDxzqdhJfEpjRKf1aQbdc.jpg', '', 1991, 237);
INSERT OR REPLACE INTO Pelicula_Actor (id_pelicula, id_actor, personaje) VALUES (15804, 1622, 'Xiao Sir');
INSERT OR REPLACE INTO Pelicula_Actor (id_pelicula, id_actor, personaje) VALUES (15804, 150162, 'Ming');
INSERT OR REPLACE INTO Pelicula_Actor (id_pelicula, id_actor, personaje) VALUES (15804, 1088685, 'Father');
INSERT OR REPLACE INTO Pelicula_Actor (id_pelicula, id_actor, personaje) VALUES (15804, 103598, 'Mother');
INSERT OR REPLACE INTO Pelicula_Actor (id_pelicula, id_actor, personaje) VALUES (15804, 1293234, 'Eldest Sister');
INSERT OR IGNORE INTO Pelicula_Categoria (id_pelicula, id_categoria) VALUES (15804, 9);
INSERT OR IGNORE INTO Pelicula_Categoria (id_pelicula, id_categoria) VALUES (15804, 7);
INSERT OR IGNORE INTO Pelicula_Categoria (id_pelicula, id_categoria) VALUES (15804, 10);
-- Fin película: Un día de verano --
INSERT OR IGNORE INTO Actor (id_actor, nombre, foto_path) VALUES (1224288, 'Yui Ishikawa', 'https://image.tmdb.org/t/p/original/2y1y1W4q8UIR0Vbs4NNvc7722XT.jpg');
INSERT OR IGNORE INTO Actor (id_actor, nombre, foto_path) VALUES (110665, 'Daisuke Namikawa', 'https://image.tmdb.org/t/p/original/iw0X8oDutxaBAri3Ifga8nhdUJK.jpg');
INSERT OR IGNORE INTO Actor (id_actor, nombre, foto_path) VALUES (84508, 'Takehito Koyasu', 'https://image.tmdb.org/t/p/original/8uBkNDKPNmp9JWgMUI02NVyfhi1.jpg');
INSERT OR IGNORE INTO Actor (id_actor, nombre, foto_path) VALUES (225655, 'Hidenobu Kiuchi', 'https://image.tmdb.org/t/p/original/d7MW4HQjMsZnX3cy2dF8QJETCbf.jpg');
INSERT OR IGNORE INTO Actor (id_actor, nombre, foto_path) VALUES (1248340, 'Haruka Tomatsu', 'https://image.tmdb.org/t/p/original/geVvuA2zMGE5xzfc20aDelJSelu.jpg');
INSERT OR REPLACE INTO Pelicula (id_pelicula, titulo, descripcion, poster_path, backdrop_path, trailer, anio_estreno, duracion) VALUES (533514, 'Violet Evergarden: La película', 'La historia se retoma desde los últimos hechos acontecidos en la serie. Violet sigue trabajando como muñeca sin olvidar a Gilbert. En su camino se cruza Ulysse Yurith, un niño enfermo que le pide a la muñeca que redacte cartas de despedida para su familia. Además, Violet se topa con una carta que cambiará el destino de su vida. ¿Podría Gilbert haberse salvado y seguir vivo en algún lugar?', 'https://image.tmdb.org/t/p/original/dXQ0UVNJTFi7YhDgchFJJCBOxQO.jpg', 'https://image.tmdb.org/t/p/original/wGwSWDG3LIQxchg2M8HV7bDqYKU.jpg', '', 2020, 140);
INSERT OR REPLACE INTO Pelicula_Actor (id_pelicula, id_actor, personaje) VALUES (533514, 1224288, 'Violet Evergarden (voice)');
INSERT OR REPLACE INTO Pelicula_Actor (id_pelicula, id_actor, personaje) VALUES (533514, 110665, 'Gilbert Bougainvillea (voice)');
INSERT OR REPLACE INTO Pelicula_Actor (id_pelicula, id_actor, personaje) VALUES (533514, 84508, 'Claudia Hodgins (voice)');
INSERT OR REPLACE INTO Pelicula_Actor (id_pelicula, id_actor, personaje) VALUES (533514, 225655, 'Dietfried Bougainvillea (voice)');
INSERT OR REPLACE INTO Pelicula_Actor (id_pelicula, id_actor, personaje) VALUES (533514, 1248340, 'Iris Cannary (voice)');
INSERT OR IGNORE INTO Pelicula_Categoria (id_pelicula, id_categoria) VALUES (533514, 5);
INSERT OR IGNORE INTO Pelicula_Categoria (id_pelicula, id_categoria) VALUES (533514, 7);
INSERT OR IGNORE INTO Pelicula_Categoria (id_pelicula, id_categoria) VALUES (533514, 3);
INSERT OR IGNORE INTO Pelicula_Categoria (id_pelicula, id_categoria) VALUES (533514, 10);
-- Fin película: Violet Evergarden: La película --
INSERT OR IGNORE INTO Actor (id_actor, nombre, foto_path) VALUES (37583, 'Nino Manfredi', 'https://image.tmdb.org/t/p/original/aYrj641bdWgwME5x2Vw6NDoBeGt.jpg');
INSERT OR IGNORE INTO Actor (id_actor, nombre, foto_path) VALUES (12259, 'Vittorio Gassman', 'https://image.tmdb.org/t/p/original/eIcPpL8OlAMlIr9ZMvFTY7ni7LX.jpg');
INSERT OR IGNORE INTO Actor (id_actor, nombre, foto_path) VALUES (34027, 'Stefania Sandrelli', 'https://image.tmdb.org/t/p/original/FgC2JtlrNTMs0nCs6C6BADg7lb.jpg');
INSERT OR IGNORE INTO Actor (id_actor, nombre, foto_path) VALUES (24606, 'Stefano Satta Flores', 'https://image.tmdb.org/t/p/original/9PifLAPYRIcEbeqj5WPb7bk3w9k.jpg');
INSERT OR IGNORE INTO Actor (id_actor, nombre, foto_path) VALUES (94420, 'Giovanna Ralli', 'https://image.tmdb.org/t/p/original/6dvHHF5JoFhQg6vD6rG8vyME4zK.jpg');
INSERT OR REPLACE INTO Pelicula (id_pelicula, titulo, descripcion, poster_path, backdrop_path, trailer, anio_estreno, duracion) VALUES (42269, 'Una mujer y tres hombres', 'Amarga crónica de la historia de Italia, desde la posguerra hasta los años setenta, narrada a través de un grupo de amigos de izquierdas que se conocieron cuando en 1944 lucharon contra los nazis. Este retrato del idealismo, pero también de la inevitable pérdida de las ilusiones a causa del acomodamiento burgués, fue el primer éxito internacional del realizador italiano Ettore Scola.', 'https://image.tmdb.org/t/p/original/oz9q8fI9j5dcxowuFagFzhaiK2z.jpg', 'https://image.tmdb.org/t/p/original/2Kkqmy3EpXqBDqv1vvsNXX3pwww.jpg', '', 1974, 125);
INSERT OR REPLACE INTO Pelicula_Actor (id_pelicula, id_actor, personaje) VALUES (42269, 37583, 'Antonio');
INSERT OR REPLACE INTO Pelicula_Actor (id_pelicula, id_actor, personaje) VALUES (42269, 12259, 'Gianni Perego');
INSERT OR REPLACE INTO Pelicula_Actor (id_pelicula, id_actor, personaje) VALUES (42269, 34027, 'Luciana Zanon');
INSERT OR REPLACE INTO Pelicula_Actor (id_pelicula, id_actor, personaje) VALUES (42269, 24606, 'Nicola Palumbo');
INSERT OR REPLACE INTO Pelicula_Actor (id_pelicula, id_actor, personaje) VALUES (42269, 94420, 'Elide');
INSERT OR IGNORE INTO Pelicula_Categoria (id_pelicula, id_categoria) VALUES (42269, 7);
INSERT OR IGNORE INTO Pelicula_Categoria (id_pelicula, id_categoria) VALUES (42269, 12);
-- Fin película: Una mujer y tres hombres --
INSERT OR IGNORE INTO Actor (id_actor, nombre, foto_path) VALUES (1640507, 'Raúl Santana', 'https://image.tmdb.org/t/p/original/t2JoMFV1XIIzcDL4iSplPSxOo1m.jpg');
INSERT OR IGNORE INTO Actor (id_actor, nombre, foto_path) VALUES (1640510, 'Nataly Valencia', 'https://image.tmdb.org/t/p/original/nXa2JH5shLuF18mh954xRPdHI3y.jpg');
INSERT OR IGNORE INTO Actor (id_actor, nombre, foto_path) VALUES (147333, 'Carlos Alcántara', 'https://image.tmdb.org/t/p/original/kOA49MEbLUCvkob99Ju13H1eYFS.jpg');
INSERT OR IGNORE INTO Actor (id_actor, nombre, foto_path) VALUES (1737888, 'Biassini Segura', 'https://image.tmdb.org/t/p/original/6X539lTqRd52rA0uhUoLJbiQgNb.jpg');
INSERT OR IGNORE INTO Actor (id_actor, nombre, foto_path) VALUES (1309844, 'Mariana Treviño', 'https://image.tmdb.org/t/p/original/4pSXXgiK0AtJA9JyF3Vc43Tcqug.jpg');
INSERT OR REPLACE INTO Pelicula (id_pelicula, titulo, descripcion, poster_path, backdrop_path, trailer, anio_estreno, duracion) VALUES (644479, 'Dedicada A Mi Ex', 'La película cuenta la historia de Ariel, un joven de 21 años que decide formar una banda de rock para competir por un premio de diez mil dólares en un concurso de bandas musicales, esta es la última opción cuando intenta obtener dinero para salvar su relación. y se reúne con su ex novia, que se rompe debido al viaje que debe hacer a Finlandia para una pasantía. Ariel con su amiga Ortega, decide hacer un casting para encontrar a los otros miembros de la banda, aunque no saben nada de música, formando así una banda con miembros que tienen personalidades diversas y opuestas.', 'https://image.tmdb.org/t/p/original/xc4bTXVwYNXi10jG9dwcaYt5IpU.jpg', 'https://image.tmdb.org/t/p/original/1fOsyhVz5qyX2rl1qqX6KImVhTx.jpg', '', 2019, 94);
INSERT OR REPLACE INTO Pelicula_Actor (id_pelicula, id_actor, personaje) VALUES (644479, 1640507, 'Ariel');
INSERT OR REPLACE INTO Pelicula_Actor (id_pelicula, id_actor, personaje) VALUES (644479, 1640510, 'Felicia');
INSERT OR REPLACE INTO Pelicula_Actor (id_pelicula, id_actor, personaje) VALUES (644479, 147333, 'Néstor');
INSERT OR REPLACE INTO Pelicula_Actor (id_pelicula, id_actor, personaje) VALUES (644479, 1737888, 'Ortega');
INSERT OR REPLACE INTO Pelicula_Actor (id_pelicula, id_actor, personaje) VALUES (644479, 1309844, 'Victoria');
INSERT OR IGNORE INTO Pelicula_Categoria (id_pelicula, id_categoria) VALUES (644479, 7);
INSERT OR IGNORE INTO Pelicula_Categoria (id_pelicula, id_categoria) VALUES (644479, 12);
-- Fin película: Dedicada A Mi Ex --
INSERT OR IGNORE INTO Actor (id_actor, nombre, foto_path) VALUES (13848, 'Charlie Chaplin', 'https://image.tmdb.org/t/p/original/eZAynbZFJB4L8ZfMXTUSG3RmBcg.jpg');
INSERT OR IGNORE INTO Actor (id_actor, nombre, foto_path) VALUES (14027, 'Paulette Goddard', 'https://image.tmdb.org/t/p/original/7fMtXuVbJMbsFB4U3CsgDdivizP.jpg');
INSERT OR IGNORE INTO Actor (id_actor, nombre, foto_path) VALUES (14028, 'Jack Oakie', 'https://image.tmdb.org/t/p/original/9oWdEicbTjfpfiCtvvYuxi0UseU.jpg');
INSERT OR IGNORE INTO Actor (id_actor, nombre, foto_path) VALUES (14029, 'Reginald Gardiner', 'https://image.tmdb.org/t/p/original/yufdzor5RheT4FYx1Ywm4mo2TlG.jpg');
INSERT OR IGNORE INTO Actor (id_actor, nombre, foto_path) VALUES (10924, 'Henry Daniell', 'https://image.tmdb.org/t/p/original/5g4V2fKBAI5TGjqfItfsnPjqZN9.jpg');
INSERT OR REPLACE INTO Pelicula (id_pelicula, titulo, descripcion, poster_path, backdrop_path, trailer, anio_estreno, duracion) VALUES (914, 'El gran dictador', 'Un humilde barbero judío tiene un parecido asombroso con el dictador de la nación Tomania, que promete sacar adelante y que culpa a los judíos de la situación del país. El dictador ataca al país fronterizo, pero es confundido con el barbero por sus propios guardias, siendo ingresado en un campo de concentración. Simultáneamente, el pobre barbero es confundido con el dictador...', 'https://image.tmdb.org/t/p/original/w7ovs2B2AlNRig68HOmuYVQRroQ.jpg', 'https://image.tmdb.org/t/p/original/c8Pi8F1FzpNebtgXcSjC9nWCdSW.jpg', '', 1940, 125);
INSERT OR REPLACE INTO Pelicula_Actor (id_pelicula, id_actor, personaje) VALUES (914, 13848, 'Adenoid Hynkel, Dictator of Tomania / A Jewish Barber');
INSERT OR REPLACE INTO Pelicula_Actor (id_pelicula, id_actor, personaje) VALUES (914, 14027, 'Hannah');
INSERT OR REPLACE INTO Pelicula_Actor (id_pelicula, id_actor, personaje) VALUES (914, 14028, 'Benzino Napaloni, Dictator of Bacteria');
INSERT OR REPLACE INTO Pelicula_Actor (id_pelicula, id_actor, personaje) VALUES (914, 14029, 'Commander Schultz');
INSERT OR REPLACE INTO Pelicula_Actor (id_pelicula, id_actor, personaje) VALUES (914, 10924, 'Garbitsch');
INSERT OR IGNORE INTO Pelicula_Categoria (id_pelicula, id_categoria) VALUES (914, 12);
INSERT OR IGNORE INTO Pelicula_Categoria (id_pelicula, id_categoria) VALUES (914, 1);
-- Fin película: El gran dictador --
INSERT OR IGNORE INTO Actor (id_actor, nombre, foto_path) VALUES (8252, 'William Holden', 'https://image.tmdb.org/t/p/original/qEuJZiPXKFm1LdtbnHKGj2hQm8a.jpg');
INSERT OR IGNORE INTO Actor (id_actor, nombre, foto_path) VALUES (8629, 'Gloria Swanson', 'https://image.tmdb.org/t/p/original/akmlp75ESHjtGOVtOCfJYxkX4eo.jpg');
INSERT OR IGNORE INTO Actor (id_actor, nombre, foto_path) VALUES (8630, 'Erich von Stroheim', 'https://image.tmdb.org/t/p/original/lUoSEdmX6Cl7lLUnV4ewLkVDnhY.jpg');
INSERT OR IGNORE INTO Actor (id_actor, nombre, foto_path) VALUES (8631, 'Nancy Olson', 'https://image.tmdb.org/t/p/original/419ZEkm8PQSp9RS7NXb4yJPDRm4.jpg');
INSERT OR IGNORE INTO Actor (id_actor, nombre, foto_path) VALUES (8632, 'Fred Clark', 'https://image.tmdb.org/t/p/original/yBjSwb6xma9ukYpbSe75C0eqNTx.jpg');
INSERT OR REPLACE INTO Pelicula (id_pelicula, titulo, descripcion, poster_path, backdrop_path, trailer, anio_estreno, duracion) VALUES (599, 'El crepúsculo de los dioses', 'Joe Gillis es un joven escritor de segunda fila que, acosado por sus acreedores, se refugia casualmente en la mansión de Norma Desmond, antigua estrella del cine mudo, que vive fuera de la realidad, acompañada únicamente de su fiel criado Max. A partir de ese momento, la actriz pretende que Joe corrija un guión que ella ha escrito y que va a significar su regreso al cine.', 'https://image.tmdb.org/t/p/original/sVILYytrnjsEXBcZyxHMJ5jP74t.jpg', 'https://image.tmdb.org/t/p/original/p47ihFj4A7EpBjmPHdTj4ipyq1S.jpg', 'https://www.youtube.com/watch?v=yMhVPorOZ_I', 1950, 110);
INSERT OR REPLACE INTO Pelicula_Actor (id_pelicula, id_actor, personaje) VALUES (599, 8252, 'Joe Gillis');
INSERT OR REPLACE INTO Pelicula_Actor (id_pelicula, id_actor, personaje) VALUES (599, 8629, 'Norma Desmond');
INSERT OR REPLACE INTO Pelicula_Actor (id_pelicula, id_actor, personaje) VALUES (599, 8630, 'Max von Mayerling');
INSERT OR REPLACE INTO Pelicula_Actor (id_pelicula, id_actor, personaje) VALUES (599, 8631, 'Betty Schaefer');
INSERT OR REPLACE INTO Pelicula_Actor (id_pelicula, id_actor, personaje) VALUES (599, 8632, 'Sheldrake');
INSERT OR IGNORE INTO Pelicula_Categoria (id_pelicula, id_categoria) VALUES (599, 7);
-- Fin película: El crepúsculo de los dioses --
INSERT OR IGNORE INTO Actor (id_actor, nombre, foto_path) VALUES (13848, 'Charlie Chaplin', 'https://image.tmdb.org/t/p/original/eZAynbZFJB4L8ZfMXTUSG3RmBcg.jpg');
INSERT OR IGNORE INTO Actor (id_actor, nombre, foto_path) VALUES (14027, 'Paulette Goddard', 'https://image.tmdb.org/t/p/original/7fMtXuVbJMbsFB4U3CsgDdivizP.jpg');
INSERT OR IGNORE INTO Actor (id_actor, nombre, foto_path) VALUES (14438, 'Henry Bergman', 'https://image.tmdb.org/t/p/original/x41Z1XOGnBg6xnFhxunVQBmcJ36.jpg');
INSERT OR IGNORE INTO Actor (id_actor, nombre, foto_path) VALUES (30194, 'Tiny Sandford', 'https://image.tmdb.org/t/p/original/dsfbvZOIb1rdBx8eUGa2QTYyqGE.jpg');
INSERT OR IGNORE INTO Actor (id_actor, nombre, foto_path) VALUES (30195, 'Chester Conklin', 'https://image.tmdb.org/t/p/original/qaEgtSQU4eTX2fMng7Grc7G2xzq.jpg');
INSERT OR REPLACE INTO Pelicula (id_pelicula, titulo, descripcion, poster_path, backdrop_path, trailer, anio_estreno, duracion) VALUES (3082, 'Tiempos modernos', 'Extenuado por el frenético ritmo de la cadena de montaje, un obrero metalúrgico acaba perdiendo la razón. Después de recuperarse en un hospital, sale y es encarcelado por participar en una manifestación en la que se encontraba por casualidad. En la cárcel, también sin pretenderlo, ayuda a controlar un motín, gracias a lo cual queda en libertad. Una vez fuera, reemprende la lucha por la supervivencia en compañía de una joven huérfana a la que conoce en la calle.', 'https://image.tmdb.org/t/p/original/f3uOJseH4oPEo0Sq7WyQ6IwMG4l.jpg', 'https://image.tmdb.org/t/p/original/vzKzz7ObY3zNIV4ZYFY6Ib3X6ig.jpg', '', 1936, 87);
INSERT OR REPLACE INTO Pelicula_Actor (id_pelicula, id_actor, personaje) VALUES (3082, 13848, 'The Tramp (A Factory Worker)');
INSERT OR REPLACE INTO Pelicula_Actor (id_pelicula, id_actor, personaje) VALUES (3082, 14027, 'A Gamin');
INSERT OR REPLACE INTO Pelicula_Actor (id_pelicula, id_actor, personaje) VALUES (3082, 14438, 'Cafe Proprietor');
INSERT OR REPLACE INTO Pelicula_Actor (id_pelicula, id_actor, personaje) VALUES (3082, 30194, 'Big Bill');
INSERT OR REPLACE INTO Pelicula_Actor (id_pelicula, id_actor, personaje) VALUES (3082, 30195, 'Mechanic');
INSERT OR IGNORE INTO Pelicula_Categoria (id_pelicula, id_categoria) VALUES (3082, 12);
INSERT OR IGNORE INTO Pelicula_Categoria (id_pelicula, id_categoria) VALUES (3082, 7);
INSERT OR IGNORE INTO Pelicula_Categoria (id_pelicula, id_categoria) VALUES (3082, 10);
-- Fin película: Tiempos modernos --
INSERT OR IGNORE INTO Actor (id_actor, nombre, foto_path) VALUES (4959, 'Claudia Cardinale', 'https://image.tmdb.org/t/p/original/gbTVdZGrOwteJ7qYSzyn8XpUk0H.jpg');
INSERT OR IGNORE INTO Actor (id_actor, nombre, foto_path) VALUES (4958, 'Henry Fonda', 'https://image.tmdb.org/t/p/original/6wXWsqSXF3wCsGcwVqiszy6RX9X.jpg');
INSERT OR IGNORE INTO Actor (id_actor, nombre, foto_path) VALUES (4765, 'Jason Robards', 'https://image.tmdb.org/t/p/original/9y0HAtWWBkB02gVzh8QDdz6UYZH.jpg');
INSERT OR IGNORE INTO Actor (id_actor, nombre, foto_path) VALUES (4960, 'Charles Bronson', 'https://image.tmdb.org/t/p/original/w0C2Xa6PCQX83Iu2TxPjOCv8ufm.jpg');
INSERT OR IGNORE INTO Actor (id_actor, nombre, foto_path) VALUES (4961, 'Gabriele Ferzetti', 'https://image.tmdb.org/t/p/original/usiGcuBhMrSK8VnMHFKV6zDFrhj.jpg');
INSERT OR REPLACE INTO Pelicula (id_pelicula, titulo, descripcion, poster_path, backdrop_path, trailer, anio_estreno, duracion) VALUES (335, 'Hasta que llegó su hora', 'Mientras los constructores del ferrocarril avanzan imparables por el desierto de Arizona en su camino hacia el mar, Jill llega al pequeño pueblo de Flagstone con la intención de empezar una nueva vida.', 'https://image.tmdb.org/t/p/original/upiek8u4rHTrOJW9B0woXe4A4h7.jpg', 'https://image.tmdb.org/t/p/original/aKZ9hDmLJTaGSxWdhxqMTcvXmk4.jpg', 'https://www.youtube.com/watch?v=m69ro53XbjU', 1968, 166);
INSERT OR REPLACE INTO Pelicula_Actor (id_pelicula, id_actor, personaje) VALUES (335, 4959, 'Jill');
INSERT OR REPLACE INTO Pelicula_Actor (id_pelicula, id_actor, personaje) VALUES (335, 4958, 'Frank');
INSERT OR REPLACE INTO Pelicula_Actor (id_pelicula, id_actor, personaje) VALUES (335, 4765, ''Cheyenne'');
INSERT OR REPLACE INTO Pelicula_Actor (id_pelicula, id_actor, personaje) VALUES (335, 4960, ''Harmonica'');
INSERT OR REPLACE INTO Pelicula_Actor (id_pelicula, id_actor, personaje) VALUES (335, 4961, 'Morton');
INSERT OR IGNORE INTO Pelicula_Categoria (id_pelicula, id_categoria) VALUES (335, 7);
INSERT OR IGNORE INTO Pelicula_Categoria (id_pelicula, id_categoria) VALUES (335, 2);
-- Fin película: Hasta que llegó su hora --
INSERT OR IGNORE INTO Actor (id_actor, nombre, foto_path) VALUES (1255318, 'Taishi Nakagawa', 'https://image.tmdb.org/t/p/original/gvUJ1Ge1ERLnYwqb4cJVCXQQIYA.jpg');
INSERT OR IGNORE INTO Actor (id_actor, nombre, foto_path) VALUES (1671407, 'Kaya Kiyohara', 'https://image.tmdb.org/t/p/original/a0tDsusfKXPSbVGO9zBSSAoCcAP.jpg');
INSERT OR IGNORE INTO Actor (id_actor, nombre, foto_path) VALUES (1772522, 'Yume Miyamoto', 'https://image.tmdb.org/t/p/original/8PzHX7owawEZKq7Eg9WwcmWYx9s.jpg');
INSERT OR IGNORE INTO Actor (id_actor, nombre, foto_path) VALUES (1254260, 'Kazuyuki Okitsu', 'https://image.tmdb.org/t/p/original/vgyaK5dAxhvzAi6LJM3ZyaJd4mJ.jpg');
INSERT OR IGNORE INTO Actor (id_actor, nombre, foto_path) VALUES (1691384, 'Lynn', 'https://image.tmdb.org/t/p/original/eJ2NqgzpnzNbT6Nt9EpDfzqNeZM.jpg');
INSERT OR REPLACE INTO Pelicula (id_pelicula, titulo, descripcion, poster_path, backdrop_path, trailer, anio_estreno, duracion) VALUES (652837, 'Josee, el tigre y los peces', 'Tsuneo, un estudiante que trabaja medio tiempo, conoce a Josee, una joven parapléjica que sueña con un mundo más allá de su realidad. Lo que empieza como amistad pronto se transforma en amor.', 'https://image.tmdb.org/t/p/original/buF1mmMRAiJZMOK5Qg3DBTtZ5XO.jpg', 'https://image.tmdb.org/t/p/original/521koHpCyK6ZeNpEAvPAuC75cJ5.jpg', 'https://www.youtube.com/watch?v=rbHVjdC2HLc', 2020, 98);
INSERT OR REPLACE INTO Pelicula_Actor (id_pelicula, id_actor, personaje) VALUES (652837, 1255318, 'Tsuneo Suzukawa (voice)');
INSERT OR REPLACE INTO Pelicula_Actor (id_pelicula, id_actor, personaje) VALUES (652837, 1671407, 'Kumiko 'Josee' Yamamura (voice)');
INSERT OR REPLACE INTO Pelicula_Actor (id_pelicula, id_actor, personaje) VALUES (652837, 1772522, 'Mai Ninomiya (voice)');
INSERT OR REPLACE INTO Pelicula_Actor (id_pelicula, id_actor, personaje) VALUES (652837, 1254260, 'Hayato Matsuura (voice)');
INSERT OR REPLACE INTO Pelicula_Actor (id_pelicula, id_actor, personaje) VALUES (652837, 1691384, 'Kana Kishimoto (voice)');
INSERT OR IGNORE INTO Pelicula_Categoria (id_pelicula, id_categoria) VALUES (652837, 5);
INSERT OR IGNORE INTO Pelicula_Categoria (id_pelicula, id_categoria) VALUES (652837, 7);
INSERT OR IGNORE INTO Pelicula_Categoria (id_pelicula, id_categoria) VALUES (652837, 10);
-- Fin película: Josee, el tigre y los peces --
INSERT OR IGNORE INTO Actor (id_actor, nombre, foto_path) VALUES (854, 'James Stewart', 'https://image.tmdb.org/t/p/original/jam9DRhOuKomlr0vUXTamPoxPdk.jpg');
INSERT OR IGNORE INTO Actor (id_actor, nombre, foto_path) VALUES (17752, 'Donna Reed', 'https://image.tmdb.org/t/p/original/aCRMYYMs3zxLvmUgxBytuCgTElQ.jpg');
INSERT OR IGNORE INTO Actor (id_actor, nombre, foto_path) VALUES (17753, 'Lionel Barrymore', 'https://image.tmdb.org/t/p/original/ru11rLUzzLwKjR0ykTLkNIN9jcJ.jpg');
INSERT OR IGNORE INTO Actor (id_actor, nombre, foto_path) VALUES (3383, 'Thomas Mitchell', 'https://image.tmdb.org/t/p/original/uOhcftGVj7tPrCKBYHYtYPlQKUP.jpg');
INSERT OR IGNORE INTO Actor (id_actor, nombre, foto_path) VALUES (7666, 'Henry Travers', 'https://image.tmdb.org/t/p/original/cfIfjkovcHOUyLW25eVAr8NvuvG.jpg');
INSERT OR REPLACE INTO Pelicula (id_pelicula, titulo, descripcion, poster_path, backdrop_path, trailer, anio_estreno, duracion) VALUES (1585, '¡Qué bello es vivir!', 'George Bailey es un honrado y modesto ciudadano que dirige y mantiene a flote un pequeño banco familiar, a pesar de los intentos de un poderoso banquero por arruinarlo. El dia de Nochebuena de 1945, abrumado por la repentina desaparición de una importante suma de dinero, que supondría no solo la quiebra de su banco sino también un gran escándalo, decide suicidarse, pero cuando está a punto de hacerlo ocurre algo extraordinario.', 'https://image.tmdb.org/t/p/original/63W4MsB8e5whhPNyxhRVTzSsCje.jpg', 'https://image.tmdb.org/t/p/original/3q35nBLCIdEbxYfsr7D5ocYQXKz.jpg', '', 1946, 129);
INSERT OR REPLACE INTO Pelicula_Actor (id_pelicula, id_actor, personaje) VALUES (1585, 854, 'George Bailey');
INSERT OR REPLACE INTO Pelicula_Actor (id_pelicula, id_actor, personaje) VALUES (1585, 17752, 'Mary Hatch');
INSERT OR REPLACE INTO Pelicula_Actor (id_pelicula, id_actor, personaje) VALUES (1585, 17753, 'Mr. Potter');
INSERT OR REPLACE INTO Pelicula_Actor (id_pelicula, id_actor, personaje) VALUES (1585, 3383, 'Uncle Billy');
INSERT OR REPLACE INTO Pelicula_Actor (id_pelicula, id_actor, personaje) VALUES (1585, 7666, 'Clarence');
INSERT OR IGNORE INTO Pelicula_Categoria (id_pelicula, id_categoria) VALUES (1585, 7);
INSERT OR IGNORE INTO Pelicula_Categoria (id_pelicula, id_categoria) VALUES (1585, 12);
INSERT OR IGNORE INTO Pelicula_Categoria (id_pelicula, id_categoria) VALUES (1585, 3);
-- Fin película: ¡Qué bello es vivir! --
INSERT OR IGNORE INTO Actor (id_actor, nombre, foto_path) VALUES (1217648, 'Chris Diamantopoulos', 'https://image.tmdb.org/t/p/original/oenBtpk0RTId4wacQKYU4cPcq8Z.jpg');
INSERT OR IGNORE INTO Actor (id_actor, nombre, foto_path) VALUES (1382187, 'Kaitlyn Robrock', 'https://image.tmdb.org/t/p/original/1joOQrgyU9ap9W1cvimh01XmKcO.jpg');
INSERT OR IGNORE INTO Actor (id_actor, nombre, foto_path) VALUES (34478, 'Tony Anselmo', 'https://image.tmdb.org/t/p/original/8ocCq9OxVg7A0g7hf7EqeT0QenX.jpg');
INSERT OR IGNORE INTO Actor (id_actor, nombre, foto_path) VALUES (84213, 'Bill Farmer', 'https://image.tmdb.org/t/p/original/lhezx68R12s5Bsv7d77BrQb7tWA.jpg');
INSERT OR IGNORE INTO Actor (id_actor, nombre, foto_path) VALUES (12077, 'Jim Cummings', 'https://image.tmdb.org/t/p/original/c0sQPRCM5Ri3F4gVyxPr4AcPmIq.jpg');
INSERT OR REPLACE INTO Pelicula (id_pelicula, titulo, descripcion, poster_path, backdrop_path, trailer, anio_estreno, duracion) VALUES (1139087, 'Érase una vez un estudio', 'Los queridos personajes de los 100 años de Disney Animation tienen un reencuentro inolvidable.', 'https://image.tmdb.org/t/p/original/81BdCKeRtyHr0muZY72zYr0JM3j.jpg', 'https://image.tmdb.org/t/p/original/hUeSuUxNyQivx2wrRvGoyZiZDUu.jpg', 'https://www.youtube.com/watch?v=FI9CTdKTPrs', 2023, 9);
INSERT OR REPLACE INTO Pelicula_Actor (id_pelicula, id_actor, personaje) VALUES (1139087, 1217648, 'Mickey Mouse (voice)');
INSERT OR REPLACE INTO Pelicula_Actor (id_pelicula, id_actor, personaje) VALUES (1139087, 1382187, 'Minnie Mouse (voice)');
INSERT OR REPLACE INTO Pelicula_Actor (id_pelicula, id_actor, personaje) VALUES (1139087, 34478, 'Donald Duck (voice)');
INSERT OR REPLACE INTO Pelicula_Actor (id_pelicula, id_actor, personaje) VALUES (1139087, 84213, 'Goofy / Pluto (voice)');
INSERT OR REPLACE INTO Pelicula_Actor (id_pelicula, id_actor, personaje) VALUES (1139087, 12077, 'Baloo / Winnie-the-Pooh (voice)');
INSERT OR IGNORE INTO Pelicula_Categoria (id_pelicula, id_categoria) VALUES (1139087, 5);
INSERT OR IGNORE INTO Pelicula_Categoria (id_pelicula, id_categoria) VALUES (1139087, 12);
INSERT OR IGNORE INTO Pelicula_Categoria (id_pelicula, id_categoria) VALUES (1139087, 3);
INSERT OR IGNORE INTO Pelicula_Categoria (id_pelicula, id_categoria) VALUES (1139087, 12);
-- Fin película: Érase una vez un estudio --
INSERT OR IGNORE INTO Actor (id_actor, nombre, foto_path) VALUES (33161, 'François Cluzet', 'https://image.tmdb.org/t/p/original/4ioxRGRJdSjItLxAQ2pp7byWkd3.jpg');
INSERT OR IGNORE INTO Actor (id_actor, nombre, foto_path) VALUES (78423, 'Omar Sy', 'https://image.tmdb.org/t/p/original/ftoP3CMC4ob8VJAu1gEHSC714K5.jpg');
INSERT OR IGNORE INTO Actor (id_actor, nombre, foto_path) VALUES (19370, 'Anne Le Ny', 'https://image.tmdb.org/t/p/original/aBNMt6uTYj7JhSwDsXi3UMDAlNA.jpg');
INSERT OR IGNORE INTO Actor (id_actor, nombre, foto_path) VALUES (219708, 'Audrey Fleurot', 'https://image.tmdb.org/t/p/original/83wsYI6oRWrtkcKr7ozobh1VWrm.jpg');
INSERT OR IGNORE INTO Actor (id_actor, nombre, foto_path) VALUES (84430, 'Joséphine de Meaux', 'https://image.tmdb.org/t/p/original/kpkTzxQTcVhaANLEtqX5TKZ9Njr.jpg');
INSERT OR REPLACE INTO Pelicula (id_pelicula, titulo, descripcion, poster_path, backdrop_path, trailer, anio_estreno, duracion) VALUES (77338, 'Intocable', 'Un hombre tetraplégico y millonario contrata como cuidador a domicilio a Driss, un inmigrante de un barrio marginal recién salido de la cárcel. Aunque no parece la persona más indicada, congenian hasta forjar una amistad tan sólida como inesperada.', 'https://image.tmdb.org/t/p/original/edPWyHqknFuxFY3sdmC3LtJITWC.jpg', 'https://image.tmdb.org/t/p/original/5ATSg3rufgIMfcrHd2gEi678hZu.jpg', 'https://www.youtube.com/watch?v=Mg2JD7HQr8g', 2011, 112);
INSERT OR REPLACE INTO Pelicula_Actor (id_pelicula, id_actor, personaje) VALUES (77338, 33161, 'Philippe');
INSERT OR REPLACE INTO Pelicula_Actor (id_pelicula, id_actor, personaje) VALUES (77338, 78423, 'Driss');
INSERT OR REPLACE INTO Pelicula_Actor (id_pelicula, id_actor, personaje) VALUES (77338, 19370, 'Yvonne');
INSERT OR REPLACE INTO Pelicula_Actor (id_pelicula, id_actor, personaje) VALUES (77338, 219708, 'Magalie');
INSERT OR REPLACE INTO Pelicula_Actor (id_pelicula, id_actor, personaje) VALUES (77338, 84430, 'La DRH société de courses');
INSERT OR IGNORE INTO Pelicula_Categoria (id_pelicula, id_categoria) VALUES (77338, 7);
INSERT OR IGNORE INTO Pelicula_Categoria (id_pelicula, id_categoria) VALUES (77338, 12);
-- Fin película: Intocable --
INSERT OR IGNORE INTO Actor (id_actor, nombre, foto_path) VALUES (1309460, 'Luis Alberti', 'https://image.tmdb.org/t/p/original/1uf6WXebWuL0oEMM2z8ulcnRro.jpg');
INSERT OR IGNORE INTO Actor (id_actor, nombre, foto_path) VALUES (89445, 'Noé Hernández', 'https://image.tmdb.org/t/p/original/l3NXUy1x5buKHawSw4xye5JW8pl.jpg');
INSERT OR IGNORE INTO Actor (id_actor, nombre, foto_path) VALUES (1311441, 'Leonardo Alonso', 'https://image.tmdb.org/t/p/original/3SJUI4IeqjZfG7yNh76CbkQfzfg.jpg');
INSERT OR IGNORE INTO Actor (id_actor, nombre, foto_path) VALUES (2139802, 'Luis Curiel', 'https://image.tmdb.org/t/p/original/5FMxoburwNLvKlYIFPEoSLDDogu.jpg');
INSERT OR IGNORE INTO Actor (id_actor, nombre, foto_path) VALUES (3524227, 'Guillermo Nava', 'https://image.tmdb.org/t/p/original/yKMqnDsv4rfKYOg1t4EHkIDPywQ.jpg');
INSERT OR REPLACE INTO Pelicula (id_pelicula, titulo, descripcion, poster_path, backdrop_path, trailer, anio_estreno, duracion) VALUES (1356039, 'Contraataque', 'En una misión de rescate de rehenes, el capitán Guerrero y sus soldados de élite sufren una emboscada de un despiadado cártel de la droga.', 'https://image.tmdb.org/t/p/original/kxnFdLJhi37ZVFDCL1ka0yeQVU5.jpg', 'https://image.tmdb.org/t/p/original/deUWVEgNh2IGjShyymZhaYP40ye.jpg', '', 2025, 85);
INSERT OR REPLACE INTO Pelicula_Actor (id_pelicula, id_actor, personaje) VALUES (1356039, 1309460, 'Capitán Guerrero');
INSERT OR REPLACE INTO Pelicula_Actor (id_pelicula, id_actor, personaje) VALUES (1356039, 89445, 'Josefo "El Aguijón" Urías');
INSERT OR REPLACE INTO Pelicula_Actor (id_pelicula, id_actor, personaje) VALUES (1356039, 1311441, 'Tanque');
INSERT OR REPLACE INTO Pelicula_Actor (id_pelicula, id_actor, personaje) VALUES (1356039, 2139802, 'Pollo');
INSERT OR REPLACE INTO Pelicula_Actor (id_pelicula, id_actor, personaje) VALUES (1356039, 3524227, 'Toro');
INSERT OR IGNORE INTO Pelicula_Categoria (id_pelicula, id_categoria) VALUES (1356039, 5);
INSERT OR IGNORE INTO Pelicula_Categoria (id_pelicula, id_categoria) VALUES (1356039, 1);
INSERT OR IGNORE INTO Pelicula_Categoria (id_pelicula, id_categoria) VALUES (1356039, 6);
-- Fin película: Contraataque --
INSERT OR IGNORE INTO Actor (id_actor, nombre, foto_path) VALUES (8349, 'Martin Sheen', 'https://image.tmdb.org/t/p/original/m2Y3Q0uyuW6htrn2W9UWCWMkpZu.jpg');
INSERT OR IGNORE INTO Actor (id_actor, nombre, foto_path) VALUES (3084, 'Marlon Brando', 'https://image.tmdb.org/t/p/original/iyO183LVAJ0I4ZkNibINPjfAjCP.jpg');
INSERT OR IGNORE INTO Actor (id_actor, nombre, foto_path) VALUES (8351, 'Frederic Forrest', 'https://image.tmdb.org/t/p/original/gxHgIe9swYgCcxSSCewQTF4J4VO.jpg');
INSERT OR IGNORE INTO Actor (id_actor, nombre, foto_path) VALUES (8354, 'Albert Hall', 'https://image.tmdb.org/t/p/original/jvcOpEO0vSNy3KaDkhIldI1CoaU.jpg');
INSERT OR IGNORE INTO Actor (id_actor, nombre, foto_path) VALUES (2975, 'Laurence Fishburne', 'https://image.tmdb.org/t/p/original/2GbXERENPpl5MmlqOLlPVaVtifD.jpg');
INSERT OR REPLACE INTO Pelicula (id_pelicula, titulo, descripcion, poster_path, backdrop_path, trailer, anio_estreno, duracion) VALUES (28, 'Apocalypse Now', 'Durante la guerra de Vietnam, al joven Capitán Willard, un oficial de los servicios de inteligencia del ejército estadounidense, se le ha encomendado entrar en Camboya con la peligrosa misión de eliminar a Kurtz, un coronel renegado que se ha vuelto loco. El capitán deberá ir navegar por el río hasta el corazón de la selva, donde parece ser que Kurtz reina como un buda despótico sobre los miembros de la tribu Montagnard, que le adoran como a un dios.', 'https://image.tmdb.org/t/p/original/zJXRrkJTlcb5x87v4VWN1zZX0Xk.jpg', 'https://image.tmdb.org/t/p/original/eN5G8vTWLnZxJ0LTd4g27oPObcZ.jpg', 'https://www.youtube.com/watch?v=h5iZf5kv354', 1979, 147);
INSERT OR REPLACE INTO Pelicula_Actor (id_pelicula, id_actor, personaje) VALUES (28, 8349, 'Captain Benjamin Willard');
INSERT OR REPLACE INTO Pelicula_Actor (id_pelicula, id_actor, personaje) VALUES (28, 3084, 'Colonel Walter Kurtz');
INSERT OR REPLACE INTO Pelicula_Actor (id_pelicula, id_actor, personaje) VALUES (28, 8351, 'Jay 'Chef' Hicks');
INSERT OR REPLACE INTO Pelicula_Actor (id_pelicula, id_actor, personaje) VALUES (28, 8354, 'Chief Phillips');
INSERT OR REPLACE INTO Pelicula_Actor (id_pelicula, id_actor, personaje) VALUES (28, 2975, 'Tyrone 'Clean' Miller');
INSERT OR IGNORE INTO Pelicula_Categoria (id_pelicula, id_categoria) VALUES (28, 7);
INSERT OR IGNORE INTO Pelicula_Categoria (id_pelicula, id_categoria) VALUES (28, 1);
-- Fin película: Apocalypse Now --
INSERT OR IGNORE INTO Actor (id_actor, nombre, foto_path) VALUES (1315197, '沢田泉', 'https://image.tmdb.org/t/p/original/A59nyfer38Q2J84Fy1lUbqgIFN1.jpg');
INSERT OR IGNORE INTO Actor (id_actor, nombre, foto_path) VALUES (1248372, '田谷隼', 'https://image.tmdb.org/t/p/original/nwar5Rk5HZwl1YxggzGp207h4Y6.jpg');
INSERT OR IGNORE INTO Actor (id_actor, nombre, foto_path) VALUES (992869, 'Ayane Sakura', 'https://image.tmdb.org/t/p/original/yPbTmntASE9psPIMhNGU5oo6vIH.jpg');
INSERT OR IGNORE INTO Actor (id_actor, nombre, foto_path) VALUES (1254052, 'Koki Uchiyama', 'https://image.tmdb.org/t/p/original/sllSm3iZZWVLTBrDZQRtWrZUfEj.jpg');
INSERT OR IGNORE INTO Actor (id_actor, nombre, foto_path) VALUES (65438, 'Shinpachi Tsuji', 'https://image.tmdb.org/t/p/original/af5ILJbixauO84bsuLOr8XSU9yd.jpg');
INSERT OR REPLACE INTO Pelicula (id_pelicula, titulo, descripcion, poster_path, backdrop_path, trailer, anio_estreno, duracion) VALUES (92321, 'En el bosque de la luz de las luciérnagas', 'De niña, Hotaru se pierde en un bosque y conoce a Gin, un joven enmascarado que no puede ser tocado por humanos debido a un hechizo. Cada verano, ella regresa para verlo, creando un vínculo especial que desafía el paso del tiempo.', 'https://image.tmdb.org/t/p/original/xE763r1dnYji0gOxrSxBtzyouSf.jpg', 'https://image.tmdb.org/t/p/original/qknxyRgP6UTmwJ4B9tDAmzHMq7u.jpg', '', 2011, 45);
INSERT OR REPLACE INTO Pelicula_Actor (id_pelicula, id_actor, personaje) VALUES (92321, 1315197, 'Hotaru's Mother (voice)');
INSERT OR REPLACE INTO Pelicula_Actor (id_pelicula, id_actor, personaje) VALUES (92321, 1248372, 'Ryouta (voice)');
INSERT OR REPLACE INTO Pelicula_Actor (id_pelicula, id_actor, personaje) VALUES (92321, 992869, 'Hotaru Takegawa (voice)');
INSERT OR REPLACE INTO Pelicula_Actor (id_pelicula, id_actor, personaje) VALUES (92321, 1254052, 'Gin (voice)');
INSERT OR REPLACE INTO Pelicula_Actor (id_pelicula, id_actor, personaje) VALUES (92321, 65438, 'Hotaru's Grandfather (voice)');
INSERT OR IGNORE INTO Pelicula_Categoria (id_pelicula, id_categoria) VALUES (92321, 10);
INSERT OR IGNORE INTO Pelicula_Categoria (id_pelicula, id_categoria) VALUES (92321, 5);
INSERT OR IGNORE INTO Pelicula_Categoria (id_pelicula, id_categoria) VALUES (92321, 3);
-- Fin película: En el bosque de la luz de las luciérnagas --
INSERT OR IGNORE INTO Actor (id_actor, nombre, foto_path) VALUES (77927, '緒方恵美', 'https://image.tmdb.org/t/p/original/eNdfMUyZgG5P4TNIZpbTAu8gBs9.jpg');
INSERT OR IGNORE INTO Actor (id_actor, nombre, foto_path) VALUES (40325, 'Megumi Hayashibara', 'https://image.tmdb.org/t/p/original/qiCiLNGaJmwql2uBpjnkY5zX5T2.jpg');
INSERT OR IGNORE INTO Actor (id_actor, nombre, foto_path) VALUES (77931, 'Kotono Mitsuishi', 'https://image.tmdb.org/t/p/original/mvKgkuAVVMmjkFWlwVQu8KCa80O.jpg');
INSERT OR IGNORE INTO Actor (id_actor, nombre, foto_path) VALUES (83768, '宮村優子', 'https://image.tmdb.org/t/p/original/lVxXWzREWxixZ51EK4gmz9LqCV9.jpg');
INSERT OR IGNORE INTO Actor (id_actor, nombre, foto_path) VALUES (77934, 'Fumihiko Tachiki', 'https://image.tmdb.org/t/p/original/9nHFGrvdT5c4klZOiFQElybNy7h.jpg');
INSERT OR REPLACE INTO Pelicula (id_pelicula, titulo, descripcion, poster_path, backdrop_path, trailer, anio_estreno, duracion) VALUES (18491, 'Neon Genesis Evangelion: The End of Evangelion', 'Seele ordena un ataque sin cuartel contra NERV con el objetivo de destruir los Evas antes de que Gendo pueda provocar el Tercer Impacto y la unión de las almas humanas.', 'https://image.tmdb.org/t/p/original/9jbxvKB937BWeYAmMKZTqPxBLsk.jpg', 'https://image.tmdb.org/t/p/original/xLMJCCSatxENpHO9rLW9yD8A12C.jpg', '', 1997, 90);
INSERT OR REPLACE INTO Pelicula_Actor (id_pelicula, id_actor, personaje) VALUES (18491, 77927, 'Shinji Ikari (voice)');
INSERT OR REPLACE INTO Pelicula_Actor (id_pelicula, id_actor, personaje) VALUES (18491, 40325, 'Rei Ayanami / Yui Ikari (voice)');
INSERT OR REPLACE INTO Pelicula_Actor (id_pelicula, id_actor, personaje) VALUES (18491, 77931, 'Misato Katsuragi (voice)');
INSERT OR REPLACE INTO Pelicula_Actor (id_pelicula, id_actor, personaje) VALUES (18491, 83768, 'Asuka Langley Soryu (voice)');
INSERT OR REPLACE INTO Pelicula_Actor (id_pelicula, id_actor, personaje) VALUES (18491, 77934, 'Gendo Ikari (voice)');
INSERT OR IGNORE INTO Pelicula_Categoria (id_pelicula, id_categoria) VALUES (18491, 5);
INSERT OR IGNORE INTO Pelicula_Categoria (id_pelicula, id_categoria) VALUES (18491, 3);
INSERT OR IGNORE INTO Pelicula_Categoria (id_pelicula, id_categoria) VALUES (18491, 7);
INSERT OR IGNORE INTO Pelicula_Categoria (id_pelicula, id_categoria) VALUES (18491, 3);
-- Fin película: Neon Genesis Evangelion: The End of Evangelion --
INSERT OR IGNORE INTO Actor (id_actor, nombre, foto_path) VALUES (2090, 'Kirk Douglas', 'https://image.tmdb.org/t/p/original/t94It9bPI6uBvNuuQlQipyYyURC.jpg');
INSERT OR IGNORE INTO Actor (id_actor, nombre, foto_path) VALUES (14562, 'Ralph Meeker', 'https://image.tmdb.org/t/p/original/3gxXZRouc813WFmA6zVUl3ciq0P.jpg');
INSERT OR IGNORE INTO Actor (id_actor, nombre, foto_path) VALUES (14563, 'Adolphe Menjou', 'https://image.tmdb.org/t/p/original/88FfjxT3cFDIbCIK0UmwyjEF6tU.jpg');
INSERT OR IGNORE INTO Actor (id_actor, nombre, foto_path) VALUES (14564, 'George Macready', 'https://image.tmdb.org/t/p/original/gGtegV82TMbcd5psHx6w7by5FgO.jpg');
INSERT OR IGNORE INTO Actor (id_actor, nombre, foto_path) VALUES (14565, 'Wayne Morris', 'https://image.tmdb.org/t/p/original/2HFQHQrPdlr8eRca5x9BAfeQnjc.jpg');
INSERT OR REPLACE INTO Pelicula (id_pelicula, titulo, descripcion, poster_path, backdrop_path, trailer, anio_estreno, duracion) VALUES (975, 'Senderos de gloria', 'Primera Guerra Mundial (1914-1918). En 1916, en Francia, el general Boulard ordena la conquista de una inexpugnable posición alemana y encarga esa misión al ambicioso general Mireau. El encargado de dirigir el ataque será el coronel Dax. La toma de la colina resulta un infierno, y el regimiento emprende la retirada hacia las trincheras. El alto mando militar, irritado por la derrota, decide imponer al regimiento un terrible castigo que sirva de ejemplo a los demás soldados.', 'https://image.tmdb.org/t/p/original/vz8J8nTbF5JP7PQK4VNVsO8rzCy.jpg', 'https://image.tmdb.org/t/p/original/eTZkq5tI58Ec76AwPf1HOUoKtky.jpg', '', 1957, 88);
INSERT OR REPLACE INTO Pelicula_Actor (id_pelicula, id_actor, personaje) VALUES (975, 2090, 'Col. Dax');
INSERT OR REPLACE INTO Pelicula_Actor (id_pelicula, id_actor, personaje) VALUES (975, 14562, 'Cpl. Philippe Paris');
INSERT OR REPLACE INTO Pelicula_Actor (id_pelicula, id_actor, personaje) VALUES (975, 14563, 'Gen. George Broulard');
INSERT OR REPLACE INTO Pelicula_Actor (id_pelicula, id_actor, personaje) VALUES (975, 14564, 'Gen. Paul Mireau');
INSERT OR REPLACE INTO Pelicula_Actor (id_pelicula, id_actor, personaje) VALUES (975, 14565, 'Lt. Roget/Singing man');
INSERT OR IGNORE INTO Pelicula_Categoria (id_pelicula, id_categoria) VALUES (975, 1);
INSERT OR IGNORE INTO Pelicula_Categoria (id_pelicula, id_categoria) VALUES (975, 7);
-- Fin película: Senderos de gloria --
INSERT OR IGNORE INTO Actor (id_actor, nombre, foto_path) VALUES (13848, 'Charlie Chaplin', 'https://image.tmdb.org/t/p/original/eZAynbZFJB4L8ZfMXTUSG3RmBcg.jpg');
INSERT OR IGNORE INTO Actor (id_actor, nombre, foto_path) VALUES (13852, 'Virginia Cherrill', 'https://image.tmdb.org/t/p/original/dUesDEOkQGsCK0FXQSjRW6QayMw.jpg');
INSERT OR IGNORE INTO Actor (id_actor, nombre, foto_path) VALUES (2913936, 'Florence Lee', '');
INSERT OR IGNORE INTO Actor (id_actor, nombre, foto_path) VALUES (13854, 'Harry Myers', 'https://image.tmdb.org/t/p/original/v2Y70uGlW7FQV8khBqRUOUEdy4n.jpg');
INSERT OR IGNORE INTO Actor (id_actor, nombre, foto_path) VALUES (13855, 'Al Ernest Garcia', 'https://image.tmdb.org/t/p/original/pz1VDUCBCvNiZ8qAHg9N4ejXmSX.jpg');
INSERT OR REPLACE INTO Pelicula (id_pelicula, titulo, descripcion, poster_path, backdrop_path, trailer, anio_estreno, duracion) VALUES (901, 'Luces de la ciudad', 'Un pobre vagabundo (Charles Chaplin) pasa mil y un avatares para conseguir dinero y ayudar a una pobre chica ciega (Virginia Cherill) de la que se ha enamorado.', 'https://image.tmdb.org/t/p/original/15bnFY02iqWB6jN0sjxsxMNrmWS.jpg', 'https://image.tmdb.org/t/p/original/aSksN0VqrRyXkcJPDqGL6S3gxpl.jpg', '', 1931, 87);
INSERT OR REPLACE INTO Pelicula_Actor (id_pelicula, id_actor, personaje) VALUES (901, 13848, 'A Tramp');
INSERT OR REPLACE INTO Pelicula_Actor (id_pelicula, id_actor, personaje) VALUES (901, 13852, 'A Blind Girl');
INSERT OR REPLACE INTO Pelicula_Actor (id_pelicula, id_actor, personaje) VALUES (901, 2913936, 'Her Grandmother');
INSERT OR REPLACE INTO Pelicula_Actor (id_pelicula, id_actor, personaje) VALUES (901, 13854, 'An Eccentric Millionaire');
INSERT OR REPLACE INTO Pelicula_Actor (id_pelicula, id_actor, personaje) VALUES (901, 13855, 'His Butler');
INSERT OR IGNORE INTO Pelicula_Categoria (id_pelicula, id_categoria) VALUES (901, 12);
INSERT OR IGNORE INTO Pelicula_Categoria (id_pelicula, id_categoria) VALUES (901, 7);
INSERT OR IGNORE INTO Pelicula_Categoria (id_pelicula, id_categoria) VALUES (901, 10);
-- Fin película: Luces de la ciudad --
INSERT OR IGNORE INTO Actor (id_actor, nombre, foto_path) VALUES (1134885, 'Omar Chaparro', 'https://image.tmdb.org/t/p/original/fAIDrbtyHBcDDbRdRZ3bvNesKU7.jpg');
INSERT OR IGNORE INTO Actor (id_actor, nombre, foto_path) VALUES (7351, 'Ana Claudia Talancón', 'https://image.tmdb.org/t/p/original/es8No01z8G0MFX2KeiAa2ouRfCD.jpg');
INSERT OR IGNORE INTO Actor (id_actor, nombre, foto_path) VALUES (1255083, 'Stephanie Cayo', 'https://image.tmdb.org/t/p/original/q1biqcKvbpU4tEvMcbVNaoO9ABM.jpg');
INSERT OR IGNORE INTO Actor (id_actor, nombre, foto_path) VALUES (1314375, 'Lupita Sandoval', '');
INSERT OR IGNORE INTO Actor (id_actor, nombre, foto_path) VALUES (2492975, 'Yare Santana', 'https://image.tmdb.org/t/p/original/9E6uEr23wEU3Ww2GbKk9Mu5Rnhf.jpg');
INSERT OR REPLACE INTO Pelicula (id_pelicula, titulo, descripcion, poster_path, backdrop_path, trailer, anio_estreno, duracion) VALUES (654299, 'Como caído del cielo', 'El legendario actor y cantante mexicano Pedro Infante es enviado de regreso a la Tierra en el cuerpo de un imitador para enmendar sus errores por la forma en que trató a las mujeres y así ganar su entrada al cielo.', 'https://image.tmdb.org/t/p/original/o9cSEHrXzPOO4OIoT9yrdxc216w.jpg', 'https://image.tmdb.org/t/p/original/o33acwn7KliNpJRbjy4FrMSpiQ9.jpg', '', 2019, 112);
INSERT OR REPLACE INTO Pelicula_Actor (id_pelicula, id_actor, personaje) VALUES (654299, 1134885, '');
INSERT OR REPLACE INTO Pelicula_Actor (id_pelicula, id_actor, personaje) VALUES (654299, 7351, '');
INSERT OR REPLACE INTO Pelicula_Actor (id_pelicula, id_actor, personaje) VALUES (654299, 1255083, 'Samantha');
INSERT OR REPLACE INTO Pelicula_Actor (id_pelicula, id_actor, personaje) VALUES (654299, 1314375, '');
INSERT OR REPLACE INTO Pelicula_Actor (id_pelicula, id_actor, personaje) VALUES (654299, 2492975, 'Jenny Infante');
INSERT OR IGNORE INTO Pelicula_Categoria (id_pelicula, id_categoria) VALUES (654299, 12);
INSERT OR IGNORE INTO Pelicula_Categoria (id_pelicula, id_categoria) VALUES (654299, 7);
INSERT OR IGNORE INTO Pelicula_Categoria (id_pelicula, id_categoria) VALUES (654299, 11);
-- Fin película: Como caído del cielo --

-- === LOTE: Top Rated - Page 5 (2026-02-06T06:31:41.732Z) ===
INSERT OR IGNORE INTO Actor (id_actor, nombre, foto_path) VALUES (4756, 'Matthew Broderick', 'https://image.tmdb.org/t/p/original/2Pq8pwOX5ZFfT2p5pNLGfvUi9Pp.jpg');
INSERT OR IGNORE INTO Actor (id_actor, nombre, foto_path) VALUES (20005, 'Moira Kelly', 'https://image.tmdb.org/t/p/original/3yQRnGSfbPWQDInZHTzzXsrAhUR.jpg');
INSERT OR IGNORE INTO Actor (id_actor, nombre, foto_path) VALUES (78729, 'Nathan Lane', 'https://image.tmdb.org/t/p/original/nEYS0KO1qVO3y0RAt8V8pFxnPb7.jpg');
INSERT OR IGNORE INTO Actor (id_actor, nombre, foto_path) VALUES (69415, 'Ernie Sabella', 'https://image.tmdb.org/t/p/original/dBit6gkZfxXqdxO0Ic8CsnLpxyQ.jpg');
INSERT OR IGNORE INTO Actor (id_actor, nombre, foto_path) VALUES (15152, 'James Earl Jones', 'https://image.tmdb.org/t/p/original/oqMPIsXrl9SZkRfIKN08eFROmH6.jpg');
INSERT OR REPLACE INTO Pelicula (id_pelicula, titulo, descripcion, poster_path, backdrop_path, trailer, anio_estreno, duracion) VALUES (8587, 'El rey león', 'La sabana africana es el escenario en el que tienen lugar las aventuras de Simba, un pequeño león que es el heredero del trono. Sin embargo, se ve forzado a exiliarse al ser injustamente acusado de la muerte de su padre. Durante su destierro, hará buenas amistades y, finalmente, regresará para recuperar lo que legítimamente le corresponde.', 'https://image.tmdb.org/t/p/original/b0MxU37dNmMwKtoPVYPKOZSIrIn.jpg', 'https://image.tmdb.org/t/p/original/q00H8EqULYSK74lgevMkhmGGLHn.jpg', 'https://www.youtube.com/watch?v=bjJvvrKl83M', 1994, 85);
INSERT OR REPLACE INTO Pelicula_Actor (id_pelicula, id_actor, personaje) VALUES (8587, 4756, 'Simba (voice)');
INSERT OR REPLACE INTO Pelicula_Actor (id_pelicula, id_actor, personaje) VALUES (8587, 20005, 'Nala (voice)');
INSERT OR REPLACE INTO Pelicula_Actor (id_pelicula, id_actor, personaje) VALUES (8587, 78729, 'Timon (voice)');
INSERT OR REPLACE INTO Pelicula_Actor (id_pelicula, id_actor, personaje) VALUES (8587, 69415, 'Pumbaa (voice)');
INSERT OR REPLACE INTO Pelicula_Actor (id_pelicula, id_actor, personaje) VALUES (8587, 15152, 'Mufasa (voice)');
INSERT OR IGNORE INTO Pelicula_Categoria (id_pelicula, id_categoria) VALUES (8587, 12);
INSERT OR IGNORE INTO Pelicula_Categoria (id_pelicula, id_categoria) VALUES (8587, 5);
INSERT OR IGNORE INTO Pelicula_Categoria (id_pelicula, id_categoria) VALUES (8587, 7);
INSERT OR IGNORE INTO Pelicula_Categoria (id_pelicula, id_categoria) VALUES (8587, 1);
-- Fin película: El rey león --
INSERT OR IGNORE INTO Actor (id_actor, nombre, foto_path) VALUES (1163030, 'Aras Bulut İynemli', 'https://image.tmdb.org/t/p/original/bAWgmcF26tPZv4gcwc9jmaNB9py.jpg');
INSERT OR IGNORE INTO Actor (id_actor, nombre, foto_path) VALUES (1985311, 'Nisa Sofiya Aksongur', 'https://image.tmdb.org/t/p/original/rGdkhirqwprZAJDlPTZiQgFY5rk.jpg');
INSERT OR IGNORE INTO Actor (id_actor, nombre, foto_path) VALUES (556113, 'İlker Aksum', 'https://image.tmdb.org/t/p/original/xb77wBCVcLJCmytM031xzXS7KWt.jpg');
INSERT OR IGNORE INTO Actor (id_actor, nombre, foto_path) VALUES (935344, 'Mesut Akusta', 'https://image.tmdb.org/t/p/original/6YIczTLrwCiohfQB6cSBcWxX57H.jpg');
INSERT OR IGNORE INTO Actor (id_actor, nombre, foto_path) VALUES (1948853, 'Yıldıray Şahinler', 'https://image.tmdb.org/t/p/original/4RVOox9vz1q9y0n6Cevw7klkH5t.jpg');
INSERT OR REPLACE INTO Pelicula (id_pelicula, titulo, descripcion, poster_path, backdrop_path, trailer, anio_estreno, duracion) VALUES (637920, 'Milagro en la celda 7', 'Un hombre con discapacidad intelectual es injustamente encarcelado por la muerte de una niña, y debe demostrar su inocencia para poder estar de nuevo con su hija.', 'https://image.tmdb.org/t/p/original/scxBIHaT1ZiPDPJu3vKd9Yn5gBA.jpg', 'https://image.tmdb.org/t/p/original/inEy3A5OPgeYW4rjRiGycfEeQzA.jpg', 'https://www.youtube.com/watch?v=W2CKOn6UPh8', 2019, 132);
INSERT OR REPLACE INTO Pelicula_Actor (id_pelicula, id_actor, personaje) VALUES (637920, 1163030, 'Memo');
INSERT OR REPLACE INTO Pelicula_Actor (id_pelicula, id_actor, personaje) VALUES (637920, 1985311, 'Ova');
INSERT OR REPLACE INTO Pelicula_Actor (id_pelicula, id_actor, personaje) VALUES (637920, 556113, 'Askorozlu');
INSERT OR REPLACE INTO Pelicula_Actor (id_pelicula, id_actor, personaje) VALUES (637920, 935344, 'Yusuf');
INSERT OR REPLACE INTO Pelicula_Actor (id_pelicula, id_actor, personaje) VALUES (637920, 1948853, 'Hafız');
INSERT OR IGNORE INTO Pelicula_Categoria (id_pelicula, id_categoria) VALUES (637920, 7);
-- Fin película: Milagro en la celda 7 --
INSERT OR IGNORE INTO Actor (id_actor, nombre, foto_path) VALUES (1248374, 'Takuya Eguchi', 'https://image.tmdb.org/t/p/original/hPPhUp0mM65Lc87Q8WXUEmGQAXx.jpg');
INSERT OR IGNORE INTO Actor (id_actor, nombre, foto_path) VALUES (2019916, 'Masatomo Nakazawa', 'https://image.tmdb.org/t/p/original/3pezOVWCMKWdqAzwSo0eKNtso95.jpg');
INSERT OR IGNORE INTO Actor (id_actor, nombre, foto_path) VALUES (2157589, 'Shogo Yano', 'https://image.tmdb.org/t/p/original/kKN7qwnPCheARPuLZLYTUUj9A7Q.jpg');
INSERT OR IGNORE INTO Actor (id_actor, nombre, foto_path) VALUES (1492992, 'Yuma Uchida', 'https://image.tmdb.org/t/p/original/2otstbLfQ7MXuFt1X8MFOb4OIgd.jpg');
INSERT OR IGNORE INTO Actor (id_actor, nombre, foto_path) VALUES (1247778, 'Shintaro Asanuma', 'https://image.tmdb.org/t/p/original/5D2YC0c4zg9TXyOi0PpIXRugvzb.jpg');
INSERT OR REPLACE INTO Pelicula (id_pelicula, titulo, descripcion, poster_path, backdrop_path, trailer, anio_estreno, duracion) VALUES (632632, 'Given: The Movie', 'Después de la emisión del episodio final de la adaptación de anime de Given, la cuenta oficial de Twitter anunció que se lanzará una adaptación de largometraje en 2020, retomando directamente donde se detuvo la serie de televisión.  La historia se centra en Ritsuka, un guitarrista que ha perdido el interés por tocar. Un día, conoce a Mafuyu, que tiene una guitarra rota, y Ritsuka de mala gana comienza a enseñarle a Mafuyu a tocar la guitarra, pero cuando escucha la voz de Mafuyu, las cosas comienzan a cambiar de repente para Ritsuka.', 'https://image.tmdb.org/t/p/original/fsEq2LddodaHvhs4mTZAaqOV6sR.jpg', 'https://image.tmdb.org/t/p/original/9Xz0bzUFTVgDZd4WZz1cJDQjLkB.jpg', 'https://www.youtube.com/watch?v=dRReDgxaE74', 2020, 59);
INSERT OR REPLACE INTO Pelicula_Actor (id_pelicula, id_actor, personaje) VALUES (632632, 1248374, 'Akihiko Kaji (voice)');
INSERT OR REPLACE INTO Pelicula_Actor (id_pelicula, id_actor, personaje) VALUES (632632, 2019916, 'Haruki Nakayama (voice)');
INSERT OR REPLACE INTO Pelicula_Actor (id_pelicula, id_actor, personaje) VALUES (632632, 2157589, 'Mafuyu Satou (voice)');
INSERT OR REPLACE INTO Pelicula_Actor (id_pelicula, id_actor, personaje) VALUES (632632, 1492992, 'Ritsuka Uenoyama (voice)');
INSERT OR REPLACE INTO Pelicula_Actor (id_pelicula, id_actor, personaje) VALUES (632632, 1247778, 'Ugetsu Murata (voice)');
INSERT OR IGNORE INTO Pelicula_Categoria (id_pelicula, id_categoria) VALUES (632632, 5);
INSERT OR IGNORE INTO Pelicula_Categoria (id_pelicula, id_categoria) VALUES (632632, 7);
INSERT OR IGNORE INTO Pelicula_Categoria (id_pelicula, id_categoria) VALUES (632632, 11);
INSERT OR IGNORE INTO Pelicula_Categoria (id_pelicula, id_categoria) VALUES (632632, 10);
-- Fin película: Given: The Movie --
INSERT OR IGNORE INTO Actor (id_actor, nombre, foto_path) VALUES (24495, 'Michel Constantin', 'https://image.tmdb.org/t/p/original/i0l8JqZVbQYILWSOTFDnlFyXiP7.jpg');
INSERT OR IGNORE INTO Actor (id_actor, nombre, foto_path) VALUES (103397, 'Jean Keraudy', 'https://image.tmdb.org/t/p/original/bb4FBj9koEbGCfFYzykw9TLIQ8N.jpg');
INSERT OR IGNORE INTO Actor (id_actor, nombre, foto_path) VALUES (25333, 'Philippe Leroy', 'https://image.tmdb.org/t/p/original/d4hTg6vJpsUuzDz8iByBXs6B3Mv.jpg');
INSERT OR IGNORE INTO Actor (id_actor, nombre, foto_path) VALUES (103398, 'Raymond Meunier', 'https://image.tmdb.org/t/p/original/vwtlx1ot45fduxnyRInhiMxnnvK.jpg');
INSERT OR IGNORE INTO Actor (id_actor, nombre, foto_path) VALUES (46936, 'Marc Michel', 'https://image.tmdb.org/t/p/original/b7QbG4DDom3uPv6FMaVgV9HlAAc.jpg');
INSERT OR REPLACE INTO Pelicula (id_pelicula, titulo, descripcion, poster_path, backdrop_path, trailer, anio_estreno, duracion) VALUES (29259, 'La evasión', 'Francia, 1947. Gaspard Claude ha sido acusado del intento de asesinato de su mujer, pero es inocente. Una vez en la cárcel, comparte celda con cuatro duros criminales que han decidido escapar de la prisión construyendo un laborioso túnel. A duras penas, convencen al joven para que se una al plan de fuga y participe en la construcción del túnel.', 'https://image.tmdb.org/t/p/original/Al1F9o6fDkOBRngeG2FTJ0f9xTv.jpg', 'https://image.tmdb.org/t/p/original/f72GEQF2lKsdmEULSI9bWCbQylH.jpg', '', 1960, 132);
INSERT OR REPLACE INTO Pelicula_Actor (id_pelicula, id_actor, personaje) VALUES (29259, 24495, 'Geo Cassine');
INSERT OR REPLACE INTO Pelicula_Actor (id_pelicula, id_actor, personaje) VALUES (29259, 103397, 'Roland Darban');
INSERT OR REPLACE INTO Pelicula_Actor (id_pelicula, id_actor, personaje) VALUES (29259, 25333, 'Manu Borelli');
INSERT OR REPLACE INTO Pelicula_Actor (id_pelicula, id_actor, personaje) VALUES (29259, 103398, 'Vossellin / Monseigneur');
INSERT OR REPLACE INTO Pelicula_Actor (id_pelicula, id_actor, personaje) VALUES (29259, 46936, 'Claude Gaspard');
INSERT OR IGNORE INTO Pelicula_Categoria (id_pelicula, id_categoria) VALUES (29259, 7);
INSERT OR IGNORE INTO Pelicula_Categoria (id_pelicula, id_categoria) VALUES (29259, 6);
INSERT OR IGNORE INTO Pelicula_Categoria (id_pelicula, id_categoria) VALUES (29259, 9);
-- Fin película: La evasión --
INSERT OR IGNORE INTO Actor (id_actor, nombre, foto_path) VALUES (82702, 'Michael Jackson', 'https://image.tmdb.org/t/p/original/el5TjhUbhRMt20n1pXpObToxWMo.jpg');
INSERT OR IGNORE INTO Actor (id_actor, nombre, foto_path) VALUES (926, 'Ola Ray', 'https://image.tmdb.org/t/p/original/ii6baCrYqNXBMFmPuGaCiUYlwdM.jpg');
INSERT OR IGNORE INTO Actor (id_actor, nombre, foto_path) VALUES (1905, 'Vincent Price', 'https://image.tmdb.org/t/p/original/7JIv7U5kwveryP7hrPYgHlKea4d.jpg');
INSERT OR IGNORE INTO Actor (id_actor, nombre, foto_path) VALUES (99914, 'Cynthia Garris', 'https://image.tmdb.org/t/p/original/uAys5RtdP3e2cAGFZ0sL7ACAbdf.jpg');
INSERT OR IGNORE INTO Actor (id_actor, nombre, foto_path) VALUES (61824, 'Mick Garris', 'https://image.tmdb.org/t/p/original/tLozPAv9qM0hSpgbUF0Gt9T3Kqc.jpg');
INSERT OR REPLACE INTO Pelicula (id_pelicula, titulo, descripcion, poster_path, backdrop_path, trailer, anio_estreno, duracion) VALUES (92060, 'Michael Jackson''s Thriller', 'Tras asistir a la proyección de una película, una pareja es atacada por una horda de zombies hambrientos de sangre. Legendario videoclip musical, uno de los más influyentes jamás realizados, que contó con una versión corta y otra larga, de 13 min, y que cuenta con una historia narrativa además del número musical de Jackson. En 2009 fue seleccionado por la Biblioteca del Congreso de los Estados Unidos como una de las obras cinematográficas más relevantes de la historia, y en 2017 fue restaurado en 3D y proyectado en el Festival de Cine de Venecia, en una versión supervisada por el propio John Landis.', 'https://image.tmdb.org/t/p/original/dYHGoPMkZMVuBA4EydmDQMo1EEv.jpg', 'https://image.tmdb.org/t/p/original/aVefEnQsfNPUrgsuMszTDt165P0.jpg', '', 1983, 13);
INSERT OR REPLACE INTO Pelicula_Actor (id_pelicula, id_actor, personaje) VALUES (92060, 82702, 'Michael Jackson');
INSERT OR REPLACE INTO Pelicula_Actor (id_pelicula, id_actor, personaje) VALUES (92060, 926, 'Michaels Girlfriend');
INSERT OR REPLACE INTO Pelicula_Actor (id_pelicula, id_actor, personaje) VALUES (92060, 1905, 'Narrator (voice)');
INSERT OR REPLACE INTO Pelicula_Actor (id_pelicula, id_actor, personaje) VALUES (92060, 99914, 'Zombie (uncredited)');
INSERT OR REPLACE INTO Pelicula_Actor (id_pelicula, id_actor, personaje) VALUES (92060, 61824, 'Zombie (uncredited)');
INSERT OR IGNORE INTO Pelicula_Categoria (id_pelicula, id_categoria) VALUES (92060, 4);
INSERT OR IGNORE INTO Pelicula_Categoria (id_pelicula, id_categoria) VALUES (92060, 6);
INSERT OR IGNORE INTO Pelicula_Categoria (id_pelicula, id_categoria) VALUES (92060, 11);
-- Fin película: Michael Jackson''s Thriller --
INSERT OR IGNORE INTO Actor (id_actor, nombre, foto_path) VALUES (1324666, 'Kaito Ishikawa', 'https://image.tmdb.org/t/p/original/fzjIkotjUHHs3wgftM9tqdsG8ph.jpg');
INSERT OR IGNORE INTO Actor (id_actor, nombre, foto_path) VALUES (1254672, 'Asami Seto', 'https://image.tmdb.org/t/p/original/iKKCPgKrNd4pJ0iBOC1SBZy2Y4Y.jpg');
INSERT OR IGNORE INTO Actor (id_actor, nombre, foto_path) VALUES (1325949, 'Inori Minase', 'https://image.tmdb.org/t/p/original/cqOrQDUbbQLKpujzcK47YqjFdNp.jpg');
INSERT OR IGNORE INTO Actor (id_actor, nombre, foto_path) VALUES (1168909, 'Nao Toyama', 'https://image.tmdb.org/t/p/original/6WJDd1z946yFfZBgpC7dWi0FyQw.jpg');
INSERT OR IGNORE INTO Actor (id_actor, nombre, foto_path) VALUES (1588597, 'Atsumi Tanezaki', 'https://image.tmdb.org/t/p/original/6tM8GU7QvrdUCvR4kxqVUZivtvO.jpg');
INSERT OR REPLACE INTO Pelicula (id_pelicula, titulo, descripcion, poster_path, backdrop_path, trailer, anio_estreno, duracion) VALUES (572154, 'Seishun Buta Yarou wa Yumemiru Shoujo no Yume wo Minai', 'En Fujisawa, donde los cielos son brillantes y los mares brillan, Sakuta Azusagawa está en su segundo año de secundaria. Sus días felices con su novia y estudiante de último año, Mai Sakurajima, se ven interrumpidos con la aparición de su primer amor, Shouko Makinohara. Por razones desconocidas, se encuentra con dos Shouko: una en la escuela secundaria y otra que se ha convertido en una adulta.  Cuando Sakuta se encuentra impotente viviendo con las dos Shouko, la versión adulta causa una gran grieta en su relación con Mai.  En medio de todo esto, descubre que la otra Shouko de escuela secundaria sufre de una enfermedad grave y su cicatriz comienza a latir ...', 'https://image.tmdb.org/t/p/original/2Tpyv4cwwyE2xV9bqx7DOWnUCZ5.jpg', 'https://image.tmdb.org/t/p/original/5MgMCnslrxQfOfaq6T5ndkLlcCk.jpg', '', 2019, 90);
INSERT OR REPLACE INTO Pelicula_Actor (id_pelicula, id_actor, personaje) VALUES (572154, 1324666, 'Sakuta Azusagawa (voice)');
INSERT OR REPLACE INTO Pelicula_Actor (id_pelicula, id_actor, personaje) VALUES (572154, 1254672, 'Mai Sakurajima (voice)');
INSERT OR REPLACE INTO Pelicula_Actor (id_pelicula, id_actor, personaje) VALUES (572154, 1325949, 'Shoko Makinohara (voice)');
INSERT OR REPLACE INTO Pelicula_Actor (id_pelicula, id_actor, personaje) VALUES (572154, 1168909, 'Tomoe Koga (voice)');
INSERT OR REPLACE INTO Pelicula_Actor (id_pelicula, id_actor, personaje) VALUES (572154, 1588597, 'Rio Futaba (voice)');
INSERT OR IGNORE INTO Pelicula_Categoria (id_pelicula, id_categoria) VALUES (572154, 5);
INSERT OR IGNORE INTO Pelicula_Categoria (id_pelicula, id_categoria) VALUES (572154, 10);
INSERT OR IGNORE INTO Pelicula_Categoria (id_pelicula, id_categoria) VALUES (572154, 7);
INSERT OR IGNORE INTO Pelicula_Categoria (id_pelicula, id_categoria) VALUES (572154, 3);
-- Fin película: Seishun Buta Yarou wa Yumemiru Shoujo no Yume wo Minai --
INSERT OR IGNORE INTO Actor (id_actor, nombre, foto_path) VALUES (3129, 'Tim Roth', 'https://image.tmdb.org/t/p/original/qSizF2i9gz6c6DbAC5RoIq8sVqX.jpg');
INSERT OR IGNORE INTO Actor (id_actor, nombre, foto_path) VALUES (3201, 'Pruitt Taylor Vince', 'https://image.tmdb.org/t/p/original/jqC1v8tF92QcmkQycnaLSuJiQfl.jpg');
INSERT OR IGNORE INTO Actor (id_actor, nombre, foto_path) VALUES (59373, 'Mélanie Thierry', 'https://image.tmdb.org/t/p/original/bNXGy4D6PpDthKjjrzxwTbcHIeT.jpg');
INSERT OR IGNORE INTO Actor (id_actor, nombre, foto_path) VALUES (5502, 'Bill Nunn', 'https://image.tmdb.org/t/p/original/trxNvS6g5yvwbXzx2LK6JqutE5z.jpg');
INSERT OR IGNORE INTO Actor (id_actor, nombre, foto_path) VALUES (80503, 'Gabriele Lavia', 'https://image.tmdb.org/t/p/original/xjLiYd6fHszM8w5NiGBcSKd1mk9.jpg');
INSERT OR REPLACE INTO Pelicula (id_pelicula, titulo, descripcion, poster_path, backdrop_path, trailer, anio_estreno, duracion) VALUES (10376, 'La leyenda del pianista en el océano', 'Historia de un niño que fue abandonado sobre el piano del Virginia, un enorme trasatlántico. El niño es adoptado por un maquinista y le pone por nombre "Novecento", ya que lo encuentra justo en el cambio de siglo. Novecento se convertirá en un fabuloso pianista y amenizará las noches del Virginia. Pero nunca pisará tierra firme, ni tan sólo tras las súplicas de su amigo Max.', 'https://image.tmdb.org/t/p/original/td38NLfhvwotZhKKHGXd71BKiox.jpg', 'https://image.tmdb.org/t/p/original/muSeX7fnNw0pv4zHK7RSwZln6Hk.jpg', '', 1998, 125);
INSERT OR REPLACE INTO Pelicula_Actor (id_pelicula, id_actor, personaje) VALUES (10376, 3129, 'Danny Boodmann T.D. Lemon Nineteen Hundred '1900'');
INSERT OR REPLACE INTO Pelicula_Actor (id_pelicula, id_actor, personaje) VALUES (10376, 3201, 'Max Tooney');
INSERT OR REPLACE INTO Pelicula_Actor (id_pelicula, id_actor, personaje) VALUES (10376, 59373, 'The Girl');
INSERT OR REPLACE INTO Pelicula_Actor (id_pelicula, id_actor, personaje) VALUES (10376, 5502, 'Danny Boodmann');
INSERT OR REPLACE INTO Pelicula_Actor (id_pelicula, id_actor, personaje) VALUES (10376, 80503, 'Farmer');
INSERT OR IGNORE INTO Pelicula_Categoria (id_pelicula, id_categoria) VALUES (10376, 7);
INSERT OR IGNORE INTO Pelicula_Categoria (id_pelicula, id_categoria) VALUES (10376, 11);
-- Fin película: La leyenda del pianista en el océano --
INSERT OR IGNORE INTO Actor (id_actor, nombre, foto_path) VALUES (1887455, 'Fin Argus', 'https://image.tmdb.org/t/p/original/3aDbVpQga0Bhcx7GGh3jKVaeJN6.jpg');
INSERT OR IGNORE INTO Actor (id_actor, nombre, foto_path) VALUES (1152083, 'Sabrina Carpenter', 'https://image.tmdb.org/t/p/original/h2JcSqZ220VXDqb6xKBVcRquGGN.jpg');
INSERT OR IGNORE INTO Actor (id_actor, nombre, foto_path) VALUES (1597855, 'Madison Iseman', 'https://image.tmdb.org/t/p/original/5JVhacnNhqLcWpGPH1fqL7Ovq7g.jpg');
INSERT OR IGNORE INTO Actor (id_actor, nombre, foto_path) VALUES (9206, 'Neve Campbell', 'https://image.tmdb.org/t/p/original/eojcMcfl7fZbvElRSg89r7zyFfY.jpg');
INSERT OR IGNORE INTO Actor (id_actor, nombre, foto_path) VALUES (16857, 'Tom Everett Scott', 'https://image.tmdb.org/t/p/original/nVDihOvsSm7kmeyHLtAcEzrrSYC.jpg');
INSERT OR REPLACE INTO Pelicula (id_pelicula, titulo, descripcion, poster_path, backdrop_path, trailer, anio_estreno, duracion) VALUES (630566, 'Clouds', 'En esta inspiradora historia basada en hechos reales, el joven músico Zach Sobiech descubre que su cáncer se ha extendido y que le quedan pocos meses de vida. A pesar de eso, decide cumplir su sueño de grabar un álbum, sin saber que pronto se convertirá en un fenómeno viral. Al final, la música le da un nuevo sentido a la vida de Zach y le ayuda a despedirse de todos... con una canción que acabará escuchándose en todo el mundo.', 'https://image.tmdb.org/t/p/original/d0OdD1I8qAfETvE9Rp9Voq7R8LR.jpg', 'https://image.tmdb.org/t/p/original/L7DIiAdP8DnNqOh7454ZrTYspR.jpg', 'https://www.youtube.com/watch?v=F4L06-CfxVs', 2020, 121);
INSERT OR REPLACE INTO Pelicula_Actor (id_pelicula, id_actor, personaje) VALUES (630566, 1887455, 'Zach Sobiech');
INSERT OR REPLACE INTO Pelicula_Actor (id_pelicula, id_actor, personaje) VALUES (630566, 1152083, 'Sammy');
INSERT OR REPLACE INTO Pelicula_Actor (id_pelicula, id_actor, personaje) VALUES (630566, 1597855, 'Amy');
INSERT OR REPLACE INTO Pelicula_Actor (id_pelicula, id_actor, personaje) VALUES (630566, 9206, 'Laura Sobiech');
INSERT OR REPLACE INTO Pelicula_Actor (id_pelicula, id_actor, personaje) VALUES (630566, 16857, 'Rob Sobiech');
INSERT OR IGNORE INTO Pelicula_Categoria (id_pelicula, id_categoria) VALUES (630566, 11);
INSERT OR IGNORE INTO Pelicula_Categoria (id_pelicula, id_categoria) VALUES (630566, 7);
INSERT OR IGNORE INTO Pelicula_Categoria (id_pelicula, id_categoria) VALUES (630566, 10);
-- Fin película: Clouds --
INSERT OR IGNORE INTO Actor (id_actor, nombre, foto_path) VALUES (212208, 'Taylor Swift', 'https://image.tmdb.org/t/p/original/nLTQ6yuYDQAKExQtE4pbI84YiYl.jpg');
INSERT OR IGNORE INTO Actor (id_actor, nombre, foto_path) VALUES (1529997, 'Charli xcx', 'https://image.tmdb.org/t/p/original/mUGMrA4PZg5QEBNtj5BfTsTJM8g.jpg');
INSERT OR IGNORE INTO Actor (id_actor, nombre, foto_path) VALUES (1911673, 'Camila Cabello', 'https://image.tmdb.org/t/p/original/A2ydvwkjE6d85kU9J2xFXpP2RQC.jpg');
INSERT OR IGNORE INTO Actor (id_actor, nombre, foto_path) VALUES (96092, 'David Cook', 'https://image.tmdb.org/t/p/original/4CqNf3EZ58ro3S8vKmbaPEsSJaz.jpg');
INSERT OR IGNORE INTO Actor (id_actor, nombre, foto_path) VALUES (1448505, 'Amos Heller', 'https://image.tmdb.org/t/p/original/eovE2w7vdl2NoNhc4JIhKgQwKD1.jpg');
INSERT OR REPLACE INTO Pelicula (id_pelicula, titulo, descripcion, poster_path, backdrop_path, trailer, anio_estreno, duracion) VALUES (568332, 'Taylor Swift: Gira de estadios Reputation', 'Taylor Swift se sube al escenario en Dallas durante su Reputation Stadium Tour y festeja una gran noche de música, recuerdos y magia visual.', 'https://image.tmdb.org/t/p/original/u6oXUTtOuJRPdUgUuPAVVJPSKCo.jpg', 'https://image.tmdb.org/t/p/original/4uMrZS7XEHRNKwHr5wSOxROanPF.jpg', '', 2018, 125);
INSERT OR REPLACE INTO Pelicula_Actor (id_pelicula, id_actor, personaje) VALUES (568332, 212208, 'Self');
INSERT OR REPLACE INTO Pelicula_Actor (id_pelicula, id_actor, personaje) VALUES (568332, 1529997, 'Self');
INSERT OR REPLACE INTO Pelicula_Actor (id_pelicula, id_actor, personaje) VALUES (568332, 1911673, 'Self');
INSERT OR REPLACE INTO Pelicula_Actor (id_pelicula, id_actor, personaje) VALUES (568332, 96092, 'Self');
INSERT OR REPLACE INTO Pelicula_Actor (id_pelicula, id_actor, personaje) VALUES (568332, 1448505, 'Self');
INSERT OR IGNORE INTO Pelicula_Categoria (id_pelicula, id_categoria) VALUES (568332, 11);
-- Fin película: Taylor Swift: Gira de estadios Reputation --
INSERT OR IGNORE INTO Actor (id_actor, nombre, foto_path) VALUES (120724, 'Jaden Smith', 'https://image.tmdb.org/t/p/original/1SL4I3yUvIjzeBzURzyMlQZgN2o.jpg');
INSERT OR IGNORE INTO Actor (id_actor, nombre, foto_path) VALUES (1289968, 'Cara Delevingne', 'https://image.tmdb.org/t/p/original/izZ8IbsIjNpjZ5S0HIYreVwVRzn.jpg');
INSERT OR IGNORE INTO Actor (id_actor, nombre, foto_path) VALUES (9777, 'Cuba Gooding Jr.', 'https://image.tmdb.org/t/p/original/2JguzbpOXoTGzSmLbWFlulKyyAe.jpg');
INSERT OR IGNORE INTO Actor (id_actor, nombre, foto_path) VALUES (1260036, 'Chris D''Elia', 'https://image.tmdb.org/t/p/original/hfstFQUoIeOidHTHX9UHIGRTrmc.jpg');
INSERT OR IGNORE INTO Actor (id_actor, nombre, foto_path) VALUES (1795840, 'JT Neal', 'https://image.tmdb.org/t/p/original/619XoheJeeajNAUQd9hwnPSoUCB.jpg');
INSERT OR REPLACE INTO Pelicula (id_pelicula, titulo, descripcion, poster_path, backdrop_path, trailer, anio_estreno, duracion) VALUES (447362, 'Toda una vida en un año', 'Sigue a Daryn, un adolescente de 17 años que tras descubrir que su novia se está muriendo, decide entregarse por completo a ella en lo que le reste de vida.', 'https://image.tmdb.org/t/p/original/xGDbQI7Gtgurt9W5ez6Tim2lpS2.jpg', 'https://image.tmdb.org/t/p/original/u6aGN71Hx39iX8Uv4ILRRKHmAXc.jpg', 'https://www.youtube.com/watch?v=xvFYsCp4r94', 2020, 107);
INSERT OR REPLACE INTO Pelicula_Actor (id_pelicula, id_actor, personaje) VALUES (447362, 120724, 'Daryn');
INSERT OR REPLACE INTO Pelicula_Actor (id_pelicula, id_actor, personaje) VALUES (447362, 1289968, 'Isabelle');
INSERT OR REPLACE INTO Pelicula_Actor (id_pelicula, id_actor, personaje) VALUES (447362, 9777, 'Xavier');
INSERT OR REPLACE INTO Pelicula_Actor (id_pelicula, id_actor, personaje) VALUES (447362, 1260036, 'Phil');
INSERT OR REPLACE INTO Pelicula_Actor (id_pelicula, id_actor, personaje) VALUES (447362, 1795840, 'Sammy');
INSERT OR IGNORE INTO Pelicula_Categoria (id_pelicula, id_categoria) VALUES (447362, 7);
INSERT OR IGNORE INTO Pelicula_Categoria (id_pelicula, id_categoria) VALUES (447362, 10);
-- Fin película: Toda una vida en un año --
INSERT OR IGNORE INTO Actor (id_actor, nombre, foto_path) VALUES (64880, '최민식', 'https://image.tmdb.org/t/p/original/sd7gIA6nEkq6zumkDCfxSE0YSSV.jpg');
INSERT OR IGNORE INTO Actor (id_actor, nombre, foto_path) VALUES (10112, '유지태', 'https://image.tmdb.org/t/p/original/gGGV2gc0orgssYJ0Q9MSomdYo2I.jpg');
INSERT OR IGNORE INTO Actor (id_actor, nombre, foto_path) VALUES (1299317, '강혜정', 'https://image.tmdb.org/t/p/original/5YxhugLcecdEvnxmHTFRdafbywX.jpg');
INSERT OR IGNORE INTO Actor (id_actor, nombre, foto_path) VALUES (77182, '김병옥', 'https://image.tmdb.org/t/p/original/oGVs2OmYTyXR0KT9xvzVWCAKx8t.jpg');
INSERT OR IGNORE INTO Actor (id_actor, nombre, foto_path) VALUES (77180, '지대한', 'https://image.tmdb.org/t/p/original/9aoOX8p2oxUAwOaT8jT6GWfjs01.jpg');
INSERT OR REPLACE INTO Pelicula (id_pelicula, titulo, descripcion, poster_path, backdrop_path, trailer, anio_estreno, duracion) VALUES (670, 'Old Boy', 'Sin tener idea de cómo llegó a ser encarcelado, drogado y torturado durante 15 años, un hombre desesperado busca vengarse de sus captores.', 'https://image.tmdb.org/t/p/original/45kRW1xgTq3QrZltL9mY9e9iYkH.jpg', 'https://image.tmdb.org/t/p/original/sdwjQEM869JFwMytTmvr6ggvaUl.jpg', 'https://www.youtube.com/watch?v=-W8cPij0HgA', 2003, 119);
INSERT OR REPLACE INTO Pelicula_Actor (id_pelicula, id_actor, personaje) VALUES (670, 64880, 'Oh Dae-Su');
INSERT OR REPLACE INTO Pelicula_Actor (id_pelicula, id_actor, personaje) VALUES (670, 10112, 'Lee Woo-jin');
INSERT OR REPLACE INTO Pelicula_Actor (id_pelicula, id_actor, personaje) VALUES (670, 1299317, 'Mi-do');
INSERT OR REPLACE INTO Pelicula_Actor (id_pelicula, id_actor, personaje) VALUES (670, 77182, 'Mr. Han');
INSERT OR REPLACE INTO Pelicula_Actor (id_pelicula, id_actor, personaje) VALUES (670, 77180, 'No Joo-hwan');
INSERT OR IGNORE INTO Pelicula_Categoria (id_pelicula, id_categoria) VALUES (670, 7);
INSERT OR IGNORE INTO Pelicula_Categoria (id_pelicula, id_categoria) VALUES (670, 6);
INSERT OR IGNORE INTO Pelicula_Categoria (id_pelicula, id_categoria) VALUES (670, 1);
INSERT OR IGNORE INTO Pelicula_Categoria (id_pelicula, id_categoria) VALUES (670, 5);
-- Fin película: Old Boy --
INSERT OR IGNORE INTO Actor (id_actor, nombre, foto_path) VALUES (1318732, '高杉真宙', 'https://image.tmdb.org/t/p/original/gP5lShrAl4ovliqAqJQTgrTeEwz.jpg');
INSERT OR IGNORE INTO Actor (id_actor, nombre, foto_path) VALUES (1691384, 'Lynn', 'https://image.tmdb.org/t/p/original/eJ2NqgzpnzNbT6Nt9EpDfzqNeZM.jpg');
INSERT OR IGNORE INTO Actor (id_actor, nombre, foto_path) VALUES (1287794, 'Yukiyo Fujii', 'https://image.tmdb.org/t/p/original/tLG4K1iix3QNHFexf98mrZ25jT6.jpg');
INSERT OR IGNORE INTO Actor (id_actor, nombre, foto_path) VALUES (1492992, 'Yuma Uchida', 'https://image.tmdb.org/t/p/original/2otstbLfQ7MXuFt1X8MFOb4OIgd.jpg');
INSERT OR IGNORE INTO Actor (id_actor, nombre, foto_path) VALUES (115301, 'Jun Fukushima', 'https://image.tmdb.org/t/p/original/xo2A4cr8TnhC9rLFxSQvhwCbIOw.jpg');
INSERT OR REPLACE INTO Pelicula (id_pelicula, titulo, descripcion, poster_path, backdrop_path, trailer, anio_estreno, duracion) VALUES (504253, 'Quiero comerme tu páncreas', 'Un estudiante descubre el diario de su compañera Sakura, quien padece una enfermedad terminal. Al ser el único fuera de su familia que lo sabe, decide apoyarla y compartir tiempo con ella en sus últimos meses.', 'https://image.tmdb.org/t/p/original/1rgR2oMVFuk4ltx6tYXYskPaA6Y.jpg', 'https://image.tmdb.org/t/p/original/YLyORLsYIjC0d1TFBSpJKk7piP.jpg', 'https://www.youtube.com/watch?v=52zzjLsb2Bo', 2018, 109);
INSERT OR REPLACE INTO Pelicula_Actor (id_pelicula, id_actor, personaje) VALUES (504253, 1318732, 'Haruki Shiga (voice)');
INSERT OR REPLACE INTO Pelicula_Actor (id_pelicula, id_actor, personaje) VALUES (504253, 1691384, 'Sakura Yamauchi (voice)');
INSERT OR REPLACE INTO Pelicula_Actor (id_pelicula, id_actor, personaje) VALUES (504253, 1287794, 'Kyoko Takimoto (voice)');
INSERT OR REPLACE INTO Pelicula_Actor (id_pelicula, id_actor, personaje) VALUES (504253, 1492992, 'Takahiro (voice)');
INSERT OR REPLACE INTO Pelicula_Actor (id_pelicula, id_actor, personaje) VALUES (504253, 115301, 'Issei Miyata (voice)');
INSERT OR IGNORE INTO Pelicula_Categoria (id_pelicula, id_categoria) VALUES (504253, 5);
INSERT OR IGNORE INTO Pelicula_Categoria (id_pelicula, id_categoria) VALUES (504253, 7);
INSERT OR IGNORE INTO Pelicula_Categoria (id_pelicula, id_categoria) VALUES (504253, 10);
-- Fin película: Quiero comerme tu páncreas --
INSERT OR IGNORE INTO Actor (id_actor, nombre, foto_path) VALUES (6384, 'Keanu Reeves', 'https://image.tmdb.org/t/p/original/8RZLOyYGsoRe9p44q3xin9QkMHv.jpg');
INSERT OR IGNORE INTO Actor (id_actor, nombre, foto_path) VALUES (2975, 'Laurence Fishburne', 'https://image.tmdb.org/t/p/original/2GbXERENPpl5MmlqOLlPVaVtifD.jpg');
INSERT OR IGNORE INTO Actor (id_actor, nombre, foto_path) VALUES (530, 'Carrie-Anne Moss', 'https://image.tmdb.org/t/p/original/xD4jTA3KmVp5Rq3aHcymL9DUGjD.jpg');
INSERT OR IGNORE INTO Actor (id_actor, nombre, foto_path) VALUES (1331, 'Hugo Weaving', 'https://image.tmdb.org/t/p/original/t4ScpYIHlXVD41scEyiGdQDYflX.jpg');
INSERT OR IGNORE INTO Actor (id_actor, nombre, foto_path) VALUES (9364, 'Gloria Foster', 'https://image.tmdb.org/t/p/original/AriGXtC9fjBOia9Zr8CZjn4o3rx.jpg');
INSERT OR REPLACE INTO Pelicula (id_pelicula, titulo, descripcion, poster_path, backdrop_path, trailer, anio_estreno, duracion) VALUES (603, 'Matrix', 'Thomas Anderson lleva una doble vida: por el día es programador en una importante empresa de software, y por la noche un hacker informático llamado Neo. Su vida no volverá a ser igual cuando unos misteriosos personajes le inviten a descubrir la respuesta a la pregunta que no le deja dormir: ¿qué es Matrix?', 'https://image.tmdb.org/t/p/original/ejmTPNAkgZaVJ4AI9zb9SehAYU0.jpg', 'https://image.tmdb.org/t/p/original/tlm8UkiQsitc8rSuIAscQDCnP8d.jpg', 'https://www.youtube.com/watch?v=Zd8Jw1Z_j4w', 1999, 138);
INSERT OR REPLACE INTO Pelicula_Actor (id_pelicula, id_actor, personaje) VALUES (603, 6384, 'Neo');
INSERT OR REPLACE INTO Pelicula_Actor (id_pelicula, id_actor, personaje) VALUES (603, 2975, 'Morpheus');
INSERT OR REPLACE INTO Pelicula_Actor (id_pelicula, id_actor, personaje) VALUES (603, 530, 'Trinity');
INSERT OR REPLACE INTO Pelicula_Actor (id_pelicula, id_actor, personaje) VALUES (603, 1331, 'Agent Smith');
INSERT OR REPLACE INTO Pelicula_Actor (id_pelicula, id_actor, personaje) VALUES (603, 9364, 'Oracle');
INSERT OR IGNORE INTO Pelicula_Categoria (id_pelicula, id_categoria) VALUES (603, 5);
INSERT OR IGNORE INTO Pelicula_Categoria (id_pelicula, id_categoria) VALUES (603, 3);
-- Fin película: Matrix --
INSERT OR IGNORE INTO Actor (id_actor, nombre, foto_path) VALUES (3223, 'Robert Downey Jr.', 'https://image.tmdb.org/t/p/original/5qHNjhtjMD4YWH3UP0rm4tKwxCL.jpg');
INSERT OR IGNORE INTO Actor (id_actor, nombre, foto_path) VALUES (16828, 'Chris Evans', 'https://image.tmdb.org/t/p/original/3bOGNsHlrswhyW79uvIHH1V43JI.jpg');
INSERT OR IGNORE INTO Actor (id_actor, nombre, foto_path) VALUES (103, 'Mark Ruffalo', 'https://image.tmdb.org/t/p/original/5GilHMOt5PAQh6rlUKZzGmaKEI7.jpg');
INSERT OR IGNORE INTO Actor (id_actor, nombre, foto_path) VALUES (74568, 'Chris Hemsworth', 'https://image.tmdb.org/t/p/original/piQGdoIQOF3C1EI5cbYZLAW1gfj.jpg');
INSERT OR IGNORE INTO Actor (id_actor, nombre, foto_path) VALUES (1245, 'Scarlett Johansson', 'https://image.tmdb.org/t/p/original/sRjg0DbiA5DElSr3g3SSR4EArL8.jpg');
INSERT OR REPLACE INTO Pelicula (id_pelicula, titulo, descripcion, poster_path, backdrop_path, trailer, anio_estreno, duracion) VALUES (299534, 'Vengadores: Endgame', 'Tras el chasquido de Thanos que eliminó a la mitad de la vida en el universo, los Vengadores supervivientes quedan devastados y divididos. Cinco años después, una inesperada oportunidad les permite intentar revertir la catástrofe. Reuniéndose una vez más, los héroes emprenden una misión extrema que los obliga a viajar al pasado, enfrentarse a sus propias pérdidas y hacer sacrificios definitivos para restaurar el equilibrio del universo.', 'https://image.tmdb.org/t/p/original/br6krBFpaYmCSglLBWRuhui7tPc.jpg', 'https://image.tmdb.org/t/p/original/7RyHsO4yDXtBv1zUU3mTpHeQ0d5.jpg', 'https://www.youtube.com/watch?v=UQ3bqYKnyhM', 2019, 181);
INSERT OR REPLACE INTO Pelicula_Actor (id_pelicula, id_actor, personaje) VALUES (299534, 3223, 'Tony Stark / Iron Man');
INSERT OR REPLACE INTO Pelicula_Actor (id_pelicula, id_actor, personaje) VALUES (299534, 16828, 'Steve Rogers / Captain America');
INSERT OR REPLACE INTO Pelicula_Actor (id_pelicula, id_actor, personaje) VALUES (299534, 103, 'Bruce Banner / Hulk');
INSERT OR REPLACE INTO Pelicula_Actor (id_pelicula, id_actor, personaje) VALUES (299534, 74568, 'Thor');
INSERT OR REPLACE INTO Pelicula_Actor (id_pelicula, id_actor, personaje) VALUES (299534, 1245, 'Natasha Romanoff / Black Widow');
INSERT OR IGNORE INTO Pelicula_Categoria (id_pelicula, id_categoria) VALUES (299534, 1);
INSERT OR IGNORE INTO Pelicula_Categoria (id_pelicula, id_categoria) VALUES (299534, 3);
INSERT OR IGNORE INTO Pelicula_Categoria (id_pelicula, id_categoria) VALUES (299534, 5);
-- Fin película: Vengadores: Endgame --
INSERT OR IGNORE INTO Actor (id_actor, nombre, foto_path) VALUES (3223, 'Robert Downey Jr.', 'https://image.tmdb.org/t/p/original/5qHNjhtjMD4YWH3UP0rm4tKwxCL.jpg');
INSERT OR IGNORE INTO Actor (id_actor, nombre, foto_path) VALUES (16828, 'Chris Evans', 'https://image.tmdb.org/t/p/original/3bOGNsHlrswhyW79uvIHH1V43JI.jpg');
INSERT OR IGNORE INTO Actor (id_actor, nombre, foto_path) VALUES (74568, 'Chris Hemsworth', 'https://image.tmdb.org/t/p/original/piQGdoIQOF3C1EI5cbYZLAW1gfj.jpg');
INSERT OR IGNORE INTO Actor (id_actor, nombre, foto_path) VALUES (16851, 'Josh Brolin', 'https://image.tmdb.org/t/p/original/sX2etBbIkxRaCsATyw5ZpOVMPTD.jpg');
INSERT OR IGNORE INTO Actor (id_actor, nombre, foto_path) VALUES (103, 'Mark Ruffalo', 'https://image.tmdb.org/t/p/original/5GilHMOt5PAQh6rlUKZzGmaKEI7.jpg');
INSERT OR REPLACE INTO Pelicula (id_pelicula, titulo, descripcion, poster_path, backdrop_path, trailer, anio_estreno, duracion) VALUES (299536, 'Vengadores: Infinity War', 'El todopoderoso Thanos ha despertado con la promesa de arrasar con todo a su paso, portando el Guantelete del Infinito, que le confiere un poder incalculable. Los únicos capaces de pararle los pies son los Vengadores y el resto de superhéroes de la galaxia, que deberán estar dispuestos a sacrificarlo todo por un bien mayor. Capitán América e Ironman deberán limar sus diferencias, Black Panther apoyará con sus tropas desde Wakanda, Thor y los Guardianes de la Galaxia e incluso Spider-Man se unirán antes de que los planes de devastación y ruina pongan fin al universo. ¿Serán capaces de frenar el avance del titán del caos?', 'https://image.tmdb.org/t/p/original/ksBQ4oHQDdJwND8H90ay8CbMihU.jpg', 'https://image.tmdb.org/t/p/original/mDfJG3LC3Dqb67AZ52x3Z0jU0uB.jpg', 'https://www.youtube.com/watch?v=-f5PwE_Q8Fs', 2018, 149);
INSERT OR REPLACE INTO Pelicula_Actor (id_pelicula, id_actor, personaje) VALUES (299536, 3223, 'Tony Stark / Iron Man');
INSERT OR REPLACE INTO Pelicula_Actor (id_pelicula, id_actor, personaje) VALUES (299536, 16828, 'Steve Rogers / Captain America');
INSERT OR REPLACE INTO Pelicula_Actor (id_pelicula, id_actor, personaje) VALUES (299536, 74568, 'Thor');
INSERT OR REPLACE INTO Pelicula_Actor (id_pelicula, id_actor, personaje) VALUES (299536, 16851, 'Thanos');
INSERT OR REPLACE INTO Pelicula_Actor (id_pelicula, id_actor, personaje) VALUES (299536, 103, 'Bruce Banner / Hulk');
INSERT OR IGNORE INTO Pelicula_Categoria (id_pelicula, id_categoria) VALUES (299536, 1);
INSERT OR IGNORE INTO Pelicula_Categoria (id_pelicula, id_categoria) VALUES (299536, 5);
INSERT OR IGNORE INTO Pelicula_Categoria (id_pelicula, id_categoria) VALUES (299536, 3);
-- Fin película: Vengadores: Infinity War --
INSERT OR IGNORE INTO Actor (id_actor, nombre, foto_path) VALUES (2248083, 'Aspen Kennedy Wilson', 'https://image.tmdb.org/t/p/original/vddgqMB5s47qGQtOXb9gwYGO3k8.jpg');
INSERT OR IGNORE INTO Actor (id_actor, nombre, foto_path) VALUES (1498038, 'Priscilla C. Shirer', 'https://image.tmdb.org/t/p/original/n47Ov2aNybcTssdNAaJaT6B173C.jpg');
INSERT OR IGNORE INTO Actor (id_actor, nombre, foto_path) VALUES (169396, 'Cameron Arnett', 'https://image.tmdb.org/t/p/original/r9JFN7CyYzybehriG8vB0F7280n.jpg');
INSERT OR IGNORE INTO Actor (id_actor, nombre, foto_path) VALUES (167132, 'Karen Abercrombie', 'https://image.tmdb.org/t/p/original/yDTPfrVXge69QZo8hc8GTDPnW9U.jpg');
INSERT OR IGNORE INTO Actor (id_actor, nombre, foto_path) VALUES (525138, 'T.C. Stallings', 'https://image.tmdb.org/t/p/original/wwEICxvAoZkL6WrTl4ABMhlfPEM.jpg');
INSERT OR REPLACE INTO Pelicula (id_pelicula, titulo, descripcion, poster_path, backdrop_path, trailer, anio_estreno, duracion) VALUES (1186532, 'La fragua', 'Isaiah Wright aún tiene que madurar. Tras graduarse en el instituto sin ningún plan para el futuro, Isaiah recibe un empujón para empezar a tomar mejores decisiones en la vida. El plan de Dios para él es mucho mayor de lo que jamás hubiera imaginado.', 'https://image.tmdb.org/t/p/original/loYpxub1ZZVmI4JzPC0jLkerq3g.jpg', 'https://image.tmdb.org/t/p/original/18X5mXS1SpQy5rygEcpbmzUdkVP.jpg', '', 2024, 123);
INSERT OR REPLACE INTO Pelicula_Actor (id_pelicula, id_actor, personaje) VALUES (1186532, 2248083, 'Isaiah Wright');
INSERT OR REPLACE INTO Pelicula_Actor (id_pelicula, id_actor, personaje) VALUES (1186532, 1498038, 'Cynthia Wright');
INSERT OR REPLACE INTO Pelicula_Actor (id_pelicula, id_actor, personaje) VALUES (1186532, 169396, 'Joshua');
INSERT OR REPLACE INTO Pelicula_Actor (id_pelicula, id_actor, personaje) VALUES (1186532, 167132, 'Miss Clara');
INSERT OR REPLACE INTO Pelicula_Actor (id_pelicula, id_actor, personaje) VALUES (1186532, 525138, 'Tony Jordan');
INSERT OR IGNORE INTO Pelicula_Categoria (id_pelicula, id_categoria) VALUES (1186532, 7);
INSERT OR IGNORE INTO Pelicula_Categoria (id_pelicula, id_categoria) VALUES (1186532, 12);
-- Fin película: La fragua --
INSERT OR IGNORE INTO Actor (id_actor, nombre, foto_path) VALUES (17881, 'Jason Schwartzman', 'https://image.tmdb.org/t/p/original/gCjMdmW1DiPAClHVl4zHEIffIsE.jpg');
INSERT OR IGNORE INTO Actor (id_actor, nombre, foto_path) VALUES (18999, 'J.K. Simmons', 'https://image.tmdb.org/t/p/original/ScmKoJ9eiSUOthAt1PDNLi8Fkw.jpg');
INSERT OR IGNORE INTO Actor (id_actor, nombre, foto_path) VALUES (80591, 'Rashida Jones', 'https://image.tmdb.org/t/p/original/cgWGm9eYCretBWeljPVtpRV7n6V.jpg');
INSERT OR IGNORE INTO Actor (id_actor, nombre, foto_path) VALUES (3234, 'Joan Cusack', 'https://image.tmdb.org/t/p/original/ytjiXEqnaEYtS7XkYmoUXPrZCm5.jpg');
INSERT OR IGNORE INTO Actor (id_actor, nombre, foto_path) VALUES (77075, 'Norm Macdonald', 'https://image.tmdb.org/t/p/original/pGOpdt9Xy9YO2nUEWgp8G89KC5r.jpg');
INSERT OR REPLACE INTO Pelicula (id_pelicula, titulo, descripcion, poster_path, backdrop_path, trailer, anio_estreno, duracion) VALUES (508965, 'Klaus', 'Un cartero egoísta y un juguetero huraño forjan una amistad muy especial, que sembrará la alegría en un pueblo frío y oscuro.', 'https://image.tmdb.org/t/p/original/aLniylyJlbXEdxvaGSuQkRACWUx.jpg', 'https://image.tmdb.org/t/p/original/cYQvXNPZLow73lhspVQ7CYlT3Mi.jpg', 'https://www.youtube.com/watch?v=F74gWXU5ZXE', 2019, 97);
INSERT OR REPLACE INTO Pelicula_Actor (id_pelicula, id_actor, personaje) VALUES (508965, 17881, 'Jesper (voice)');
INSERT OR REPLACE INTO Pelicula_Actor (id_pelicula, id_actor, personaje) VALUES (508965, 18999, 'Klaus (voice)');
INSERT OR REPLACE INTO Pelicula_Actor (id_pelicula, id_actor, personaje) VALUES (508965, 80591, 'Alva (voice)');
INSERT OR REPLACE INTO Pelicula_Actor (id_pelicula, id_actor, personaje) VALUES (508965, 3234, 'Mrs. Krum (voice)');
INSERT OR REPLACE INTO Pelicula_Actor (id_pelicula, id_actor, personaje) VALUES (508965, 77075, 'Mogens (voice)');
INSERT OR IGNORE INTO Pelicula_Categoria (id_pelicula, id_categoria) VALUES (508965, 5);
INSERT OR IGNORE INTO Pelicula_Categoria (id_pelicula, id_categoria) VALUES (508965, 12);
INSERT OR IGNORE INTO Pelicula_Categoria (id_pelicula, id_categoria) VALUES (508965, 1);
INSERT OR IGNORE INTO Pelicula_Categoria (id_pelicula, id_categoria) VALUES (508965, 12);
INSERT OR IGNORE INTO Pelicula_Categoria (id_pelicula, id_categoria) VALUES (508965, 3);
-- Fin película: Klaus --
INSERT OR IGNORE INTO Actor (id_actor, nombre, foto_path) VALUES (110, 'Viggo Mortensen', 'https://image.tmdb.org/t/p/original/vH5gVSpHAMhDaFWfh0Q7BG61O1y.jpg');
INSERT OR IGNORE INTO Actor (id_actor, nombre, foto_path) VALUES (932967, 'Mahershala Ali', 'https://image.tmdb.org/t/p/original/9ZmSejm5lnUVY5IJ1iNx2QEjnHb.jpg');
INSERT OR IGNORE INTO Actor (id_actor, nombre, foto_path) VALUES (1817, 'Linda Cardellini', 'https://image.tmdb.org/t/p/original/bcycvynDprC1rrhBNrnBjn5uOUd.jpg');
INSERT OR IGNORE INTO Actor (id_actor, nombre, foto_path) VALUES (299743, 'Sebastian Maniscalco', 'https://image.tmdb.org/t/p/original/8TvA9HEwURJmY9MkkUruB4Sl0lR.jpg');
INSERT OR IGNORE INTO Actor (id_actor, nombre, foto_path) VALUES (1613744, 'Dimiter D. Marinov', 'https://image.tmdb.org/t/p/original/lZwHZ27xqsPsuswcxyx6uWSh5VP.jpg');
INSERT OR REPLACE INTO Pelicula (id_pelicula, titulo, descripcion, poster_path, backdrop_path, trailer, anio_estreno, duracion) VALUES (490132, 'Green Book', 'Años 60. Cuando Tony Lip, un rudo italoamericano del Bronx, es contratado como chófer del virtuoso pianista negro Don Shirley durante una gira de conciertos por el Sur de Estados Unidos, deberá confiar en "El libro verde", una guía de los pocos establecimientos seguros para los afroamericanos, para encontrar alojamiento. Son dos personas que tendrán que hacer frente al racismo y los prejuicios, pero a las que la bondad y el sentido del humor unirán, obligándoles a dejar de lado las diferencias para sobrevivir y prosperar en el viaje de su vida.', 'https://image.tmdb.org/t/p/original/phwmfaEe43uY2OAI2oeSZNlD4A9.jpg', 'https://image.tmdb.org/t/p/original/5En0fmDagt3Pk8d7P3uTwfeQceg.jpg', 'https://www.youtube.com/watch?v=eQQp_tXjP2U', 2018, 130);
INSERT OR REPLACE INTO Pelicula_Actor (id_pelicula, id_actor, personaje) VALUES (490132, 110, 'Tony Lip');
INSERT OR REPLACE INTO Pelicula_Actor (id_pelicula, id_actor, personaje) VALUES (490132, 932967, 'Dr. Don Shirley');
INSERT OR REPLACE INTO Pelicula_Actor (id_pelicula, id_actor, personaje) VALUES (490132, 1817, 'Dolores');
INSERT OR REPLACE INTO Pelicula_Actor (id_pelicula, id_actor, personaje) VALUES (490132, 299743, 'Johnny Venere');
INSERT OR REPLACE INTO Pelicula_Actor (id_pelicula, id_actor, personaje) VALUES (490132, 1613744, 'Oleg');
INSERT OR IGNORE INTO Pelicula_Categoria (id_pelicula, id_categoria) VALUES (490132, 7);
INSERT OR IGNORE INTO Pelicula_Categoria (id_pelicula, id_categoria) VALUES (490132, 12);
INSERT OR IGNORE INTO Pelicula_Categoria (id_pelicula, id_categoria) VALUES (490132, 1);
-- Fin película: Green Book --
INSERT OR IGNORE INTO Actor (id_actor, nombre, foto_path) VALUES (212208, 'Taylor Swift', 'https://image.tmdb.org/t/p/original/nLTQ6yuYDQAKExQtE4pbI84YiYl.jpg');
INSERT OR IGNORE INTO Actor (id_actor, nombre, foto_path) VALUES (3159951, 'Mike Meadows', 'https://image.tmdb.org/t/p/original/gjo2N7FkUKVQBaX8b2edsWSSWoI.jpg');
INSERT OR IGNORE INTO Actor (id_actor, nombre, foto_path) VALUES (3159948, 'Max Bernstein', 'https://image.tmdb.org/t/p/original/k09iQQgXDJeDdNp2T3kNRWvca8Z.jpg');
INSERT OR IGNORE INTO Actor (id_actor, nombre, foto_path) VALUES (3157265, 'Paul Sidoti', 'https://image.tmdb.org/t/p/original/an7p5Qs3ArA4MMII5IrV6PKtdgP.jpg');
INSERT OR IGNORE INTO Actor (id_actor, nombre, foto_path) VALUES (1448505, 'Amos Heller', 'https://image.tmdb.org/t/p/original/eovE2w7vdl2NoNhc4JIhKgQwKD1.jpg');
INSERT OR REPLACE INTO Pelicula (id_pelicula, titulo, descripcion, poster_path, backdrop_path, trailer, anio_estreno, duracion) VALUES (1160164, 'TAYLOR SWIFT | THE ERAS TOUR', 'El fenómeno cultural de la cantante Taylor Swift continúa en la pantalla grande con este documental que se sumerge en los conciertos de la histórica gira de la artista.', 'https://image.tmdb.org/t/p/original/jf3YO8hOqGHCupsREf5qymYq1n.jpg', 'https://image.tmdb.org/t/p/original/wVJG3u5Ru9tInxYiTCrJr4MpJ7Z.jpg', 'https://www.youtube.com/watch?v=cghkKOgqFTk', 2023, 165);
INSERT OR REPLACE INTO Pelicula_Actor (id_pelicula, id_actor, personaje) VALUES (1160164, 212208, 'Self');
INSERT OR REPLACE INTO Pelicula_Actor (id_pelicula, id_actor, personaje) VALUES (1160164, 3159951, 'Self - Co-Band Leader, Guitar, Keyboards');
INSERT OR REPLACE INTO Pelicula_Actor (id_pelicula, id_actor, personaje) VALUES (1160164, 3159948, 'Self - Co-Band Leader, Guitar, Keyboards');
INSERT OR REPLACE INTO Pelicula_Actor (id_pelicula, id_actor, personaje) VALUES (1160164, 3157265, 'Self - Guitar');
INSERT OR REPLACE INTO Pelicula_Actor (id_pelicula, id_actor, personaje) VALUES (1160164, 1448505, 'Self - Bass, Keyboard Bass');
INSERT OR IGNORE INTO Pelicula_Categoria (id_pelicula, id_categoria) VALUES (1160164, 11);
-- Fin película: TAYLOR SWIFT | THE ERAS TOUR --
INSERT OR IGNORE INTO Actor (id_actor, nombre, foto_path) VALUES (12259, 'Vittorio Gassman', 'https://image.tmdb.org/t/p/original/eIcPpL8OlAMlIr9ZMvFTY7ni7LX.jpg');
INSERT OR IGNORE INTO Actor (id_actor, nombre, foto_path) VALUES (1352, 'Jean-Louis Trintignant', 'https://image.tmdb.org/t/p/original/wn6owr4wvkeaEvlsPtwXSldFGEW.jpg');
INSERT OR IGNORE INTO Actor (id_actor, nombre, foto_path) VALUES (70119, 'Catherine Spaak', 'https://image.tmdb.org/t/p/original/5kiWPIlbNrpOCUxoDwrkKQLjqVJ.jpg');
INSERT OR IGNORE INTO Actor (id_actor, nombre, foto_path) VALUES (32677, 'Claudio Gora', 'https://image.tmdb.org/t/p/original/otKGKlrLIP0NnuVehXGaFyyItGm.jpg');
INSERT OR IGNORE INTO Actor (id_actor, nombre, foto_path) VALUES (128245, 'Luciana Angiolillo', 'https://image.tmdb.org/t/p/original/20fcca5HZssMmLbW9QjMjVrATpx.jpg');
INSERT OR REPLACE INTO Pelicula (id_pelicula, titulo, descripcion, poster_path, backdrop_path, trailer, anio_estreno, duracion) VALUES (24188, 'La escapada', 'Bruno Cortona, un simpático juerguista, encuentra casualmente a Roberto, un tímido estudiante, y lo invita a pasar con él un día de vacaciones fuera de Roma. Durante el viaje, el joven se siente cada vez más atraído por la alocada forma de vida de su maduro compañero. Tras permanecer unas horas en compañía de la familia de su nuevo amigo, el viaje continúa hacia un final inesperado.', 'https://image.tmdb.org/t/p/original/dvSRwMYHrIZ8VIHB3NAMseFsoiP.jpg', 'https://image.tmdb.org/t/p/original/uUrV5KSjnZx47Dq7e6STr73iN4N.jpg', '', 1962, 105);
INSERT OR REPLACE INTO Pelicula_Actor (id_pelicula, id_actor, personaje) VALUES (24188, 12259, 'Bruno Cortona');
INSERT OR REPLACE INTO Pelicula_Actor (id_pelicula, id_actor, personaje) VALUES (24188, 1352, 'Roberto Mariani');
INSERT OR REPLACE INTO Pelicula_Actor (id_pelicula, id_actor, personaje) VALUES (24188, 70119, 'Lilli Cortona');
INSERT OR REPLACE INTO Pelicula_Actor (id_pelicula, id_actor, personaje) VALUES (24188, 32677, 'Danilo Borelli 'Bibi'');
INSERT OR REPLACE INTO Pelicula_Actor (id_pelicula, id_actor, personaje) VALUES (24188, 128245, 'Gianna Cortona');
INSERT OR IGNORE INTO Pelicula_Categoria (id_pelicula, id_categoria) VALUES (24188, 7);
INSERT OR IGNORE INTO Pelicula_Categoria (id_pelicula, id_categoria) VALUES (24188, 12);
INSERT OR IGNORE INTO Pelicula_Categoria (id_pelicula, id_categoria) VALUES (24188, 1);
-- Fin película: La escapada --
