
-- === LOTE: Upcoming - Page 1 (2026-02-06T06:36:41.470Z) ===
INSERT OR IGNORE INTO Actor (id_actor, nombre, foto_path) VALUES (17276, 'Gerard Butler', 'https://image.tmdb.org/t/p/original/rTO5opVC3Gs6hPYAxWSP9eEjogi.jpg');
INSERT OR IGNORE INTO Actor (id_actor, nombre, foto_path) VALUES (54882, 'Morena Baccarin', 'https://image.tmdb.org/t/p/original/kBSKKaOtsqIzZPhtEeHfCBmhWl9.jpg');
INSERT OR IGNORE INTO Actor (id_actor, nombre, foto_path) VALUES (2054851, 'Roman Griffin Davis', 'https://image.tmdb.org/t/p/original/jEox6Bq4TlINrnp5EUjqSlDK3eP.jpg');
INSERT OR IGNORE INTO Actor (id_actor, nombre, foto_path) VALUES (1754784, 'Tommie Earl Jenkins', 'https://image.tmdb.org/t/p/original/kl2dzZU3p6pOjuKBi52wOnEGvEp.jpg');
INSERT OR IGNORE INTO Actor (id_actor, nombre, foto_path) VALUES (85151, 'Trond Fausa Aurvåg', 'https://image.tmdb.org/t/p/original/rFWC22ZScaQwA85NBo7l1j9XQdo.jpg');
INSERT OR REPLACE INTO Pelicula (id_pelicula, titulo, descripcion, poster_path, backdrop_path, trailer, anio_estreno, duracion) VALUES (840464, 'Greenland 2', 'La familia Garrity superviviente debe abandonar la seguridad del búnker de Groenlandia y embarcarse en un peligroso viaje a través del diezmado páramo helado de Europa para encontrar un nuevo hogar.', 'https://image.tmdb.org/t/p/original/uoFJ6nGGvf8moZGpharm8Qyrpzm.jpg', 'https://image.tmdb.org/t/p/original/tyjXlexbNZQ0ZT1KEJslQtBirqc.jpg', 'https://www.youtube.com/watch?v=sIv1YggKK-I', 2026, 98);
INSERT OR REPLACE INTO Pelicula_Actor (id_pelicula, id_actor, personaje) VALUES (840464, 17276, 'John Garrity');
INSERT OR REPLACE INTO Pelicula_Actor (id_pelicula, id_actor, personaje) VALUES (840464, 54882, 'Allison Garrity');
INSERT OR REPLACE INTO Pelicula_Actor (id_pelicula, id_actor, personaje) VALUES (840464, 2054851, 'Nathan Garrity');
INSERT OR REPLACE INTO Pelicula_Actor (id_pelicula, id_actor, personaje) VALUES (840464, 1754784, 'General Sharpe');
INSERT OR REPLACE INTO Pelicula_Actor (id_pelicula, id_actor, personaje) VALUES (840464, 85151, 'Adam Shaw');
INSERT OR IGNORE INTO Pelicula_Categoria (id_pelicula, id_categoria) VALUES (840464, 1);
INSERT OR IGNORE INTO Pelicula_Categoria (id_pelicula, id_categoria) VALUES (840464, 6);
INSERT OR IGNORE INTO Pelicula_Categoria (id_pelicula, id_categoria) VALUES (840464, 3);
-- Fin película: Greenland 2 --
INSERT OR IGNORE INTO Actor (id_actor, nombre, foto_path) VALUES (2507851, 'Brandon Engman', 'https://image.tmdb.org/t/p/original/9PhXVdDPb5NTEvD5dbFfTJnssQw.jpg');
INSERT OR IGNORE INTO Actor (id_actor, nombre, foto_path) VALUES (1822256, 'Brian Stivale', 'https://image.tmdb.org/t/p/original/ggNQronrHaUZnFZeolK0SGfW38V.jpg');
INSERT OR IGNORE INTO Actor (id_actor, nombre, foto_path) VALUES (2805492, 'Shahar Taboch', 'https://image.tmdb.org/t/p/original/hpuiheYJrOU4HYczWgCJNeBPWlZ.jpg');
INSERT OR IGNORE INTO Actor (id_actor, nombre, foto_path) VALUES (1677363, 'Aaron Tavaler', '');
INSERT OR IGNORE INTO Actor (id_actor, nombre, foto_path) VALUES (5981973, 'Hector', '');
INSERT OR REPLACE INTO Pelicula (id_pelicula, titulo, descripcion, poster_path, backdrop_path, trailer, anio_estreno, duracion) VALUES (1167307, 'David', 'En un reino gobernado por el miedo, un joven pastor se atreve a enfrentarse a un gigante y a la oscuridad que se oculta tras él. Su valor despertará a una nación y demostrará que la verdadera fuerza proviene de la confianza, no del poder.', 'https://image.tmdb.org/t/p/original/bESlrLOrsQ9gKzaGQGHXKOyIUtX.jpg', 'https://image.tmdb.org/t/p/original/oN4TQ1TxchynXlFiXFBL3NHLT54.jpg', '', 2025, 115);
INSERT OR REPLACE INTO Pelicula_Actor (id_pelicula, id_actor, personaje) VALUES (1167307, 2507851, 'Young David (voice)');
INSERT OR REPLACE INTO Pelicula_Actor (id_pelicula, id_actor, personaje) VALUES (1167307, 1822256, 'Samuel (voice)');
INSERT OR REPLACE INTO Pelicula_Actor (id_pelicula, id_actor, personaje) VALUES (1167307, 2805492, 'Ozem (voice)');
INSERT OR REPLACE INTO Pelicula_Actor (id_pelicula, id_actor, personaje) VALUES (1167307, 1677363, 'Nethanel (voice)');
INSERT OR REPLACE INTO Pelicula_Actor (id_pelicula, id_actor, personaje) VALUES (1167307, 5981973, 'Jesse (voice)');
INSERT OR IGNORE INTO Pelicula_Categoria (id_pelicula, id_categoria) VALUES (1167307, 5);
INSERT OR IGNORE INTO Pelicula_Categoria (id_pelicula, id_categoria) VALUES (1167307, 12);
INSERT OR IGNORE INTO Pelicula_Categoria (id_pelicula, id_categoria) VALUES (1167307, 7);
-- Fin película: David --
INSERT OR IGNORE INTO Actor (id_actor, nombre, foto_path) VALUES (53714, 'Rachel McAdams', 'https://image.tmdb.org/t/p/original/gDViN28cKRA1u1tB47ClVqjXYdj.jpg');
INSERT OR IGNORE INTO Actor (id_actor, nombre, foto_path) VALUES (527393, 'Dylan O''Brien', 'https://image.tmdb.org/t/p/original/xN3GdvIlqsR838gDoblhPH0numP.jpg');
INSERT OR IGNORE INTO Actor (id_actor, nombre, foto_path) VALUES (4477127, 'Edyll Ismail', 'https://image.tmdb.org/t/p/original/4JNIAlJXlw1HTF2log6GUeErDcT.jpg');
INSERT OR IGNORE INTO Actor (id_actor, nombre, foto_path) VALUES (352, 'Dennis Haysbert', 'https://image.tmdb.org/t/p/original/lcnjaw2CFN6q9eaes1jTYrUB0rb.jpg');
INSERT OR IGNORE INTO Actor (id_actor, nombre, foto_path) VALUES (109438, 'Xavier Samuel', 'https://image.tmdb.org/t/p/original/gHvKqCXfpzaGp46gqsy9MVDfmSf.jpg');
INSERT OR REPLACE INTO Pelicula (id_pelicula, titulo, descripcion, poster_path, backdrop_path, trailer, anio_estreno, duracion) VALUES (1198994, 'SEND HELP (Enviad ayuda)', 'Después de que un accidente de avión deje varados en una isla remota a una competente empleada y a su insoportable jefe, ella deberá utilizar sus habilidades de supervivencia para mantenerlos a ambos con vida, a pesar de su difícil relación.', 'https://image.tmdb.org/t/p/original/m6cubm61t8UfL4KhkP4DJVrWjhj.jpg', 'https://image.tmdb.org/t/p/original/hO2jx1H3XafR7Y8QbFgVH1sHTY9.jpg', 'https://www.youtube.com/watch?v=OTMeWZNhE64', 2026, 113);
INSERT OR REPLACE INTO Pelicula_Actor (id_pelicula, id_actor, personaje) VALUES (1198994, 53714, 'Linda Liddle');
INSERT OR REPLACE INTO Pelicula_Actor (id_pelicula, id_actor, personaje) VALUES (1198994, 527393, 'Bradley Preston');
INSERT OR REPLACE INTO Pelicula_Actor (id_pelicula, id_actor, personaje) VALUES (1198994, 4477127, 'Zuri');
INSERT OR REPLACE INTO Pelicula_Actor (id_pelicula, id_actor, personaje) VALUES (1198994, 352, 'Franklin');
INSERT OR REPLACE INTO Pelicula_Actor (id_pelicula, id_actor, personaje) VALUES (1198994, 109438, 'Donovan');
INSERT OR IGNORE INTO Pelicula_Categoria (id_pelicula, id_categoria) VALUES (1198994, 4);
INSERT OR IGNORE INTO Pelicula_Categoria (id_pelicula, id_categoria) VALUES (1198994, 6);
INSERT OR IGNORE INTO Pelicula_Categoria (id_pelicula, id_categoria) VALUES (1198994, 12);
-- Fin película: SEND HELP (Enviad ayuda) --
INSERT OR IGNORE INTO Actor (id_actor, nombre, foto_path) VALUES (976, 'Jason Statham', 'https://image.tmdb.org/t/p/original/o7sfT7EBtzxwiJiKmCafoebJQ2q.jpg');
INSERT OR IGNORE INTO Actor (id_actor, nombre, foto_path) VALUES (4088089, 'Bodhi Rae Breathnach', 'https://image.tmdb.org/t/p/original/sONxErk3r0xfoESAmU3GVTxoPDe.jpg');
INSERT OR IGNORE INTO Actor (id_actor, nombre, foto_path) VALUES (1563431, 'Michael Shaeffer', 'https://image.tmdb.org/t/p/original/5O0UCmRy8NWpYvHeCJDntPKXmti.jpg');
INSERT OR IGNORE INTO Actor (id_actor, nombre, foto_path) VALUES (1233545, 'Anna Crilly', 'https://image.tmdb.org/t/p/original/wT6e4gDsQwrJjhXlIAj5IhcLICy.jpg');
INSERT OR IGNORE INTO Actor (id_actor, nombre, foto_path) VALUES (2440, 'Bill Nighy', 'https://image.tmdb.org/t/p/original/ixFI2YCGNGJfwlpI8iyhvVZRg8C.jpg');
INSERT OR REPLACE INTO Pelicula (id_pelicula, titulo, descripcion, poster_path, backdrop_path, trailer, anio_estreno, duracion) VALUES (1290821, 'Shelter: El Protector', 'Un recluso en una remota isla escocesa rescata a una niña del mar, desencadenando una peligrosa secuencia de acontecimientos.', 'https://image.tmdb.org/t/p/original/klvZs66SG19qmacdwxSRkdFQhQS.jpg', 'https://image.tmdb.org/t/p/original/uCGzI1EtQWXG5yRPB5PSyOdFNcC.jpg', 'https://www.youtube.com/watch?v=tjRn9EeN3rE', 2026, 107);
INSERT OR REPLACE INTO Pelicula_Actor (id_pelicula, id_actor, personaje) VALUES (1290821, 976, 'Mason');
INSERT OR REPLACE INTO Pelicula_Actor (id_pelicula, id_actor, personaje) VALUES (1290821, 4088089, 'Jesse');
INSERT OR REPLACE INTO Pelicula_Actor (id_pelicula, id_actor, personaje) VALUES (1290821, 1563431, 'Uncle');
INSERT OR REPLACE INTO Pelicula_Actor (id_pelicula, id_actor, personaje) VALUES (1290821, 1233545, 'Haneron');
INSERT OR REPLACE INTO Pelicula_Actor (id_pelicula, id_actor, personaje) VALUES (1290821, 2440, 'Manafort');
INSERT OR IGNORE INTO Pelicula_Categoria (id_pelicula, id_categoria) VALUES (1290821, 5);
INSERT OR IGNORE INTO Pelicula_Categoria (id_pelicula, id_categoria) VALUES (1290821, 9);
INSERT OR IGNORE INTO Pelicula_Categoria (id_pelicula, id_categoria) VALUES (1290821, 6);
-- Fin película: Shelter: El Protector --
INSERT OR IGNORE INTO Actor (id_actor, nombre, foto_path) VALUES (1019, 'Mads Mikkelsen', 'https://image.tmdb.org/t/p/original/AsX4bdvZ8UCayWTmAf9lAqOA8V7.jpg');
INSERT OR IGNORE INTO Actor (id_actor, nombre, foto_path) VALUES (3969369, 'Sophie Sloan', 'https://image.tmdb.org/t/p/original/orJhg6oQ4h2qdBSTaKSwdEvD4xa.jpg');
INSERT OR IGNORE INTO Actor (id_actor, nombre, foto_path) VALUES (10205, 'Sigourney Weaver', 'https://image.tmdb.org/t/p/original/wTSnfktNBLd6kwQxgvkqYw6vEon.jpg');
INSERT OR IGNORE INTO Actor (id_actor, nombre, foto_path) VALUES (83854, 'David Dastmalchian', 'https://image.tmdb.org/t/p/original/nER1Vzhk51pGHb60KBF1Ja5tEXA.jpg');
INSERT OR IGNORE INTO Actor (id_actor, nombre, foto_path) VALUES (1851642, 'Sheila Atim', 'https://image.tmdb.org/t/p/original/esAjvG2IXvzQODNEHVCVsc4WALI.jpg');
INSERT OR REPLACE INTO Pelicula (id_pelicula, titulo, descripcion, poster_path, backdrop_path, trailer, anio_estreno, duracion) VALUES (1043197, 'Dust Bunny', 'Una niña de ocho años le pide ayuda a su insidiosa vecina en su misión para matar al monstruo que vive debajo de su cama, el cual, según ella, devoró a su familia.', 'https://image.tmdb.org/t/p/original/vobigFZFvbYPf6ElYJu07P9rH8C.jpg', 'https://image.tmdb.org/t/p/original/AecGG1XVCmkk7fT10ko3FC0dLIP.jpg', '', 2025, 106);
INSERT OR REPLACE INTO Pelicula_Actor (id_pelicula, id_actor, personaje) VALUES (1043197, 1019, 'Intriguing Neighbor');
INSERT OR REPLACE INTO Pelicula_Actor (id_pelicula, id_actor, personaje) VALUES (1043197, 3969369, 'Aurora');
INSERT OR REPLACE INTO Pelicula_Actor (id_pelicula, id_actor, personaje) VALUES (1043197, 10205, 'Laverne');
INSERT OR REPLACE INTO Pelicula_Actor (id_pelicula, id_actor, personaje) VALUES (1043197, 83854, 'Conspicuously Inconspicuous Man');
INSERT OR REPLACE INTO Pelicula_Actor (id_pelicula, id_actor, personaje) VALUES (1043197, 1851642, 'Brenda');
INSERT OR IGNORE INTO Pelicula_Categoria (id_pelicula, id_categoria) VALUES (1043197, 5);
INSERT OR IGNORE INTO Pelicula_Categoria (id_pelicula, id_categoria) VALUES (1043197, 3);
INSERT OR IGNORE INTO Pelicula_Categoria (id_pelicula, id_categoria) VALUES (1043197, 6);
-- Fin película: Dust Bunny --
INSERT OR IGNORE INTO Actor (id_actor, nombre, foto_path) VALUES (1494060, 'Mark Fischbach', 'https://image.tmdb.org/t/p/original/2y59nq7vipTBdRMmMTsy1d4HeiG.jpg');
INSERT OR IGNORE INTO Actor (id_actor, nombre, foto_path) VALUES (2602912, 'Caroline Kaplan', 'https://image.tmdb.org/t/p/original/oMOswhHN3LfRtziULWTxNiYgAFj.jpg');
INSERT OR IGNORE INTO Actor (id_actor, nombre, foto_path) VALUES (963818, 'Troy Baker', 'https://image.tmdb.org/t/p/original/9jeUft7h20HscRCrsVQTgKHXRwJ.jpg');
INSERT OR IGNORE INTO Actor (id_actor, nombre, foto_path) VALUES (2444615, 'Elsie Lovelock', 'https://image.tmdb.org/t/p/original/wcYA8LHM9F6aVzlaiMhnFgpXJi5.jpg');
INSERT OR IGNORE INTO Actor (id_actor, nombre, foto_path) VALUES (1042667, 'Elle LaMont', 'https://image.tmdb.org/t/p/original/uR16F3g1J32HgvnlHW890ZAFnnT.jpg');
INSERT OR REPLACE INTO Pelicula (id_pelicula, titulo, descripcion, poster_path, backdrop_path, trailer, anio_estreno, duracion) VALUES (1116201, 'Iron Lung', 'En un futuro devastado por "El Rapto Silencioso", un prisionero navega un océano de sangre en una luna desolada usando un submarino llamado "Iron Lung" mientras busca estrellas y planetas perdidos.', 'https://image.tmdb.org/t/p/original/sIwakdbMGS1krtgendTWpxTY9Hw.jpg', 'https://image.tmdb.org/t/p/original/gqGQ0zADV5FIcgMWtWX8FcGQjFp.jpg', '', 2026, 125);
INSERT OR REPLACE INTO Pelicula_Actor (id_pelicula, id_actor, personaje) VALUES (1116201, 1494060, 'Simon');
INSERT OR REPLACE INTO Pelicula_Actor (id_pelicula, id_actor, personaje) VALUES (1116201, 2602912, 'Ava');
INSERT OR REPLACE INTO Pelicula_Actor (id_pelicula, id_actor, personaje) VALUES (1116201, 963818, 'David');
INSERT OR REPLACE INTO Pelicula_Actor (id_pelicula, id_actor, personaje) VALUES (1116201, 2444615, 'SM-8 Research Lead / The Speaker (voice)');
INSERT OR REPLACE INTO Pelicula_Actor (id_pelicula, id_actor, personaje) VALUES (1116201, 1042667, 'SM-8 Research Assistant / The Whisper (voice)');
INSERT OR IGNORE INTO Pelicula_Categoria (id_pelicula, id_categoria) VALUES (1116201, 4);
INSERT OR IGNORE INTO Pelicula_Categoria (id_pelicula, id_categoria) VALUES (1116201, 3);
-- Fin película: Iron Lung --
INSERT OR IGNORE INTO Actor (id_actor, nombre, foto_path) VALUES (1498158, 'Jessie Buckley', 'https://image.tmdb.org/t/p/original/i8IlkFbZqKUgkypZKpdhrw00uqw.jpg');
INSERT OR IGNORE INTO Actor (id_actor, nombre, foto_path) VALUES (2326151, 'Paul Mescal', 'https://image.tmdb.org/t/p/original/vrzZ41TGNAFgfmZjC2sOJySzBLd.jpg');
INSERT OR IGNORE INTO Actor (id_actor, nombre, foto_path) VALUES (1639, 'Emily Watson', 'https://image.tmdb.org/t/p/original/bd0qiJXHoLNpkCqABsh67AKRtjC.jpg');
INSERT OR IGNORE INTO Actor (id_actor, nombre, foto_path) VALUES (1496392, 'Joe Alwyn', 'https://image.tmdb.org/t/p/original/Avo928rzU4WczRzqgq9FwdoXwKd.jpg');
INSERT OR IGNORE INTO Actor (id_actor, nombre, foto_path) VALUES (3115247, 'Jacobi Jupe', 'https://image.tmdb.org/t/p/original/AbmnZOPvC1vA5yilvG3IyXdTSPB.jpg');
INSERT OR REPLACE INTO Pelicula (id_pelicula, titulo, descripcion, poster_path, backdrop_path, trailer, anio_estreno, duracion) VALUES (858024, 'Hamnet', 'Descubre la poderosa historia de amor que inspiró la creación de Hamlet, la intemporal obra maestra de Shakespeare.', 'https://image.tmdb.org/t/p/original/hVo0g5M8z1kuhzxQ51eCbF81wUh.jpg', 'https://image.tmdb.org/t/p/original/73BClq9FOcrWrutnpiqhCNEWEwJ.jpg', 'https://www.youtube.com/watch?v=Ith7z6FzLe0', 2025, 126);
INSERT OR REPLACE INTO Pelicula_Actor (id_pelicula, id_actor, personaje) VALUES (858024, 1498158, 'Agnes');
INSERT OR REPLACE INTO Pelicula_Actor (id_pelicula, id_actor, personaje) VALUES (858024, 2326151, 'Will');
INSERT OR REPLACE INTO Pelicula_Actor (id_pelicula, id_actor, personaje) VALUES (858024, 1639, 'Mary');
INSERT OR REPLACE INTO Pelicula_Actor (id_pelicula, id_actor, personaje) VALUES (858024, 1496392, 'Bartholomew');
INSERT OR REPLACE INTO Pelicula_Actor (id_pelicula, id_actor, personaje) VALUES (858024, 3115247, 'Hamnet');
INSERT OR IGNORE INTO Pelicula_Categoria (id_pelicula, id_categoria) VALUES (858024, 7);
INSERT OR IGNORE INTO Pelicula_Categoria (id_pelicula, id_categoria) VALUES (858024, 10);
INSERT OR IGNORE INTO Pelicula_Categoria (id_pelicula, id_categoria) VALUES (858024, 1);
-- Fin película: Hamnet --
INSERT OR IGNORE INTO Actor (id_actor, nombre, foto_path) VALUES (1190668, 'Timothée Chalamet', 'https://image.tmdb.org/t/p/original/dFxpwRpmzpVfP1zjluH68DeQhyj.jpg');
INSERT OR IGNORE INTO Actor (id_actor, nombre, foto_path) VALUES (12052, 'Gwyneth Paltrow', 'https://image.tmdb.org/t/p/original/8x3jpWD7DEvyMXO1FOjwNdd1UZT.jpg');
INSERT OR IGNORE INTO Actor (id_actor, nombre, foto_path) VALUES (1972166, 'Odessa A''zion', 'https://image.tmdb.org/t/p/original/w5HuKyEMDP3tK38KtVtJfGUcSa4.jpg');
INSERT OR IGNORE INTO Actor (id_actor, nombre, foto_path) VALUES (1240877, 'Kevin O''Leary', 'https://image.tmdb.org/t/p/original/uvTv976u2wgrl9RqxSfBeTlE1Wz.jpg');
INSERT OR IGNORE INTO Actor (id_actor, nombre, foto_path) VALUES (1133834, 'Tyler, The Creator', 'https://image.tmdb.org/t/p/original/jdAYV2hhjsffcRBTPqCMzHLIiM1.jpg');
INSERT OR REPLACE INTO Pelicula (id_pelicula, titulo, descripcion, poster_path, backdrop_path, trailer, anio_estreno, duracion) VALUES (1317288, 'Marty Supreme', 'Biopic de Marty Reisman, un buscavidas convertido en campeón de ping pong, desde que empezó a jugar por apuestas en Manhattan hasta ganar 22 títulos importantes y convertirse en el más veterano en ganar una competición nacional de deportes de raqueta, con 67 años.', 'https://image.tmdb.org/t/p/original/mijSU0Rws3tBBbhdE5udxPSaZvF.jpg', 'https://image.tmdb.org/t/p/original/6h7w8R4BA7vubEmEEW5vYEjuoz6.jpg', 'https://www.youtube.com/watch?v=wNQjwR5cCiM', 2025, 150);
INSERT OR REPLACE INTO Pelicula_Actor (id_pelicula, id_actor, personaje) VALUES (1317288, 1190668, 'Marty Mauser');
INSERT OR REPLACE INTO Pelicula_Actor (id_pelicula, id_actor, personaje) VALUES (1317288, 12052, 'Kay Stone');
INSERT OR REPLACE INTO Pelicula_Actor (id_pelicula, id_actor, personaje) VALUES (1317288, 1972166, 'Rachel Mizler');
INSERT OR REPLACE INTO Pelicula_Actor (id_pelicula, id_actor, personaje) VALUES (1317288, 1240877, 'Milton Rockwell');
INSERT OR REPLACE INTO Pelicula_Actor (id_pelicula, id_actor, personaje) VALUES (1317288, 1133834, 'Wally');
INSERT OR IGNORE INTO Pelicula_Categoria (id_pelicula, id_categoria) VALUES (1317288, 7);
-- Fin película: Marty Supreme --
INSERT OR IGNORE INTO Actor (id_actor, nombre, foto_path) VALUES (2201315, 'Emma Mackey', 'https://image.tmdb.org/t/p/original/l4JOGnGOAeZr3BQvAerFyvakrU0.jpg');
INSERT OR IGNORE INTO Actor (id_actor, nombre, foto_path) VALUES (8944, 'Jamie Lee Curtis', 'https://image.tmdb.org/t/p/original/eb0lIt32WwrjtCULe5z6l9eBf06.jpg');
INSERT OR IGNORE INTO Actor (id_actor, nombre, foto_path) VALUES (2304140, 'Spike Fearn', 'https://image.tmdb.org/t/p/original/o1WcXkDdlN5wdL5WIuGXNpNouZ9.jpg');
INSERT OR IGNORE INTO Actor (id_actor, nombre, foto_path) VALUES (13, 'Albert Brooks', 'https://image.tmdb.org/t/p/original/8iDSGu5l93N7benjf6b3AysBore.jpg');
INSERT OR IGNORE INTO Actor (id_actor, nombre, foto_path) VALUES (1334638, 'Jack Lowden', 'https://image.tmdb.org/t/p/original/3wSE6uHLkslE9xvRiMbnphuI0VK.jpg');
INSERT OR REPLACE INTO Pelicula (id_pelicula, titulo, descripcion, poster_path, backdrop_path, trailer, anio_estreno, duracion) VALUES (1206008, 'Ella McCay', 'Una joven política idealista hace malabarismos con sus problemas familiares y su estresante vida laboral mientras se prepara para ocupar nada menos que el puesto de gobernadora de su estado, ocupando el puesto de su mentor.', 'https://image.tmdb.org/t/p/original/kuAObOLDIBnWgGE3vk9wBsrM54.jpg', 'https://image.tmdb.org/t/p/original/9cd1zsxcOAcBW01WDOWz8EODTS0.jpg', 'https://www.youtube.com/watch?v=OwgayXGF3uM', 2025, 115);
INSERT OR REPLACE INTO Pelicula_Actor (id_pelicula, id_actor, personaje) VALUES (1206008, 2201315, 'Ella McCay');
INSERT OR REPLACE INTO Pelicula_Actor (id_pelicula, id_actor, personaje) VALUES (1206008, 8944, 'Helen McCay');
INSERT OR REPLACE INTO Pelicula_Actor (id_pelicula, id_actor, personaje) VALUES (1206008, 2304140, 'Casey McCay');
INSERT OR REPLACE INTO Pelicula_Actor (id_pelicula, id_actor, personaje) VALUES (1206008, 13, 'Governor Bill');
INSERT OR REPLACE INTO Pelicula_Actor (id_pelicula, id_actor, personaje) VALUES (1206008, 1334638, 'Ryan Newell');
INSERT OR IGNORE INTO Pelicula_Categoria (id_pelicula, id_categoria) VALUES (1206008, 12);
INSERT OR IGNORE INTO Pelicula_Categoria (id_pelicula, id_categoria) VALUES (1206008, 7);
-- Fin película: Ella McCay --
INSERT OR IGNORE INTO Actor (id_actor, nombre, foto_path) VALUES (5469, 'Ralph Fiennes', 'https://image.tmdb.org/t/p/original/u29BOqiV5GCQ8k8WUJM50i9xlBf.jpg');
INSERT OR IGNORE INTO Actor (id_actor, nombre, foto_path) VALUES (85065, 'Jack O''Connell', 'https://image.tmdb.org/t/p/original/9RrqnB1BRaWWHEjlWVVAna0sdBB.jpg');
INSERT OR IGNORE INTO Actor (id_actor, nombre, foto_path) VALUES (5107934, 'Alfie Williams', 'https://image.tmdb.org/t/p/original/wqfyAhZH6uCu5J4THsz2gJxsizB.jpg');
INSERT OR IGNORE INTO Actor (id_actor, nombre, foto_path) VALUES (1672504, 'Erin Kellyman', 'https://image.tmdb.org/t/p/original/f7XXomAaSRxE3h5NT0sAlcQTjPL.jpg');
INSERT OR IGNORE INTO Actor (id_actor, nombre, foto_path) VALUES (1344320, 'Chi Lewis-Parry', 'https://image.tmdb.org/t/p/original/yFE1xHcKn9Gww9DCUYQmBlZ3HVx.jpg');
INSERT OR REPLACE INTO Pelicula (id_pelicula, titulo, descripcion, poster_path, backdrop_path, trailer, anio_estreno, duracion) VALUES (1272837, '28 años después: El templo de los huesos', 'El Dr. Kelson (Ralph Fiennes) se ve envuelto en una nueva y sorprendente relación, cuyas consecuencias podrían cambiar el mundo tal y como se conoce. Por otra parte, el encuentro de Spike (Alfie Williams) con el Gran Lord Jimmy Crystal (Jack O''Connell) se convierte en una pesadilla de la que el chico no puede escapar. En este mundo, los infectados ya no son la mayor amenaza para la supervivencia, ya que la inhumanidad de los supervivientes puede ser aún más extraña y aterradora.', 'https://image.tmdb.org/t/p/original/9qlqDX3lo7CiFCDZV1Qwopwm5rz.jpg', 'https://image.tmdb.org/t/p/original/cwX1koqx0UsN0naDGxKFMs3raUZ.jpg', 'https://www.youtube.com/watch?v=RcnPIyUI53Q', 2026, 109);
INSERT OR REPLACE INTO Pelicula_Actor (id_pelicula, id_actor, personaje) VALUES (1272837, 5469, 'Dr. Ian Kelson');
INSERT OR REPLACE INTO Pelicula_Actor (id_pelicula, id_actor, personaje) VALUES (1272837, 85065, 'Sir Lord Jimmy Crystal');
INSERT OR REPLACE INTO Pelicula_Actor (id_pelicula, id_actor, personaje) VALUES (1272837, 5107934, 'Spike / Jimmy');
INSERT OR REPLACE INTO Pelicula_Actor (id_pelicula, id_actor, personaje) VALUES (1272837, 1672504, 'Jimmy Ink');
INSERT OR REPLACE INTO Pelicula_Actor (id_pelicula, id_actor, personaje) VALUES (1272837, 1344320, 'Samson');
INSERT OR IGNORE INTO Pelicula_Categoria (id_pelicula, id_categoria) VALUES (1272837, 4);
INSERT OR IGNORE INTO Pelicula_Categoria (id_pelicula, id_categoria) VALUES (1272837, 6);
INSERT OR IGNORE INTO Pelicula_Categoria (id_pelicula, id_categoria) VALUES (1272837, 3);
-- Fin película: 28 años después: El templo de los huesos --
INSERT OR IGNORE INTO Actor (id_actor, nombre, foto_path) VALUES (1315036, 'Daisy Ridley', 'https://image.tmdb.org/t/p/original/iVboQmgPC3tYFjezBjrVECJRS8n.jpg');
INSERT OR IGNORE INTO Actor (id_actor, nombre, foto_path) VALUES (1017347, 'Brenton Thwaites', 'https://image.tmdb.org/t/p/original/4jrtVjdIGJpmgevEPRuIIU9HWcO.jpg');
INSERT OR IGNORE INTO Actor (id_actor, nombre, foto_path) VALUES (1323881, 'Mark Coles Smith', 'https://image.tmdb.org/t/p/original/mFGf5GruME5dnAuKBG1kgzK8PJs.jpg');
INSERT OR IGNORE INTO Actor (id_actor, nombre, foto_path) VALUES (1046893, 'Matt Whelan', 'https://image.tmdb.org/t/p/original/qTIe7SblKwxR9DF6iNuVX0pEWIZ.jpg');
INSERT OR IGNORE INTO Actor (id_actor, nombre, foto_path) VALUES (1445943, 'Chloe Hurst', 'https://image.tmdb.org/t/p/original/h42VtoxnH6onzfcyKSzRXg1gImB.jpg');
INSERT OR REPLACE INTO Pelicula (id_pelicula, titulo, descripcion, poster_path, backdrop_path, trailer, anio_estreno, duracion) VALUES (1198984, 'We Bury the Dead', 'Ava, una mujer desesperada cuyo marido ha desaparecido tras un catastrófico experimento militar, se une a una "unidad de recuperación de cadáveres", pero su búsqueda da un giro escalofriante cuando los cadáveres que está enterrando empiezan a dar señales de vida.', 'https://image.tmdb.org/t/p/original/xZqo0yPARmyF8TACVNyaOACkYWG.jpg', 'https://image.tmdb.org/t/p/original/vbkW4KerpshPZnP84w9qwSfYrhu.jpg', '', 2026, 95);
INSERT OR REPLACE INTO Pelicula_Actor (id_pelicula, id_actor, personaje) VALUES (1198984, 1315036, 'Ava');
INSERT OR REPLACE INTO Pelicula_Actor (id_pelicula, id_actor, personaje) VALUES (1198984, 1017347, 'Clay');
INSERT OR REPLACE INTO Pelicula_Actor (id_pelicula, id_actor, personaje) VALUES (1198984, 1323881, 'Riley');
INSERT OR REPLACE INTO Pelicula_Actor (id_pelicula, id_actor, personaje) VALUES (1198984, 1046893, 'Mitch');
INSERT OR REPLACE INTO Pelicula_Actor (id_pelicula, id_actor, personaje) VALUES (1198984, 1445943, 'Katie Harris');
INSERT OR IGNORE INTO Pelicula_Categoria (id_pelicula, id_categoria) VALUES (1198984, 4);
INSERT OR IGNORE INTO Pelicula_Categoria (id_pelicula, id_categoria) VALUES (1198984, 6);
-- Fin película: We Bury the Dead --
INSERT OR IGNORE INTO Actor (id_actor, nombre, foto_path) VALUES (6383, 'Aaron Eckhart', 'https://image.tmdb.org/t/p/original/u5JjnRMr9zKEVvOP7k3F6gdcwT6.jpg');
INSERT OR IGNORE INTO Actor (id_actor, nombre, foto_path) VALUES (1139816, 'Tanya van Graan', 'https://image.tmdb.org/t/p/original/xeTvZH86esj3tuErPv0relTqPOY.jpg');
INSERT OR IGNORE INTO Actor (id_actor, nombre, foto_path) VALUES (209193, 'Karl Thaning', 'https://image.tmdb.org/t/p/original/oOrTV9OvC5H1BlRosJcdxWlYWW5.jpg');
INSERT OR IGNORE INTO Actor (id_actor, nombre, foto_path) VALUES (1658759, 'Nicole Fortuin', 'https://image.tmdb.org/t/p/original/6YxW3hZANTmhrESXIdFtqvfIjtq.jpg');
INSERT OR IGNORE INTO Actor (id_actor, nombre, foto_path) VALUES (85780, 'Adrian Collins', 'https://image.tmdb.org/t/p/original/3ROguAf0SqpnrA5gJ3MkdL6Yxab.jpg');
INSERT OR REPLACE INTO Pelicula (id_pelicula, titulo, descripcion, poster_path, backdrop_path, trailer, anio_estreno, duracion) VALUES (1439112, 'En busca de venganza 2: Ciudad de los lobos', 'Jake Rosser está atormentado por el trastorno de estrés postraumático de sus días como oficial K-9 y se esfuerza por llevar una vida pacífica con su familia y su compañero K-9 retirado, Socks. Pero la tranquilidad se disuelve rápidamente cuando una despiadada banda los persigue en un brutal ataque. Decidido a proteger a sus seres queridos, Jake y su nuevo compañero K-9 «Argos» se adentran en los violentos entresijos de la delincuencia, donde Jake se enfrenta a funcionarios corruptos, descubre una peligrosa red de tráfico de drogas y lucha contra sus propios demonios internos.', 'https://image.tmdb.org/t/p/original/yBg2t8vuqrE8nqrxS3VzW3Qvzh3.jpg', 'https://image.tmdb.org/t/p/original/ncI1PlBcANixIkgQSnjsSRz4OyT.jpg', '', 2025, 93);
INSERT OR REPLACE INTO Pelicula_Actor (id_pelicula, id_actor, personaje) VALUES (1439112, 6383, 'Jake Rosser');
INSERT OR REPLACE INTO Pelicula_Actor (id_pelicula, id_actor, personaje) VALUES (1439112, 1139816, 'Mia Rosser');
INSERT OR REPLACE INTO Pelicula_Actor (id_pelicula, id_actor, personaje) VALUES (1439112, 209193, 'Officer Beekman');
INSERT OR REPLACE INTO Pelicula_Actor (id_pelicula, id_actor, personaje) VALUES (1439112, 1658759, 'Detective Idalia Cutler');
INSERT OR REPLACE INTO Pelicula_Actor (id_pelicula, id_actor, personaje) VALUES (1439112, 85780, 'Officer Cobb');
INSERT OR IGNORE INTO Pelicula_Categoria (id_pelicula, id_categoria) VALUES (1439112, 5);
INSERT OR IGNORE INTO Pelicula_Categoria (id_pelicula, id_categoria) VALUES (1439112, 6);
INSERT OR IGNORE INTO Pelicula_Categoria (id_pelicula, id_categoria) VALUES (1439112, 1);
-- Fin película: En busca de venganza 2: Ciudad de los lobos --
INSERT OR IGNORE INTO Actor (id_actor, nombre, foto_path) VALUES (1295282, 'Johnny Sequoyah', 'https://image.tmdb.org/t/p/original/taFfjOB4lPAx75kJo9yFylKT1ek.jpg');
INSERT OR IGNORE INTO Actor (id_actor, nombre, foto_path) VALUES (2600509, 'Jessica Alexander', 'https://image.tmdb.org/t/p/original/61DzjStCt7NXwyUf3ALTAo47nCI.jpg');
INSERT OR IGNORE INTO Actor (id_actor, nombre, foto_path) VALUES (1571661, 'Troy Kotsur', 'https://image.tmdb.org/t/p/original/24K3og12jGBGL9dqH5OYFdjF9wu.jpg');
INSERT OR IGNORE INTO Actor (id_actor, nombre, foto_path) VALUES (4979358, 'Victoria Wyant', 'https://image.tmdb.org/t/p/original/et8teE6ZMqdWGWYj3aDIMD6Yhvt.jpg');
INSERT OR IGNORE INTO Actor (id_actor, nombre, foto_path) VALUES (3675179, 'Gia Hunter', 'https://image.tmdb.org/t/p/original/fK7xZRr1qhCjby0njwhsfgLyW0P.jpg');
INSERT OR REPLACE INTO Pelicula (id_pelicula, titulo, descripcion, poster_path, backdrop_path, trailer, anio_estreno, duracion) VALUES (1315303, 'Primate', '', 'https://image.tmdb.org/t/p/original/cyqEghDphEUunLfongtpmROjpID.jpg', 'https://image.tmdb.org/t/p/original/eFUtmW3XqK4MVwPotko0pm6oMRK.jpg', 'https://www.youtube.com/watch?v=F0fn4knTR2s', 2026, 89);
INSERT OR REPLACE INTO Pelicula_Actor (id_pelicula, id_actor, personaje) VALUES (1315303, 1295282, 'Lucy');
INSERT OR REPLACE INTO Pelicula_Actor (id_pelicula, id_actor, personaje) VALUES (1315303, 2600509, 'Hannah');
INSERT OR REPLACE INTO Pelicula_Actor (id_pelicula, id_actor, personaje) VALUES (1315303, 1571661, 'Adam');
INSERT OR REPLACE INTO Pelicula_Actor (id_pelicula, id_actor, personaje) VALUES (1315303, 4979358, 'Kate');
INSERT OR REPLACE INTO Pelicula_Actor (id_pelicula, id_actor, personaje) VALUES (1315303, 3675179, 'Erin');
INSERT OR IGNORE INTO Pelicula_Categoria (id_pelicula, id_categoria) VALUES (1315303, 4);
INSERT OR IGNORE INTO Pelicula_Categoria (id_pelicula, id_categoria) VALUES (1315303, 6);
-- Fin película: Primate --
INSERT OR IGNORE INTO Actor (id_actor, nombre, foto_path) VALUES (52583, 'Wagner Moura', 'https://image.tmdb.org/t/p/original/5Vs0d8js1uJV0WDPwMFU3zO2n3m.jpg');
INSERT OR IGNORE INTO Actor (id_actor, nombre, foto_path) VALUES (2346588, 'Carlos Francisco', 'https://image.tmdb.org/t/p/original/ihf4bN4GuScyA2QwlzVCnPqOuOo.jpg');
INSERT OR IGNORE INTO Actor (id_actor, nombre, foto_path) VALUES (4497686, 'Tânia Maria', 'https://image.tmdb.org/t/p/original/73QyA2htiMJ01sFo25KLCDyPtWF.jpg');
INSERT OR IGNORE INTO Actor (id_actor, nombre, foto_path) VALUES (2375667, 'Robério Diógenes', 'https://image.tmdb.org/t/p/original/dLYYDd4FwB8fMb5A7Q54UOfxdet.jpg');
INSERT OR IGNORE INTO Actor (id_actor, nombre, foto_path) VALUES (143500, 'Roney Villela', 'https://image.tmdb.org/t/p/original/y0S7k8ahQF8FAJ0ZCzK2BfTKbz0.jpg');
INSERT OR REPLACE INTO Pelicula (id_pelicula, titulo, descripcion, poster_path, backdrop_path, trailer, anio_estreno, duracion) VALUES (1220564, 'El agente secreto', 'En Brasil, en 1977, Marcelo, un especialista en tecnología que huye de un pasado misterioso, regresa a Recife en busca de paz, pero se da cuenta de que la ciudad está lejos del refugio que busca.', 'https://image.tmdb.org/t/p/original/qYWybdgL6casJxbZE0xLGXsdWOP.jpg', 'https://image.tmdb.org/t/p/original/b4uXVgLCOxx2c9VbyppdSD9G3Xq.jpg', 'https://www.youtube.com/watch?v=GcyZJpOfX_k', 2025, 161);
INSERT OR REPLACE INTO Pelicula_Actor (id_pelicula, id_actor, personaje) VALUES (1220564, 52583, 'Armando / Marcelo / Adult Fernando');
INSERT OR REPLACE INTO Pelicula_Actor (id_pelicula, id_actor, personaje) VALUES (1220564, 2346588, 'Seu Alexandre');
INSERT OR REPLACE INTO Pelicula_Actor (id_pelicula, id_actor, personaje) VALUES (1220564, 4497686, 'Dona Sebastiana');
INSERT OR REPLACE INTO Pelicula_Actor (id_pelicula, id_actor, personaje) VALUES (1220564, 2375667, 'Euclides');
INSERT OR REPLACE INTO Pelicula_Actor (id_pelicula, id_actor, personaje) VALUES (1220564, 143500, 'Augusto');
INSERT OR IGNORE INTO Pelicula_Categoria (id_pelicula, id_categoria) VALUES (1220564, 9);
INSERT OR IGNORE INTO Pelicula_Categoria (id_pelicula, id_categoria) VALUES (1220564, 7);
INSERT OR IGNORE INTO Pelicula_Categoria (id_pelicula, id_categoria) VALUES (1220564, 6);
-- Fin película: El agente secreto --
INSERT OR IGNORE INTO Actor (id_actor, nombre, foto_path) VALUES (25002, 'Lee Byung-hun', 'https://image.tmdb.org/t/p/original/j7SUd9Qi8iOxgrQGb3nQyEYcXur.jpg');
INSERT OR IGNORE INTO Actor (id_actor, nombre, foto_path) VALUES (86889, 'Son Ye-jin', 'https://image.tmdb.org/t/p/original/njczzJJnugd9y7p5CF3XW7dcyYK.jpg');
INSERT OR IGNORE INTO Actor (id_actor, nombre, foto_path) VALUES (93999, 'Park Hee-soon', 'https://image.tmdb.org/t/p/original/s2SSzvlsSfCPP5EXhCoWUr8970F.jpg');
INSERT OR IGNORE INTO Actor (id_actor, nombre, foto_path) VALUES (141548, '이성민', 'https://image.tmdb.org/t/p/original/25NytLwnf40D5Yd8MAYnvhar405.jpg');
INSERT OR IGNORE INTO Actor (id_actor, nombre, foto_path) VALUES (2084416, '염혜란', 'https://image.tmdb.org/t/p/original/xZxVHnbDdNxF6J8UhwBTkJGNKWx.jpg');
INSERT OR REPLACE INTO Pelicula (id_pelicula, titulo, descripcion, poster_path, backdrop_path, trailer, anio_estreno, duracion) VALUES (639988, 'No hay otra opción', 'La historia sigue a un hombre de mediana edad llamado Man-su que se embarca decidido en una búsqueda de trabajo tras ser despedido inesperadamente de la compañía de papel en la que trabajó durante 25 años. "Si no hay una vacante para mí, tendré que crear una para que me contraten. No hay otra opción". Adaptación de la novela "The Ax" de Donald E. Westlake, que ya fue llevada al cine en la película "Arcadia", dirigida por Costa-Gavras en 2005.', 'https://image.tmdb.org/t/p/original/9gu70dhYzzPNLh0hNpzZKdE1Pun.jpg', 'https://image.tmdb.org/t/p/original/s6aB9kjxNg0mu2361IkCUSpyHJV.jpg', '', 2025, 139);
INSERT OR REPLACE INTO Pelicula_Actor (id_pelicula, id_actor, personaje) VALUES (639988, 25002, 'Yoo Man-su');
INSERT OR REPLACE INTO Pelicula_Actor (id_pelicula, id_actor, personaje) VALUES (639988, 86889, 'Lee Mi-ri');
INSERT OR REPLACE INTO Pelicula_Actor (id_pelicula, id_actor, personaje) VALUES (639988, 93999, 'Choi Seon-chul');
INSERT OR REPLACE INTO Pelicula_Actor (id_pelicula, id_actor, personaje) VALUES (639988, 141548, 'Gu Bum-mo');
INSERT OR REPLACE INTO Pelicula_Actor (id_pelicula, id_actor, personaje) VALUES (639988, 2084416, 'Lee A-ra');
INSERT OR IGNORE INTO Pelicula_Categoria (id_pelicula, id_categoria) VALUES (639988, 9);
INSERT OR IGNORE INTO Pelicula_Categoria (id_pelicula, id_categoria) VALUES (639988, 6);
INSERT OR IGNORE INTO Pelicula_Categoria (id_pelicula, id_categoria) VALUES (639988, 12);
-- Fin película: No hay otra opción --
INSERT OR IGNORE INTO Actor (id_actor, nombre, foto_path) VALUES (18269, 'Brendan Fraser', 'https://image.tmdb.org/t/p/original/tFj5PaWWQbb8rHBBhu1EHklznph.jpg');
INSERT OR IGNORE INTO Actor (id_actor, nombre, foto_path) VALUES (1082509, 'Takehiro Hira', 'https://image.tmdb.org/t/p/original/2N1viBfPY4cRlz6W6YfM2F6UbSH.jpg');
INSERT OR IGNORE INTO Actor (id_actor, nombre, foto_path) VALUES (2210389, 'Mari Yamamoto', 'https://image.tmdb.org/t/p/original/chy8WQgbSfIxp4B1lHzHFFVzsEv.jpg');
INSERT OR IGNORE INTO Actor (id_actor, nombre, foto_path) VALUES (5615231, 'Shannon Mahina Gorman', 'https://image.tmdb.org/t/p/original/8t3tWp0K8eMrnMBrZYTZibaKSPS.jpg');
INSERT OR IGNORE INTO Actor (id_actor, nombre, foto_path) VALUES (13283, '柄本明', 'https://image.tmdb.org/t/p/original/qQHdGgAL7idxy79oWHjYON6bYQm.jpg');
INSERT OR REPLACE INTO Pelicula (id_pelicula, titulo, descripcion, poster_path, backdrop_path, trailer, anio_estreno, duracion) VALUES (1208348, 'Rental Family', 'Ambientada en el Tokio actual, sigue a un actor estadounidense que lucha por encontrar un propósito en la vida hasta que consigue un trabajo inusual: trabajar para una agencia japonesa de "familias de alquiler", interpretando papeles de suplente para desconocidos. A medida que se sumerge en el mundo de sus clientes, comienza a establecer vínculos genuinos que difuminan las líneas entre la actuación y la realidad. Al enfrentarse a las complejidades morales de su trabajo, redescubre el propósito, la pertenencia y la tranquila belleza de las relaciones humanas.', 'https://image.tmdb.org/t/p/original/9z5dHWiX8EjZBRhJ2OzmYZGW7jS.jpg', 'https://image.tmdb.org/t/p/original/ufuabtiOem0kHeYz6b8x8MjBb2L.jpg', 'https://www.youtube.com/watch?v=gtDTQATpSi8', 2025, 110);
INSERT OR REPLACE INTO Pelicula_Actor (id_pelicula, id_actor, personaje) VALUES (1208348, 18269, 'Phillip Vanderploeg');
INSERT OR REPLACE INTO Pelicula_Actor (id_pelicula, id_actor, personaje) VALUES (1208348, 1082509, 'Shinji');
INSERT OR REPLACE INTO Pelicula_Actor (id_pelicula, id_actor, personaje) VALUES (1208348, 2210389, 'Aiko');
INSERT OR REPLACE INTO Pelicula_Actor (id_pelicula, id_actor, personaje) VALUES (1208348, 5615231, 'Mia Kawasaki');
INSERT OR REPLACE INTO Pelicula_Actor (id_pelicula, id_actor, personaje) VALUES (1208348, 13283, 'Kikuo Hasegawa');
INSERT OR IGNORE INTO Pelicula_Categoria (id_pelicula, id_categoria) VALUES (1208348, 12);
INSERT OR IGNORE INTO Pelicula_Categoria (id_pelicula, id_categoria) VALUES (1208348, 7);
-- Fin película: Rental Family --
INSERT OR IGNORE INTO Actor (id_actor, nombre, foto_path) VALUES (225692, 'Jeremy Irvine', 'https://image.tmdb.org/t/p/original/gSEtyKl9InFkaDcAEd25eYrHSNB.jpg');
INSERT OR IGNORE INTO Actor (id_actor, nombre, foto_path) VALUES (1685904, 'Hannah Emily Anderson', 'https://image.tmdb.org/t/p/original/fSyNGF4pZQj9Ne9IKv9kfimECzk.jpg');
INSERT OR IGNORE INTO Actor (id_actor, nombre, foto_path) VALUES (3131371, 'Evie Templeton', 'https://image.tmdb.org/t/p/original/1JV3FEULVnROl4APfkUprqTrFF6.jpg');
INSERT OR IGNORE INTO Actor (id_actor, nombre, foto_path) VALUES (1675328, 'Robert Strange', 'https://image.tmdb.org/t/p/original/4GBjA1itRhsKaPaOrVE1YN9qOqc.jpg');
INSERT OR IGNORE INTO Actor (id_actor, nombre, foto_path) VALUES (2438347, 'Pearse Egan', 'https://image.tmdb.org/t/p/original/bzHkytLIEk4T4arzd7h5BRLufov.jpg');
INSERT OR REPLACE INTO Pelicula (id_pelicula, titulo, descripcion, poster_path, backdrop_path, trailer, anio_estreno, duracion) VALUES (680493, 'Return to Silent Hill', 'Impulsado por las sombras de su pasado, James Sunderland regresa a Silent Hill para encontrar a su amor perdido, Mary Crane. Pero el pequeño pueblo oscuro y deprimente ya no es el lugar de sus recuerdos. James se encuentra con personajes que le parecen demasiado familiares y que intentan distraerlo de su búsqueda de Mary. Cuanto más busca a Mary, más comienza a preguntarse si esto sigue siendo la realidad, o si ha caído en el oscuro inframundo de Jacob Crane.', 'https://image.tmdb.org/t/p/original/5Y2TeCVEnwPbd4FDShGbkKYw6GE.jpg', 'https://image.tmdb.org/t/p/original/nTbO6UF944b0VZrgypMK5rFYRSW.jpg', '', 2026, 106);
INSERT OR REPLACE INTO Pelicula_Actor (id_pelicula, id_actor, personaje) VALUES (680493, 225692, 'James Sunderland');
INSERT OR REPLACE INTO Pelicula_Actor (id_pelicula, id_actor, personaje) VALUES (680493, 1685904, 'Mary Crane  / Angela / Maria / Moth Mary');
INSERT OR REPLACE INTO Pelicula_Actor (id_pelicula, id_actor, personaje) VALUES (680493, 3131371, 'Laura');
INSERT OR REPLACE INTO Pelicula_Actor (id_pelicula, id_actor, personaje) VALUES (680493, 1675328, 'Pyramid Head');
INSERT OR REPLACE INTO Pelicula_Actor (id_pelicula, id_actor, personaje) VALUES (680493, 2438347, 'Eddie');
INSERT OR IGNORE INTO Pelicula_Categoria (id_pelicula, id_categoria) VALUES (680493, 4);
INSERT OR IGNORE INTO Pelicula_Categoria (id_pelicula, id_categoria) VALUES (680493, 1);
-- Fin película: Return to Silent Hill --
INSERT OR IGNORE INTO Actor (id_actor, nombre, foto_path) VALUES (2367355, '吕艳婷', 'https://image.tmdb.org/t/p/original/vKpOzPutTaPf03rWXiLuK8R2K3B.jpg');
INSERT OR IGNORE INTO Actor (id_actor, nombre, foto_path) VALUES (2367356, '囧森瑟夫', 'https://image.tmdb.org/t/p/original/58Ytg6PBGpqB2s7DkHB82dRvdFO.jpg');
INSERT OR IGNORE INTO Actor (id_actor, nombre, foto_path) VALUES (2368846, '瀚墨', 'https://image.tmdb.org/t/p/original/6Ueom0Y4pjIG9B6zjQlfIbgcGhH.jpg');
INSERT OR IGNORE INTO Actor (id_actor, nombre, foto_path) VALUES (2368848, '陈浩', 'https://image.tmdb.org/t/p/original/eBZJW1NCBFDh3U3xImf0vCCnDpy.jpg');
INSERT OR IGNORE INTO Actor (id_actor, nombre, foto_path) VALUES (2368849, '绿绮', 'https://image.tmdb.org/t/p/original/eGoSeaM1c6KCLiRIqM8LJq5S5L5.jpg');
INSERT OR REPLACE INTO Pelicula (id_pelicula, titulo, descripcion, poster_path, backdrop_path, trailer, anio_estreno, duracion) VALUES (980477, 'Ne Zha 2', 'Cuando los cuerpos de los dos amigos, Aobing y Nezha, están a punto de ser destruidos, se les permite que sus almas sigan existiendo. Su maestro, Taiyi Zhenren, restaura sus cuerpos con la ayuda de una flor de loto. Después de esto, Nezha parte en busca de enfrentar al Rey Dragón del Mar del Este, Ao Guang.', 'https://image.tmdb.org/t/p/original/jz5sGlPGf0cWZ0uJPDc8cSjjFcZ.jpg', 'https://image.tmdb.org/t/p/original/8btfz81bOJ2lC7cujYBTw03wzg3.jpg', '', 2025, 144);
INSERT OR REPLACE INTO Pelicula_Actor (id_pelicula, id_actor, personaje) VALUES (980477, 2367355, 'Young Nezha (voice)');
INSERT OR REPLACE INTO Pelicula_Actor (id_pelicula, id_actor, personaje) VALUES (980477, 2367356, 'Youth Nezha / Jie Jie Shou Left (voice)');
INSERT OR REPLACE INTO Pelicula_Actor (id_pelicula, id_actor, personaje) VALUES (980477, 2368846, 'Ao Bing (voice)');
INSERT OR REPLACE INTO Pelicula_Actor (id_pelicula, id_actor, personaje) VALUES (980477, 2368848, 'Li Jing (voice)');
INSERT OR REPLACE INTO Pelicula_Actor (id_pelicula, id_actor, personaje) VALUES (980477, 2368849, 'Mrs. Yin (voice)');
INSERT OR IGNORE INTO Pelicula_Categoria (id_pelicula, id_categoria) VALUES (980477, 5);
INSERT OR IGNORE INTO Pelicula_Categoria (id_pelicula, id_categoria) VALUES (980477, 3);
INSERT OR IGNORE INTO Pelicula_Categoria (id_pelicula, id_categoria) VALUES (980477, 1);
INSERT OR IGNORE INTO Pelicula_Categoria (id_pelicula, id_categoria) VALUES (980477, 5);
-- Fin película: Ne Zha 2 --
INSERT OR IGNORE INTO Actor (id_actor, nombre, foto_path) VALUES (934, 'Russell Crowe', 'https://image.tmdb.org/t/p/original/uxiXuVH4vNWrKlJMVVPG1sxAJFe.jpg');
INSERT OR IGNORE INTO Actor (id_actor, nombre, foto_path) VALUES (17838, 'Rami Malek', 'https://image.tmdb.org/t/p/original/zvBCjFmedqXRqa45jlLf6vBd9Nt.jpg');
INSERT OR IGNORE INTO Actor (id_actor, nombre, foto_path) VALUES (335, 'Michael Shannon', 'https://image.tmdb.org/t/p/original/6mMczfjM8CiS1WuBOgo5Xom1TcR.jpg');
INSERT OR IGNORE INTO Actor (id_actor, nombre, foto_path) VALUES (3477880, 'Leo Woodall', 'https://image.tmdb.org/t/p/original/wK62b76NTxiGfjZa3opvJRyxpb7.jpg');
INSERT OR IGNORE INTO Actor (id_actor, nombre, foto_path) VALUES (21134, 'John Slattery', 'https://image.tmdb.org/t/p/original/tm7g84OWD5gQRoyfG4hduBphP1j.jpg');
INSERT OR REPLACE INTO Pelicula (id_pelicula, titulo, descripcion, poster_path, backdrop_path, trailer, anio_estreno, duracion) VALUES (1214931, 'Núremberg', 'Un psiquiatra estadounidense examina a 22 criminales nazis durante los juicios de Núremberg. Su fascinación por Hermann Göring y su obsesiva búsqueda por entender la naturaleza del mal lo llevan a un oscuro destino.', 'https://image.tmdb.org/t/p/original/7OOQRx9SmkMC3UQfdzj4QsQHtA1.jpg', 'https://image.tmdb.org/t/p/original/xsO1Qgru8sETLTcVla8MrqxOVr0.jpg', 'https://www.youtube.com/watch?v=8caQ0aapFp4', 2025, 150);
INSERT OR REPLACE INTO Pelicula_Actor (id_pelicula, id_actor, personaje) VALUES (1214931, 934, 'Hermann Göring');
INSERT OR REPLACE INTO Pelicula_Actor (id_pelicula, id_actor, personaje) VALUES (1214931, 17838, 'Douglas Kelley');
INSERT OR REPLACE INTO Pelicula_Actor (id_pelicula, id_actor, personaje) VALUES (1214931, 335, 'Justice Robert H. Jackson');
INSERT OR REPLACE INTO Pelicula_Actor (id_pelicula, id_actor, personaje) VALUES (1214931, 3477880, 'Sergeant Howie Triest');
INSERT OR REPLACE INTO Pelicula_Actor (id_pelicula, id_actor, personaje) VALUES (1214931, 21134, 'Colonel Burton Andrus');
INSERT OR IGNORE INTO Pelicula_Categoria (id_pelicula, id_categoria) VALUES (1214931, 1);
INSERT OR IGNORE INTO Pelicula_Categoria (id_pelicula, id_categoria) VALUES (1214931, 7);
-- Fin película: Núremberg --
INSERT OR IGNORE INTO Actor (id_actor, nombre, foto_path) VALUES (115440, 'Sydney Sweeney', 'https://image.tmdb.org/t/p/original/uDnIdU4KGjQg7liFvb9wnALvg95.jpg');
INSERT OR IGNORE INTO Actor (id_actor, nombre, foto_path) VALUES (11107, 'Ben Foster', 'https://image.tmdb.org/t/p/original/keBl3i2uHuowNdap0EgdxWxjWmm.jpg');
INSERT OR IGNORE INTO Actor (id_actor, nombre, foto_path) VALUES (28044, 'Merritt Wever', 'https://image.tmdb.org/t/p/original/ldd1WntzQ72DVuNLoko8yMFHH7j.jpg');
INSERT OR IGNORE INTO Actor (id_actor, nombre, foto_path) VALUES (2252989, 'Katy O''Brian', 'https://image.tmdb.org/t/p/original/lEz7WmJPrBGSsIkEiAA10t5nDDM.jpg');
INSERT OR IGNORE INTO Actor (id_actor, nombre, foto_path) VALUES (58019, 'Ethan Embry', 'https://image.tmdb.org/t/p/original/feYnMlTejbHfkhD1akVVXKWG0u1.jpg');
INSERT OR REPLACE INTO Pelicula (id_pelicula, titulo, descripcion, poster_path, backdrop_path, trailer, anio_estreno, duracion) VALUES (1287322, 'Christy', 'Biopic de Christy Martin, la boxeadora de más éxito de los años 90.', 'https://image.tmdb.org/t/p/original/ssy1uHGZkuXLkIWJWrtsBczPvVC.jpg', 'https://image.tmdb.org/t/p/original/d95WgAQXqDVlqbEHdLWfyvRG2ms.jpg', '', 2025, 135);
INSERT OR REPLACE INTO Pelicula_Actor (id_pelicula, id_actor, personaje) VALUES (1287322, 115440, 'Christy Martin');
INSERT OR REPLACE INTO Pelicula_Actor (id_pelicula, id_actor, personaje) VALUES (1287322, 11107, 'Jim V. Martin');
INSERT OR REPLACE INTO Pelicula_Actor (id_pelicula, id_actor, personaje) VALUES (1287322, 28044, 'Joyce Salters');
INSERT OR REPLACE INTO Pelicula_Actor (id_pelicula, id_actor, personaje) VALUES (1287322, 2252989, 'Lisa Holewyne');
INSERT OR REPLACE INTO Pelicula_Actor (id_pelicula, id_actor, personaje) VALUES (1287322, 58019, 'John Salters');
INSERT OR IGNORE INTO Pelicula_Categoria (id_pelicula, id_categoria) VALUES (1287322, 1);
INSERT OR IGNORE INTO Pelicula_Categoria (id_pelicula, id_categoria) VALUES (1287322, 7);
-- Fin película: Christy --

-- === LOTE: Upcoming - Page 2 (2026-02-06T06:37:06.992Z) ===
INSERT OR IGNORE INTO Actor (id_actor, nombre, foto_path) VALUES (2431907, 'Yuko Natsuyoshi', 'https://image.tmdb.org/t/p/original/62JhZDG70JAzht71e1B0Y7Ny14r.jpg');
INSERT OR IGNORE INTO Actor (id_actor, nombre, foto_path) VALUES (2889712, 'Anna Nagase', 'https://image.tmdb.org/t/p/original/gFKRUlUlqTD7jGdysg5IWIvgoCH.jpg');
INSERT OR IGNORE INTO Actor (id_actor, nombre, foto_path) VALUES (221773, 'Saori Hayami', 'https://image.tmdb.org/t/p/original/gLv9lO7dlUbIsmyJUvgegqAAXki.jpg');
INSERT OR IGNORE INTO Actor (id_actor, nombre, foto_path) VALUES (19588, 'Miyu Irino', 'https://image.tmdb.org/t/p/original/8qEEhHUObNvGQr4e6eqLu5z4qTz.jpg');
INSERT OR IGNORE INTO Actor (id_actor, nombre, foto_path) VALUES (1492992, 'Yuma Uchida', 'https://image.tmdb.org/t/p/original/2otstbLfQ7MXuFt1X8MFOb4OIgd.jpg');
INSERT OR REPLACE INTO Pelicula (id_pelicula, titulo, descripcion, poster_path, backdrop_path, trailer, anio_estreno, duracion) VALUES (1575337, 'La princesa Kaguya del cosmos', 'La vida de Iroha se sale de control cuando Kaguya, una despreocupada fugitiva de la Luna, se muda con ella y la convence para actuar juntas en un mundo virtual.', 'https://image.tmdb.org/t/p/original/9YrbOSKoreS4oIjuwx9YjkAU8KP.jpg', 'https://image.tmdb.org/t/p/original/tL9IWUQ14XTQf7FWIkH9ArabJJo.jpg', '', 2026, 143);
INSERT OR REPLACE INTO Pelicula_Actor (id_pelicula, id_actor, personaje) VALUES (1575337, 2431907, 'Kaguya (voice)');
INSERT OR REPLACE INTO Pelicula_Actor (id_pelicula, id_actor, personaje) VALUES (1575337, 2889712, 'Iroha Sakayori (voice)');
INSERT OR REPLACE INTO Pelicula_Actor (id_pelicula, id_actor, personaje) VALUES (1575337, 221773, 'Yachiyo Runami  (voice)');
INSERT OR REPLACE INTO Pelicula_Actor (id_pelicula, id_actor, personaje) VALUES (1575337, 19588, 'Akira Mikado / Asahi Sakayori (voice)');
INSERT OR REPLACE INTO Pelicula_Actor (id_pelicula, id_actor, personaje) VALUES (1575337, 1492992, 'Rai Komazawa (voice)');
INSERT OR IGNORE INTO Pelicula_Categoria (id_pelicula, id_categoria) VALUES (1575337, 5);
INSERT OR IGNORE INTO Pelicula_Categoria (id_pelicula, id_categoria) VALUES (1575337, 3);
INSERT OR IGNORE INTO Pelicula_Categoria (id_pelicula, id_categoria) VALUES (1575337, 11);
INSERT OR IGNORE INTO Pelicula_Categoria (id_pelicula, id_categoria) VALUES (1575337, 3);
-- Fin película: La princesa Kaguya del cosmos --
INSERT OR IGNORE INTO Actor (id_actor, nombre, foto_path) VALUES (54693, 'Emma Stone', 'https://image.tmdb.org/t/p/original/8NwSfyYWIIUE1cI9Xhz92b0w7WD.jpg');
INSERT OR IGNORE INTO Actor (id_actor, nombre, foto_path) VALUES (88124, 'Jesse Plemons', 'https://image.tmdb.org/t/p/original/og4I51GsuwohdPgoELOHVMMqMre.jpg');
INSERT OR IGNORE INTO Actor (id_actor, nombre, foto_path) VALUES (5212114, 'Aidan Delbis', 'https://image.tmdb.org/t/p/original/cM1I9bAUlkxSxAvtjnSOu3cICt6.jpg');
INSERT OR IGNORE INTO Actor (id_actor, nombre, foto_path) VALUES (1400595, 'Stavros Halkias', 'https://image.tmdb.org/t/p/original/9QB7YGMk6O7hRgGWvK0OimTVzl7.jpg');
INSERT OR IGNORE INTO Actor (id_actor, nombre, foto_path) VALUES (5588, 'Alicia Silverstone', 'https://image.tmdb.org/t/p/original/pyxqkP4i0ubVdoRe5hoiiiwkHkb.jpg');
INSERT OR REPLACE INTO Pelicula (id_pelicula, titulo, descripcion, poster_path, backdrop_path, trailer, anio_estreno, duracion) VALUES (701387, 'Bugonia', 'Dos jóvenes obsesionados con las conspiraciones secuestran a la directora ejecutiva de una reconocida empresa porque están convencidos de que es un alienígena decidido a destruir la Tierra. Remake del film coreano "Save the Green Planet".', 'https://image.tmdb.org/t/p/original/2C5Vf9VcoXB7SFFcG8vppW5bmtX.jpg', 'https://image.tmdb.org/t/p/original/tN3pTxkQoP96wtaEahYuRVdUWb2.jpg', 'https://www.youtube.com/watch?v=ugTqv5T0-2s', 2025, 119);
INSERT OR REPLACE INTO Pelicula_Actor (id_pelicula, id_actor, personaje) VALUES (701387, 54693, 'Michelle');
INSERT OR REPLACE INTO Pelicula_Actor (id_pelicula, id_actor, personaje) VALUES (701387, 88124, 'Teddy');
INSERT OR REPLACE INTO Pelicula_Actor (id_pelicula, id_actor, personaje) VALUES (701387, 5212114, 'Don');
INSERT OR REPLACE INTO Pelicula_Actor (id_pelicula, id_actor, personaje) VALUES (701387, 1400595, 'Casey');
INSERT OR REPLACE INTO Pelicula_Actor (id_pelicula, id_actor, personaje) VALUES (701387, 5588, 'Sandy');
INSERT OR IGNORE INTO Pelicula_Categoria (id_pelicula, id_categoria) VALUES (701387, 3);
INSERT OR IGNORE INTO Pelicula_Categoria (id_pelicula, id_categoria) VALUES (701387, 6);
INSERT OR IGNORE INTO Pelicula_Categoria (id_pelicula, id_categoria) VALUES (701387, 12);
-- Fin película: Bugonia --
INSERT OR IGNORE INTO Actor (id_actor, nombre, foto_path) VALUES (1474123, 'Caleb McLaughlin', 'https://image.tmdb.org/t/p/original/4jVS3EziBn7bf97ErxkW7jsdiLM.jpg');
INSERT OR IGNORE INTO Actor (id_actor, nombre, foto_path) VALUES (17773, 'Gabrielle Union', 'https://image.tmdb.org/t/p/original/toeSCybsYufRKfgz77AKy4C8axD.jpg');
INSERT OR IGNORE INTO Actor (id_actor, nombre, foto_path) VALUES (15899, 'Jenifer Lewis', 'https://image.tmdb.org/t/p/original/bdeUHXY4cXvhOW2nCblNachBYsM.jpg');
INSERT OR IGNORE INTO Actor (id_actor, nombre, foto_path) VALUES (35029, 'David Harbour', 'https://image.tmdb.org/t/p/original/qMFtMWlYVtFVyBoBhX5IoA5sN5a.jpg');
INSERT OR IGNORE INTO Actor (id_actor, nombre, foto_path) VALUES (208519, 'Nick Kroll', 'https://image.tmdb.org/t/p/original/fNiOuEKeBtELGdhKn4lxXq4O7YP.jpg');
INSERT OR REPLACE INTO Pelicula (id_pelicula, titulo, descripcion, poster_path, backdrop_path, trailer, anio_estreno, duracion) VALUES (1297842, 'GOAT: Como cabras', 'Will es una pequeña cabra con grandes sueños que recibe una oportunidad única en la vida para unirse a los profesionales y jugar al rugebol, un deporte de alta intensidad, mixto y de contacto total dominado por los animales más rápidos y feroces del mundo. A los nuevos compañeros de equipo de Will no les entusiasma tener a una cabrita en su plantilla, pero Will está decidido a revolucionar el deporte y demostrar de una vez por todas que «¡los pequeños saben jugar!».', 'https://image.tmdb.org/t/p/original/2yblKPC6ZKEU6iv9sEZ0jktjiTU.jpg', 'https://image.tmdb.org/t/p/original/4lo5yNZrMLPKBh47t2CoZkbAUur.jpg', 'https://www.youtube.com/watch?v=q56pw-zFDP8', 2026, 100);
INSERT OR REPLACE INTO Pelicula_Actor (id_pelicula, id_actor, personaje) VALUES (1297842, 1474123, 'Will Harris (voice)');
INSERT OR REPLACE INTO Pelicula_Actor (id_pelicula, id_actor, personaje) VALUES (1297842, 17773, 'Jett Fillmore  (voice)');
INSERT OR REPLACE INTO Pelicula_Actor (id_pelicula, id_actor, personaje) VALUES (1297842, 15899, 'Florence Everson  (voice)');
INSERT OR REPLACE INTO Pelicula_Actor (id_pelicula, id_actor, personaje) VALUES (1297842, 35029, 'Archie Everhardt  (voice)');
INSERT OR REPLACE INTO Pelicula_Actor (id_pelicula, id_actor, personaje) VALUES (1297842, 208519, 'Modo Olachenko  (voice)');
INSERT OR IGNORE INTO Pelicula_Categoria (id_pelicula, id_categoria) VALUES (1297842, 5);
INSERT OR IGNORE INTO Pelicula_Categoria (id_pelicula, id_categoria) VALUES (1297842, 12);
INSERT OR IGNORE INTO Pelicula_Categoria (id_pelicula, id_categoria) VALUES (1297842, 12);
INSERT OR IGNORE INTO Pelicula_Categoria (id_pelicula, id_categoria) VALUES (1297842, 5);
-- Fin película: GOAT: Como cabras --
INSERT OR IGNORE INTO Actor (id_actor, nombre, foto_path) VALUES (9206, 'Neve Campbell', 'https://image.tmdb.org/t/p/original/eojcMcfl7fZbvElRSg89r7zyFfY.jpg');
INSERT OR IGNORE INTO Actor (id_actor, nombre, foto_path) VALUES (14405, 'Courteney Cox', 'https://image.tmdb.org/t/p/original/yA8dicwtcVuxG3gh94QsaRb5gNb.jpg');
INSERT OR IGNORE INTO Actor (id_actor, nombre, foto_path) VALUES (1972974, 'Isabel May', 'https://image.tmdb.org/t/p/original/6vt1jANWRNXQSn9D6hRrfIbCK1S.jpg');
INSERT OR IGNORE INTO Actor (id_actor, nombre, foto_path) VALUES (1508653, 'Jasmin Savoy Brown', 'https://image.tmdb.org/t/p/original/cP774JkEmM2ZqzgMMNPVvlOwTJZ.jpg');
INSERT OR IGNORE INTO Actor (id_actor, nombre, foto_path) VALUES (2174509, 'Mason Gooding', 'https://image.tmdb.org/t/p/original/bmlry1xqBzNgv8Chm783ss93Cvg.jpg');
INSERT OR REPLACE INTO Pelicula (id_pelicula, titulo, descripcion, poster_path, backdrop_path, trailer, anio_estreno, duracion) VALUES (1159559, 'Scream 7', 'Cuando un nuevo asesino Ghostface aparece en el tranquilo pueblo donde Sidney Prescott ha construido una nueva vida, sus peores miedos se hacen realidad cuando su hija se convierte en el siguiente objetivo. Decidida a proteger a su familia, Sidney debe enfrentarse a los horrores de su pasado para poner fin a la masacre de una vez por todas.', 'https://image.tmdb.org/t/p/original/hflipaW7mtfKZM9WFEyzUdFsgSk.jpg', 'https://image.tmdb.org/t/p/original/xXFtetuwZkI3Byl7qmQ8DZXQqY.jpg', 'https://www.youtube.com/watch?v=bK-Sam8baFU', 2026, 114);
INSERT OR REPLACE INTO Pelicula_Actor (id_pelicula, id_actor, personaje) VALUES (1159559, 9206, 'Sidney Evans');
INSERT OR REPLACE INTO Pelicula_Actor (id_pelicula, id_actor, personaje) VALUES (1159559, 14405, 'Gale Weathers');
INSERT OR REPLACE INTO Pelicula_Actor (id_pelicula, id_actor, personaje) VALUES (1159559, 1972974, 'Tatum Evans');
INSERT OR REPLACE INTO Pelicula_Actor (id_pelicula, id_actor, personaje) VALUES (1159559, 1508653, 'Mindy Meeks-Martin');
INSERT OR REPLACE INTO Pelicula_Actor (id_pelicula, id_actor, personaje) VALUES (1159559, 2174509, 'Chad Meeks-Martin');
INSERT OR IGNORE INTO Pelicula_Categoria (id_pelicula, id_categoria) VALUES (1159559, 4);
INSERT OR IGNORE INTO Pelicula_Categoria (id_pelicula, id_categoria) VALUES (1159559, 1);
INSERT OR IGNORE INTO Pelicula_Categoria (id_pelicula, id_categoria) VALUES (1159559, 9);
-- Fin película: Scream 7 --
INSERT OR IGNORE INTO Actor (id_actor, nombre, foto_path) VALUES (234352, 'Margot Robbie', 'https://image.tmdb.org/t/p/original/8LqG2N6j98lFGMpuYsRUAhOunSd.jpg');
INSERT OR IGNORE INTO Actor (id_actor, nombre, foto_path) VALUES (2034418, 'Jacob Elordi', 'https://image.tmdb.org/t/p/original/qZNRPWCP2c5d0YaYLTzHXU9Rdoe.jpg');
INSERT OR IGNORE INTO Actor (id_actor, nombre, foto_path) VALUES (1360317, 'Hong Chau', 'https://image.tmdb.org/t/p/original/yGEw6uiSUBo838HkiCARs4BR40y.jpg');
INSERT OR IGNORE INTO Actor (id_actor, nombre, foto_path) VALUES (2981449, 'Alison Oliver', 'https://image.tmdb.org/t/p/original/ouHdcq6Tgedx4UnJuT3liROzomq.jpg');
INSERT OR IGNORE INTO Actor (id_actor, nombre, foto_path) VALUES (1370832, 'Shazad Latif', 'https://image.tmdb.org/t/p/original/n8vJ1AHhv294hGqZxhjM95OvpxT.jpg');
INSERT OR REPLACE INTO Pelicula (id_pelicula, titulo, descripcion, poster_path, backdrop_path, trailer, anio_estreno, duracion) VALUES (1316092, 'Cumbres Borrascosas', '', 'https://image.tmdb.org/t/p/original/afGUJcMBJloAUp9uC27MQiqkD7X.jpg', 'https://image.tmdb.org/t/p/original/fIBtlFOodItS39EggIC49OfwQgK.jpg', 'https://www.youtube.com/watch?v=RNynG8dMp5w', 2026, 136);
INSERT OR REPLACE INTO Pelicula_Actor (id_pelicula, id_actor, personaje) VALUES (1316092, 234352, 'Catherine Earnshaw');
INSERT OR REPLACE INTO Pelicula_Actor (id_pelicula, id_actor, personaje) VALUES (1316092, 2034418, 'Heathcliff');
INSERT OR REPLACE INTO Pelicula_Actor (id_pelicula, id_actor, personaje) VALUES (1316092, 1360317, 'Nelly Dean');
INSERT OR REPLACE INTO Pelicula_Actor (id_pelicula, id_actor, personaje) VALUES (1316092, 2981449, 'Isabella Linton');
INSERT OR REPLACE INTO Pelicula_Actor (id_pelicula, id_actor, personaje) VALUES (1316092, 1370832, 'Edgar Linton');
INSERT OR IGNORE INTO Pelicula_Categoria (id_pelicula, id_categoria) VALUES (1316092, 7);
INSERT OR IGNORE INTO Pelicula_Categoria (id_pelicula, id_categoria) VALUES (1316092, 10);
-- Fin película: Cumbres Borrascosas --
INSERT OR IGNORE INTO Actor (id_actor, nombre, foto_path) VALUES (26996, 'Patricia Heaton', 'https://image.tmdb.org/t/p/original/mSQ3DnQ5mdJwtLnIjo93yHqADv7.jpg');
INSERT OR IGNORE INTO Actor (id_actor, nombre, foto_path) VALUES (21246, 'Corbin Bernsen', 'https://image.tmdb.org/t/p/original/zkftLlEO5fmKmcKienRKw9Gx0U9.jpg');
INSERT OR IGNORE INTO Actor (id_actor, nombre, foto_path) VALUES (551462, 'Katie Parker', 'https://image.tmdb.org/t/p/original/9XJpEnFbiwvA8UleAeaZsEbNVDk.jpg');
INSERT OR IGNORE INTO Actor (id_actor, nombre, foto_path) VALUES (1011107, 'Emma Fitzpatrick', 'https://image.tmdb.org/t/p/original/BAzos636qZDfKaRwrZuZFwIFyC.jpg');
INSERT OR IGNORE INTO Actor (id_actor, nombre, foto_path) VALUES (3907199, 'Angela Baumgardner', 'https://image.tmdb.org/t/p/original/yyhyp7RKNaJKLOy1U3wcvxKvxQZ.jpg');
INSERT OR REPLACE INTO Pelicula (id_pelicula, titulo, descripcion, poster_path, backdrop_path, trailer, anio_estreno, duracion) VALUES (1090983, 'La leyenda de Beldham', 'Cuando se quedó embarazada, Harper ya sabía que tener un hijo no iba a ser tarea fácil. Lo que no esperaba es, además, tener que lidiar con una presencia maligna que habita en la granja familiar desde hace generaciones.', 'https://image.tmdb.org/t/p/original/60wDbXGVlOZkEP6hbBjTGWrgmJa.jpg', 'https://image.tmdb.org/t/p/original/13TAaZVv3yrRntxsc01kuPFsAVI.jpg', '', 2025, 85);
INSERT OR REPLACE INTO Pelicula_Actor (id_pelicula, id_actor, personaje) VALUES (1090983, 26996, 'Sadie');
INSERT OR REPLACE INTO Pelicula_Actor (id_pelicula, id_actor, personaje) VALUES (1090983, 21246, '');
INSERT OR REPLACE INTO Pelicula_Actor (id_pelicula, id_actor, personaje) VALUES (1090983, 551462, 'Harper');
INSERT OR REPLACE INTO Pelicula_Actor (id_pelicula, id_actor, personaje) VALUES (1090983, 1011107, 'Bette');
INSERT OR REPLACE INTO Pelicula_Actor (id_pelicula, id_actor, personaje) VALUES (1090983, 3907199, 'Carol');
INSERT OR IGNORE INTO Pelicula_Categoria (id_pelicula, id_categoria) VALUES (1090983, 4);
-- Fin película: La leyenda de Beldham --
INSERT OR IGNORE INTO Actor (id_actor, nombre, foto_path) VALUES (1576786, 'Renate Reinsve', 'https://image.tmdb.org/t/p/original/eepHWTjtKRdGcrtchFb3axdp2eL.jpg');
INSERT OR IGNORE INTO Actor (id_actor, nombre, foto_path) VALUES (1640, 'Stellan Skarsgård', 'https://image.tmdb.org/t/p/original/x78BtYHElirO7Iw8bL4m8CnzRDc.jpg');
INSERT OR IGNORE INTO Actor (id_actor, nombre, foto_path) VALUES (1421850, 'Inga Ibsdotter Lilleaas', 'https://image.tmdb.org/t/p/original/wlZPIgnXMpK3Nvvhg0bZzmWxZDH.jpg');
INSERT OR IGNORE INTO Actor (id_actor, nombre, foto_path) VALUES (18050, 'Elle Fanning', 'https://image.tmdb.org/t/p/original/e8CUyxQSE99y5IOfzSLtHC0B0Ch.jpg');
INSERT OR IGNORE INTO Actor (id_actor, nombre, foto_path) VALUES (71610, 'Anders Danielsen Lie', 'https://image.tmdb.org/t/p/original/7qdJdzFFXhoSVvBCi53ryF1wkCn.jpg');
INSERT OR REPLACE INTO Pelicula (id_pelicula, titulo, descripcion, poster_path, backdrop_path, trailer, anio_estreno, duracion) VALUES (1124566, 'Valor sentimental', 'Una exploración íntima y conmovedora de la familia, los recuerdos y el poder reconciliador del arte.', 'https://image.tmdb.org/t/p/original/aRn3NkZEJIZRQyZGexMPBzUJtcp.jpg', 'https://image.tmdb.org/t/p/original/mXlDBIHh9hBkDCMNazGV2fEPr5J.jpg', 'https://www.youtube.com/watch?v=-VVt7SQy9iw', 2025, 133);
INSERT OR REPLACE INTO Pelicula_Actor (id_pelicula, id_actor, personaje) VALUES (1124566, 1576786, 'Nora Borg');
INSERT OR REPLACE INTO Pelicula_Actor (id_pelicula, id_actor, personaje) VALUES (1124566, 1640, 'Gustav Borg');
INSERT OR REPLACE INTO Pelicula_Actor (id_pelicula, id_actor, personaje) VALUES (1124566, 1421850, 'Agnes Borg Pettersen');
INSERT OR REPLACE INTO Pelicula_Actor (id_pelicula, id_actor, personaje) VALUES (1124566, 18050, 'Rachel Kemp');
INSERT OR REPLACE INTO Pelicula_Actor (id_pelicula, id_actor, personaje) VALUES (1124566, 71610, 'Jakob');
INSERT OR IGNORE INTO Pelicula_Categoria (id_pelicula, id_categoria) VALUES (1124566, 7);
-- Fin película: Valor sentimental --
INSERT OR IGNORE INTO Actor (id_actor, nombre, foto_path) VALUES (61134, 'Tatiana Maslany', 'https://image.tmdb.org/t/p/original/x8lBkm9CBJbIlLpqjEwkQydZ2or.jpg');
INSERT OR IGNORE INTO Actor (id_actor, nombre, foto_path) VALUES (58014, 'Rossif Sutherland', 'https://image.tmdb.org/t/p/original/3ZBXM6CqZutyWWR6vbGvLcm8HDk.jpg');
INSERT OR IGNORE INTO Actor (id_actor, nombre, foto_path) VALUES (110525, 'Birkett Turton', 'https://image.tmdb.org/t/p/original/dsmW4TgzKUcLpWyE3hhZ8POmjS2.jpg');
INSERT OR IGNORE INTO Actor (id_actor, nombre, foto_path) VALUES (5636839, 'Eden Weiss', 'https://image.tmdb.org/t/p/original/11OxhppBdSFxdIJfkeQsLrXRTih.jpg');
INSERT OR IGNORE INTO Actor (id_actor, nombre, foto_path) VALUES (1281629, 'Cassandra Ebner', 'https://image.tmdb.org/t/p/original/ykIe7cvJjrdBgPilC5sCsZkwXCz.jpg');
INSERT OR REPLACE INTO Pelicula (id_pelicula, titulo, descripcion, poster_path, backdrop_path, trailer, anio_estreno, duracion) VALUES (1288072, 'Keeper', 'Una pareja, para celebrar su aniversario, hace una escapada romántica de fin de semana a una cabaña aislada. Cuando Malcolm (Sutherland) regresa repentinamente a la ciudad, Liz (Maslany) se encuentra aislada y en presencia de un mal indescriptible que desvela los horripilantes secretos de la cabaña.', 'https://image.tmdb.org/t/p/original/2sr2n0mZ8cG4VeXG4EHoPBz9QuF.jpg', 'https://image.tmdb.org/t/p/original/8GjH1BU5PtoqAlhMeXQ46eq9z1D.jpg', 'https://www.youtube.com/watch?v=Td4J0xJxmHQ', 2025, 99);
INSERT OR REPLACE INTO Pelicula_Actor (id_pelicula, id_actor, personaje) VALUES (1288072, 61134, 'Liz / Ada');
INSERT OR REPLACE INTO Pelicula_Actor (id_pelicula, id_actor, personaje) VALUES (1288072, 58014, 'Malcolm Westbridge');
INSERT OR REPLACE INTO Pelicula_Actor (id_pelicula, id_actor, personaje) VALUES (1288072, 110525, 'Darren');
INSERT OR REPLACE INTO Pelicula_Actor (id_pelicula, id_actor, personaje) VALUES (1288072, 5636839, 'Minka');
INSERT OR REPLACE INTO Pelicula_Actor (id_pelicula, id_actor, personaje) VALUES (1288072, 1281629, 'Baghead');
INSERT OR IGNORE INTO Pelicula_Categoria (id_pelicula, id_categoria) VALUES (1288072, 4);
INSERT OR IGNORE INTO Pelicula_Categoria (id_pelicula, id_categoria) VALUES (1288072, 1);
-- Fin película: Keeper --
INSERT OR IGNORE INTO Actor (id_actor, nombre, foto_path) VALUES (2744, 'Carmen Maura', 'https://image.tmdb.org/t/p/original/sXvr7BvxscBkYpGTcYjpqbzkUSH.jpg');
INSERT OR IGNORE INTO Actor (id_actor, nombre, foto_path) VALUES (131867, 'Daniel Hendler', 'https://image.tmdb.org/t/p/original/8Q36TGfbnm4CjuKVWz1XGmTiZtk.jpg');
INSERT OR IGNORE INTO Actor (id_actor, nombre, foto_path) VALUES (1205006, 'Agustina Liendo', '');
INSERT OR IGNORE INTO Actor (id_actor, nombre, foto_path) VALUES (5055166, 'Emma Cetrángolo', 'https://image.tmdb.org/t/p/original/yJeZGb94F0Z5beuR1nKlh3mNYkP.jpg');
INSERT OR IGNORE INTO Actor (id_actor, nombre, foto_path) VALUES (50928, 'Germán de Silva', 'https://image.tmdb.org/t/p/original/h8VzQUosN3LCPd6vkk7GQOrlapC.jpg');
INSERT OR REPLACE INTO Pelicula (id_pelicula, titulo, descripcion, poster_path, backdrop_path, trailer, anio_estreno, duracion) VALUES (1255674, 'Vieja loca', 'Pedro recibe un mensaje desesperado de una exnovia pidiéndole que cuide de su senil madre, Alicia. Lo que parece una misión sencilla pronto se convierte en su peor pesadilla. Pedro necesita escapar; pero Alicia no lo deja...', 'https://image.tmdb.org/t/p/original/a2EdW8sk22fNCvrpOiaHbR2hOuZ.jpg', 'https://image.tmdb.org/t/p/original/A1prqBBKiwfnahBnNgM1t5y5vmA.jpg', '', 2025, 91);
INSERT OR REPLACE INTO Pelicula_Actor (id_pelicula, id_actor, personaje) VALUES (1255674, 2744, 'Alicia');
INSERT OR REPLACE INTO Pelicula_Actor (id_pelicula, id_actor, personaje) VALUES (1255674, 131867, 'Pedro');
INSERT OR REPLACE INTO Pelicula_Actor (id_pelicula, id_actor, personaje) VALUES (1255674, 1205006, 'Laura');
INSERT OR REPLACE INTO Pelicula_Actor (id_pelicula, id_actor, personaje) VALUES (1255674, 5055166, 'Elena');
INSERT OR REPLACE INTO Pelicula_Actor (id_pelicula, id_actor, personaje) VALUES (1255674, 50928, '');
INSERT OR IGNORE INTO Pelicula_Categoria (id_pelicula, id_categoria) VALUES (1255674, 4);
INSERT OR IGNORE INTO Pelicula_Categoria (id_pelicula, id_categoria) VALUES (1255674, 6);
INSERT OR IGNORE INTO Pelicula_Categoria (id_pelicula, id_categoria) VALUES (1255674, 12);
-- Fin película: Vieja loca --
INSERT OR IGNORE INTO Actor (id_actor, nombre, foto_path) VALUES (72129, 'Jennifer Lawrence', 'https://image.tmdb.org/t/p/original/mDKMsjOMytyBiy7MHNZTa7gp7wj.jpg');
INSERT OR IGNORE INTO Actor (id_actor, nombre, foto_path) VALUES (11288, 'Robert Pattinson', 'https://image.tmdb.org/t/p/original/8A4PS5iG7GWEAVFftyqMZKl3qcr.jpg');
INSERT OR IGNORE INTO Actor (id_actor, nombre, foto_path) VALUES (5606, 'Sissy Spacek', 'https://image.tmdb.org/t/p/original/xAxenjxjLNQFq4v1ccS2to3Mnoq.jpg');
INSERT OR IGNORE INTO Actor (id_actor, nombre, foto_path) VALUES (1200864, 'LaKeith Stanfield', 'https://image.tmdb.org/t/p/original/x3k0HCpMNqEtVf2VKQrSCol1ia2.jpg');
INSERT OR IGNORE INTO Actor (id_actor, nombre, foto_path) VALUES (1733, 'Nick Nolte', 'https://image.tmdb.org/t/p/original/jpYzFBi6zfn8CHVaXmqgiOTas4V.jpg');
INSERT OR REPLACE INTO Pelicula (id_pelicula, titulo, descripcion, poster_path, backdrop_path, trailer, anio_estreno, duracion) VALUES (1033148, 'Die My Love', 'Intenso drama psicológico y comedia negra que sigue a Grace (Jennifer Lawrence), una joven madre y escritora que comienza a sufrir una profunda depresión posparto tras mudarse con su esposo Jackson (Robert Pattinson) a la zona rural de Montana, buscando una vida más tranquila. A medida que la salud mental de Grace se deteriora, su matrimonio se ve afectado, transitando territorios de psicosis, tensión y desesperación. La película explora con crudeza y complejidad temas de maternidad, salud mental y el impacto de la depresión en la pareja. Dirigida por Lynne Ramsay, el filme está basado en la novela de Ariana Harwicz y fue aclamado en el Festival de Cannes 2025, destacando las actuaciones poderosas de Lawrence y Pattinson, junto a un elenco que incluye a LaKeith Stanfield, Nick Nolte y Sissy Spacek. Con una narrativa inquietante y una atmósfera absorbente, "Die My Love" invita a una reflexión profunda sobre las luchas internas y el amor en medio del caos emocional.', 'https://image.tmdb.org/t/p/original/8sgIIVQppRC96wHW099xegCrIzw.jpg', 'https://image.tmdb.org/t/p/original/dEkFlZzj2cb5F7SShvqkL54E4lr.jpg', '', 2025, 118);
INSERT OR REPLACE INTO Pelicula_Actor (id_pelicula, id_actor, personaje) VALUES (1033148, 72129, 'Grace');
INSERT OR REPLACE INTO Pelicula_Actor (id_pelicula, id_actor, personaje) VALUES (1033148, 11288, 'Jackson');
INSERT OR REPLACE INTO Pelicula_Actor (id_pelicula, id_actor, personaje) VALUES (1033148, 5606, 'Pam');
INSERT OR REPLACE INTO Pelicula_Actor (id_pelicula, id_actor, personaje) VALUES (1033148, 1200864, 'Karl');
INSERT OR REPLACE INTO Pelicula_Actor (id_pelicula, id_actor, personaje) VALUES (1033148, 1733, 'Harry');
INSERT OR IGNORE INTO Pelicula_Categoria (id_pelicula, id_categoria) VALUES (1033148, 7);
-- Fin película: Die My Love --
INSERT OR IGNORE INTO Actor (id_actor, nombre, foto_path) VALUES (1335315, 'Georgina Campbell', 'https://image.tmdb.org/t/p/original/bZBCftcBTqdRwebl2v3tk8L32fr.jpg');
INSERT OR IGNORE INTO Actor (id_actor, nombre, foto_path) VALUES (1467219, 'Joe Keery', 'https://image.tmdb.org/t/p/original/szTqnUbV2uZE08MwREvnNmfx5fO.jpg');
INSERT OR IGNORE INTO Actor (id_actor, nombre, foto_path) VALUES (3896, 'Liam Neeson', 'https://image.tmdb.org/t/p/original/sRLev3wJioBgun3ZoeAUFpkLy0D.jpg');
INSERT OR IGNORE INTO Actor (id_actor, nombre, foto_path) VALUES (72305, 'Lesley Manville', 'https://image.tmdb.org/t/p/original/tioPlSoypjdME3oMu3g7XmgIIKS.jpg');
INSERT OR IGNORE INTO Actor (id_actor, nombre, foto_path) VALUES (1396124, 'Sosie Bacon', 'https://image.tmdb.org/t/p/original/2VyJpDaWrBvR75C6Ccw1fwF164.jpg');
INSERT OR REPLACE INTO Pelicula (id_pelicula, titulo, descripcion, poster_path, backdrop_path, trailer, anio_estreno, duracion) VALUES (696393, 'Alerta extinción', 'Un virus almacenado en una instalación gubernamental sale al exterior y causa estragos en el mundo.', 'https://image.tmdb.org/t/p/original/aioKGmYADqq09GEIY9vPhK5xoza.jpg', 'https://image.tmdb.org/t/p/original/sOLBfzX9hmFxrSMEIk3RKbV9QP6.jpg', '', 2026, 99);
INSERT OR REPLACE INTO Pelicula_Actor (id_pelicula, id_actor, personaje) VALUES (696393, 1335315, 'Naomi Williams');
INSERT OR REPLACE INTO Pelicula_Actor (id_pelicula, id_actor, personaje) VALUES (696393, 1467219, 'Travis 'Teacake' Meacham');
INSERT OR REPLACE INTO Pelicula_Actor (id_pelicula, id_actor, personaje) VALUES (696393, 3896, 'Robert Quinn');
INSERT OR REPLACE INTO Pelicula_Actor (id_pelicula, id_actor, personaje) VALUES (696393, 72305, 'Trini Romano');
INSERT OR REPLACE INTO Pelicula_Actor (id_pelicula, id_actor, personaje) VALUES (696393, 1396124, 'Dr. Hero Martins');
INSERT OR IGNORE INTO Pelicula_Categoria (id_pelicula, id_categoria) VALUES (696393, 12);
INSERT OR IGNORE INTO Pelicula_Categoria (id_pelicula, id_categoria) VALUES (696393, 3);
INSERT OR IGNORE INTO Pelicula_Categoria (id_pelicula, id_categoria) VALUES (696393, 6);
-- Fin película: Alerta extinción --
INSERT OR IGNORE INTO Actor (id_actor, nombre, foto_path) VALUES (16972, 'Sergi López', 'https://image.tmdb.org/t/p/original/n3HcmUflYYaHUiQmzaayi0yqcRf.jpg');
INSERT OR IGNORE INTO Actor (id_actor, nombre, foto_path) VALUES (4180392, 'Bruno Núñez', 'https://image.tmdb.org/t/p/original/g8jn2IxoDJP7UctHnoxbO8hNsre.jpg');
INSERT OR IGNORE INTO Actor (id_actor, nombre, foto_path) VALUES (5362709, 'Stefania Gadda', 'https://image.tmdb.org/t/p/original/939QjJJZzlGOVDJsrC5D9RMxaBm.jpg');
INSERT OR IGNORE INTO Actor (id_actor, nombre, foto_path) VALUES (5362711, 'Joshua Liam Henderson', 'https://image.tmdb.org/t/p/original/jpijzr5w6WMFry6BTgGTWQ1TXz5.jpg');
INSERT OR IGNORE INTO Actor (id_actor, nombre, foto_path) VALUES (5678639, 'Richard Bellamy', 'https://image.tmdb.org/t/p/original/sGKh5mmADPWXMsCAVNpHHVHM5Ix.jpg');
INSERT OR REPLACE INTO Pelicula (id_pelicula, titulo, descripcion, poster_path, backdrop_path, trailer, anio_estreno, duracion) VALUES (1151272, 'Sirat: Trance en el desierto', 'Un hombre y su hijo que llegan a una rave perdidos en medio de lo que se describen como las áridas y fantasmagóricas montañas del sur de Marruecos.', 'https://image.tmdb.org/t/p/original/edEDZwU3kZerqdylZsyCn7feH23.jpg', 'https://image.tmdb.org/t/p/original/kOUV5WbisWMg56d8eB45ZHEVxYq.jpg', 'https://www.youtube.com/watch?v=MB6SL4gsldc', 2025, 130);
INSERT OR REPLACE INTO Pelicula_Actor (id_pelicula, id_actor, personaje) VALUES (1151272, 16972, 'Luis');
INSERT OR REPLACE INTO Pelicula_Actor (id_pelicula, id_actor, personaje) VALUES (1151272, 4180392, 'Esteban');
INSERT OR REPLACE INTO Pelicula_Actor (id_pelicula, id_actor, personaje) VALUES (1151272, 5362709, 'Steff');
INSERT OR REPLACE INTO Pelicula_Actor (id_pelicula, id_actor, personaje) VALUES (1151272, 5362711, 'Josh');
INSERT OR REPLACE INTO Pelicula_Actor (id_pelicula, id_actor, personaje) VALUES (1151272, 5678639, 'Bigui');
INSERT OR IGNORE INTO Pelicula_Categoria (id_pelicula, id_categoria) VALUES (1151272, 7);
INSERT OR IGNORE INTO Pelicula_Categoria (id_pelicula, id_categoria) VALUES (1151272, 6);
INSERT OR IGNORE INTO Pelicula_Categoria (id_pelicula, id_categoria) VALUES (1151272, 11);
-- Fin película: Sirat: Trance en el desierto --
INSERT OR IGNORE INTO Actor (id_actor, nombre, foto_path) VALUES (2764542, 'Cooper Hoffman', 'https://image.tmdb.org/t/p/original/p8Hgy3RJW4r8PwD5SjIAahE2wZu.jpg');
INSERT OR IGNORE INTO Actor (id_actor, nombre, foto_path) VALUES (2761308, 'David Jonsson', 'https://image.tmdb.org/t/p/original/2ZZNGZw57KKMrVIr27g7W16G0jV.jpg');
INSERT OR IGNORE INTO Actor (id_actor, nombre, foto_path) VALUES (1446466, 'Garrett Wareing', 'https://image.tmdb.org/t/p/original/ghJmP5QlDsVSQEF8XlDSciZ4q6x.jpg');
INSERT OR IGNORE INTO Actor (id_actor, nombre, foto_path) VALUES (2362672, 'Tut Nyuot', 'https://image.tmdb.org/t/p/original/nnQCY629iCcf5veJ7pJVG6onMgC.jpg');
INSERT OR IGNORE INTO Actor (id_actor, nombre, foto_path) VALUES (1440574, 'Charlie Plummer', 'https://image.tmdb.org/t/p/original/u2ig0kkgxq36BMbFQ4DEWfu5G3A.jpg');
INSERT OR REPLACE INTO Pelicula (id_pelicula, titulo, descripcion, poster_path, backdrop_path, trailer, anio_estreno, duracion) VALUES (604079, 'La larga marcha', 'En un futuro distópico, cien adolescentes participan en una brutal competición conocida como "La larga marcha", donde deben caminar sin descanso: si se detienen o reducen la velocidad de la marcha, mueren. Solo uno sobrevivirá. Adaptación cinematográfica de la novela de Stephen King.', 'https://image.tmdb.org/t/p/original/izA5U09supDy8J2Z4339Po6PIHU.jpg', 'https://image.tmdb.org/t/p/original/28zX1DO1NJWeS1e573lSJQ9kiVh.jpg', 'https://www.youtube.com/watch?v=sw48gC8810I', 2025, 108);
INSERT OR REPLACE INTO Pelicula_Actor (id_pelicula, id_actor, personaje) VALUES (604079, 2764542, 'Raymond Garraty #47');
INSERT OR REPLACE INTO Pelicula_Actor (id_pelicula, id_actor, personaje) VALUES (604079, 2761308, 'Peter McVries #23');
INSERT OR REPLACE INTO Pelicula_Actor (id_pelicula, id_actor, personaje) VALUES (604079, 1446466, 'Stebbins #38');
INSERT OR REPLACE INTO Pelicula_Actor (id_pelicula, id_actor, personaje) VALUES (604079, 2362672, 'Arthur Baker #6');
INSERT OR REPLACE INTO Pelicula_Actor (id_pelicula, id_actor, personaje) VALUES (604079, 1440574, 'Gary Barkovitch #5');
INSERT OR IGNORE INTO Pelicula_Categoria (id_pelicula, id_categoria) VALUES (604079, 3);
INSERT OR IGNORE INTO Pelicula_Categoria (id_pelicula, id_categoria) VALUES (604079, 6);
INSERT OR IGNORE INTO Pelicula_Categoria (id_pelicula, id_categoria) VALUES (604079, 4);
-- Fin película: La larga marcha --
INSERT OR IGNORE INTO Actor (id_actor, nombre, foto_path) VALUES (1564652, 'Maria Naganawa', 'https://image.tmdb.org/t/p/original/tt0j0z34Oq3MyvDA3VeizskWcw4.jpg');
INSERT OR IGNORE INTO Actor (id_actor, nombre, foto_path) VALUES (1253972, 'Mutsumi Tamura', 'https://image.tmdb.org/t/p/original/uvbBIRiBK6GDLEESiYSFWOVlaE4.jpg');
INSERT OR IGNORE INTO Actor (id_actor, nombre, foto_path) VALUES (1763402, 'Yuuki Kuwahara', 'https://image.tmdb.org/t/p/original/n9kLcB2YNl9S2kK6b2rId7cpjdh.jpg');
INSERT OR IGNORE INTO Actor (id_actor, nombre, foto_path) VALUES (1678723, 'Yuuki Takada', 'https://image.tmdb.org/t/p/original/sbe8XOF0JHg6KB96fuqHuXGUQtK.jpg');
INSERT OR IGNORE INTO Actor (id_actor, nombre, foto_path) VALUES (1795137, 'Minami Takahashi', 'https://image.tmdb.org/t/p/original/9SRX6yrHGtGEJxcnLyGFhOZkXSH.jpg');
INSERT OR REPLACE INTO Pelicula (id_pelicula, titulo, descripcion, poster_path, backdrop_path, trailer, anio_estreno, duracion) VALUES (1359607, 'Kobayashi-san Chi no Maid Dragon: Samishigariya no Ryuu', 'La vida pacífica de la señorita Kobayashi, Tohru, Kanna e Iruru se ve truncada cuando el padre de Kanna, Kamun Kamui, líder de las Fuerzas del Caos, llega y la obliga a regresar al Mundo Dragón para enmendar un error del pasado. Con una guerra inminente entre el Caos y la Armonía, Kanna debe encontrar la forma de unir ambos mundos, pero se debate entre su lealtad a sus amigos y las exigencias de su padre. La señorita Kobayashi, sin embargo, se niega a dejarla ir e intenta reparar el vínculo roto entre Kanna y Kamui. Mientras los dragones se enfrentan, Iruru descubre una fuerza oculta que manipula la guerra. ¿Podrán detenerla antes de que consuma ambos mundos?', 'https://image.tmdb.org/t/p/original/udnoedTfNkI01LEZYmU50HJKy2R.jpg', 'https://image.tmdb.org/t/p/original/nBKrBDxNx10SuAKPLRtBXoRku5y.jpg', '', 2025, 105);
INSERT OR REPLACE INTO Pelicula_Actor (id_pelicula, id_actor, personaje) VALUES (1359607, 1564652, 'Kanna (voice)');
INSERT OR REPLACE INTO Pelicula_Actor (id_pelicula, id_actor, personaje) VALUES (1359607, 1253972, 'Kobayashi (voice)');
INSERT OR REPLACE INTO Pelicula_Actor (id_pelicula, id_actor, personaje) VALUES (1359607, 1763402, 'Tohru (voice)');
INSERT OR REPLACE INTO Pelicula_Actor (id_pelicula, id_actor, personaje) VALUES (1359607, 1678723, 'Elma (voice)');
INSERT OR REPLACE INTO Pelicula_Actor (id_pelicula, id_actor, personaje) VALUES (1359607, 1795137, 'Lucoa (voice)');
INSERT OR IGNORE INTO Pelicula_Categoria (id_pelicula, id_categoria) VALUES (1359607, 5);
INSERT OR IGNORE INTO Pelicula_Categoria (id_pelicula, id_categoria) VALUES (1359607, 12);
INSERT OR IGNORE INTO Pelicula_Categoria (id_pelicula, id_categoria) VALUES (1359607, 3);
-- Fin película: Kobayashi-san Chi no Maid Dragon: Samishigariya no Ryuu --
INSERT OR IGNORE INTO Actor (id_actor, nombre, foto_path) VALUES (1308818, 'Piper Curda', 'https://image.tmdb.org/t/p/original/iPEnDuW6CYRLaEphS3bD0b8K656.jpg');
INSERT OR IGNORE INTO Actor (id_actor, nombre, foto_path) VALUES (452205, 'Bobby Moynihan', 'https://image.tmdb.org/t/p/original/gOvwNz5joi5yWJ7dAhuF8WA2aas.jpg');
INSERT OR IGNORE INTO Actor (id_actor, nombre, foto_path) VALUES (65717, 'Jon Hamm', 'https://image.tmdb.org/t/p/original/mrXE5fZbEDPc7BEE5G21J6qrwzi.jpg');
INSERT OR IGNORE INTO Actor (id_actor, nombre, foto_path) VALUES (11074, 'Kathy Najimy', 'https://image.tmdb.org/t/p/original/pwzkG00mjA6meR4uyZL0oaT5kbO.jpg');
INSERT OR IGNORE INTO Actor (id_actor, nombre, foto_path) VALUES (54697, 'Dave Franco', 'https://image.tmdb.org/t/p/original/2diSplvpzCE5CrIKvTaplCKvwPq.jpg');
INSERT OR REPLACE INTO Pelicula (id_pelicula, titulo, descripcion, poster_path, backdrop_path, trailer, anio_estreno, duracion) VALUES (1327819, 'Hoppers', 'Una amante de los animales aprovecha la oportunidad de utilizar una tecnología que coloca su conciencia en un castor robótico, descubriendo misterios dentro del mundo animal que van más allá de lo que podría haber imaginado.', 'https://image.tmdb.org/t/p/original/hJtFJ1CedgJyf0BQUxzX1vktQ2x.jpg', 'https://image.tmdb.org/t/p/original/2RrLuIfIzGWWIH8IAEo6o0IYHmx.jpg', 'https://www.youtube.com/watch?v=bv0sKzFvpmo', 2026, 105);
INSERT OR REPLACE INTO Pelicula_Actor (id_pelicula, id_actor, personaje) VALUES (1327819, 1308818, 'Mabel Tanaka / Mabel Beaver (voice)');
INSERT OR REPLACE INTO Pelicula_Actor (id_pelicula, id_actor, personaje) VALUES (1327819, 452205, 'King George (voice)');
INSERT OR REPLACE INTO Pelicula_Actor (id_pelicula, id_actor, personaje) VALUES (1327819, 65717, 'Mayor Jerry Generazzo (voice)');
INSERT OR REPLACE INTO Pelicula_Actor (id_pelicula, id_actor, personaje) VALUES (1327819, 11074, 'Dr. Sam (voice)');
INSERT OR REPLACE INTO Pelicula_Actor (id_pelicula, id_actor, personaje) VALUES (1327819, 54697, 'Titus (voice)');
INSERT OR IGNORE INTO Pelicula_Categoria (id_pelicula, id_categoria) VALUES (1327819, 12);
INSERT OR IGNORE INTO Pelicula_Categoria (id_pelicula, id_categoria) VALUES (1327819, 12);
INSERT OR IGNORE INTO Pelicula_Categoria (id_pelicula, id_categoria) VALUES (1327819, 5);
INSERT OR IGNORE INTO Pelicula_Categoria (id_pelicula, id_categoria) VALUES (1327819, 3);
-- Fin película: Hoppers --
INSERT OR IGNORE INTO Actor (id_actor, nombre, foto_path) VALUES (1875636, '예리', 'https://image.tmdb.org/t/p/original/w1FO7BW44TaatyjRfgXlZ2U5tN1.jpg');
INSERT OR IGNORE INTO Actor (id_actor, nombre, foto_path) VALUES (3226942, '이찬형', 'https://image.tmdb.org/t/p/original/gu1khwOXUDuZkocL1ykcZ2MfkJX.jpg');
INSERT OR IGNORE INTO Actor (id_actor, nombre, foto_path) VALUES (3003974, 'Suh Dong-hyun', 'https://image.tmdb.org/t/p/original/xRLt5MaePf4LwvSqiju8Md8GJRV.jpg');
INSERT OR IGNORE INTO Actor (id_actor, nombre, foto_path) VALUES (3678365, 'Oh So-hyun', 'https://image.tmdb.org/t/p/original/pN500Gqy7roTKAA4vjhJhnyj78t.jpg');
INSERT OR IGNORE INTO Actor (id_actor, nombre, foto_path) VALUES (3964677, '김은비', 'https://image.tmdb.org/t/p/original/6KQ0RtRGwFy7W6XmawibnkKnQOd.jpg');
INSERT OR REPLACE INTO Pelicula (id_pelicula, titulo, descripcion, poster_path, backdrop_path, trailer, anio_estreno, duracion) VALUES (1354700, '강령: 귀신놀이', '', 'https://image.tmdb.org/t/p/original/szBqzH2qcUthCm1uDVsBAYZbExW.jpg', 'https://image.tmdb.org/t/p/original/et17Am3i8QE80HA7YUilG82Dz1x.jpg', '', 2025, 95);
INSERT OR REPLACE INTO Pelicula_Actor (id_pelicula, id_actor, personaje) VALUES (1354700, 1875636, 'Ja-young');
INSERT OR REPLACE INTO Pelicula_Actor (id_pelicula, id_actor, personaje) VALUES (1354700, 3226942, 'Dong-joon');
INSERT OR REPLACE INTO Pelicula_Actor (id_pelicula, id_actor, personaje) VALUES (1354700, 3003974, 'Gi-ho');
INSERT OR REPLACE INTO Pelicula_Actor (id_pelicula, id_actor, personaje) VALUES (1354700, 3678365, 'Ye-eun');
INSERT OR REPLACE INTO Pelicula_Actor (id_pelicula, id_actor, personaje) VALUES (1354700, 3964677, 'Mi-yeon');
INSERT OR IGNORE INTO Pelicula_Categoria (id_pelicula, id_categoria) VALUES (1354700, 4);
INSERT OR IGNORE INTO Pelicula_Categoria (id_pelicula, id_categoria) VALUES (1354700, 1);
INSERT OR IGNORE INTO Pelicula_Categoria (id_pelicula, id_categoria) VALUES (1354700, 6);
-- Fin película: 강령: 귀신놀이 --
INSERT OR IGNORE INTO Actor (id_actor, nombre, foto_path) VALUES (74568, 'Chris Hemsworth', 'https://image.tmdb.org/t/p/original/piQGdoIQOF3C1EI5cbYZLAW1gfj.jpg');
INSERT OR IGNORE INTO Actor (id_actor, nombre, foto_path) VALUES (4587, 'Halle Berry', 'https://image.tmdb.org/t/p/original/wtFetpWV8kjBsvzYKN9uEEmPdpy.jpg');
INSERT OR IGNORE INTO Actor (id_actor, nombre, foto_path) VALUES (103, 'Mark Ruffalo', 'https://image.tmdb.org/t/p/original/5GilHMOt5PAQh6rlUKZzGmaKEI7.jpg');
INSERT OR IGNORE INTO Actor (id_actor, nombre, foto_path) VALUES (1290466, 'Barry Keoghan', 'https://image.tmdb.org/t/p/original/ngoitknM6hw8fffLywyvjzy6Iti.jpg');
INSERT OR IGNORE INTO Actor (id_actor, nombre, foto_path) VALUES (1525043, 'Monica Barbaro', 'https://image.tmdb.org/t/p/original/fcujBTiKyZgJzaDenhv5ryo9SyB.jpg');
INSERT OR REPLACE INTO Pelicula (id_pelicula, titulo, descripcion, poster_path, backdrop_path, trailer, anio_estreno, duracion) VALUES (1171145, 'Ruta de escape', 'Davis es un escurridizo ladrón cuyos atracos de alto riesgo tienen desconcertada a la policía. Davis está planeando su mayor golpe, con la esperanza de que sea el último, cuando se cruza en su camino Sharon, una desilusionada ejecutiva de seguros con la que se ve obligado a trabajar, y Orman un ladrón rival, con métodos mucho más inquietantes que los de Davis. A medida que se acerca el golpe multimillonario, el implacable teniente Lubesnik, se acerca a la operación, aumentando considerablemente el riesgo de lo que está en juego y difuminando la línea entre cazador y presa. Pronto, cada uno tendrá que aceptar el coste de sus decisiones asumiendo que no hay vuelta atrás.', 'https://image.tmdb.org/t/p/original/wkmzt08vghSGlLYuqJpx4e2moRX.jpg', 'https://image.tmdb.org/t/p/original/2t25zHKX3PAUZWppuLD36JGdgCA.jpg', 'https://www.youtube.com/watch?v=fx72CaxjqNA', 2026, 141);
INSERT OR REPLACE INTO Pelicula_Actor (id_pelicula, id_actor, personaje) VALUES (1171145, 74568, 'Mike Davis');
INSERT OR REPLACE INTO Pelicula_Actor (id_pelicula, id_actor, personaje) VALUES (1171145, 4587, 'Sharon');
INSERT OR REPLACE INTO Pelicula_Actor (id_pelicula, id_actor, personaje) VALUES (1171145, 103, 'Detective Lou Lubesnick');
INSERT OR REPLACE INTO Pelicula_Actor (id_pelicula, id_actor, personaje) VALUES (1171145, 1290466, 'Ormon');
INSERT OR REPLACE INTO Pelicula_Actor (id_pelicula, id_actor, personaje) VALUES (1171145, 1525043, 'Maya');
INSERT OR IGNORE INTO Pelicula_Categoria (id_pelicula, id_categoria) VALUES (1171145, 9);
INSERT OR IGNORE INTO Pelicula_Categoria (id_pelicula, id_categoria) VALUES (1171145, 6);
-- Fin película: Ruta de escape --
INSERT OR IGNORE INTO Actor (id_actor, nombre, foto_path) VALUES (10982, 'Harry Melling', 'https://image.tmdb.org/t/p/original/b0pHwi2MeqxEpeWnF4Llihu53aJ.jpg');
INSERT OR IGNORE INTO Actor (id_actor, nombre, foto_path) VALUES (28846, 'Alexander Skarsgård', 'https://image.tmdb.org/t/p/original/yOzQcgu2y1ABr7azSCRqFxBMFdq.jpg');
INSERT OR IGNORE INTO Actor (id_actor, nombre, foto_path) VALUES (80366, 'Lesley Sharp', 'https://image.tmdb.org/t/p/original/oujHtdmwMCyppe9b7QHWJeNFN7i.jpg');
INSERT OR IGNORE INTO Actor (id_actor, nombre, foto_path) VALUES (80149, 'Douglas Hodge', 'https://image.tmdb.org/t/p/original/tENL3Uxt07Rn21o0y0eolwTnkoZ.jpg');
INSERT OR IGNORE INTO Actor (id_actor, nombre, foto_path) VALUES (1024242, 'Jake Shears', 'https://image.tmdb.org/t/p/original/gTKLY5Uk5remKLfUXCLnvbSU2bi.jpg');
INSERT OR REPLACE INTO Pelicula (id_pelicula, titulo, descripcion, poster_path, backdrop_path, trailer, anio_estreno, duracion) VALUES (1287141, 'Pillion', 'Colin, un hombre introvertido, se queda prendado de Ray, el carismático y atractivo líder de una banda de moteros que le toma como sumiso, dinamitando su rutina y cambiándole la vida.', 'https://image.tmdb.org/t/p/original/7Pd6ChSQjSXy4snJiorSdzg2cG3.jpg', 'https://image.tmdb.org/t/p/original/rBYrtkAy9YtRuFpX1g6JbcjRT8h.jpg', 'https://www.youtube.com/watch?v=_DGg2UEqraI', 2025, 107);
INSERT OR REPLACE INTO Pelicula_Actor (id_pelicula, id_actor, personaje) VALUES (1287141, 10982, 'Colin');
INSERT OR REPLACE INTO Pelicula_Actor (id_pelicula, id_actor, personaje) VALUES (1287141, 28846, 'Ray');
INSERT OR REPLACE INTO Pelicula_Actor (id_pelicula, id_actor, personaje) VALUES (1287141, 80366, 'Peggy');
INSERT OR REPLACE INTO Pelicula_Actor (id_pelicula, id_actor, personaje) VALUES (1287141, 80149, 'Pete');
INSERT OR REPLACE INTO Pelicula_Actor (id_pelicula, id_actor, personaje) VALUES (1287141, 1024242, 'Kevin');
INSERT OR IGNORE INTO Pelicula_Categoria (id_pelicula, id_categoria) VALUES (1287141, 10);
INSERT OR IGNORE INTO Pelicula_Categoria (id_pelicula, id_categoria) VALUES (1287141, 7);
INSERT OR IGNORE INTO Pelicula_Categoria (id_pelicula, id_categoria) VALUES (1287141, 12);
-- Fin película: Pillion --
INSERT OR IGNORE INTO Actor (id_actor, nombre, foto_path) VALUES (1648346, 'Robert Aramayo', 'https://image.tmdb.org/t/p/original/1wqSZVvB018H2mZbemMSn6gH4zq.jpg');
INSERT OR IGNORE INTO Actor (id_actor, nombre, foto_path) VALUES (76944, 'Maxine Peake', 'https://image.tmdb.org/t/p/original/uChlrL5WyeXhvGFaNvbzw1KqMgP.jpg');
INSERT OR IGNORE INTO Actor (id_actor, nombre, foto_path) VALUES (1834, 'Shirley Henderson', 'https://image.tmdb.org/t/p/original/dxVvLjGNKVMl5lDXXInJ7xWpCvl.jpg');
INSERT OR IGNORE INTO Actor (id_actor, nombre, foto_path) VALUES (3064, 'Peter Mullan', 'https://image.tmdb.org/t/p/original/dvu5PWJK6Vv4xnYyMzdMvH73Laj.jpg');
INSERT OR IGNORE INTO Actor (id_actor, nombre, foto_path) VALUES (5555425, 'Scott Ellis Watson', '');
INSERT OR REPLACE INTO Pelicula (id_pelicula, titulo, descripcion, poster_path, backdrop_path, trailer, anio_estreno, duracion) VALUES (1317149, 'I Swear', '', 'https://image.tmdb.org/t/p/original/lC4NgQPqyKxNJ3PEgl2HVUxTY1t.jpg', 'https://image.tmdb.org/t/p/original/fe6kkxaxn0mCU2gl1vfU44IYWsy.jpg', '', 2025, 121);
INSERT OR REPLACE INTO Pelicula_Actor (id_pelicula, id_actor, personaje) VALUES (1317149, 1648346, 'John Davidson');
INSERT OR REPLACE INTO Pelicula_Actor (id_pelicula, id_actor, personaje) VALUES (1317149, 76944, 'Dottie Achenbach');
INSERT OR REPLACE INTO Pelicula_Actor (id_pelicula, id_actor, personaje) VALUES (1317149, 1834, 'Heather Davidson');
INSERT OR REPLACE INTO Pelicula_Actor (id_pelicula, id_actor, personaje) VALUES (1317149, 3064, 'Tommy Trotter');
INSERT OR REPLACE INTO Pelicula_Actor (id_pelicula, id_actor, personaje) VALUES (1317149, 5555425, 'Young John Davidson');
INSERT OR IGNORE INTO Pelicula_Categoria (id_pelicula, id_categoria) VALUES (1317149, 7);
INSERT OR IGNORE INTO Pelicula_Categoria (id_pelicula, id_categoria) VALUES (1317149, 1);
-- Fin película: I Swear --
INSERT OR IGNORE INTO Actor (id_actor, nombre, foto_path) VALUES (1186076, 'Philippe Lacheau', 'https://image.tmdb.org/t/p/original/2ev0Ip2vNnC5UYe10gJNcApahZ4.jpg');
INSERT OR IGNORE INTO Actor (id_actor, nombre, foto_path) VALUES (2408, 'Jamel Debbouze', 'https://image.tmdb.org/t/p/original/aiqWSWbRJ6rrjxxVE6y2Xb3KdSp.jpg');
INSERT OR IGNORE INTO Actor (id_actor, nombre, foto_path) VALUES (1186075, 'Tarek Boudali', 'https://image.tmdb.org/t/p/original/ubhbt0kZ6TX0t0tBFWe50A4u22y.jpg');
INSERT OR IGNORE INTO Actor (id_actor, nombre, foto_path) VALUES (146630, 'Élodie Fontan', 'https://image.tmdb.org/t/p/original/1uFWqxdrKxBa0utLqf55aq8ASzP.jpg');
INSERT OR IGNORE INTO Actor (id_actor, nombre, foto_path) VALUES (1291810, 'Julien Arruti', 'https://image.tmdb.org/t/p/original/8mW9D3GiTU6KNnNYUM1t7NhKPRY.jpg');
INSERT OR REPLACE INTO Pelicula (id_pelicula, titulo, descripcion, poster_path, backdrop_path, trailer, anio_estreno, duracion) VALUES (1145899, 'Marsupilami', '', 'https://image.tmdb.org/t/p/original/rJNHFa07Id2ylQgw0ttzGwpeczE.jpg', 'https://image.tmdb.org/t/p/original/sd0QuOnKX0aM89nz886aQaixwCx.jpg', '', 2026, 99);
INSERT OR REPLACE INTO Pelicula_Actor (id_pelicula, id_actor, personaje) VALUES (1145899, 1186076, 'David Ticoule');
INSERT OR REPLACE INTO Pelicula_Actor (id_pelicula, id_actor, personaje) VALUES (1145899, 2408, 'Pablito Camaron');
INSERT OR REPLACE INTO Pelicula_Actor (id_pelicula, id_actor, personaje) VALUES (1145899, 1186075, 'Ricky Salsa');
INSERT OR REPLACE INTO Pelicula_Actor (id_pelicula, id_actor, personaje) VALUES (1145899, 146630, 'Tess Ticoule');
INSERT OR REPLACE INTO Pelicula_Actor (id_pelicula, id_actor, personaje) VALUES (1145899, 1291810, 'Stéphane Buisson');
INSERT OR IGNORE INTO Pelicula_Categoria (id_pelicula, id_categoria) VALUES (1145899, 1);
INSERT OR IGNORE INTO Pelicula_Categoria (id_pelicula, id_categoria) VALUES (1145899, 12);
-- Fin película: Marsupilami --

-- === LOTE: Upcoming - Page 3 (2026-02-06T06:37:28.748Z) ===
INSERT OR IGNORE INTO Actor (id_actor, nombre, foto_path) VALUES (1643367, 'Damien Ferrette', 'https://image.tmdb.org/t/p/original/iW6zIP5wGMTI4RS4JKn2QjaKcxG.jpg');
INSERT OR IGNORE INTO Actor (id_actor, nombre, foto_path) VALUES (1326512, 'Hervé Jolly', '');
INSERT OR IGNORE INTO Actor (id_actor, nombre, foto_path) VALUES (1643163, 'Kaycie Chase', 'https://image.tmdb.org/t/p/original/tis8Xvy8ALtFc9Kt7JBma0ze3Xp.jpg');
INSERT OR IGNORE INTO Actor (id_actor, nombre, foto_path) VALUES (1872006, 'Frantz Confiac', '');
INSERT OR IGNORE INTO Actor (id_actor, nombre, foto_path) VALUES (1497778, 'Emmanuel Garijo', 'https://image.tmdb.org/t/p/original/ept2JUdN35WonXZgLLkA1Mr4uSL.jpg');
INSERT OR REPLACE INTO Pelicula (id_pelicula, titulo, descripcion, poster_path, backdrop_path, trailer, anio_estreno, duracion) VALUES (1107216, 'Pets on a Train', 'En un tren que está a punto de salir de la estación, suena la alarma que obliga a todos los pasajeros a bajarse. Pero entonces el tren arranca de manera improvista, llevándose a bordo los viajeros que no han tenido tiempo de bajar: los animales de compañía. Asombrados, estos descubren que el tren está bajo el control de Hans, un tejón manipulador y rencoroso, que se quiere vengar de Rex, el perro policía que le puso entre rejas hace años. Como los servicios de rescate no consiguen intervenir en el trayecto montañoso del tren, que circula a toda velocidad, los animales de compañía solo pueden contar con Falcon, un mapache un poco tramposo que hará todo lo posible para salvarles.', 'https://image.tmdb.org/t/p/original/dJZRImFs3jdMV1I2OzgjGz1rZv9.jpg', 'https://image.tmdb.org/t/p/original/3Gjo73aMqNWxNdBa7PeEj7AXJ3E.jpg', '', 2025, 87);
INSERT OR REPLACE INTO Pelicula_Actor (id_pelicula, id_actor, personaje) VALUES (1107216, 1643367, 'Falcon (voice)');
INSERT OR REPLACE INTO Pelicula_Actor (id_pelicula, id_actor, personaje) VALUES (1107216, 1326512, 'Rex (voice)');
INSERT OR REPLACE INTO Pelicula_Actor (id_pelicula, id_actor, personaje) VALUES (1107216, 1643163, 'Maguy (voice)');
INSERT OR REPLACE INTO Pelicula_Actor (id_pelicula, id_actor, personaje) VALUES (1107216, 1872006, 'Hans (voice)');
INSERT OR REPLACE INTO Pelicula_Actor (id_pelicula, id_actor, personaje) VALUES (1107216, 1497778, 'Randy / Jimi (voice)');
INSERT OR IGNORE INTO Pelicula_Categoria (id_pelicula, id_categoria) VALUES (1107216, 5);
INSERT OR IGNORE INTO Pelicula_Categoria (id_pelicula, id_categoria) VALUES (1107216, 12);
INSERT OR IGNORE INTO Pelicula_Categoria (id_pelicula, id_categoria) VALUES (1107216, 1);
INSERT OR IGNORE INTO Pelicula_Categoria (id_pelicula, id_categoria) VALUES (1107216, 6);
-- Fin película: Pets on a Train --
INSERT OR IGNORE INTO Actor (id_actor, nombre, foto_path) VALUES (64880, '최민식', 'https://image.tmdb.org/t/p/original/sd7gIA6nEkq6zumkDCfxSE0YSSV.jpg');
INSERT OR IGNORE INTO Actor (id_actor, nombre, foto_path) VALUES (10112, '유지태', 'https://image.tmdb.org/t/p/original/gGGV2gc0orgssYJ0Q9MSomdYo2I.jpg');
INSERT OR IGNORE INTO Actor (id_actor, nombre, foto_path) VALUES (1299317, '강혜정', 'https://image.tmdb.org/t/p/original/5YxhugLcecdEvnxmHTFRdafbywX.jpg');
INSERT OR IGNORE INTO Actor (id_actor, nombre, foto_path) VALUES (77182, '김병옥', 'https://image.tmdb.org/t/p/original/oGVs2OmYTyXR0KT9xvzVWCAKx8t.jpg');
INSERT OR IGNORE INTO Actor (id_actor, nombre, foto_path) VALUES (77180, '지대한', 'https://image.tmdb.org/t/p/original/9aoOX8p2oxUAwOaT8jT6GWfjs01.jpg');
INSERT OR REPLACE INTO Pelicula (id_pelicula, titulo, descripcion, poster_path, backdrop_path, trailer, anio_estreno, duracion) VALUES (670, 'Old Boy', 'Sin tener idea de cómo llegó a ser encarcelado, drogado y torturado durante 15 años, un hombre desesperado busca vengarse de sus captores.', 'https://image.tmdb.org/t/p/original/45kRW1xgTq3QrZltL9mY9e9iYkH.jpg', 'https://image.tmdb.org/t/p/original/sdwjQEM869JFwMytTmvr6ggvaUl.jpg', 'https://www.youtube.com/watch?v=-W8cPij0HgA', 2003, 119);
INSERT OR REPLACE INTO Pelicula_Actor (id_pelicula, id_actor, personaje) VALUES (670, 64880, 'Oh Dae-Su');
INSERT OR REPLACE INTO Pelicula_Actor (id_pelicula, id_actor, personaje) VALUES (670, 10112, 'Lee Woo-jin');
INSERT OR REPLACE INTO Pelicula_Actor (id_pelicula, id_actor, personaje) VALUES (670, 1299317, 'Mi-do');
INSERT OR REPLACE INTO Pelicula_Actor (id_pelicula, id_actor, personaje) VALUES (670, 77182, 'Mr. Han');
INSERT OR REPLACE INTO Pelicula_Actor (id_pelicula, id_actor, personaje) VALUES (670, 77180, 'No Joo-hwan');
INSERT OR IGNORE INTO Pelicula_Categoria (id_pelicula, id_categoria) VALUES (670, 7);
INSERT OR IGNORE INTO Pelicula_Categoria (id_pelicula, id_categoria) VALUES (670, 6);
INSERT OR IGNORE INTO Pelicula_Categoria (id_pelicula, id_categoria) VALUES (670, 1);
INSERT OR IGNORE INTO Pelicula_Categoria (id_pelicula, id_categoria) VALUES (670, 5);
-- Fin película: Old Boy --
INSERT OR IGNORE INTO Actor (id_actor, nombre, foto_path) VALUES (226431, 'Nora Navas', 'https://image.tmdb.org/t/p/original/kTvfxyKoWUoxgsTSIRHs8dgdD3A.jpg');
INSERT OR IGNORE INTO Actor (id_actor, nombre, foto_path) VALUES (18478, 'Rodrigo de la Serna', 'https://image.tmdb.org/t/p/original/hArSCSwj92ItqVMni7D8ehInnU5.jpg');
INSERT OR IGNORE INTO Actor (id_actor, nombre, foto_path) VALUES (36632, 'Juan Diego Botto', 'https://image.tmdb.org/t/p/original/6iu1uNMl511ZmEn0y828ZeLiuox.jpg');
INSERT OR IGNORE INTO Actor (id_actor, nombre, foto_path) VALUES (1032556, 'Àgata Roca', 'https://image.tmdb.org/t/p/original/2Mc7AyIrr8hhhxLhTYRsJF7jM4S.jpg');
INSERT OR IGNORE INTO Actor (id_actor, nombre, foto_path) VALUES (2374729, 'Fernanda Orazi', 'https://image.tmdb.org/t/p/original/wEFrb9anUl2u8DOdo5qhWCRamz0.jpg');
INSERT OR REPLACE INTO Pelicula (id_pelicula, titulo, descripcion, poster_path, backdrop_path, trailer, anio_estreno, duracion) VALUES (1297953, 'Mi amiga Eva', 'Eva acaba de cumplir 50 años. Lleva casada más de 20  y tiene dos hijos adolescentes. Hasta ahora, nada destacable. Pero en un viaje de negocios a Roma, ocurre algo que le da un vuelco a su vida. Conoce a Álex, un guionista que pasa unos días en la ciudad italiana. La atracción instantánea que siente por él, las mariposas en el estómago, la seductora insinuación de una posibilidad... Después de tanto tiempo, recuerda lo que se siente al enamorarse y eso revoluciona su interior. Reaviva una llama que llevaba tiempo extinguida.', 'https://image.tmdb.org/t/p/original/dolwe6cReEg3zRnIAIPr7C17vqx.jpg', 'https://image.tmdb.org/t/p/original/xxU0ttSVJ3iHpMzZNfN1yb09MZt.jpg', '', 2025, 99);
INSERT OR REPLACE INTO Pelicula_Actor (id_pelicula, id_actor, personaje) VALUES (1297953, 226431, 'Eva');
INSERT OR REPLACE INTO Pelicula_Actor (id_pelicula, id_actor, personaje) VALUES (1297953, 18478, 'Álex');
INSERT OR REPLACE INTO Pelicula_Actor (id_pelicula, id_actor, personaje) VALUES (1297953, 36632, 'Víctor');
INSERT OR REPLACE INTO Pelicula_Actor (id_pelicula, id_actor, personaje) VALUES (1297953, 1032556, 'Cris');
INSERT OR REPLACE INTO Pelicula_Actor (id_pelicula, id_actor, personaje) VALUES (1297953, 2374729, 'Raquel');
INSERT OR IGNORE INTO Pelicula_Categoria (id_pelicula, id_categoria) VALUES (1297953, 10);
INSERT OR IGNORE INTO Pelicula_Categoria (id_pelicula, id_categoria) VALUES (1297953, 12);
-- Fin película: Mi amiga Eva --
INSERT OR IGNORE INTO Actor (id_actor, nombre, foto_path) VALUES (1498158, 'Jessie Buckley', 'https://image.tmdb.org/t/p/original/i8IlkFbZqKUgkypZKpdhrw00uqw.jpg');
INSERT OR IGNORE INTO Actor (id_actor, nombre, foto_path) VALUES (3894, 'Christian Bale', 'https://image.tmdb.org/t/p/original/7Pxez9J8fuPd2Mn9kex13YALrCQ.jpg');
INSERT OR IGNORE INTO Actor (id_actor, nombre, foto_path) VALUES (131, 'Jake Gyllenhaal', 'https://image.tmdb.org/t/p/original/j2Yahha9C0zN5DRaTDzYA7WtdOT.jpg');
INSERT OR IGNORE INTO Actor (id_actor, nombre, foto_path) VALUES (516, 'Annette Bening', 'https://image.tmdb.org/t/p/original/sBiiRwAVXd0FCRZ87m0I89qGBvy.jpg');
INSERT OR IGNORE INTO Actor (id_actor, nombre, foto_path) VALUES (133, 'Peter Sarsgaard', 'https://image.tmdb.org/t/p/original/5UANyM4co2nwYPgSEmGeNlZRm7V.jpg');
INSERT OR REPLACE INTO Pelicula (id_pelicula, titulo, descripcion, poster_path, backdrop_path, trailer, anio_estreno, duracion) VALUES (1159831, '¡La novia!', 'En el Chicago de los años 30, Frankenstein pide ayuda al Dr. Euphronius para crear una compañera. Dan vida a una mujer asesinada como la Novia, lo que desencadena un romance, el interés de la policía y un cambio social radical.', 'https://image.tmdb.org/t/p/original/w0chELNFPMAxo5nlcDvlYz6r4iz.jpg', 'https://image.tmdb.org/t/p/original/pMlCbasyAqBLV18CLEkDm07VKtn.jpg', 'https://www.youtube.com/watch?v=CuuwDNp5ymw', 2026, 126);
INSERT OR REPLACE INTO Pelicula_Actor (id_pelicula, id_actor, personaje) VALUES (1159831, 1498158, 'The Bride / Ida / Mary Shelley');
INSERT OR REPLACE INTO Pelicula_Actor (id_pelicula, id_actor, personaje) VALUES (1159831, 3894, 'Frank');
INSERT OR REPLACE INTO Pelicula_Actor (id_pelicula, id_actor, personaje) VALUES (1159831, 131, 'Ronnie Reed');
INSERT OR REPLACE INTO Pelicula_Actor (id_pelicula, id_actor, personaje) VALUES (1159831, 516, 'Dr. Euphronious');
INSERT OR REPLACE INTO Pelicula_Actor (id_pelicula, id_actor, personaje) VALUES (1159831, 133, '');
INSERT OR IGNORE INTO Pelicula_Categoria (id_pelicula, id_categoria) VALUES (1159831, 3);
INSERT OR IGNORE INTO Pelicula_Categoria (id_pelicula, id_categoria) VALUES (1159831, 4);
INSERT OR IGNORE INTO Pelicula_Categoria (id_pelicula, id_categoria) VALUES (1159831, 12);
-- Fin película: ¡La novia! --
INSERT OR IGNORE INTO Actor (id_actor, nombre, foto_path) VALUES (78875, '古天樂', 'https://image.tmdb.org/t/p/original/yQuDBTzm7xWlJICNvl20OmcJP80.jpg');
INSERT OR IGNORE INTO Actor (id_actor, nombre, foto_path) VALUES (89409, '林峯', 'https://image.tmdb.org/t/p/original/Ak40P6TWthdQ9diRki5RIcJ6r95.jpg');
INSERT OR IGNORE INTO Actor (id_actor, nombre, foto_path) VALUES (588057, '白百何', 'https://image.tmdb.org/t/p/original/4cEIvt6etPrWzXn59W5GgnijNIG.jpg');
INSERT OR IGNORE INTO Actor (id_actor, nombre, foto_path) VALUES (230777, '宣萱', 'https://image.tmdb.org/t/p/original/3hp9D2B1Y7L7imPUHCpHiNgxSY.jpg');
INSERT OR IGNORE INTO Actor (id_actor, nombre, foto_path) VALUES (1223071, '郭羨妮', 'https://image.tmdb.org/t/p/original/2UfGinzUO41ZbshRNepiQBKqg3c.jpg');
INSERT OR REPLACE INTO Pelicula (id_pelicula, titulo, descripcion, poster_path, backdrop_path, trailer, anio_estreno, duracion) VALUES (650524, '尋秦記', '', 'https://image.tmdb.org/t/p/original/h3OUaPfCaFmzwB2eMHik50RsXlP.jpg', 'https://image.tmdb.org/t/p/original/gpJr8wRED8BpBVaxM0eODQEBNwC.jpg', '', 2025, 107);
INSERT OR REPLACE INTO Pelicula_Actor (id_pelicula, id_actor, personaje) VALUES (650524, 78875, 'Hong Siu-lung');
INSERT OR REPLACE INTO Pelicula_Actor (id_pelicula, id_actor, personaje) VALUES (650524, 89409, 'Chiu Poon / Ying Ching/Chun Wong');
INSERT OR REPLACE INTO Pelicula_Actor (id_pelicula, id_actor, personaje) VALUES (650524, 588057, 'Galie');
INSERT OR REPLACE INTO Pelicula_Actor (id_pelicula, id_actor, personaje) VALUES (650524, 230777, 'Wu Ting-fong');
INSERT OR REPLACE INTO Pelicula_Actor (id_pelicula, id_actor, personaje) VALUES (650524, 1223071, 'Chun Ching / Kam Ching');
INSERT OR IGNORE INTO Pelicula_Categoria (id_pelicula, id_categoria) VALUES (650524, 3);
INSERT OR IGNORE INTO Pelicula_Categoria (id_pelicula, id_categoria) VALUES (650524, 5);
INSERT OR IGNORE INTO Pelicula_Categoria (id_pelicula, id_categoria) VALUES (650524, 12);
-- Fin película: 尋秦記 --
INSERT OR IGNORE INTO Actor (id_actor, nombre, foto_path) VALUES (9827, 'Rose Byrne', 'https://image.tmdb.org/t/p/original/6YauDiiTBwRGC1xnwspPmNvPWUu.jpg');
INSERT OR IGNORE INTO Actor (id_actor, nombre, foto_path) VALUES (81200, 'Conan O''Brien', 'https://image.tmdb.org/t/p/original/zlALLZ3c9BciE85XaKq9RrrEp1E.jpg');
INSERT OR IGNORE INTO Actor (id_actor, nombre, foto_path) VALUES (1521445, 'A$AP Rocky', 'https://image.tmdb.org/t/p/original/5ikO1rEWPrd6kNlnS1vtks7M5wz.jpg');
INSERT OR IGNORE INTO Actor (id_actor, nombre, foto_path) VALUES (1203789, 'Danielle Macdonald', 'https://image.tmdb.org/t/p/original/pPaypOzZ4oldd7KJHvDEfPSynSi.jpg');
INSERT OR IGNORE INTO Actor (id_actor, nombre, foto_path) VALUES (3484285, 'Delaney Quinn', 'https://image.tmdb.org/t/p/original/2CkgPdKVFfgeRCro4Hmvkqo4fB7.jpg');
INSERT OR REPLACE INTO Pelicula (id_pelicula, titulo, descripcion, poster_path, backdrop_path, trailer, anio_estreno, duracion) VALUES (1160360, 'Si pudiera, te daría una patada', 'Con su vida literalmente derrumbándose a su alrededor, Linda intenta lidiar con la misteriosa enfermedad de su hija, su marido ausente, una persona desaparecida y una relación cada vez más hostil con su terapeuta.', 'https://image.tmdb.org/t/p/original/dpXbEKk1eMcXRgl62zWhNcZH4BN.jpg', 'https://image.tmdb.org/t/p/original/hHN4iGAu0sCYvR0oaFmemKXDnVV.jpg', 'https://www.youtube.com/watch?v=JESbh6LLHFc', 2025, 113);
INSERT OR REPLACE INTO Pelicula_Actor (id_pelicula, id_actor, personaje) VALUES (1160360, 9827, 'Linda');
INSERT OR REPLACE INTO Pelicula_Actor (id_pelicula, id_actor, personaje) VALUES (1160360, 81200, 'Therapist');
INSERT OR REPLACE INTO Pelicula_Actor (id_pelicula, id_actor, personaje) VALUES (1160360, 1521445, 'James');
INSERT OR REPLACE INTO Pelicula_Actor (id_pelicula, id_actor, personaje) VALUES (1160360, 1203789, 'Caroline');
INSERT OR REPLACE INTO Pelicula_Actor (id_pelicula, id_actor, personaje) VALUES (1160360, 3484285, 'Child');
INSERT OR IGNORE INTO Pelicula_Categoria (id_pelicula, id_categoria) VALUES (1160360, 7);
-- Fin película: Si pudiera, te daría una patada --
INSERT OR IGNORE INTO Actor (id_actor, nombre, foto_path) VALUES (5389673, 'Vahid Mobasseri', 'https://image.tmdb.org/t/p/original/xKi4iv6WdOhwBZvmG4gjyz4i2Bb.jpg');
INSERT OR IGNORE INTO Actor (id_actor, nombre, foto_path) VALUES (5428352, 'Mariam Afshari', 'https://image.tmdb.org/t/p/original/qVNOG4w5dzlKeFAF33ibR0slraK.jpg');
INSERT OR IGNORE INTO Actor (id_actor, nombre, foto_path) VALUES (2393767, 'Ebrahim Azizi', 'https://image.tmdb.org/t/p/original/fEQbxXpEnJ7WMmQb0SWE2TqzFPl.jpg');
INSERT OR IGNORE INTO Actor (id_actor, nombre, foto_path) VALUES (5428353, 'Hadis Pakbaten', 'https://image.tmdb.org/t/p/original/ywC6mkpEjaqGmFtMnO4jh94tIq6.jpg');
INSERT OR IGNORE INTO Actor (id_actor, nombre, foto_path) VALUES (5406499, 'Majid Panahi', 'https://image.tmdb.org/t/p/original/2BUiGI1c50NCBezUSXr3FWxYOQM.jpg');
INSERT OR REPLACE INTO Pelicula (id_pelicula, titulo, descripcion, poster_path, backdrop_path, trailer, anio_estreno, duracion) VALUES (1456349, 'Un simple accidente', 'Un hombre conduce de noche con su esposa embarazada cuando atropella y mata a un perro, lo que le obliga a llevar el coche a un taller dirigido por un hombre que se parece al oficial que lo torturó en prisión.', 'https://image.tmdb.org/t/p/original/qyeTL52iQJQN6FrCaVRkiuzJDDp.jpg', 'https://image.tmdb.org/t/p/original/zhoMwQofjgVec5Sin05hWECJtVQ.jpg', 'https://www.youtube.com/watch?v=S6DC8c3FM4M', 2025, 105);
INSERT OR REPLACE INTO Pelicula_Actor (id_pelicula, id_actor, personaje) VALUES (1456349, 5389673, 'Vahid');
INSERT OR REPLACE INTO Pelicula_Actor (id_pelicula, id_actor, personaje) VALUES (1456349, 5428352, 'Shiva');
INSERT OR REPLACE INTO Pelicula_Actor (id_pelicula, id_actor, personaje) VALUES (1456349, 2393767, 'Eghbal');
INSERT OR REPLACE INTO Pelicula_Actor (id_pelicula, id_actor, personaje) VALUES (1456349, 5428353, 'Golrokh');
INSERT OR REPLACE INTO Pelicula_Actor (id_pelicula, id_actor, personaje) VALUES (1456349, 5406499, 'Ali');
INSERT OR IGNORE INTO Pelicula_Categoria (id_pelicula, id_categoria) VALUES (1456349, 7);
INSERT OR IGNORE INTO Pelicula_Categoria (id_pelicula, id_categoria) VALUES (1456349, 6);
INSERT OR IGNORE INTO Pelicula_Categoria (id_pelicula, id_categoria) VALUES (1456349, 9);
-- Fin película: Un simple accidente --
INSERT OR IGNORE INTO Actor (id_actor, nombre, foto_path) VALUES (11856, 'Daniel Day-Lewis', 'https://image.tmdb.org/t/p/original/3kNA9VcmymoEwT0btQ4bvMYxzcP.jpg');
INSERT OR IGNORE INTO Actor (id_actor, nombre, foto_path) VALUES (48, 'Sean Bean', 'https://image.tmdb.org/t/p/original/kTjiABk3TJ3yI0Cto5RsvyT6V3o.jpg');
INSERT OR IGNORE INTO Actor (id_actor, nombre, foto_path) VALUES (2206, 'Samantha Morton', 'https://image.tmdb.org/t/p/original/v84b7MENeD9rwX6xTD7fSdhSOC9.jpg');
INSERT OR IGNORE INTO Actor (id_actor, nombre, foto_path) VALUES (579295, 'Samuel Bottomley', 'https://image.tmdb.org/t/p/original/8ZocaRIa2sqH14LyoIeA2vCVO16.jpg');
INSERT OR IGNORE INTO Actor (id_actor, nombre, foto_path) VALUES (2592839, 'Safia Oakley-Green', 'https://image.tmdb.org/t/p/original/k4JrjdSIfwWF1Qd5KHChDfnXpF2.jpg');
INSERT OR REPLACE INTO Pelicula (id_pelicula, titulo, descripcion, poster_path, backdrop_path, trailer, anio_estreno, duracion) VALUES (1364608, 'Anémona', 'Una exploración de las intrincadas relaciones entre padres, hijos y hermanos, así como de la dinámica de los vínculos familiares.', 'https://image.tmdb.org/t/p/original/mb7yTypzkmM8sWrgi5Dr3kl9Jcx.jpg', 'https://image.tmdb.org/t/p/original/4nExMuYsypZasoX8ri3t0lYLfAF.jpg', 'https://www.youtube.com/watch?v=ZKiFuQRvxJc', 2025, 125);
INSERT OR REPLACE INTO Pelicula_Actor (id_pelicula, id_actor, personaje) VALUES (1364608, 11856, 'Ray Stoker');
INSERT OR REPLACE INTO Pelicula_Actor (id_pelicula, id_actor, personaje) VALUES (1364608, 48, 'Jem Stoker');
INSERT OR REPLACE INTO Pelicula_Actor (id_pelicula, id_actor, personaje) VALUES (1364608, 2206, 'Nessa');
INSERT OR REPLACE INTO Pelicula_Actor (id_pelicula, id_actor, personaje) VALUES (1364608, 579295, 'Brian');
INSERT OR REPLACE INTO Pelicula_Actor (id_pelicula, id_actor, personaje) VALUES (1364608, 2592839, 'Hattie');
INSERT OR IGNORE INTO Pelicula_Categoria (id_pelicula, id_categoria) VALUES (1364608, 7);
-- Fin película: Anémona --
INSERT OR IGNORE INTO Actor (id_actor, nombre, foto_path) VALUES (4606127, 'Mélissa Boros', 'https://image.tmdb.org/t/p/original/8N5wVrUIXFeFeachqB49Is83svv.jpg');
INSERT OR IGNORE INTO Actor (id_actor, nombre, foto_path) VALUES (81051, 'Tahar Rahim', 'https://image.tmdb.org/t/p/original/r1SJ9nkG9q4JbPHbtcvcVxmRcHw.jpg');
INSERT OR IGNORE INTO Actor (id_actor, nombre, foto_path) VALUES (229932, 'Golshifteh Farahani', 'https://image.tmdb.org/t/p/original/lbsd2lAIQq4egOUXDIfjhte12vv.jpg');
INSERT OR IGNORE INTO Actor (id_actor, nombre, foto_path) VALUES (2201315, 'Emma Mackey', 'https://image.tmdb.org/t/p/original/l4JOGnGOAeZr3BQvAerFyvakrU0.jpg');
INSERT OR IGNORE INTO Actor (id_actor, nombre, foto_path) VALUES (583853, 'Finnegan Oldfield', 'https://image.tmdb.org/t/p/original/mvc8BnamGxAyU4gfe5K7TvgB9OZ.jpg');
INSERT OR REPLACE INTO Pelicula (id_pelicula, titulo, descripcion, poster_path, backdrop_path, trailer, anio_estreno, duracion) VALUES (1284460, 'Alpha', 'Alpha, de 13 años, es una adolescente con problemas que vive sola con su madre. Su mundo se derrumba el día que llega a casa de la escuela con un tatuaje en el brazo.', 'https://image.tmdb.org/t/p/original/9kPxIXNWUBO5ff98XVVUMecuPlM.jpg', 'https://image.tmdb.org/t/p/original/rakS8RAhKOMIplBi4RbluQg4Xqn.jpg', '', 2025, 128);
INSERT OR REPLACE INTO Pelicula_Actor (id_pelicula, id_actor, personaje) VALUES (1284460, 4606127, 'Alpha');
INSERT OR REPLACE INTO Pelicula_Actor (id_pelicula, id_actor, personaje) VALUES (1284460, 81051, 'Amin');
INSERT OR REPLACE INTO Pelicula_Actor (id_pelicula, id_actor, personaje) VALUES (1284460, 229932, 'Maman');
INSERT OR REPLACE INTO Pelicula_Actor (id_pelicula, id_actor, personaje) VALUES (1284460, 2201315, 'Infirmière');
INSERT OR REPLACE INTO Pelicula_Actor (id_pelicula, id_actor, personaje) VALUES (1284460, 583853, 'Professeur d 
anglais');
INSERT OR IGNORE INTO Pelicula_Categoria (id_pelicula, id_categoria) VALUES (1284460, 4);
INSERT OR IGNORE INTO Pelicula_Categoria (id_pelicula, id_categoria) VALUES (1284460, 7);
INSERT OR IGNORE INTO Pelicula_Categoria (id_pelicula, id_categoria) VALUES (1284460, 3);
INSERT OR IGNORE INTO Pelicula_Categoria (id_pelicula, id_categoria) VALUES (1284460, 6);
-- Fin película: Alpha --
INSERT OR IGNORE INTO Actor (id_actor, nombre, foto_path) VALUES (30614, 'Ryan Gosling', 'https://image.tmdb.org/t/p/original/asoKC7CLCqpZKZDL6iovNurQUdf.jpg');
INSERT OR IGNORE INTO Actor (id_actor, nombre, foto_path) VALUES (54693, 'Emma Stone', 'https://image.tmdb.org/t/p/original/8NwSfyYWIIUE1cI9Xhz92b0w7WD.jpg');
INSERT OR IGNORE INTO Actor (id_actor, nombre, foto_path) VALUES (113461, 'John Legend', 'https://image.tmdb.org/t/p/original/cCv0YBy2YFFWp9h3kvNPmwWwrCD.jpg');
INSERT OR IGNORE INTO Actor (id_actor, nombre, foto_path) VALUES (14892, 'Rosemarie DeWitt', 'https://image.tmdb.org/t/p/original/44sxIdGtYN24R14OmnZbCpcd8J8.jpg');
INSERT OR IGNORE INTO Actor (id_actor, nombre, foto_path) VALUES (168877, 'Finn Wittrock', 'https://image.tmdb.org/t/p/original/gwGMGTmli0uBF7eAhhXePWhYNFJ.jpg');
INSERT OR REPLACE INTO Pelicula (id_pelicula, titulo, descripcion, poster_path, backdrop_path, trailer, anio_estreno, duracion) VALUES (313369, 'La ciudad de las estrellas (La La Land)', 'Mia, una joven aspirante a actriz que compagina los castings con su trabajo de camarera, y Sebastian, un pianista de jazz que se gana la vida tocando en sórdidos tugurios, se enamoran. Pero la gran ambición por llegar a la cima en sus carreras artísticas amenaza con separarlos.', 'https://image.tmdb.org/t/p/original/7pFsAaJmiOppVHcldBzg8JKBHwe.jpg', 'https://image.tmdb.org/t/p/original/nlPCdZlHtRNcF6C9hzUH4ebmV1w.jpg', 'https://www.youtube.com/watch?v=zBRkZZ6K1YU', 2016, 128);
INSERT OR REPLACE INTO Pelicula_Actor (id_pelicula, id_actor, personaje) VALUES (313369, 30614, 'Sebastian');
INSERT OR REPLACE INTO Pelicula_Actor (id_pelicula, id_actor, personaje) VALUES (313369, 54693, 'Mia');
INSERT OR REPLACE INTO Pelicula_Actor (id_pelicula, id_actor, personaje) VALUES (313369, 113461, 'Keith');
INSERT OR REPLACE INTO Pelicula_Actor (id_pelicula, id_actor, personaje) VALUES (313369, 14892, 'Laura');
INSERT OR REPLACE INTO Pelicula_Actor (id_pelicula, id_actor, personaje) VALUES (313369, 168877, 'Greg');
INSERT OR IGNORE INTO Pelicula_Categoria (id_pelicula, id_categoria) VALUES (313369, 12);
INSERT OR IGNORE INTO Pelicula_Categoria (id_pelicula, id_categoria) VALUES (313369, 7);
INSERT OR IGNORE INTO Pelicula_Categoria (id_pelicula, id_categoria) VALUES (313369, 10);
-- Fin película: La ciudad de las estrellas (La La Land) --
INSERT OR IGNORE INTO Actor (id_actor, nombre, foto_path) VALUES (1592855, 'Madelaine Petsch', 'https://image.tmdb.org/t/p/original/mfZo30YgMx7vhAUajM8OG6I6VM8.jpg');
INSERT OR IGNORE INTO Actor (id_actor, nombre, foto_path) VALUES (3901, 'Richard Brake', 'https://image.tmdb.org/t/p/original/JwsiErANShzPSdYsNoiNYdrSg1.jpg');
INSERT OR IGNORE INTO Actor (id_actor, nombre, foto_path) VALUES (1076119, 'Rachel Shenton', 'https://image.tmdb.org/t/p/original/AuFmd6sNQWA5CHYx8cRbVApBaKs.jpg');
INSERT OR IGNORE INTO Actor (id_actor, nombre, foto_path) VALUES (1144353, 'Kyle Breitkopf', 'https://image.tmdb.org/t/p/original/zAxDr9wdkLYPD3sVnW5Y9gZVgA4.jpg');
INSERT OR IGNORE INTO Actor (id_actor, nombre, foto_path) VALUES (1622199, 'George Young', 'https://image.tmdb.org/t/p/original/dDTtlhWEnqIvBoOljmX2Hoi8IO4.jpg');
INSERT OR REPLACE INTO Pelicula (id_pelicula, titulo, descripcion, poster_path, backdrop_path, trailer, anio_estreno, duracion) VALUES (1010755, 'Strangers: Capítulo 3', 'Los supervivientes se enfrentan a nuevas amenazas de extraños enmascarados. Secretos salen a la luz, poniendo en peligro sus vidas mientras la línea entre realidad y peligro se difumina en su lucha por sobrevivir. Tercera y última de la trilogía de películas basadas en "Los extraños" (2008)', 'https://image.tmdb.org/t/p/original/yPegTig8dQNYiW2UW21LTNChGkK.jpg', 'https://image.tmdb.org/t/p/original/fPfDB0IHOqvmKIzFP9CA51OOS1N.jpg', '', 2026, 92);
INSERT OR REPLACE INTO Pelicula_Actor (id_pelicula, id_actor, personaje) VALUES (1010755, 1592855, 'Maya');
INSERT OR REPLACE INTO Pelicula_Actor (id_pelicula, id_actor, personaje) VALUES (1010755, 3901, 'Sheriff Rotter');
INSERT OR REPLACE INTO Pelicula_Actor (id_pelicula, id_actor, personaje) VALUES (1010755, 1076119, 'Debbie');
INSERT OR REPLACE INTO Pelicula_Actor (id_pelicula, id_actor, personaje) VALUES (1010755, 1144353, 'Teenage Gregory / Scarecrow');
INSERT OR REPLACE INTO Pelicula_Actor (id_pelicula, id_actor, personaje) VALUES (1010755, 1622199, 'Howard');
INSERT OR IGNORE INTO Pelicula_Categoria (id_pelicula, id_categoria) VALUES (1010755, 4);
INSERT OR IGNORE INTO Pelicula_Categoria (id_pelicula, id_categoria) VALUES (1010755, 6);
-- Fin película: Strangers: Capítulo 3 --
INSERT OR IGNORE INTO Actor (id_actor, nombre, foto_path) VALUES (6384, 'Keanu Reeves', 'https://image.tmdb.org/t/p/original/8RZLOyYGsoRe9p44q3xin9QkMHv.jpg');
INSERT OR IGNORE INTO Actor (id_actor, nombre, foto_path) VALUES (86626, 'Aziz Ansari', 'https://image.tmdb.org/t/p/original/yUeQHM4ycUXrUgRWgKVYKNmKxfJ.jpg');
INSERT OR IGNORE INTO Actor (id_actor, nombre, foto_path) VALUES (19274, 'Seth Rogen', 'https://image.tmdb.org/t/p/original/nYl9bvQzaPQLzlf0wf75clLN6Hi.jpg');
INSERT OR IGNORE INTO Actor (id_actor, nombre, foto_path) VALUES (74688, 'Keke Palmer', 'https://image.tmdb.org/t/p/original/f5i3WzdMt02mlfm9I9LHKRJtZ4J.jpg');
INSERT OR IGNORE INTO Actor (id_actor, nombre, foto_path) VALUES (25540, 'Sandra Oh', 'https://image.tmdb.org/t/p/original/zU8vjebHxcP60ESEL5Ok68KWZvj.jpg');
INSERT OR REPLACE INTO Pelicula (id_pelicula, titulo, descripcion, poster_path, backdrop_path, trailer, anio_estreno, duracion) VALUES (1114967, 'Movida celestial', 'Gabriel (Keanu Reeves), un ángel bienintencionado, pero bastante inepto, baja a la Tierra con el propósito de ayudar a Arj (Aziz Ansari), un organizador de conciertos en apuros y Jeff (Seth Rogen), un rico inversor de capital riesgo. Aunque las intenciones del angelical Gabriel son buenas, las consecuencias de sus actos no serán las esperadas…', 'https://image.tmdb.org/t/p/original/kDLQP1bbaFBTpOSM2fuPu3yBqxA.jpg', 'https://image.tmdb.org/t/p/original/nkxtuK4alXlGC87FRNDfAZJIFiB.jpg', '', 2025, 98);
INSERT OR REPLACE INTO Pelicula_Actor (id_pelicula, id_actor, personaje) VALUES (1114967, 6384, 'Gabriel');
INSERT OR REPLACE INTO Pelicula_Actor (id_pelicula, id_actor, personaje) VALUES (1114967, 86626, 'Arj / Delivery Robots (voice)');
INSERT OR REPLACE INTO Pelicula_Actor (id_pelicula, id_actor, personaje) VALUES (1114967, 19274, 'Jeff');
INSERT OR REPLACE INTO Pelicula_Actor (id_pelicula, id_actor, personaje) VALUES (1114967, 74688, 'Elena');
INSERT OR REPLACE INTO Pelicula_Actor (id_pelicula, id_actor, personaje) VALUES (1114967, 25540, 'Martha');
INSERT OR IGNORE INTO Pelicula_Categoria (id_pelicula, id_categoria) VALUES (1114967, 12);
INSERT OR IGNORE INTO Pelicula_Categoria (id_pelicula, id_categoria) VALUES (1114967, 3);
-- Fin película: Movida celestial --
INSERT OR IGNORE INTO Actor (id_actor, nombre, foto_path) VALUES (1481440, 'Daniel Stisen', 'https://image.tmdb.org/t/p/original/jhyIFfBnM5nLhHdpFiGIW6qk9x5.jpg');
INSERT OR IGNORE INTO Actor (id_actor, nombre, foto_path) VALUES (53, 'Peter Stormare', 'https://image.tmdb.org/t/p/original/1rtpuUqBV29jDc1huUhtjGDbEwn.jpg');
INSERT OR IGNORE INTO Actor (id_actor, nombre, foto_path) VALUES (21315, 'Eric Roberts', 'https://image.tmdb.org/t/p/original/NiWg1TaUcal7xn1ZQeyA2dLd5F.jpg');
INSERT OR IGNORE INTO Actor (id_actor, nombre, foto_path) VALUES (2437985, 'Adam Basil', 'https://image.tmdb.org/t/p/original/nFacpuhpaOl013z9cUqL1dSFxtj.jpg');
INSERT OR IGNORE INTO Actor (id_actor, nombre, foto_path) VALUES (1322309, 'Akie Kotabe', 'https://image.tmdb.org/t/p/original/89qQru3SueSpKPhAb1MgoIZEnen.jpg');
INSERT OR REPLACE INTO Pelicula (id_pelicula, titulo, descripcion, poster_path, backdrop_path, trailer, anio_estreno, duracion) VALUES (1296504, 'Venganza justificada', 'En 2025, dos amigos se enfrentan a decisiones difíciles mientras luchan por sus ideales en medio de tensiones sociales. Su amistad se pone a prueba y deben aprender a mantenerse firmes, incluso cuando las cosas se complican.', 'https://image.tmdb.org/t/p/original/3kliZ6mw8ZgnhfmHw14Zye6GyPS.jpg', 'https://image.tmdb.org/t/p/original/wE1TZtB5G1fdiln3PPnnLhExuCz.jpg', '', 2025, 100);
INSERT OR REPLACE INTO Pelicula_Actor (id_pelicula, id_actor, personaje) VALUES (1296504, 1481440, 'Jack Johnson');
INSERT OR REPLACE INTO Pelicula_Actor (id_pelicula, id_actor, personaje) VALUES (1296504, 53, 'Bastion');
INSERT OR REPLACE INTO Pelicula_Actor (id_pelicula, id_actor, personaje) VALUES (1296504, 21315, 'Earl');
INSERT OR REPLACE INTO Pelicula_Actor (id_pelicula, id_actor, personaje) VALUES (1296504, 2437985, 'Mouse');
INSERT OR REPLACE INTO Pelicula_Actor (id_pelicula, id_actor, personaje) VALUES (1296504, 1322309, 'Officer Jones');
INSERT OR IGNORE INTO Pelicula_Categoria (id_pelicula, id_categoria) VALUES (1296504, 5);
INSERT OR IGNORE INTO Pelicula_Categoria (id_pelicula, id_categoria) VALUES (1296504, 6);
INSERT OR IGNORE INTO Pelicula_Categoria (id_pelicula, id_categoria) VALUES (1296504, 9);
-- Fin película: Venganza justificada --
INSERT OR IGNORE INTO Actor (id_actor, nombre, foto_path) VALUES (32895, 'Kevin James', 'https://image.tmdb.org/t/p/original/3WPW5duZyQcjveefxwLULgIyhM0.jpg');
INSERT OR IGNORE INTO Actor (id_actor, nombre, foto_path) VALUES (21595, 'Alyson Hannigan', 'https://image.tmdb.org/t/p/original/bO16z8rAzZWdjCga8dcbJ2AFAh2.jpg');
INSERT OR IGNORE INTO Actor (id_actor, nombre, foto_path) VALUES (8335, 'Kim Coates', 'https://image.tmdb.org/t/p/original/brhVd2vTTBJNpM2ZrOFc6SnXCAd.jpg');
INSERT OR IGNORE INTO Actor (id_actor, nombre, foto_path) VALUES (1495825, 'Jonathan Roumie', 'https://image.tmdb.org/t/p/original/3YNwBebw2jNzV0FvbhAsDZoOjuQ.jpg');
INSERT OR IGNORE INTO Actor (id_actor, nombre, foto_path) VALUES (55256, 'Julie Ann Emery', 'https://image.tmdb.org/t/p/original/i7sKJ490oQfxnpa6ebqAQRWOaLU.jpg');
INSERT OR REPLACE INTO Pelicula (id_pelicula, titulo, descripcion, poster_path, backdrop_path, trailer, anio_estreno, duracion) VALUES (1291335, 'Solo Mio', '', 'https://image.tmdb.org/t/p/original/fFjCz7pX9gZofqgbEnYxk3C1Ixo.jpg', 'https://image.tmdb.org/t/p/original/fTG8itSb1a4O2BgUMjXdwO64qTz.jpg', '', 2026, 100);
INSERT OR REPLACE INTO Pelicula_Actor (id_pelicula, id_actor, personaje) VALUES (1291335, 32895, 'Matt Taylor');
INSERT OR REPLACE INTO Pelicula_Actor (id_pelicula, id_actor, personaje) VALUES (1291335, 21595, 'Meghan');
INSERT OR REPLACE INTO Pelicula_Actor (id_pelicula, id_actor, personaje) VALUES (1291335, 8335, 'Julian');
INSERT OR REPLACE INTO Pelicula_Actor (id_pelicula, id_actor, personaje) VALUES (1291335, 1495825, 'Neil');
INSERT OR REPLACE INTO Pelicula_Actor (id_pelicula, id_actor, personaje) VALUES (1291335, 55256, 'Heather');
INSERT OR IGNORE INTO Pelicula_Categoria (id_pelicula, id_categoria) VALUES (1291335, 10);
INSERT OR IGNORE INTO Pelicula_Categoria (id_pelicula, id_categoria) VALUES (1291335, 12);
-- Fin película: Solo Mio --
INSERT OR IGNORE INTO Actor (id_actor, nombre, foto_path) VALUES (4115114, 'Margot Ringard Oldra', '');
INSERT OR IGNORE INTO Actor (id_actor, nombre, foto_path) VALUES (5443009, 'Oscar Tresanini', 'https://image.tmdb.org/t/p/original/jqjdgri0SA5OdAHay4ZTJqEOhcD.jpg');
INSERT OR IGNORE INTO Actor (id_actor, nombre, foto_path) VALUES (5813796, 'Nathanaël Perrot', '');
INSERT OR IGNORE INTO Actor (id_actor, nombre, foto_path) VALUES (1096167, 'Alma Jodorowsky', 'https://image.tmdb.org/t/p/original/1Uh2MYZmly1nsKHXoveYQlfAANC.jpg');
INSERT OR IGNORE INTO Actor (id_actor, nombre, foto_path) VALUES (145120, 'Swann Arlaud', 'https://image.tmdb.org/t/p/original/4f0uzg6eIekIhCuihvqYeVlxf6B.jpg');
INSERT OR REPLACE INTO Pelicula (id_pelicula, titulo, descripcion, poster_path, backdrop_path, trailer, anio_estreno, duracion) VALUES (804370, 'Arco', 'En el año 2075, Iris, una niña de 10 años, ve caer del cielo a un misterioso niño con un traje de arcoíris. Es Arco. Iris lo acogerá y lo ayudará por todos los medios posibles a volver a su hogar.', 'https://image.tmdb.org/t/p/original/gLw9C4hmoJgE2S2HkQZXuRmVoC.jpg', 'https://image.tmdb.org/t/p/original/jFKbhV0uFZuA3K73UJIq1dzisCi.jpg', 'https://www.youtube.com/watch?v=R9deImfiNZI', 2025, 88);
INSERT OR REPLACE INTO Pelicula_Actor (id_pelicula, id_actor, personaje) VALUES (804370, 4115114, 'Iris (voice)');
INSERT OR REPLACE INTO Pelicula_Actor (id_pelicula, id_actor, personaje) VALUES (804370, 5443009, 'Arco (voice)');
INSERT OR REPLACE INTO Pelicula_Actor (id_pelicula, id_actor, personaje) VALUES (804370, 5813796, 'Clifford (voice)');
INSERT OR REPLACE INTO Pelicula_Actor (id_pelicula, id_actor, personaje) VALUES (804370, 1096167, 'Jeanne / Mikki (voice)');
INSERT OR REPLACE INTO Pelicula_Actor (id_pelicula, id_actor, personaje) VALUES (804370, 145120, 'Tom / Mikki  (voice)');
INSERT OR IGNORE INTO Pelicula_Categoria (id_pelicula, id_categoria) VALUES (804370, 5);
INSERT OR IGNORE INTO Pelicula_Categoria (id_pelicula, id_categoria) VALUES (804370, 1);
INSERT OR IGNORE INTO Pelicula_Categoria (id_pelicula, id_categoria) VALUES (804370, 3);
INSERT OR IGNORE INTO Pelicula_Categoria (id_pelicula, id_categoria) VALUES (804370, 3);
INSERT OR IGNORE INTO Pelicula_Categoria (id_pelicula, id_categoria) VALUES (804370, 12);
-- Fin película: Arco --
INSERT OR IGNORE INTO Actor (id_actor, nombre, foto_path) VALUES (1059597, 'Zoey Deutch', 'https://image.tmdb.org/t/p/original/i7KQJVFo8isaNOSs1ORvj4e2GXY.jpg');
INSERT OR IGNORE INTO Actor (id_actor, nombre, foto_path) VALUES (1599391, 'Jonah Hauer-King', 'https://image.tmdb.org/t/p/original/yXGsk9UtOV9tprU5ZSuhwdFtaBB.jpg');
INSERT OR IGNORE INTO Actor (id_actor, nombre, foto_path) VALUES (2806036, 'Ruby Cruz', 'https://image.tmdb.org/t/p/original/w8gUTSzEqbwM2LmduXIbY82mKDU.jpg');
INSERT OR IGNORE INTO Actor (id_actor, nombre, foto_path) VALUES (1998733, 'Jaboukie Young-White', 'https://image.tmdb.org/t/p/original/8OYI8OqsMUpBZica4lM2odjgVH6.jpg');
INSERT OR IGNORE INTO Actor (id_actor, nombre, foto_path) VALUES (426216, 'Josh Segarra', 'https://image.tmdb.org/t/p/original/vXhukEBgpI8jmCUCSGcpJCNzXHV.jpg');
INSERT OR REPLACE INTO Pelicula (id_pelicula, titulo, descripcion, poster_path, backdrop_path, trailer, anio_estreno, duracion) VALUES (993708, 'Un juego de tres', 'El eterno enamoramiento de un joven le lleva a un trío inesperado, cree que es su última fantasía hecha realidad. Cuando la fantasía termina, los tres se ven obligados a asumir la responsabilidad de sus actos.', 'https://image.tmdb.org/t/p/original/4Ptyvpmnk9RcxxdK610VtXpHf1w.jpg', 'https://image.tmdb.org/t/p/original/vXYRqIySwaa56quJGRKxXfSaTh0.jpg', '', 2025, 112);
INSERT OR REPLACE INTO Pelicula_Actor (id_pelicula, id_actor, personaje) VALUES (993708, 1059597, 'Olivia Capitano');
INSERT OR REPLACE INTO Pelicula_Actor (id_pelicula, id_actor, personaje) VALUES (993708, 1599391, 'Connor');
INSERT OR REPLACE INTO Pelicula_Actor (id_pelicula, id_actor, personaje) VALUES (993708, 2806036, 'Jenny');
INSERT OR REPLACE INTO Pelicula_Actor (id_pelicula, id_actor, personaje) VALUES (993708, 1998733, 'Greg');
INSERT OR REPLACE INTO Pelicula_Actor (id_pelicula, id_actor, personaje) VALUES (993708, 426216, 'Kevin');
INSERT OR IGNORE INTO Pelicula_Categoria (id_pelicula, id_categoria) VALUES (993708, 12);
INSERT OR IGNORE INTO Pelicula_Categoria (id_pelicula, id_categoria) VALUES (993708, 10);
INSERT OR IGNORE INTO Pelicula_Categoria (id_pelicula, id_categoria) VALUES (993708, 7);
-- Fin película: Un juego de tres --
INSERT OR IGNORE INTO Actor (id_actor, nombre, foto_path) VALUES (27102, 'Wanda Sykes', 'https://image.tmdb.org/t/p/original/kHC6rgzF1B39mojqhhEbkspdxCS.jpg');
INSERT OR IGNORE INTO Actor (id_actor, nombre, foto_path) VALUES (2481158, 'Bentley Green', 'https://image.tmdb.org/t/p/original/tm8X157E5FAk3WvM048h3kFuo0O.jpg');
INSERT OR IGNORE INTO Actor (id_actor, nombre, foto_path) VALUES (1030204, 'Berto Colon', 'https://image.tmdb.org/t/p/original/21cgPT5bNTVOuhKpU57ZyI32azs.jpg');
INSERT OR IGNORE INTO Actor (id_actor, nombre, foto_path) VALUES (1304336, 'Danny Pardo', 'https://image.tmdb.org/t/p/original/jqJkEdkTna0bXPoOQJgt9IXHHJ0.jpg');
INSERT OR IGNORE INTO Actor (id_actor, nombre, foto_path) VALUES (2024290, 'Arischa Conner', 'https://image.tmdb.org/t/p/original/63Vqb2q4Gwv0jZMPSkGspGmn1NB.jpg');
INSERT OR REPLACE INTO Pelicula (id_pelicula, titulo, descripcion, poster_path, backdrop_path, trailer, anio_estreno, duracion) VALUES (1245084, 'Undercard', '', 'https://image.tmdb.org/t/p/original/5QRH0zH0rCYHuEkwz5vAVORfSji.jpg', 'https://image.tmdb.org/t/p/original/pqfqN3DAjDASlYxqW0R295aXjRW.jpg', '', 2026, 105);
INSERT OR REPLACE INTO Pelicula_Actor (id_pelicula, id_actor, personaje) VALUES (1245084, 27102, 'Cheryl 'No Mercy' Stewart');
INSERT OR REPLACE INTO Pelicula_Actor (id_pelicula, id_actor, personaje) VALUES (1245084, 2481158, 'Keith');
INSERT OR REPLACE INTO Pelicula_Actor (id_pelicula, id_actor, personaje) VALUES (1245084, 1030204, 'Hector');
INSERT OR REPLACE INTO Pelicula_Actor (id_pelicula, id_actor, personaje) VALUES (1245084, 1304336, 'Bob Fox');
INSERT OR REPLACE INTO Pelicula_Actor (id_pelicula, id_actor, personaje) VALUES (1245084, 2024290, 'Anita');
INSERT OR IGNORE INTO Pelicula_Categoria (id_pelicula, id_categoria) VALUES (1245084, 7);
-- Fin película: Undercard --
INSERT OR IGNORE INTO Actor (id_actor, nombre, foto_path) VALUES (118545, 'Dakota Johnson', 'https://image.tmdb.org/t/p/original/qFek0KqpaPV5mVyHHNfAapDE9Tj.jpg');
INSERT OR IGNORE INTO Actor (id_actor, nombre, foto_path) VALUES (1371297, 'Adria Arjona', 'https://image.tmdb.org/t/p/original/hzu7OqTmNCT1xdCdmwBSf2yJvaO.jpg');
INSERT OR IGNORE INTO Actor (id_actor, nombre, foto_path) VALUES (1983503, 'Kyle Marvin', 'https://image.tmdb.org/t/p/original/6i3BTrlNjsjZDIDMFnwMPcxzTiq.jpg');
INSERT OR IGNORE INTO Actor (id_actor, nombre, foto_path) VALUES (1175743, 'Michael Angelo Covino', 'https://image.tmdb.org/t/p/original/2cqHckGHSyBSGojJyqRZPTlUDLB.jpg');
INSERT OR IGNORE INTO Actor (id_actor, nombre, foto_path) VALUES (85139, 'Nicholas Braun', 'https://image.tmdb.org/t/p/original/b2I6bZptuld3pjlVkYIy4DtMKGg.jpg');
INSERT OR REPLACE INTO Pelicula (id_pelicula, titulo, descripcion, poster_path, backdrop_path, trailer, anio_estreno, duracion) VALUES (1337562, 'Amores Compartidos', 'Cuando Ashley le pide el divorcio, el bonachón de Carey acude a sus amigos, Julie y Paul, en busca de apoyo. Su secreto para ser felices es un matrimonio abierto, pero Carey cruza la línea y hace que todas sus relaciones se conviertan en un caos.', 'https://image.tmdb.org/t/p/original/q2nkQ0EnHyniqDPfOKYOGR5vSuW.jpg', 'https://image.tmdb.org/t/p/original/8XXIyghvMJQRopPbuz1HRT5ydTp.jpg', '', 2025, 105);
INSERT OR REPLACE INTO Pelicula_Actor (id_pelicula, id_actor, personaje) VALUES (1337562, 118545, 'Julie');
INSERT OR REPLACE INTO Pelicula_Actor (id_pelicula, id_actor, personaje) VALUES (1337562, 1371297, 'Ashley');
INSERT OR REPLACE INTO Pelicula_Actor (id_pelicula, id_actor, personaje) VALUES (1337562, 1983503, 'Carey');
INSERT OR REPLACE INTO Pelicula_Actor (id_pelicula, id_actor, personaje) VALUES (1337562, 1175743, 'Paul');
INSERT OR REPLACE INTO Pelicula_Actor (id_pelicula, id_actor, personaje) VALUES (1337562, 85139, 'Matt');
INSERT OR IGNORE INTO Pelicula_Categoria (id_pelicula, id_categoria) VALUES (1337562, 12);
-- Fin película: Amores Compartidos --
INSERT OR IGNORE INTO Actor (id_actor, nombre, foto_path) VALUES (6193, 'Leonardo DiCaprio', 'https://image.tmdb.org/t/p/original/wo2hJpn04vbtmh0B9utCFdsQhxM.jpg');
INSERT OR IGNORE INTO Actor (id_actor, nombre, foto_path) VALUES (2524, 'Tom Hardy', 'https://image.tmdb.org/t/p/original/32pesf3nGyLOQEVrhsFHpdbbMli.jpg');
INSERT OR IGNORE INTO Actor (id_actor, nombre, foto_path) VALUES (93210, 'Domhnall Gleeson', 'https://image.tmdb.org/t/p/original/uDbwncuKlqL0fAuucXSvgakJDrc.jpg');
INSERT OR IGNORE INTO Actor (id_actor, nombre, foto_path) VALUES (93491, 'Will Poulter', 'https://image.tmdb.org/t/p/original/9blYMaj79VGC6BHTLmJp3V5S8r3.jpg');
INSERT OR IGNORE INTO Actor (id_actor, nombre, foto_path) VALUES (1560185, 'Forrest Goodluck', 'https://image.tmdb.org/t/p/original/bJk2atLajV2o4GnwkJgMpq5WPXN.jpg');
INSERT OR REPLACE INTO Pelicula (id_pelicula, titulo, descripcion, poster_path, backdrop_path, trailer, anio_estreno, duracion) VALUES (281957, 'El renacido', 'Durante una expedición en las tierras salvajes americanas, el legendario explorador Hugh Glass es brutalmente atacado por un oso y dado por muerto por los miembros de su propia partida de caza. En su cruzada por sobrevivir, Glass supera inimaginables tribulaciones, además de la traición de su confidente John Fitzgerald. Guiado por la pura determinación y el amor de su familia, Glass deberá superar un duro invierno mientras busca sin descanso un motivo para seguir adelante y encontrar la redención.', 'https://image.tmdb.org/t/p/original/k3Jh7J5GGMx1lmr7qmynRxOvOK5.jpg', 'https://image.tmdb.org/t/p/original/mNQtUJv1F3u0uSKILFrGjIHqkxx.jpg', 'https://www.youtube.com/watch?v=a8HRA49kaok', 2015, 156);
INSERT OR REPLACE INTO Pelicula_Actor (id_pelicula, id_actor, personaje) VALUES (281957, 6193, 'Hugh Glass');
INSERT OR REPLACE INTO Pelicula_Actor (id_pelicula, id_actor, personaje) VALUES (281957, 2524, 'John Fitzgerald');
INSERT OR REPLACE INTO Pelicula_Actor (id_pelicula, id_actor, personaje) VALUES (281957, 93210, 'Captain Andrew Henry');
INSERT OR REPLACE INTO Pelicula_Actor (id_pelicula, id_actor, personaje) VALUES (281957, 93491, 'Jim Bridger');
INSERT OR REPLACE INTO Pelicula_Actor (id_pelicula, id_actor, personaje) VALUES (281957, 1560185, 'Hawk');
INSERT OR IGNORE INTO Pelicula_Categoria (id_pelicula, id_categoria) VALUES (281957, 2);
INSERT OR IGNORE INTO Pelicula_Categoria (id_pelicula, id_categoria) VALUES (281957, 7);
INSERT OR IGNORE INTO Pelicula_Categoria (id_pelicula, id_categoria) VALUES (281957, 1);
-- Fin película: El renacido --
INSERT OR IGNORE INTO Actor (id_actor, nombre, foto_path) VALUES (37917, 'Kristen Stewart', 'https://image.tmdb.org/t/p/original/ryhCjTGqS6G6OprbR0qUEH355lA.jpg');
INSERT OR IGNORE INTO Actor (id_actor, nombre, foto_path) VALUES (11288, 'Robert Pattinson', 'https://image.tmdb.org/t/p/original/8A4PS5iG7GWEAVFftyqMZKl3qcr.jpg');
INSERT OR IGNORE INTO Actor (id_actor, nombre, foto_path) VALUES (84214, 'Taylor Lautner', 'https://image.tmdb.org/t/p/original/fpaxCUZEpBHtg6HuXjjJPf0tep9.jpg');
INSERT OR IGNORE INTO Actor (id_actor, nombre, foto_path) VALUES (501, 'Dakota Fanning', 'https://image.tmdb.org/t/p/original/hwcO08SVWkelfvgfIa5HsTMxsK8.jpg');
INSERT OR IGNORE INTO Actor (id_actor, nombre, foto_path) VALUES (3968, 'Michael Sheen', 'https://image.tmdb.org/t/p/original/nGxIcIcfJjdPN3k8zFabtA1gRqL.jpg');
INSERT OR REPLACE INTO Pelicula (id_pelicula, titulo, descripcion, poster_path, backdrop_path, trailer, anio_estreno, duracion) VALUES (18239, 'La saga Crepúsculo: Luna nueva', 'Edward Cullen decide abandonar a Bella Swan para mantenerla alejada de los peligros del mundo vampírico. Con la ayuda de Jacob Black, su amigo de la infancia y miembro de la misteriosa tribu quileute, Bella intentará superar el abandono de Edward, que la ha dejado sumida en el mayor de los desconsuelos. Pero los peligros siguen acechando a la joven; nuevas y asombrosas criaturas sobrenaturales se cruzarán en su camino, y Bella sólo contará con el apoyo del cada vez más cercano e irresistible Jacob. Repentinamente, Bella se encuentra inmersa en el mundo de los hombres lobo, ancestrales enemigos de los vampiros, y su lealtad es puesta a prueba...', 'https://image.tmdb.org/t/p/original/l5lF8VHTO5QKObAKE3Wp2QQfGZJ.jpg', 'https://image.tmdb.org/t/p/original/dF2c20sRDgySZLaLS2OUerL07sz.jpg', 'https://www.youtube.com/watch?v=oDu2ifwrQNA', 2009, 131);
INSERT OR REPLACE INTO Pelicula_Actor (id_pelicula, id_actor, personaje) VALUES (18239, 37917, 'Bella Swan');
INSERT OR REPLACE INTO Pelicula_Actor (id_pelicula, id_actor, personaje) VALUES (18239, 11288, 'Edward Cullen');
INSERT OR REPLACE INTO Pelicula_Actor (id_pelicula, id_actor, personaje) VALUES (18239, 84214, 'Jacob Black');
INSERT OR REPLACE INTO Pelicula_Actor (id_pelicula, id_actor, personaje) VALUES (18239, 501, 'Jane');
INSERT OR REPLACE INTO Pelicula_Actor (id_pelicula, id_actor, personaje) VALUES (18239, 3968, 'Aro');
INSERT OR IGNORE INTO Pelicula_Categoria (id_pelicula, id_categoria) VALUES (18239, 1);
INSERT OR IGNORE INTO Pelicula_Categoria (id_pelicula, id_categoria) VALUES (18239, 3);
INSERT OR IGNORE INTO Pelicula_Categoria (id_pelicula, id_categoria) VALUES (18239, 7);
INSERT OR IGNORE INTO Pelicula_Categoria (id_pelicula, id_categoria) VALUES (18239, 10);
-- Fin película: La saga Crepúsculo: Luna nueva --

-- === LOTE: Upcoming - Page 4 (2026-02-06T06:37:55.998Z) ===
INSERT OR IGNORE INTO Actor (id_actor, nombre, foto_path) VALUES (2982534, 'Emile Chérif', 'https://image.tmdb.org/t/p/original/1piOAICtgfVvKAU8QSZLjNILUJ3.jpg');
INSERT OR IGNORE INTO Actor (id_actor, nombre, foto_path) VALUES (4072268, 'Lilli Falk', 'https://image.tmdb.org/t/p/original/rdvtuPzvSkfYu3R14keUNS3rg1w.jpg');
INSERT OR IGNORE INTO Actor (id_actor, nombre, foto_path) VALUES (4670408, 'Johan von Ehrlich', 'https://image.tmdb.org/t/p/original/iPWqsR5AlZHEgk1RKvymgQtbWna.jpg');
INSERT OR IGNORE INTO Actor (id_actor, nombre, foto_path) VALUES (4670430, 'Sophie Lelenta', 'https://image.tmdb.org/t/p/original/jigsqYSV9zVGkbjVqhAPVGpLcSQ.jpg');
INSERT OR IGNORE INTO Actor (id_actor, nombre, foto_path) VALUES (4523550, 'Olivia Sinclair', 'https://image.tmdb.org/t/p/original/ck6hnWslF3lQobJOVQ8KS42rd4m.jpg');
INSERT OR REPLACE INTO Pelicula (id_pelicula, titulo, descripcion, poster_path, backdrop_path, trailer, anio_estreno, duracion) VALUES (1278853, 'Woodwalkers 2', '', 'https://image.tmdb.org/t/p/original/yQjKR2J93rzpOYkpBfytkubc3jP.jpg', 'https://image.tmdb.org/t/p/original/sueKcqeTG4tk7yeDXCHDvkYS8rl.jpg', '', 2026, 102);
INSERT OR REPLACE INTO Pelicula_Actor (id_pelicula, id_actor, personaje) VALUES (1278853, 2982534, 'Carag');
INSERT OR REPLACE INTO Pelicula_Actor (id_pelicula, id_actor, personaje) VALUES (1278853, 4072268, 'Holly');
INSERT OR REPLACE INTO Pelicula_Actor (id_pelicula, id_actor, personaje) VALUES (1278853, 4670408, 'Brandon');
INSERT OR REPLACE INTO Pelicula_Actor (id_pelicula, id_actor, personaje) VALUES (1278853, 4670430, 'Lou');
INSERT OR REPLACE INTO Pelicula_Actor (id_pelicula, id_actor, personaje) VALUES (1278853, 4523550, 'Tikaani');
INSERT OR IGNORE INTO Pelicula_Categoria (id_pelicula, id_categoria) VALUES (1278853, 3);
INSERT OR IGNORE INTO Pelicula_Categoria (id_pelicula, id_categoria) VALUES (1278853, 12);
INSERT OR IGNORE INTO Pelicula_Categoria (id_pelicula, id_categoria) VALUES (1278853, 1);
-- Fin película: Woodwalkers 2 --
INSERT OR IGNORE INTO Actor (id_actor, nombre, foto_path) VALUES (622, '松田洋治', 'https://image.tmdb.org/t/p/original/42WeHwCymsgJh3mLAyknCdRcef8.jpg');
INSERT OR IGNORE INTO Actor (id_actor, nombre, foto_path) VALUES (20330, '石田ゆり子', 'https://image.tmdb.org/t/p/original/cADoBCi603Chz2IaxcwWT2mNwCf.jpg');
INSERT OR IGNORE INTO Actor (id_actor, nombre, foto_path) VALUES (20331, '田中裕子', 'https://image.tmdb.org/t/p/original/fMonAnp3OQ16FmGy5SGhEJRcuVI.jpg');
INSERT OR IGNORE INTO Actor (id_actor, nombre, foto_path) VALUES (20332, '小林薫', 'https://image.tmdb.org/t/p/original/zpnQ8L6SpyT8pI5vgbpKqXyMYoj.jpg');
INSERT OR IGNORE INTO Actor (id_actor, nombre, foto_path) VALUES (20333, 'Masahiko Nishimura', 'https://image.tmdb.org/t/p/original/2fXvxAI4KySYgp9KZMzkK4q2TkY.jpg');
INSERT OR REPLACE INTO Pelicula (id_pelicula, titulo, descripcion, poster_path, backdrop_path, trailer, anio_estreno, duracion) VALUES (128, 'La princesa Mononoke', 'Tras sufrir el ataque de un monstruoso jabalí maldito, el joven Ashitaka emprende el camino en busca de la cura que detenga la infección. Mientras, los humanos están acabando con los bosques y los dioses convertidos en temibles bestias hacen todo lo posible por protegerlo encabezados por Mononoke, una princesa guerrera. Ashikata deberá escoger bando y decidir si ayudar a los hombres o las deidades intentando detener la maldición de su herida que se extiende por su cuerpo sin cuartel.', 'https://image.tmdb.org/t/p/original/xP466sdt19CPLVljpRwI7luEgFn.jpg', 'https://image.tmdb.org/t/p/original/gl0jzn4BupSbL2qMVeqrjKkF9Js.jpg', 'https://www.youtube.com/watch?v=NixsPRMfqV0', 1997, 134);
INSERT OR REPLACE INTO Pelicula_Actor (id_pelicula, id_actor, personaje) VALUES (128, 622, 'Ashitaka (voice)');
INSERT OR REPLACE INTO Pelicula_Actor (id_pelicula, id_actor, personaje) VALUES (128, 20330, 'San / Kaya (voice)');
INSERT OR REPLACE INTO Pelicula_Actor (id_pelicula, id_actor, personaje) VALUES (128, 20331, 'Eboshi Gozen (voice)');
INSERT OR REPLACE INTO Pelicula_Actor (id_pelicula, id_actor, personaje) VALUES (128, 20332, 'Jikobo (voice)');
INSERT OR REPLACE INTO Pelicula_Actor (id_pelicula, id_actor, personaje) VALUES (128, 20333, 'Kouroku (voice)');
INSERT OR IGNORE INTO Pelicula_Categoria (id_pelicula, id_categoria) VALUES (128, 1);
INSERT OR IGNORE INTO Pelicula_Categoria (id_pelicula, id_categoria) VALUES (128, 3);
INSERT OR IGNORE INTO Pelicula_Categoria (id_pelicula, id_categoria) VALUES (128, 5);
-- Fin película: La princesa Mononoke --
INSERT OR IGNORE INTO Actor (id_actor, nombre, foto_path) VALUES (85034, 'रणबीर कपूर', 'https://image.tmdb.org/t/p/original/ymYNHV9luwgyrw17NXHqbOWTQkg.jpg');
INSERT OR IGNORE INTO Actor (id_actor, nombre, foto_path) VALUES (1752056, 'Rashmika Mandanna', 'https://image.tmdb.org/t/p/original/c1wQq0OAzU9nFhGYn4iOoi7dmqD.jpg');
INSERT OR IGNORE INTO Actor (id_actor, nombre, foto_path) VALUES (72118, 'Anil Kapoor', 'https://image.tmdb.org/t/p/original/6RcrXGFzO50Tazqc8tbDlzYKvTd.jpg');
INSERT OR IGNORE INTO Actor (id_actor, nombre, foto_path) VALUES (77235, 'Bobby Deol', 'https://image.tmdb.org/t/p/original/2npVa3PduichY8e7qBiE54m9VVP.jpg');
INSERT OR IGNORE INTO Actor (id_actor, nombre, foto_path) VALUES (2100209, 'Triptii Dimri', 'https://image.tmdb.org/t/p/original/bAwn2jF0X67qUzmO27X34THLJ4w.jpg');
INSERT OR REPLACE INTO Pelicula (id_pelicula, titulo, descripcion, poster_path, backdrop_path, trailer, anio_estreno, duracion) VALUES (781732, 'Animal', '', 'https://image.tmdb.org/t/p/original/hr9rjR3J0xBBKmlJ4n3gHId9ccx.jpg', 'https://image.tmdb.org/t/p/original/lprsAHkwMxk2iC6VZxNmV0H7g1t.jpg', '', 2023, 201);
INSERT OR REPLACE INTO Pelicula_Actor (id_pelicula, id_actor, personaje) VALUES (781732, 85034, 'Ranvijay Balbir Singh / Aziz Haque');
INSERT OR REPLACE INTO Pelicula_Actor (id_pelicula, id_actor, personaje) VALUES (781732, 1752056, 'Geetanjali Singh');
INSERT OR REPLACE INTO Pelicula_Actor (id_pelicula, id_actor, personaje) VALUES (781732, 72118, 'Balbir Singh');
INSERT OR REPLACE INTO Pelicula_Actor (id_pelicula, id_actor, personaje) VALUES (781732, 77235, 'Abrar Haque');
INSERT OR REPLACE INTO Pelicula_Actor (id_pelicula, id_actor, personaje) VALUES (781732, 2100209, 'Zoya Riaz');
INSERT OR IGNORE INTO Pelicula_Categoria (id_pelicula, id_categoria) VALUES (781732, 5);
INSERT OR IGNORE INTO Pelicula_Categoria (id_pelicula, id_categoria) VALUES (781732, 9);
INSERT OR IGNORE INTO Pelicula_Categoria (id_pelicula, id_categoria) VALUES (781732, 7);
-- Fin película: Animal --
INSERT OR IGNORE INTO Actor (id_actor, nombre, foto_path) VALUES (7056, 'Emma Thompson', 'https://image.tmdb.org/t/p/original/xVrrH7dAoeotune3TWjv5Tr3F3U.jpg');
INSERT OR IGNORE INTO Actor (id_actor, nombre, foto_path) VALUES (20750, 'Judy Greer', 'https://image.tmdb.org/t/p/original/j5fyC7BdkhheN9A93ryEvHAP4Nl.jpg');
INSERT OR IGNORE INTO Actor (id_actor, nombre, foto_path) VALUES (212776, 'Marc Menchaca', 'https://image.tmdb.org/t/p/original/fL0LmdBwau30M4AFPVJrpLRXXsU.jpg');
INSERT OR IGNORE INTO Actor (id_actor, nombre, foto_path) VALUES (2850009, 'Laurel Marsden', 'https://image.tmdb.org/t/p/original/9qXzNvaTevBkR0odMrRBsL1GQ35.jpg');
INSERT OR IGNORE INTO Actor (id_actor, nombre, foto_path) VALUES (1339199, 'Gaia Wise', 'https://image.tmdb.org/t/p/original/8K9vxA6M8goWV3HZGdz3hSPcqGe.jpg');
INSERT OR REPLACE INTO Pelicula (id_pelicula, titulo, descripcion, poster_path, backdrop_path, trailer, anio_estreno, duracion) VALUES (1235746, 'Muerte en la nieve', 'Una mujer, que viaja sola por el norte nevado de Minnesota, interrumpe el secuestro de una adolescente. A horas del pueblo más cercano y sin cobertura telefónica, se da cuenta de que es la única esperanza de la joven.', 'https://image.tmdb.org/t/p/original/Ac0Lm6Pj5LT2joGfMWmmLf5hRi9.jpg', 'https://image.tmdb.org/t/p/original/ajdB8AoHKrYlOR4yMDMZYLFyfdj.jpg', '', 2025, 97);
INSERT OR REPLACE INTO Pelicula_Actor (id_pelicula, id_actor, personaje) VALUES (1235746, 7056, 'Barb');
INSERT OR REPLACE INTO Pelicula_Actor (id_pelicula, id_actor, personaje) VALUES (1235746, 20750, 'Purple Lady');
INSERT OR REPLACE INTO Pelicula_Actor (id_pelicula, id_actor, personaje) VALUES (1235746, 212776, 'Camo Jacket');
INSERT OR REPLACE INTO Pelicula_Actor (id_pelicula, id_actor, personaje) VALUES (1235746, 2850009, 'Leah');
INSERT OR REPLACE INTO Pelicula_Actor (id_pelicula, id_actor, personaje) VALUES (1235746, 1339199, 'Young Barb');
INSERT OR IGNORE INTO Pelicula_Categoria (id_pelicula, id_categoria) VALUES (1235746, 6);
INSERT OR IGNORE INTO Pelicula_Categoria (id_pelicula, id_categoria) VALUES (1235746, 5);
-- Fin película: Muerte en la nieve --
INSERT OR IGNORE INTO Actor (id_actor, nombre, foto_path) VALUES (3120512, 'Motaz Malhees', 'https://image.tmdb.org/t/p/original/zJpFeotJjnlCDzPJldh2HnCGWnJ.jpg');
INSERT OR IGNORE INTO Actor (id_actor, nombre, foto_path) VALUES (4813228, 'Saja Kilani', 'https://image.tmdb.org/t/p/original/4I9iG1c8J2CYlWYgOtuWOrLVhQK.jpg');
INSERT OR IGNORE INTO Actor (id_actor, nombre, foto_path) VALUES (764, 'Amer Hlehel', 'https://image.tmdb.org/t/p/original/5jMEeDf5OeQVxkFOZoiNmUMXSP.jpg');
INSERT OR IGNORE INTO Actor (id_actor, nombre, foto_path) VALUES (41645, 'Clara Khoury', 'https://image.tmdb.org/t/p/original/fZRKDltimEEw6CKV7BHyT4cJVHi.jpg');
INSERT OR IGNORE INTO Actor (id_actor, nombre, foto_path) VALUES (5740784, 'Nesbat Serhan', '');
INSERT OR REPLACE INTO Pelicula (id_pelicula, titulo, descripcion, poster_path, backdrop_path, trailer, anio_estreno, duracion) VALUES (1480382, 'La voz de Hind Rajab', 'Voluntarios de la Media Luna Roja reciben una llamada urgente de una niña de 6 años atrapada en un auto bajo fuego en Gaza. Mientras intentan mantenerla en línea, luchan contra el tiempo para enviar una ambulancia a rescatarla.', 'https://image.tmdb.org/t/p/original/g6Mq2ymivGJoB7Y6XO7fNU9IJqR.jpg', 'https://image.tmdb.org/t/p/original/mQwD7GtPTkv6WF5m8AJWGrO5XOE.jpg', 'https://www.youtube.com/watch?v=Fcg-OHDCKcY', 2025, 89);
INSERT OR REPLACE INTO Pelicula_Actor (id_pelicula, id_actor, personaje) VALUES (1480382, 3120512, 'Omar A. Alqam');
INSERT OR REPLACE INTO Pelicula_Actor (id_pelicula, id_actor, personaje) VALUES (1480382, 4813228, 'Rana Hassan Faqih');
INSERT OR REPLACE INTO Pelicula_Actor (id_pelicula, id_actor, personaje) VALUES (1480382, 764, 'Mahdi M. Aljamal');
INSERT OR REPLACE INTO Pelicula_Actor (id_pelicula, id_actor, personaje) VALUES (1480382, 41645, 'Nisreen Jeries Qawas');
INSERT OR REPLACE INTO Pelicula_Actor (id_pelicula, id_actor, personaje) VALUES (1480382, 5740784, 'Leila');
INSERT OR IGNORE INTO Pelicula_Categoria (id_pelicula, id_categoria) VALUES (1480382, 7);
-- Fin película: La voz de Hind Rajab --
INSERT OR IGNORE INTO Actor (id_actor, nombre, foto_path) VALUES (4862780, 'Llúcia Garcia', 'https://image.tmdb.org/t/p/original/aplZBBmzWbaiyJ3jdgasFMtMjlV.jpg');
INSERT OR IGNORE INTO Actor (id_actor, nombre, foto_path) VALUES (4548339, 'Mitch', 'https://image.tmdb.org/t/p/original/qfvnvvoNSqMviDIGByiUfXYzKrW.jpg');
INSERT OR IGNORE INTO Actor (id_actor, nombre, foto_path) VALUES (16441, 'Tristán Ulloa', 'https://image.tmdb.org/t/p/original/sglKcvdU3e8hTy1kOghEbT0GdHS.jpg');
INSERT OR IGNORE INTO Actor (id_actor, nombre, foto_path) VALUES (1165500, 'Alberto Gracia', 'https://image.tmdb.org/t/p/original/zzH96jYK9VXOOsJBwz3suPcrHnR.jpg');
INSERT OR IGNORE INTO Actor (id_actor, nombre, foto_path) VALUES (140517, 'Miryam Gallego', 'https://image.tmdb.org/t/p/original/bW3DNCqGZpREUMF84A3znHe2Vw8.jpg');
INSERT OR REPLACE INTO Pelicula (id_pelicula, titulo, descripcion, poster_path, backdrop_path, trailer, anio_estreno, duracion) VALUES (1182861, 'Romería', 'Marina viaja a Vigo para conocer a la familia de su padre biológico, que murió de sida, al igual que su madre, cuando ella era muy pequeña. A través de los encuentros con sus tíos, tías y abuelos, Marina intenta reconstruir un relato coherente de su padre y de la historia de amor que vivió con su madre, pero no lo consigue: Todos sienten demasiada vergüenza hacia los conflictos de drogas de la pareja, algo que Marina les recuerda con su presencia.', 'https://image.tmdb.org/t/p/original/svscmm7MZml1JqBMl62REnbxhjP.jpg', 'https://image.tmdb.org/t/p/original/kohW6AcOSH2tHGNO60HGBHlaIFh.jpg', 'https://www.youtube.com/watch?v=-VKQ7z-_WrE', 2025, 115);
INSERT OR REPLACE INTO Pelicula_Actor (id_pelicula, id_actor, personaje) VALUES (1182861, 4862780, 'Marina');
INSERT OR REPLACE INTO Pelicula_Actor (id_pelicula, id_actor, personaje) VALUES (1182861, 4548339, 'Nuno');
INSERT OR REPLACE INTO Pelicula_Actor (id_pelicula, id_actor, personaje) VALUES (1182861, 16441, 'Lois');
INSERT OR REPLACE INTO Pelicula_Actor (id_pelicula, id_actor, personaje) VALUES (1182861, 1165500, 'Iago');
INSERT OR REPLACE INTO Pelicula_Actor (id_pelicula, id_actor, personaje) VALUES (1182861, 140517, 'Olalla');
INSERT OR IGNORE INTO Pelicula_Categoria (id_pelicula, id_categoria) VALUES (1182861, 7);
-- Fin película: Romería --
INSERT OR IGNORE INTO Actor (id_actor, nombre, foto_path) VALUES (37917, 'Kristen Stewart', 'https://image.tmdb.org/t/p/original/ryhCjTGqS6G6OprbR0qUEH355lA.jpg');
INSERT OR IGNORE INTO Actor (id_actor, nombre, foto_path) VALUES (11288, 'Robert Pattinson', 'https://image.tmdb.org/t/p/original/8A4PS5iG7GWEAVFftyqMZKl3qcr.jpg');
INSERT OR IGNORE INTO Actor (id_actor, nombre, foto_path) VALUES (84214, 'Taylor Lautner', 'https://image.tmdb.org/t/p/original/fpaxCUZEpBHtg6HuXjjJPf0tep9.jpg');
INSERT OR IGNORE INTO Actor (id_actor, nombre, foto_path) VALUES (18997, 'Bryce Dallas Howard', 'https://image.tmdb.org/t/p/original/rzojCKldmWQRE8RZxLeEFyoLDoQ.jpg');
INSERT OR IGNORE INTO Actor (id_actor, nombre, foto_path) VALUES (501, 'Dakota Fanning', 'https://image.tmdb.org/t/p/original/hwcO08SVWkelfvgfIa5HsTMxsK8.jpg');
INSERT OR REPLACE INTO Pelicula (id_pelicula, titulo, descripcion, poster_path, backdrop_path, trailer, anio_estreno, duracion) VALUES (24021, 'La saga Crepúsculo: Eclipse', 'En esta tercera entrega de la exitosa saga de vampiros de las novelas de Stephenie Meyer, Bella tendrá que elegir entre Edward y Jacob. La ciudad de Seattle es devastada por una serie de misteriosos asesinatos que va en aumento, mientras una vampiresa busca venganza. Bella debe escoger entre su amor por Edward y su amistad con Jacob, consciente de que su decisión puede iniciar una batalla entre vampiros y licántropos. Rodeada de peligro y con su graduación acercándose, ahora se enfrenta a la decisión más importante de su vida.', 'https://image.tmdb.org/t/p/original/mckJPxNAQ51beBQw82evAa9a2Wd.jpg', 'https://image.tmdb.org/t/p/original/oguoQWtQJcqIkmmUNbe3CmLx6AP.jpg', 'https://www.youtube.com/watch?v=I1_3xCHJ0wk', 2010, 124);
INSERT OR REPLACE INTO Pelicula_Actor (id_pelicula, id_actor, personaje) VALUES (24021, 37917, 'Bella Swan');
INSERT OR REPLACE INTO Pelicula_Actor (id_pelicula, id_actor, personaje) VALUES (24021, 11288, 'Edward Cullen');
INSERT OR REPLACE INTO Pelicula_Actor (id_pelicula, id_actor, personaje) VALUES (24021, 84214, 'Jacob Black');
INSERT OR REPLACE INTO Pelicula_Actor (id_pelicula, id_actor, personaje) VALUES (24021, 18997, 'Victoria');
INSERT OR REPLACE INTO Pelicula_Actor (id_pelicula, id_actor, personaje) VALUES (24021, 501, 'Jane');
INSERT OR IGNORE INTO Pelicula_Categoria (id_pelicula, id_categoria) VALUES (24021, 1);
INSERT OR IGNORE INTO Pelicula_Categoria (id_pelicula, id_categoria) VALUES (24021, 3);
INSERT OR IGNORE INTO Pelicula_Categoria (id_pelicula, id_categoria) VALUES (24021, 7);
INSERT OR IGNORE INTO Pelicula_Categoria (id_pelicula, id_categoria) VALUES (24021, 10);
-- Fin película: La saga Crepúsculo: Eclipse --
INSERT OR IGNORE INTO Actor (id_actor, nombre, foto_path) VALUES (1944459, 'Jacob Fortune-Lloyd', 'https://image.tmdb.org/t/p/original/vWP0TglQTAANp4ikgB7CCEBUJoP.jpg');
INSERT OR IGNORE INTO Actor (id_actor, nombre, foto_path) VALUES (1665, 'Eddie Marsan', 'https://image.tmdb.org/t/p/original/9atfOgIxhfOKvv2be8HEp6SzOct.jpg');
INSERT OR IGNORE INTO Actor (id_actor, nombre, foto_path) VALUES (1639, 'Emily Watson', 'https://image.tmdb.org/t/p/original/bd0qiJXHoLNpkCqABsh67AKRtjC.jpg');
INSERT OR IGNORE INTO Actor (id_actor, nombre, foto_path) VALUES (2732459, 'Blake Richardson', 'https://image.tmdb.org/t/p/original/4G04eH726kBKRursnewxp2mXY2w.jpg');
INSERT OR IGNORE INTO Actor (id_actor, nombre, foto_path) VALUES (559627, 'Jonah Lees', 'https://image.tmdb.org/t/p/original/jLXRVYNyQ8X2Mn9bgVelbIoQDDh.jpg');
INSERT OR REPLACE INTO Pelicula (id_pelicula, titulo, descripcion, poster_path, backdrop_path, trailer, anio_estreno, duracion) VALUES (819277, 'Midas Man', '', 'https://image.tmdb.org/t/p/original/4nAfF0Szcb72eRn9WwRFsdvZu5q.jpg', 'https://image.tmdb.org/t/p/original/q7jEo6UkM7HsBioHJ3BpUnfgnjP.jpg', '', 2024, 112);
INSERT OR REPLACE INTO Pelicula_Actor (id_pelicula, id_actor, personaje) VALUES (819277, 1944459, 'Brian Epstein');
INSERT OR REPLACE INTO Pelicula_Actor (id_pelicula, id_actor, personaje) VALUES (819277, 1665, 'Harry Epstein');
INSERT OR REPLACE INTO Pelicula_Actor (id_pelicula, id_actor, personaje) VALUES (819277, 1639, 'Queenie Epstein');
INSERT OR REPLACE INTO Pelicula_Actor (id_pelicula, id_actor, personaje) VALUES (819277, 2732459, 'Paul McCartney');
INSERT OR REPLACE INTO Pelicula_Actor (id_pelicula, id_actor, personaje) VALUES (819277, 559627, 'John Lennon');
INSERT OR IGNORE INTO Pelicula_Categoria (id_pelicula, id_categoria) VALUES (819277, 11);
INSERT OR IGNORE INTO Pelicula_Categoria (id_pelicula, id_categoria) VALUES (819277, 7);
INSERT OR IGNORE INTO Pelicula_Categoria (id_pelicula, id_categoria) VALUES (819277, 1);
-- Fin película: Midas Man --
INSERT OR IGNORE INTO Actor (id_actor, nombre, foto_path) VALUES (1464650, 'Dafne Keen', 'https://image.tmdb.org/t/p/original/g325OIjIHrFr0te8ewPfhKQ2SKj.jpg');
INSERT OR IGNORE INTO Actor (id_actor, nombre, foto_path) VALUES (1008607, 'Sophie Nélisse', 'https://image.tmdb.org/t/p/original/1ScgAuQ4XFslWxjvHN6TGlg5ql9.jpg');
INSERT OR IGNORE INTO Actor (id_actor, nombre, foto_path) VALUES (2388828, 'Sky Yang', 'https://image.tmdb.org/t/p/original/vOkkOgn7CrSHY1pecVr5p8ZHIcB.jpg');
INSERT OR IGNORE INTO Actor (id_actor, nombre, foto_path) VALUES (1993743, 'Jhaleil Swaby', 'https://image.tmdb.org/t/p/original/5mgVhVMYtfTkvyK38OQ98n0Xs34.jpg');
INSERT OR IGNORE INTO Actor (id_actor, nombre, foto_path) VALUES (117995, 'Alissa Skovbye', 'https://image.tmdb.org/t/p/original/smnFa3aKNJyzwtYmGQThBsXHG4J.jpg');
INSERT OR REPLACE INTO Pelicula (id_pelicula, titulo, descripcion, poster_path, backdrop_path, trailer, anio_estreno, duracion) VALUES (1193501, 'Whistle: El silbido del mal', 'Un grupo de estudiantes inadaptados encuentra por accidente un objeto maldito: un antiguo silbato de la muerte azteca. Al soplarlo, descubren que el terrorífico sonido que produce invoca a sus propias muertes futuras para perseguirlos. Mientras las víctimas aumentan, los amigos intentan descubrir el origen del artefacto y detener la terrible cadena de sucesos que han provocado.', 'https://image.tmdb.org/t/p/original/otCoDQYnNy2x1QzTVn3JCp0jV4O.jpg', 'https://image.tmdb.org/t/p/original/n4Vd7XfTsTaO7Mmc68WiktyLXQo.jpg', '', 2026, 100);
INSERT OR REPLACE INTO Pelicula_Actor (id_pelicula, id_actor, personaje) VALUES (1193501, 1464650, 'Chrys Willet');
INSERT OR REPLACE INTO Pelicula_Actor (id_pelicula, id_actor, personaje) VALUES (1193501, 1008607, 'Ellie Gains');
INSERT OR REPLACE INTO Pelicula_Actor (id_pelicula, id_actor, personaje) VALUES (1193501, 2388828, 'Rel');
INSERT OR REPLACE INTO Pelicula_Actor (id_pelicula, id_actor, personaje) VALUES (1193501, 1993743, 'Dean');
INSERT OR REPLACE INTO Pelicula_Actor (id_pelicula, id_actor, personaje) VALUES (1193501, 117995, 'Grace Friedkin');
INSERT OR IGNORE INTO Pelicula_Categoria (id_pelicula, id_categoria) VALUES (1193501, 4);
INSERT OR IGNORE INTO Pelicula_Categoria (id_pelicula, id_categoria) VALUES (1193501, 1);
-- Fin película: Whistle: El silbido del mal --
INSERT OR IGNORE INTO Actor (id_actor, nombre, foto_path) VALUES (2427914, 'Joyena Sun', 'https://image.tmdb.org/t/p/original/lhx8as19gDStrb1WJA5lGnOmKqJ.jpg');
INSERT OR IGNORE INTO Actor (id_actor, nombre, foto_path) VALUES (3328190, 'Jess Hong', 'https://image.tmdb.org/t/p/original/Jh43zseZl6S0k7NYk8HqR4TZ6n.jpg');
INSERT OR IGNORE INTO Actor (id_actor, nombre, foto_path) VALUES (4359739, 'Eden Hart', 'https://image.tmdb.org/t/p/original/kV2gj2zeXUskWRtjC0h34ErZGgY.jpg');
INSERT OR IGNORE INTO Actor (id_actor, nombre, foto_path) VALUES (1097391, 'Jared Turner', 'https://image.tmdb.org/t/p/original/hwiA2W4XUiMJuVKwoExDHPircL1.jpg');
INSERT OR IGNORE INTO Actor (id_actor, nombre, foto_path) VALUES (4841427, 'Sepi Toa', 'https://image.tmdb.org/t/p/original/6mJNS4AOxDaaAdremY1FUwO4rb7.jpg');
INSERT OR REPLACE INTO Pelicula (id_pelicula, titulo, descripcion, poster_path, backdrop_path, trailer, anio_estreno, duracion) VALUES (1201262, 'Grafted', 'Una mezcla de terror corporal y comedia negra sobre cómo las mujeres cambian su apariencia para encajar en la sociedad. La historia sigue a Wei, una estudiante que consigue una beca para investigar un proyecto sobre regeneración de piel, relacionado con la misteriosa muerte de su padre.', 'https://image.tmdb.org/t/p/original/rTBWjsW64E1ouo5afwRaLbUN9yb.jpg', 'https://image.tmdb.org/t/p/original/sSrU5zYRqraYqNl2xsQOonNQbhh.jpg', '', 2024, 93);
INSERT OR REPLACE INTO Pelicula_Actor (id_pelicula, id_actor, personaje) VALUES (1201262, 2427914, 'Wei');
INSERT OR REPLACE INTO Pelicula_Actor (id_pelicula, id_actor, personaje) VALUES (1201262, 3328190, 'Angela');
INSERT OR REPLACE INTO Pelicula_Actor (id_pelicula, id_actor, personaje) VALUES (1201262, 4359739, 'Eve');
INSERT OR REPLACE INTO Pelicula_Actor (id_pelicula, id_actor, personaje) VALUES (1201262, 1097391, 'Paul');
INSERT OR REPLACE INTO Pelicula_Actor (id_pelicula, id_actor, personaje) VALUES (1201262, 4841427, 'Jasmine');
INSERT OR IGNORE INTO Pelicula_Categoria (id_pelicula, id_categoria) VALUES (1201262, 4);
-- Fin película: Grafted --
INSERT OR IGNORE INTO Actor (id_actor, nombre, foto_path) VALUES (186341, 'Miyuki Sawashiro', 'https://image.tmdb.org/t/p/original/11mGqwpmu8CoEy1YJgabj2g7MIv.jpg');
INSERT OR IGNORE INTO Actor (id_actor, nombre, foto_path) VALUES (1253008, 'Yoshimasa Hosoya', 'https://image.tmdb.org/t/p/original/lUR5oN1LrqGgp25IOcI1qOH1Ud5.jpg');
INSERT OR IGNORE INTO Actor (id_actor, nombre, foto_path) VALUES (1835721, 'Manaka Iwami', 'https://image.tmdb.org/t/p/original/leKMaCBswXG8u4mfQNQ7J3y6Xow.jpg');
INSERT OR IGNORE INTO Actor (id_actor, nombre, foto_path) VALUES (1210634, 'Nobunaga Shimazaki', 'https://image.tmdb.org/t/p/original/qke5rZusHsjSlvB0NKlJ5dQF5D.jpg');
INSERT OR IGNORE INTO Actor (id_actor, nombre, foto_path) VALUES (1492992, 'Yuma Uchida', 'https://image.tmdb.org/t/p/original/2otstbLfQ7MXuFt1X8MFOb4OIgd.jpg');
INSERT OR REPLACE INTO Pelicula (id_pelicula, titulo, descripcion, poster_path, backdrop_path, trailer, anio_estreno, duracion) VALUES (896499, 'Fruits Basket: ~Prelude~', 'Kyoko, que no podía creer nada en el mundo y vivía una vida desolada, conoce a Katsuya Honda, quien ha sido asignado como aprendiz educativo. Está a merced de Katsuya, que es grosero y tiene un fuerte hábito, y poco a poco se siente atraída por ella. Sin embargo, sus padres la repudian a raíz de un incidente con su compañero malo. Es un castigo que he estado haciendo tanto como me gusta. Katsuya aparece frente a Kyoko, quien piensa que sí...', 'https://image.tmdb.org/t/p/original/9EpOhoSZApJEojx3L3hwr3V3CWd.jpg', 'https://image.tmdb.org/t/p/original/9OUohsezE4kZr74oy9DA8Dt4jXo.jpg', '', 2022, 88);
INSERT OR REPLACE INTO Pelicula_Actor (id_pelicula, id_actor, personaje) VALUES (896499, 186341, 'Kyoko Honda (voice)');
INSERT OR REPLACE INTO Pelicula_Actor (id_pelicula, id_actor, personaje) VALUES (896499, 1253008, 'Katsuya Honda (voice)');
INSERT OR REPLACE INTO Pelicula_Actor (id_pelicula, id_actor, personaje) VALUES (896499, 1835721, 'Tohru Honda (voice)');
INSERT OR REPLACE INTO Pelicula_Actor (id_pelicula, id_actor, personaje) VALUES (896499, 1210634, 'Yuki Souma (voice)');
INSERT OR REPLACE INTO Pelicula_Actor (id_pelicula, id_actor, personaje) VALUES (896499, 1492992, 'Kyou Souma (voice)');
INSERT OR IGNORE INTO Pelicula_Categoria (id_pelicula, id_categoria) VALUES (896499, 5);
INSERT OR IGNORE INTO Pelicula_Categoria (id_pelicula, id_categoria) VALUES (896499, 7);
INSERT OR IGNORE INTO Pelicula_Categoria (id_pelicula, id_categoria) VALUES (896499, 10);
-- Fin película: Fruits Basket: ~Prelude~ --
INSERT OR IGNORE INTO Actor (id_actor, nombre, foto_path) VALUES (2326151, 'Paul Mescal', 'https://image.tmdb.org/t/p/original/vrzZ41TGNAFgfmZjC2sOJySzBLd.jpg');
INSERT OR IGNORE INTO Actor (id_actor, nombre, foto_path) VALUES (1206334, 'Josh O''Connor', 'https://image.tmdb.org/t/p/original/iFGxCv7wMaComYR40Mt7fwbfY1k.jpg');
INSERT OR IGNORE INTO Actor (id_actor, nombre, foto_path) VALUES (150972, 'Molly Price', 'https://image.tmdb.org/t/p/original/45xro2ZF2mYxoHj32jGwBEBSJpe.jpg');
INSERT OR IGNORE INTO Actor (id_actor, nombre, foto_path) VALUES (90777, 'Alison Bartlett', 'https://image.tmdb.org/t/p/original/ryF35dFdKhJTEhefzIRrfWvRwt0.jpg');
INSERT OR IGNORE INTO Actor (id_actor, nombre, foto_path) VALUES (1713385, 'Michael Schantz', 'https://image.tmdb.org/t/p/original/33kapHk7WJvwluCfRYFb47KElJA.jpg');
INSERT OR REPLACE INTO Pelicula (id_pelicula, titulo, descripcion, poster_path, backdrop_path, trailer, anio_estreno, duracion) VALUES (891584, 'The History of Sound', 'En 1917, dos jóvenes estudiantes de música del Conservatorio de Boston se unen por su pasión mutua por la música folclórica. Unos años después se reencuentran al embarcarse en un viaje de recopilación de canciones por los remansos de Maine.', 'https://image.tmdb.org/t/p/original/xxNIFJdihUi3ZFW6iGiieeGjOCJ.jpg', 'https://image.tmdb.org/t/p/original/e13Io18jl6p5UiS5Cxhug9ptTPU.jpg', 'https://www.youtube.com/watch?v=y60FTf5CMME', 2025, 128);
INSERT OR REPLACE INTO Pelicula_Actor (id_pelicula, id_actor, personaje) VALUES (891584, 2326151, 'Lionel');
INSERT OR REPLACE INTO Pelicula_Actor (id_pelicula, id_actor, personaje) VALUES (891584, 1206334, 'David');
INSERT OR REPLACE INTO Pelicula_Actor (id_pelicula, id_actor, personaje) VALUES (891584, 150972, 'Lionels Mother');
INSERT OR REPLACE INTO Pelicula_Actor (id_pelicula, id_actor, personaje) VALUES (891584, 90777, 'Samantha');
INSERT OR REPLACE INTO Pelicula_Actor (id_pelicula, id_actor, personaje) VALUES (891584, 1713385, 'Bob');
INSERT OR IGNORE INTO Pelicula_Categoria (id_pelicula, id_categoria) VALUES (891584, 7);
INSERT OR IGNORE INTO Pelicula_Categoria (id_pelicula, id_categoria) VALUES (891584, 10);
INSERT OR IGNORE INTO Pelicula_Categoria (id_pelicula, id_categoria) VALUES (891584, 11);
-- Fin película: The History of Sound --
INSERT OR IGNORE INTO Actor (id_actor, nombre, foto_path) VALUES (145121, 'Pierre Niney', 'https://image.tmdb.org/t/p/original/zlJslZH2lt4zeNUfTJOo3dEYxJH.jpg');
INSERT OR IGNORE INTO Actor (id_actor, nombre, foto_path) VALUES (910944, 'Bastien Bouillon', 'https://image.tmdb.org/t/p/original/8ksm25v40MS2p2y0EyyNrxdt7it.jpg');
INSERT OR IGNORE INTO Actor (id_actor, nombre, foto_path) VALUES (123989, 'Anaïs Demoustier', 'https://image.tmdb.org/t/p/original/kObYOu3UYkNcQGg1gnl4xitwhNc.jpg');
INSERT OR IGNORE INTO Actor (id_actor, nombre, foto_path) VALUES (93532, 'Laurent Lafitte', 'https://image.tmdb.org/t/p/original/9mTtfK5F9WMoYqvUvqlugnsX6SS.jpg');
INSERT OR IGNORE INTO Actor (id_actor, nombre, foto_path) VALUES (17839, 'Pierfrancesco Favino', 'https://image.tmdb.org/t/p/original/hedzgTKFKrSleWvLkBlANng8w4T.jpg');
INSERT OR REPLACE INTO Pelicula (id_pelicula, titulo, descripcion, poster_path, backdrop_path, trailer, anio_estreno, duracion) VALUES (1084736, 'El Conde de Montecristo', 'Todos los sueños del joven Edmundo Dantés están a punto de hacerse realidad. Traicionado por sus rivales, es encarcelado sin juicio en el Castillo de If sin esperanza de escapar. Tras catorce años de encierro, Dantés consigue escapar y hacerse con el legendario tesoro escondido en la isla de Montecristo. Ahora, con una enorme fortuna, urde un plan extraordinario para vengarse.', 'https://image.tmdb.org/t/p/original/r2PGzaGA7bgcuy6PX7nx0BfDYsK.jpg', 'https://image.tmdb.org/t/p/original/bxT8jFcWNuWK5LmVo1oGhAm4dnZ.jpg', 'https://www.youtube.com/watch?v=95cMkm7RH00', 2024, 178);
INSERT OR REPLACE INTO Pelicula_Actor (id_pelicula, id_actor, personaje) VALUES (1084736, 145121, 'Edmond Dantès / The Count of Monte Cristo');
INSERT OR REPLACE INTO Pelicula_Actor (id_pelicula, id_actor, personaje) VALUES (1084736, 910944, 'Fernand de Morcerf');
INSERT OR REPLACE INTO Pelicula_Actor (id_pelicula, id_actor, personaje) VALUES (1084736, 123989, 'Mercédès Herrera');
INSERT OR REPLACE INTO Pelicula_Actor (id_pelicula, id_actor, personaje) VALUES (1084736, 93532, 'Gérard de Villefort');
INSERT OR REPLACE INTO Pelicula_Actor (id_pelicula, id_actor, personaje) VALUES (1084736, 17839, 'Abbé Faria');
INSERT OR IGNORE INTO Pelicula_Categoria (id_pelicula, id_categoria) VALUES (1084736, 1);
INSERT OR IGNORE INTO Pelicula_Categoria (id_pelicula, id_categoria) VALUES (1084736, 5);
INSERT OR IGNORE INTO Pelicula_Categoria (id_pelicula, id_categoria) VALUES (1084736, 7);
-- Fin película: El Conde de Montecristo --
INSERT OR IGNORE INTO Actor (id_actor, nombre, foto_path) VALUES (5828909, 'Liva Guldberg Schrøder', '');
INSERT OR IGNORE INTO Actor (id_actor, nombre, foto_path) VALUES (1013156, 'Mikkel Boe Følsgaard', 'https://image.tmdb.org/t/p/original/oKC5KLsbj0npfRJA3j9nEIMglmg.jpg');
INSERT OR IGNORE INTO Actor (id_actor, nombre, foto_path) VALUES (1353296, 'Sigurd Philip Dalgas', 'https://image.tmdb.org/t/p/original/7XSCPYH3oo97OktGaWZbA9ywaVb.jpg');
INSERT OR IGNORE INTO Actor (id_actor, nombre, foto_path) VALUES (1783172, 'Bertil Karlshøj Truelsen Smith', 'https://image.tmdb.org/t/p/original/dh6HYWsxQKEVqQNPosEQYYmUTa2.jpg');
INSERT OR IGNORE INTO Actor (id_actor, nombre, foto_path) VALUES (1297500, 'Johanne Louise Schmidt', 'https://image.tmdb.org/t/p/original/2TC1HQeQE7fGR79K91vABaDziJk.jpg');
INSERT OR REPLACE INTO Pelicula (id_pelicula, titulo, descripcion, poster_path, backdrop_path, trailer, anio_estreno, duracion) VALUES (680770, 'Fleak', '', 'https://image.tmdb.org/t/p/original/xfTB0HLxD1mwoFTHWhQrxJI1Q5n.jpg', 'https://image.tmdb.org/t/p/original/hyQPfCbALQmi0FQc2vLFyfENpHM.jpg', '', 2025, 83);
INSERT OR REPLACE INTO Pelicula_Actor (id_pelicula, id_actor, personaje) VALUES (680770, 5828909, 'Cecilie');
INSERT OR REPLACE INTO Pelicula_Actor (id_pelicula, id_actor, personaje) VALUES (680770, 1013156, 'Far');
INSERT OR REPLACE INTO Pelicula_Actor (id_pelicula, id_actor, personaje) VALUES (680770, 1353296, 'Jan');
INSERT OR REPLACE INTO Pelicula_Actor (id_pelicula, id_actor, personaje) VALUES (680770, 1783172, 'Mikkel');
INSERT OR REPLACE INTO Pelicula_Actor (id_pelicula, id_actor, personaje) VALUES (680770, 1297500, 'Mor');
INSERT OR IGNORE INTO Pelicula_Categoria (id_pelicula, id_categoria) VALUES (680770, 1);
INSERT OR IGNORE INTO Pelicula_Categoria (id_pelicula, id_categoria) VALUES (680770, 5);
INSERT OR IGNORE INTO Pelicula_Categoria (id_pelicula, id_categoria) VALUES (680770, 12);
INSERT OR IGNORE INTO Pelicula_Categoria (id_pelicula, id_categoria) VALUES (680770, 12);
INSERT OR IGNORE INTO Pelicula_Categoria (id_pelicula, id_categoria) VALUES (680770, 3);
-- Fin película: Fleak --
INSERT OR IGNORE INTO Actor (id_actor, nombre, foto_path) VALUES (64295, 'Alan Ritchson', 'https://image.tmdb.org/t/p/original/92YNEEpCyugkTzPprJwZpvVtvuK.jpg');
INSERT OR IGNORE INTO Actor (id_actor, nombre, foto_path) VALUES (6065, 'Dennis Quaid', 'https://image.tmdb.org/t/p/original/lMaDAJHzsKH7U3dln2B3kY3rOhE.jpg');
INSERT OR IGNORE INTO Actor (id_actor, nombre, foto_path) VALUES (1388314, 'Stephan James', 'https://image.tmdb.org/t/p/original/itWiVFI7uE8s4QQjcQBbVO0hY7K.jpg');
INSERT OR IGNORE INTO Actor (id_actor, nombre, foto_path) VALUES (224181, 'Jai Courtney', 'https://image.tmdb.org/t/p/original/6vEaNwbOKov6yzQx15CdtrqfK3L.jpg');
INSERT OR IGNORE INTO Actor (id_actor, nombre, foto_path) VALUES (65344, 'Esai Morales', 'https://image.tmdb.org/t/p/original/cNYciYzUzxraGlw0BPql1QePi5H.jpg');
INSERT OR REPLACE INTO Pelicula (id_pelicula, titulo, descripcion, poster_path, backdrop_path, trailer, anio_estreno, duracion) VALUES (1265609, 'Máquina de guerra', 'Durante la etapa final de selección del Ejército de EE. UU., el entrenamiento de un equipo de élite se convierte en una lucha por la supervivencia contra una amenaza inimaginable.', 'https://image.tmdb.org/t/p/original/kwctIgKW5KQLOZfL2NNgtDnM7JD.jpg', 'https://image.tmdb.org/t/p/original/UaPBEvOJs9b2D2XYVTrHg0ti3F.jpg', '', 2026, 106);
INSERT OR REPLACE INTO Pelicula_Actor (id_pelicula, id_actor, personaje) VALUES (1265609, 64295, '');
INSERT OR REPLACE INTO Pelicula_Actor (id_pelicula, id_actor, personaje) VALUES (1265609, 6065, '');
INSERT OR REPLACE INTO Pelicula_Actor (id_pelicula, id_actor, personaje) VALUES (1265609, 1388314, '');
INSERT OR REPLACE INTO Pelicula_Actor (id_pelicula, id_actor, personaje) VALUES (1265609, 224181, '');
INSERT OR REPLACE INTO Pelicula_Actor (id_pelicula, id_actor, personaje) VALUES (1265609, 65344, '');
INSERT OR IGNORE INTO Pelicula_Categoria (id_pelicula, id_categoria) VALUES (1265609, 5);
INSERT OR IGNORE INTO Pelicula_Categoria (id_pelicula, id_categoria) VALUES (1265609, 3);
INSERT OR IGNORE INTO Pelicula_Categoria (id_pelicula, id_categoria) VALUES (1265609, 6);
-- Fin película: Máquina de guerra --
INSERT OR IGNORE INTO Actor (id_actor, nombre, foto_path) VALUES (234503, 'Patrick Hivon', 'https://image.tmdb.org/t/p/original/hFzf98t22oW5JHBYgdoRnjojzKp.jpg');
INSERT OR IGNORE INTO Actor (id_actor, nombre, foto_path) VALUES (15555, 'Piper Perabo', 'https://image.tmdb.org/t/p/original/5XrzISDEox0KubRDzJU668Oxmxy.jpg');
INSERT OR IGNORE INTO Actor (id_actor, nombre, foto_path) VALUES (81467, 'Gilles Renaud', 'https://image.tmdb.org/t/p/original/lQprp6pM0i3xxA8MIG9OjkDlnS0.jpg');
INSERT OR IGNORE INTO Actor (id_actor, nombre, foto_path) VALUES (4279329, 'Elizabeth Mageren', 'https://image.tmdb.org/t/p/original/xzGjBsJwSG0hQMlkpR2agM337j8.jpg');
INSERT OR IGNORE INTO Actor (id_actor, nombre, foto_path) VALUES (1346048, 'Eric K. Boulianne', 'https://image.tmdb.org/t/p/original/rZidIbEwjMGkbng8cG8skbDKYnX.jpg');
INSERT OR REPLACE INTO Pelicula (id_pelicula, titulo, descripcion, poster_path, backdrop_path, trailer, anio_estreno, duracion) VALUES (1283671, 'Amour apocalypse', '', 'https://image.tmdb.org/t/p/original/ru0PSgQkJGMeXzL0JUwb16FQ3ut.jpg', 'https://image.tmdb.org/t/p/original/h9ie4uakrX6hWVeRG9prvFytbiE.jpg', '', 2025, 100);
INSERT OR REPLACE INTO Pelicula_Actor (id_pelicula, id_actor, personaje) VALUES (1283671, 234503, 'Adam');
INSERT OR REPLACE INTO Pelicula_Actor (id_pelicula, id_actor, personaje) VALUES (1283671, 15555, 'Tina');
INSERT OR REPLACE INTO Pelicula_Actor (id_pelicula, id_actor, personaje) VALUES (1283671, 81467, 'Eugène');
INSERT OR REPLACE INTO Pelicula_Actor (id_pelicula, id_actor, personaje) VALUES (1283671, 4279329, 'Romy');
INSERT OR REPLACE INTO Pelicula_Actor (id_pelicula, id_actor, personaje) VALUES (1283671, 1346048, 'Frank');
INSERT OR IGNORE INTO Pelicula_Categoria (id_pelicula, id_categoria) VALUES (1283671, 12);
INSERT OR IGNORE INTO Pelicula_Categoria (id_pelicula, id_categoria) VALUES (1283671, 10);
INSERT OR IGNORE INTO Pelicula_Categoria (id_pelicula, id_categoria) VALUES (1283671, 7);
-- Fin película: Amour apocalypse --
INSERT OR IGNORE INTO Actor (id_actor, nombre, foto_path) VALUES (1337, 'Tony Leung Chiu-Wai', 'https://image.tmdb.org/t/p/original/nQbSQAws5BdakPEB5MtiqWVeaMV.jpg');
INSERT OR IGNORE INTO Actor (id_actor, nombre, foto_path) VALUES (121529, 'Léa Seydoux', 'https://image.tmdb.org/t/p/original/7JAUieStGsHZAy6ed2WuFy4CJjm.jpg');
INSERT OR IGNORE INTO Actor (id_actor, nombre, foto_path) VALUES (1502016, 'Luna Wedler', 'https://image.tmdb.org/t/p/original/1tcXZhNuw6zg2TWTxyW2f2l7Eta.jpg');
INSERT OR IGNORE INTO Actor (id_actor, nombre, foto_path) VALUES (4062998, 'Enzo Brumm', 'https://image.tmdb.org/t/p/original/2uHazg0phiVHkk3OAqeE7I29ivx.jpg');
INSERT OR IGNORE INTO Actor (id_actor, nombre, foto_path) VALUES (41965, 'Sylvester Groth', 'https://image.tmdb.org/t/p/original/baIqxNzKPLffJLSuLLFIXG0yZ3l.jpg');
INSERT OR REPLACE INTO Pelicula (id_pelicula, titulo, descripcion, poster_path, backdrop_path, trailer, anio_estreno, duracion) VALUES (1168719, 'Silent Friend', '', 'https://image.tmdb.org/t/p/original/1YCKtx2Cdu19LhEiBf9TRPZstvO.jpg', 'https://image.tmdb.org/t/p/original/e40FMjHg2RoypsjxygoTFB5jLUd.jpg', '', 2026, 145);
INSERT OR REPLACE INTO Pelicula_Actor (id_pelicula, id_actor, personaje) VALUES (1168719, 1337, 'Tony Wong');
INSERT OR REPLACE INTO Pelicula_Actor (id_pelicula, id_actor, personaje) VALUES (1168719, 121529, 'Alice');
INSERT OR REPLACE INTO Pelicula_Actor (id_pelicula, id_actor, personaje) VALUES (1168719, 1502016, 'Grete');
INSERT OR REPLACE INTO Pelicula_Actor (id_pelicula, id_actor, personaje) VALUES (1168719, 4062998, 'Hannes');
INSERT OR REPLACE INTO Pelicula_Actor (id_pelicula, id_actor, personaje) VALUES (1168719, 41965, 'Anton');
INSERT OR IGNORE INTO Pelicula_Categoria (id_pelicula, id_categoria) VALUES (1168719, 7);
-- Fin película: Silent Friend --
INSERT OR IGNORE INTO Actor (id_actor, nombre, foto_path) VALUES (1810, 'Heath Ledger', 'https://image.tmdb.org/t/p/original/p2z2bURSg7nuMsN9P2s61e2RvNz.jpg');
INSERT OR IGNORE INTO Actor (id_actor, nombre, foto_path) VALUES (131, 'Jake Gyllenhaal', 'https://image.tmdb.org/t/p/original/j2Yahha9C0zN5DRaTDzYA7WtdOT.jpg');
INSERT OR IGNORE INTO Actor (id_actor, nombre, foto_path) VALUES (1812, 'Michelle Williams', 'https://image.tmdb.org/t/p/original/jn3BVMVbIptz2gc6Fhxo1qwJVvW.jpg');
INSERT OR IGNORE INTO Actor (id_actor, nombre, foto_path) VALUES (1813, 'Anne Hathaway', 'https://image.tmdb.org/t/p/original/nbccV2pMoyLTCeg5DQip24Eq0Jp.jpg');
INSERT OR IGNORE INTO Actor (id_actor, nombre, foto_path) VALUES (1811, 'Randy Quaid', 'https://image.tmdb.org/t/p/original/rGWvDokcMLIwck10dKIutSoTM9r.jpg');
INSERT OR REPLACE INTO Pelicula (id_pelicula, titulo, descripcion, poster_path, backdrop_path, trailer, anio_estreno, duracion) VALUES (142, 'Brokeback Mountain: En terreno vedado', 'Verano de 1963. Dos vaqueros, Ennis Del Mar y Jack Twist, se conocen mientras hacen cola para ser contratados por el ranchero Joe Aguirre. Los dos aspiran a conseguir un trabajo estable, casarse y formar una familia. Cuando Aguirre les envía a cuidar ganado a la majestuosa montaña Brokeback, entre ambos surge un sentimiento de camaradería que deriva hacia una relación íntima. Al concluir el verano, tienen que abandonar Brokeback y seguir caminos diferentes.', 'https://image.tmdb.org/t/p/original/kRgrTPM6uDiLBgASk8j3RBTE49d.jpg', 'https://image.tmdb.org/t/p/original/vXzqV2RtJlT9WhNEM4NYWCEC6ZI.jpg', 'https://www.youtube.com/watch?v=Jd_yMVG9oM0', 2005, 134);
INSERT OR REPLACE INTO Pelicula_Actor (id_pelicula, id_actor, personaje) VALUES (142, 1810, 'Ennis Del Mar');
INSERT OR REPLACE INTO Pelicula_Actor (id_pelicula, id_actor, personaje) VALUES (142, 131, 'Jack Twist');
INSERT OR REPLACE INTO Pelicula_Actor (id_pelicula, id_actor, personaje) VALUES (142, 1812, 'Alma Beers');
INSERT OR REPLACE INTO Pelicula_Actor (id_pelicula, id_actor, personaje) VALUES (142, 1813, 'Lureen Newsome');
INSERT OR REPLACE INTO Pelicula_Actor (id_pelicula, id_actor, personaje) VALUES (142, 1811, 'Joe Aguirre');
INSERT OR IGNORE INTO Pelicula_Categoria (id_pelicula, id_categoria) VALUES (142, 7);
INSERT OR IGNORE INTO Pelicula_Categoria (id_pelicula, id_categoria) VALUES (142, 10);
-- Fin película: Brokeback Mountain: En terreno vedado --
INSERT OR IGNORE INTO Actor (id_actor, nombre, foto_path) VALUES (76788, 'Dev Patel', 'https://image.tmdb.org/t/p/original/1g07SUVwZHvKgM1Z7H4RYIEOXcm.jpg');
INSERT OR IGNORE INTO Actor (id_actor, nombre, foto_path) VALUES (2648396, 'Rosy McEwen', 'https://image.tmdb.org/t/p/original/zop5fp2NdwYmf0sd6E3HZC9RTU4.jpg');
INSERT OR IGNORE INTO Actor (id_actor, nombre, foto_path) VALUES (1303071, 'Jade Croot', 'https://image.tmdb.org/t/p/original/j4DuuFPDdnEcDWFWCyBUuhhHkxg.jpg');
INSERT OR IGNORE INTO Actor (id_actor, nombre, foto_path) VALUES (5324721, 'Nicholas Sampson', '');
INSERT OR REPLACE INTO Pelicula (id_pelicula, titulo, descripcion, poster_path, backdrop_path, trailer, anio_estreno, duracion) VALUES (1193824, 'Rabbit Trap', '', 'https://image.tmdb.org/t/p/original/sKnwnnmBpjo9BEskHtja6ToXUV1.jpg', 'https://image.tmdb.org/t/p/original/xkKDKUHQKgjgGuyzFihKoWQIvK0.jpg', '', 2025, 88);
INSERT OR REPLACE INTO Pelicula_Actor (id_pelicula, id_actor, personaje) VALUES (1193824, 76788, 'Darcy Davenport');
INSERT OR REPLACE INTO Pelicula_Actor (id_pelicula, id_actor, personaje) VALUES (1193824, 2648396, 'Daphne Davenport');
INSERT OR REPLACE INTO Pelicula_Actor (id_pelicula, id_actor, personaje) VALUES (1193824, 1303071, 'The Child');
INSERT OR REPLACE INTO Pelicula_Actor (id_pelicula, id_actor, personaje) VALUES (1193824, 5324721, 'The Shadow');
INSERT OR IGNORE INTO Pelicula_Categoria (id_pelicula, id_categoria) VALUES (1193824, 4);
INSERT OR IGNORE INTO Pelicula_Categoria (id_pelicula, id_categoria) VALUES (1193824, 1);
INSERT OR IGNORE INTO Pelicula_Categoria (id_pelicula, id_categoria) VALUES (1193824, 6);
INSERT OR IGNORE INTO Pelicula_Categoria (id_pelicula, id_categoria) VALUES (1193824, 3);
-- Fin película: Rabbit Trap --
INSERT OR IGNORE INTO Actor (id_actor, nombre, foto_path) VALUES (1002745, 'Denise Weinberg', 'https://image.tmdb.org/t/p/original/l4XZHjhc7GFjTfxBp3mqlHrvz6N.jpg');
INSERT OR IGNORE INTO Actor (id_actor, nombre, foto_path) VALUES (17289, 'Rodrigo Santoro', 'https://image.tmdb.org/t/p/original/d3MaF9SPHDn2PMYHuqdnO0Csik6.jpg');
INSERT OR IGNORE INTO Actor (id_actor, nombre, foto_path) VALUES (1044156, 'Miriam Socarrás', 'https://image.tmdb.org/t/p/original/bk46SozlDMyzyMhv2dwk1QVl31I.jpg');
INSERT OR IGNORE INTO Actor (id_actor, nombre, foto_path) VALUES (2407625, 'Adanilo', 'https://image.tmdb.org/t/p/original/ksRD7iE7qpLs7C0PIJXSjkTMdh.jpg');
INSERT OR IGNORE INTO Actor (id_actor, nombre, foto_path) VALUES (4330987, 'Rosa Malagueta', 'https://image.tmdb.org/t/p/original/sEc2M5xgri81QQc50K6TUP1DI00.jpg');
INSERT OR REPLACE INTO Pelicula (id_pelicula, titulo, descripcion, poster_path, backdrop_path, trailer, anio_estreno, duracion) VALUES (1172265, 'El Sendero Azul', 'Tereza, de 77 años, ha vivido siempre en una pequeña ciudad industrial de Brasil. Un día recibe una notificación oficial del gobierno para trasladarse a una colonia remota, creada para que los jubilados pasen "sus últimos años” y así dejar espacio a los más jóvenes para que sigan siendo plenamente productivos. Pero en lugar de aceptar este destino impuesto, Tereza se rebela y decide embarcarse en un viaje transformador por el Amazonas, para cumplir un último deseo antes de que le arrebaten su libertad. Esto marcará su vida para siempre.', 'https://image.tmdb.org/t/p/original/sY7dcqyvUKbVKwaNFOPaPgljyj0.jpg', 'https://image.tmdb.org/t/p/original/2UXrkv2G1aXMyn3VY70krD9Anid.jpg', 'https://www.youtube.com/watch?v=SfnaML_GjCA', 2025, 86);
INSERT OR REPLACE INTO Pelicula_Actor (id_pelicula, id_actor, personaje) VALUES (1172265, 1002745, 'Tereza');
INSERT OR REPLACE INTO Pelicula_Actor (id_pelicula, id_actor, personaje) VALUES (1172265, 17289, 'Cadu');
INSERT OR REPLACE INTO Pelicula_Actor (id_pelicula, id_actor, personaje) VALUES (1172265, 1044156, 'Roberta');
INSERT OR REPLACE INTO Pelicula_Actor (id_pelicula, id_actor, personaje) VALUES (1172265, 2407625, 'Ludemir');
INSERT OR REPLACE INTO Pelicula_Actor (id_pelicula, id_actor, personaje) VALUES (1172265, 4330987, 'Esmeraldina');
INSERT OR IGNORE INTO Pelicula_Categoria (id_pelicula, id_categoria) VALUES (1172265, 7);
INSERT OR IGNORE INTO Pelicula_Categoria (id_pelicula, id_categoria) VALUES (1172265, 3);
INSERT OR IGNORE INTO Pelicula_Categoria (id_pelicula, id_categoria) VALUES (1172265, 12);
-- Fin película: El Sendero Azul --

-- === LOTE: Upcoming - Page 5 (2026-02-06T06:38:27.886Z) ===
INSERT OR IGNORE INTO Actor (id_actor, nombre, foto_path) VALUES (1724137, 'Anna Baryshnikov', 'https://image.tmdb.org/t/p/original/wFMmvPSSciGgRm5Vm1seX0xPjHE.jpg');
INSERT OR IGNORE INTO Actor (id_actor, nombre, foto_path) VALUES (1721740, 'Camila Mendes', 'https://image.tmdb.org/t/p/original/pZAWRHdJtJlDcWuQHlgIwX12s02.jpg');
INSERT OR IGNORE INTO Actor (id_actor, nombre, foto_path) VALUES (2023314, 'Owen Thiele', 'https://image.tmdb.org/t/p/original/2k7lk6V6lGjbEKlHSUYkeBRu8rj.jpg');
INSERT OR IGNORE INTO Actor (id_actor, nombre, foto_path) VALUES (2949606, 'Benito Skinner', 'https://image.tmdb.org/t/p/original/1MJPITXsYjA2tI1HrK3VOclhvy7.jpg');
INSERT OR IGNORE INTO Actor (id_actor, nombre, foto_path) VALUES (6696, 'Mark Ivanir', 'https://image.tmdb.org/t/p/original/biVPUjq1BbX3YWpvXv5OZjEuJI0.jpg');
INSERT OR REPLACE INTO Pelicula (id_pelicula, titulo, descripcion, poster_path, backdrop_path, trailer, anio_estreno, duracion) VALUES (1430968, 'Idiotka', '', 'https://image.tmdb.org/t/p/original/mxa6MGgZOd1PKlYWNJ1iOQsy9PN.jpg', 'https://image.tmdb.org/t/p/original/oiPQOyHuTA84crxarTkVTObbRz4.jpg', '', 2026, 82);
INSERT OR REPLACE INTO Pelicula_Actor (id_pelicula, id_actor, personaje) VALUES (1430968, 1724137, 'Margarita Levlansky');
INSERT OR REPLACE INTO Pelicula_Actor (id_pelicula, id_actor, personaje) VALUES (1430968, 1721740, 'Nicol Garcia');
INSERT OR REPLACE INTO Pelicula_Actor (id_pelicula, id_actor, personaje) VALUES (1430968, 2023314, 'Oliver Knowles');
INSERT OR REPLACE INTO Pelicula_Actor (id_pelicula, id_actor, personaje) VALUES (1430968, 2949606, 'Jonathan Smith');
INSERT OR REPLACE INTO Pelicula_Actor (id_pelicula, id_actor, personaje) VALUES (1430968, 6696, 'Samuel Levlansky');
INSERT OR IGNORE INTO Pelicula_Categoria (id_pelicula, id_categoria) VALUES (1430968, 12);
INSERT OR IGNORE INTO Pelicula_Categoria (id_pelicula, id_categoria) VALUES (1430968, 12);
-- Fin película: Idiotka --
INSERT OR IGNORE INTO Actor (id_actor, nombre, foto_path) VALUES (2887, 'Tom Waits', 'https://image.tmdb.org/t/p/original/uxDkURjzHnaglIH2YRWUMJjoDx.jpg');
INSERT OR IGNORE INTO Actor (id_actor, nombre, foto_path) VALUES (1023139, 'Adam Driver', 'https://image.tmdb.org/t/p/original/me7eifBie8S7gFwhZfkF3jROL99.jpg');
INSERT OR IGNORE INTO Actor (id_actor, nombre, foto_path) VALUES (167640, 'Mayim Bialik', 'https://image.tmdb.org/t/p/original/kPsafWVc5H565iTuwS85LtDvvsf.jpg');
INSERT OR IGNORE INTO Actor (id_actor, nombre, foto_path) VALUES (44079, 'Charlotte Rampling', 'https://image.tmdb.org/t/p/original/Htvl9mN6mlf2a18RAFzNXF3RiG.jpg');
INSERT OR IGNORE INTO Actor (id_actor, nombre, foto_path) VALUES (112, 'Cate Blanchett', 'https://image.tmdb.org/t/p/original/vUuEHiAR0eD3XEJhg2DWIjymUAA.jpg');
INSERT OR REPLACE INTO Pelicula (id_pelicula, titulo, descripcion, poster_path, backdrop_path, trailer, anio_estreno, duracion) VALUES (1159206, 'Father Mother Sister Brother', 'Tres historias separadas sobre relaciones distantes entre hijos adultos y sus padres. Cada una de las tres partes tiene lugar en la actualidad, y en un país diferente. "El Padre" está ambientado en el noreste de EE. UU., "La Madre" en Dublín, Irlanda y "La Hermana Hermano" en París, Francia. La película es una serie de estudios de personajes, tranquilos, observacionales y sin prejuicios. Una comedia, pero entretejida con hilos de melancolía.', 'https://image.tmdb.org/t/p/original/iLwZuafLq8WmM9xJjS2T9YXZvc.jpg', 'https://image.tmdb.org/t/p/original/xxFH8OgUVw5LyJmqBaXeV97mfri.jpg', '', 2025, 111);
INSERT OR REPLACE INTO Pelicula_Actor (id_pelicula, id_actor, personaje) VALUES (1159206, 2887, 'Father');
INSERT OR REPLACE INTO Pelicula_Actor (id_pelicula, id_actor, personaje) VALUES (1159206, 1023139, 'Jeff');
INSERT OR REPLACE INTO Pelicula_Actor (id_pelicula, id_actor, personaje) VALUES (1159206, 167640, 'Emily');
INSERT OR REPLACE INTO Pelicula_Actor (id_pelicula, id_actor, personaje) VALUES (1159206, 44079, 'Mother');
INSERT OR REPLACE INTO Pelicula_Actor (id_pelicula, id_actor, personaje) VALUES (1159206, 112, 'Timothea');
INSERT OR IGNORE INTO Pelicula_Categoria (id_pelicula, id_categoria) VALUES (1159206, 12);
INSERT OR IGNORE INTO Pelicula_Categoria (id_pelicula, id_categoria) VALUES (1159206, 7);
-- Fin película: Father Mother Sister Brother --
INSERT OR IGNORE INTO Actor (id_actor, nombre, foto_path) VALUES (1867690, 'Mia Jenkins', 'https://image.tmdb.org/t/p/original/zqmydUyxSQqg6P4mdFX7lqguFiu.jpg');
INSERT OR IGNORE INTO Actor (id_actor, nombre, foto_path) VALUES (3791174, 'Pepe Barroso', 'https://image.tmdb.org/t/p/original/1aclLzISTojUZ9CrKsRcI1eIJls.jpg');
INSERT OR IGNORE INTO Actor (id_actor, nombre, foto_path) VALUES (4529552, 'Luca Melucci', 'https://image.tmdb.org/t/p/original/2lo03n0c384PKsUVrN3L7bYQUuy.jpg');
INSERT OR IGNORE INTO Actor (id_actor, nombre, foto_path) VALUES (1629345, 'Bruno Cabrerizo', 'https://image.tmdb.org/t/p/original/6eLwjlUkaaa4ZqZDbZbAmEVGgPl.jpg');
INSERT OR IGNORE INTO Actor (id_actor, nombre, foto_path) VALUES (3265701, 'Andrea Guo', 'https://image.tmdb.org/t/p/original/xFmzjzxzuMvRAEYs9DQPzUQBx3l.jpg');
INSERT OR REPLACE INTO Pelicula (id_pelicula, titulo, descripcion, poster_path, backdrop_path, trailer, anio_estreno, duracion) VALUES (1317672, 'Love Me, Love Me', 'June se muda a Italia para empezar de cero tras la muerte de su hermano. En su nueva escuela de élite, se siente atraída por James, un peligroso bully involucrado en peleas clandestinas de MMA, pero comienza a salir con su mejor amigo, Will, el estudiante de honor perfecto. Sin embargo, las apariencias engañan, y June pronto descubre que nadie en su escuela es quien parece ser y todos esconden un secreto. A medida que aumenta la tensión y salen a la luz verdades ocultas, June debe decidir adónde pertenece realmente su corazón.', 'https://image.tmdb.org/t/p/original/jfwHKRHRE2X4NTexdzblaioHH51.jpg', 'https://image.tmdb.org/t/p/original/o0jRpVznKXuLvoXQX9UTKVtGjxK.jpg', '', 2026, 0);
INSERT OR REPLACE INTO Pelicula_Actor (id_pelicula, id_actor, personaje) VALUES (1317672, 1867690, 'June');
INSERT OR REPLACE INTO Pelicula_Actor (id_pelicula, id_actor, personaje) VALUES (1317672, 3791174, 'James');
INSERT OR REPLACE INTO Pelicula_Actor (id_pelicula, id_actor, personaje) VALUES (1317672, 4529552, 'Will');
INSERT OR REPLACE INTO Pelicula_Actor (id_pelicula, id_actor, personaje) VALUES (1317672, 1629345, 'Professore Beckett');
INSERT OR REPLACE INTO Pelicula_Actor (id_pelicula, id_actor, personaje) VALUES (1317672, 3265701, '');
INSERT OR IGNORE INTO Pelicula_Categoria (id_pelicula, id_categoria) VALUES (1317672, 10);
INSERT OR IGNORE INTO Pelicula_Categoria (id_pelicula, id_categoria) VALUES (1317672, 7);
-- Fin película: Love Me, Love Me --
INSERT OR IGNORE INTO Actor (id_actor, nombre, foto_path) VALUES (1911397, 'Christian Mikkelsen', 'https://image.tmdb.org/t/p/original/fxE4TkpAgmxxE38plZsloNM6yfd.jpg');
INSERT OR IGNORE INTO Actor (id_actor, nombre, foto_path) VALUES (1816217, 'Nasrin Khusrawi', 'https://image.tmdb.org/t/p/original/kD6wHXQnYYiyfc8ksZdtRgmwQNB.jpg');
INSERT OR IGNORE INTO Actor (id_actor, nombre, foto_path) VALUES (76547, 'Aksel Hennie', 'https://image.tmdb.org/t/p/original/sceuNjVXtsHOS3cn0MsLfZRkAQx.jpg');
INSERT OR IGNORE INTO Actor (id_actor, nombre, foto_path) VALUES (1816870, 'Mathilde Storm', 'https://image.tmdb.org/t/p/original/zn3R4uRFvck7cZKPfMrfPpIWFKB.jpg');
INSERT OR IGNORE INTO Actor (id_actor, nombre, foto_path) VALUES (47647, 'Christian Rubeck', 'https://image.tmdb.org/t/p/original/gZ7f4zkmX8hluHkP6OCLpiofQNC.jpg');
INSERT OR REPLACE INTO Pelicula (id_pelicula, titulo, descripcion, poster_path, backdrop_path, trailer, anio_estreno, duracion) VALUES (1064307, 'Spermageddon', 'Los adolescentes Jens y Lisa están a punto de experimentar su primera relación sexual. Dentro del cuerpo de Jens, el Spermageddon se acerca, un evento para el que el espermatozoide Simon el Semen y sus amigos han estado preparándose duramente. En esta carrera donde solo puede ganar uno, deberán sortear todo tipo de obstáculos inesperados que les harán la vida imposible.', 'https://image.tmdb.org/t/p/original/jYJJDtrGBAr1U9WBVuq809FyYQj.jpg', 'https://image.tmdb.org/t/p/original/5OEcsHKZy9TLFz9qXLp5NJN9K8e.jpg', 'https://www.youtube.com/watch?v=Gdm0kJigVkg', 2024, 80);
INSERT OR REPLACE INTO Pelicula_Actor (id_pelicula, id_actor, personaje) VALUES (1064307, 1911397, 'Jens / Alf-Tore / Hjernekjell (voice)');
INSERT OR REPLACE INTO Pelicula_Actor (id_pelicula, id_actor, personaje) VALUES (1064307, 1816217, 'Lisa (voice)');
INSERT OR REPLACE INTO Pelicula_Actor (id_pelicula, id_actor, personaje) VALUES (1064307, 76547, 'Simen Sprut (voice)');
INSERT OR REPLACE INTO Pelicula_Actor (id_pelicula, id_actor, personaje) VALUES (1064307, 1816870, 'Cumilla (voice)');
INSERT OR REPLACE INTO Pelicula_Actor (id_pelicula, id_actor, personaje) VALUES (1064307, 47647, 'Jizzmo (voice)');
INSERT OR IGNORE INTO Pelicula_Categoria (id_pelicula, id_categoria) VALUES (1064307, 5);
INSERT OR IGNORE INTO Pelicula_Categoria (id_pelicula, id_categoria) VALUES (1064307, 1);
INSERT OR IGNORE INTO Pelicula_Categoria (id_pelicula, id_categoria) VALUES (1064307, 3);
INSERT OR IGNORE INTO Pelicula_Categoria (id_pelicula, id_categoria) VALUES (1064307, 12);
-- Fin película: Spermageddon --
INSERT OR IGNORE INTO Actor (id_actor, nombre, foto_path) VALUES (1708542, 'Anderson .Paak', 'https://image.tmdb.org/t/p/original/fhoNMocbdaGwuVdDOVJF2rQxNwZ.jpg');
INSERT OR IGNORE INTO Actor (id_actor, nombre, foto_path) VALUES (3538069, 'Soul Rasheed', 'https://image.tmdb.org/t/p/original/oTeLMwtEFEUXTXO2koOVKEpVKda.jpg');
INSERT OR IGNORE INTO Actor (id_actor, nombre, foto_path) VALUES (111513, 'Yvette Nicole Brown', 'https://image.tmdb.org/t/p/original/7cJowCcDPnyXqHJ46GgSNHomUGo.jpg');
INSERT OR IGNORE INTO Actor (id_actor, nombre, foto_path) VALUES (1163979, 'Jee Young Han', 'https://image.tmdb.org/t/p/original/htRg5qDTLaDdrPFsqracWa8ZOy7.jpg');
INSERT OR IGNORE INTO Actor (id_actor, nombre, foto_path) VALUES (1074677, 'Jonnie Park', 'https://image.tmdb.org/t/p/original/lcIPg223TayLkrDvaizIOwSADQY.jpg');
INSERT OR REPLACE INTO Pelicula (id_pelicula, titulo, descripcion, poster_path, backdrop_path, trailer, anio_estreno, duracion) VALUES (972232, 'K-Pops!', '', 'https://image.tmdb.org/t/p/original/72KQHN1xUO6gWHLRRPyJcCQXlve.jpg', 'https://image.tmdb.org/t/p/original/rroo5ANTOLr1JY1JArmpJNQfsEV.jpg', '', 2026, 114);
INSERT OR REPLACE INTO Pelicula_Actor (id_pelicula, id_actor, personaje) VALUES (972232, 1708542, 'BJ');
INSERT OR REPLACE INTO Pelicula_Actor (id_pelicula, id_actor, personaje) VALUES (972232, 3538069, 'Tae Young');
INSERT OR REPLACE INTO Pelicula_Actor (id_pelicula, id_actor, personaje) VALUES (972232, 111513, 'Brenda');
INSERT OR REPLACE INTO Pelicula_Actor (id_pelicula, id_actor, personaje) VALUES (972232, 1163979, 'Yeji');
INSERT OR REPLACE INTO Pelicula_Actor (id_pelicula, id_actor, personaje) VALUES (972232, 1074677, 'Cash');
INSERT OR IGNORE INTO Pelicula_Categoria (id_pelicula, id_categoria) VALUES (972232, 12);
INSERT OR IGNORE INTO Pelicula_Categoria (id_pelicula, id_categoria) VALUES (972232, 7);
INSERT OR IGNORE INTO Pelicula_Categoria (id_pelicula, id_categoria) VALUES (972232, 11);
-- Fin película: K-Pops! --
INSERT OR IGNORE INTO Actor (id_actor, nombre, foto_path) VALUES (4537244, 'Idan Weiss', 'https://image.tmdb.org/t/p/original/sG1UIfeNSYS1yhlRhbmxXgzYc7V.jpg');
INSERT OR IGNORE INTO Actor (id_actor, nombre, foto_path) VALUES (15486, 'Peter Kurth', 'https://image.tmdb.org/t/p/original/1RQBjJtHiKb6l8S1qp2purktKcg.jpg');
INSERT OR IGNORE INTO Actor (id_actor, nombre, foto_path) VALUES (1682097, 'Katharina Stark', 'https://image.tmdb.org/t/p/original/3cwKbMriYdDDhPwSQTXTdMhG6p6.jpg');
INSERT OR IGNORE INTO Actor (id_actor, nombre, foto_path) VALUES (133262, 'Sebastian Schwarz', 'https://image.tmdb.org/t/p/original/mqj2N2CHlYJDCNIaXAxE1dqUTih.jpg');
INSERT OR IGNORE INTO Actor (id_actor, nombre, foto_path) VALUES (1081003, 'Carol Schuler', 'https://image.tmdb.org/t/p/original/zUTBaFqe8NK8lAAHqSyc4ZEzkfv.jpg');
INSERT OR REPLACE INTO Pelicula (id_pelicula, titulo, descripcion, poster_path, backdrop_path, trailer, anio_estreno, duracion) VALUES (1157322, 'Franz', '', 'https://image.tmdb.org/t/p/original/4bzQ0ka5ru65dEVS6MF3kKWKWvV.jpg', 'https://image.tmdb.org/t/p/original/nXqRGRhFxa3v5rJsJUApYdKdiKu.jpg', '', 2025, 127);
INSERT OR REPLACE INTO Pelicula_Actor (id_pelicula, id_actor, personaje) VALUES (1157322, 4537244, 'Franz Kafka');
INSERT OR REPLACE INTO Pelicula_Actor (id_pelicula, id_actor, personaje) VALUES (1157322, 15486, 'Hermann Kafka');
INSERT OR REPLACE INTO Pelicula_Actor (id_pelicula, id_actor, personaje) VALUES (1157322, 1682097, 'Ottla Kafka');
INSERT OR REPLACE INTO Pelicula_Actor (id_pelicula, id_actor, personaje) VALUES (1157322, 133262, 'Max Brod');
INSERT OR REPLACE INTO Pelicula_Actor (id_pelicula, id_actor, personaje) VALUES (1157322, 1081003, 'Felicie Bauer');
INSERT OR IGNORE INTO Pelicula_Categoria (id_pelicula, id_categoria) VALUES (1157322, 7);
INSERT OR IGNORE INTO Pelicula_Categoria (id_pelicula, id_categoria) VALUES (1157322, 1);
-- Fin película: Franz --
INSERT OR IGNORE INTO Actor (id_actor, nombre, foto_path) VALUES (83002, 'Jessica Chastain', 'https://image.tmdb.org/t/p/original/bXFXSlfCzoE5Py7KBP9P0Y0Ot1v.jpg');
INSERT OR IGNORE INTO Actor (id_actor, nombre, foto_path) VALUES (2630093, 'Isaac Hernández', 'https://image.tmdb.org/t/p/original/aJX3oGAmCNCXfgmXcs734H3GloJ.jpg');
INSERT OR IGNORE INTO Actor (id_actor, nombre, foto_path) VALUES (36669, 'Rupert Friend', 'https://image.tmdb.org/t/p/original/a3HeMHmlXnoRlHLX9h31ZdZgCXM.jpg');
INSERT OR IGNORE INTO Actor (id_actor, nombre, foto_path) VALUES (3041, 'Marshall Bell', 'https://image.tmdb.org/t/p/original/3AdZRUFlmV9KvArzqSVEVZVl0Sa.jpg');
INSERT OR IGNORE INTO Actor (id_actor, nombre, foto_path) VALUES (985456, 'Eligio Meléndez', 'https://image.tmdb.org/t/p/original/9fxr0eAMl2DXVv8as4juIGXkD08.jpg');
INSERT OR REPLACE INTO Pelicula (id_pelicula, titulo, descripcion, poster_path, backdrop_path, trailer, anio_estreno, duracion) VALUES (1134463, 'Dreams', '', 'https://image.tmdb.org/t/p/original/taMMxgN8SEvuAYAAdpG0v3BtKv5.jpg', 'https://image.tmdb.org/t/p/original/i1Aa25l2TtKwp528wM5g2MK4ER6.jpg', 'https://www.youtube.com/watch?v=s8VvvlNyRpc', 2025, 98);
INSERT OR REPLACE INTO Pelicula_Actor (id_pelicula, id_actor, personaje) VALUES (1134463, 83002, 'Jennifer McCarthy');
INSERT OR REPLACE INTO Pelicula_Actor (id_pelicula, id_actor, personaje) VALUES (1134463, 2630093, 'Fernando Rodríguez');
INSERT OR REPLACE INTO Pelicula_Actor (id_pelicula, id_actor, personaje) VALUES (1134463, 36669, 'Jake McCarthy');
INSERT OR REPLACE INTO Pelicula_Actor (id_pelicula, id_actor, personaje) VALUES (1134463, 3041, 'Michael McCarthy');
INSERT OR REPLACE INTO Pelicula_Actor (id_pelicula, id_actor, personaje) VALUES (1134463, 985456, 'Fernando s Father');
INSERT OR IGNORE INTO Pelicula_Categoria (id_pelicula, id_categoria) VALUES (1134463, 10);
INSERT OR IGNORE INTO Pelicula_Categoria (id_pelicula, id_categoria) VALUES (1134463, 6);
INSERT OR IGNORE INTO Pelicula_Categoria (id_pelicula, id_categoria) VALUES (1134463, 7);
-- Fin película: Dreams --
INSERT OR IGNORE INTO Actor (id_actor, nombre, foto_path) VALUES (83271, 'Glen Powell', 'https://image.tmdb.org/t/p/original/fUnIaJkdgvQTztyR1nLeUceSzly.jpg');
INSERT OR IGNORE INTO Actor (id_actor, nombre, foto_path) VALUES (1392137, 'Margaret Qualley', 'https://image.tmdb.org/t/p/original/jStNyMj3acpLuH48awLVLqqlyaV.jpg');
INSERT OR IGNORE INTO Actor (id_actor, nombre, foto_path) VALUES (1202689, 'Jessica Henwick', 'https://image.tmdb.org/t/p/original/8WxU7ttow0231Oyw1KPXb1BdKo4.jpg');
INSERT OR IGNORE INTO Actor (id_actor, nombre, foto_path) VALUES (121718, 'Bill Camp', 'https://image.tmdb.org/t/p/original/wxYyJSltCHwU0MTg838SllOlvNT.jpg');
INSERT OR IGNORE INTO Actor (id_actor, nombre, foto_path) VALUES (464993, 'Zach Woods', 'https://image.tmdb.org/t/p/original/jolb1uMzDZGTKOKyhgeG3RIsL2W.jpg');
INSERT OR REPLACE INTO Pelicula (id_pelicula, titulo, descripcion, poster_path, backdrop_path, trailer, anio_estreno, duracion) VALUES (467905, 'Jugada Maestra', 'Becket, un potencial heredero de una fortuna millonaria, solo tiene un pequeño problema: que es el octavo en la línea de sucesión. Lo cual, por supuesto, tiene una fácil solución: matarlos a todos hasta que solo quede él.', 'https://image.tmdb.org/t/p/original/yQ7OP2HYxl9YmkWNMkuUA2YaF5.jpg', 'https://image.tmdb.org/t/p/original/vuaPZ4IbsIRr2wDARZT7rFQ5CgP.jpg', '', 2026, 109);
INSERT OR REPLACE INTO Pelicula_Actor (id_pelicula, id_actor, personaje) VALUES (467905, 83271, 'Becket Redfellow');
INSERT OR REPLACE INTO Pelicula_Actor (id_pelicula, id_actor, personaje) VALUES (467905, 1392137, 'Julia');
INSERT OR REPLACE INTO Pelicula_Actor (id_pelicula, id_actor, personaje) VALUES (467905, 1202689, 'Ruth');
INSERT OR REPLACE INTO Pelicula_Actor (id_pelicula, id_actor, personaje) VALUES (467905, 121718, 'Warren Redfellow');
INSERT OR REPLACE INTO Pelicula_Actor (id_pelicula, id_actor, personaje) VALUES (467905, 464993, 'Noah Redfellow');
INSERT OR IGNORE INTO Pelicula_Categoria (id_pelicula, id_categoria) VALUES (467905, 12);
INSERT OR IGNORE INTO Pelicula_Categoria (id_pelicula, id_categoria) VALUES (467905, 6);
INSERT OR IGNORE INTO Pelicula_Categoria (id_pelicula, id_categoria) VALUES (467905, 7);
-- Fin película: Jugada Maestra --
INSERT OR IGNORE INTO Actor (id_actor, nombre, foto_path) VALUES (1417288, 'Paulette Hernández', '');
INSERT OR IGNORE INTO Actor (id_actor, nombre, foto_path) VALUES (1428678, 'Alan Alarcón', '');
INSERT OR IGNORE INTO Actor (id_actor, nombre, foto_path) VALUES (1481864, 'Lucero Trejo', 'https://image.tmdb.org/t/p/original/xAAo65wE6RddmKjTrNlCGzZKWus.jpg');
INSERT OR IGNORE INTO Actor (id_actor, nombre, foto_path) VALUES (4156713, 'Pilar García Ayala', '');
INSERT OR REPLACE INTO Pelicula (id_pelicula, titulo, descripcion, poster_path, backdrop_path, trailer, anio_estreno, duracion) VALUES (1331344, 'No Voltees', 'Cuando dos hermanos regresan a ver a su madre, se enfrentan por una presencia violenta y ominosa que habita el hogar de su infancia: su padre.', 'https://image.tmdb.org/t/p/original/g3ZeqO6cNvr6cbfUn2FYZ7wAZ6f.jpg', 'https://image.tmdb.org/t/p/original/2qe0Ksqz2qM6IwzG14bILcwyJFz.jpg', '', 2026, 95);
INSERT OR REPLACE INTO Pelicula_Actor (id_pelicula, id_actor, personaje) VALUES (1331344, 1417288, 'Aurora');
INSERT OR REPLACE INTO Pelicula_Actor (id_pelicula, id_actor, personaje) VALUES (1331344, 1428678, 'Martín');
INSERT OR REPLACE INTO Pelicula_Actor (id_pelicula, id_actor, personaje) VALUES (1331344, 1481864, 'Cleotilde');
INSERT OR REPLACE INTO Pelicula_Actor (id_pelicula, id_actor, personaje) VALUES (1331344, 4156713, 'Aurora niña');
INSERT OR IGNORE INTO Pelicula_Categoria (id_pelicula, id_categoria) VALUES (1331344, 4);
-- Fin película: No Voltees --
INSERT OR REPLACE INTO Pelicula (id_pelicula, titulo, descripcion, poster_path, backdrop_path, trailer, anio_estreno, duracion) VALUES (1465655, 'Natchez', '', 'https://image.tmdb.org/t/p/original/yPTXiyIML1vz1nbJsoKGeedn3DX.jpg', 'https://image.tmdb.org/t/p/original/mneFxmt58673hcmzPwmAOjuiaJg.jpg', '', 2026, 86);
INSERT OR IGNORE INTO Pelicula_Categoria (id_pelicula, id_categoria) VALUES (1465655, 4);
-- Fin película: Natchez --
INSERT OR IGNORE INTO Actor (id_actor, nombre, foto_path) VALUES (1657121, 'Ethan Taylor', 'https://image.tmdb.org/t/p/original/fJ0LqegrsjrSMBEAGUnp9mMIpm.jpg');
INSERT OR IGNORE INTO Actor (id_actor, nombre, foto_path) VALUES (1890542, 'Leona Clarke', 'https://image.tmdb.org/t/p/original/dFinXe44XEDiNKYy8I2ashz1PoZ.jpg');
INSERT OR IGNORE INTO Actor (id_actor, nombre, foto_path) VALUES (1438982, 'Simon Davies', 'https://image.tmdb.org/t/p/original/c0q1u7sbHQkbdSPI7huqFXHg3D5.jpg');
INSERT OR IGNORE INTO Actor (id_actor, nombre, foto_path) VALUES (1662821, 'Michaela Longden', 'https://image.tmdb.org/t/p/original/4nzQJ91bK9pUsTNSpBLSJh29eQD.jpg');
INSERT OR IGNORE INTO Actor (id_actor, nombre, foto_path) VALUES (1364365, 'Luke James', 'https://image.tmdb.org/t/p/original/vESm2pgfZ8cg1VE2vGTEfszFYLR.jpg');
INSERT OR REPLACE INTO Pelicula (id_pelicula, titulo, descripcion, poster_path, backdrop_path, trailer, anio_estreno, duracion) VALUES (1443260, 'Rob1n', 'Cuando un experto en robótica canaliza el dolor de perder a su hijo de 11 años en la construcción de ''Robin'', un muñeco robótico completamente funcional, una serie de eventos horribles deja en claro que Robin hará lo que sea necesario para tener a su creador solo para él.', 'https://image.tmdb.org/t/p/original/xhmtOEWNkW1EC7u1N7sPEc8Rxxw.jpg', 'https://image.tmdb.org/t/p/original/2VGfjnT3RpjOKADbwgbmXCFSbH.jpg', '', 2025, 91);
INSERT OR REPLACE INTO Pelicula_Actor (id_pelicula, id_actor, personaje) VALUES (1443260, 1657121, 'Leo');
INSERT OR REPLACE INTO Pelicula_Actor (id_pelicula, id_actor, personaje) VALUES (1443260, 1890542, 'Lexi');
INSERT OR REPLACE INTO Pelicula_Actor (id_pelicula, id_actor, personaje) VALUES (1443260, 1438982, 'Aiden');
INSERT OR REPLACE INTO Pelicula_Actor (id_pelicula, id_actor, personaje) VALUES (1443260, 1662821, 'Freya');
INSERT OR REPLACE INTO Pelicula_Actor (id_pelicula, id_actor, personaje) VALUES (1443260, 1364365, 'Sam');
INSERT OR IGNORE INTO Pelicula_Categoria (id_pelicula, id_categoria) VALUES (1443260, 4);
INSERT OR IGNORE INTO Pelicula_Categoria (id_pelicula, id_categoria) VALUES (1443260, 6);
INSERT OR IGNORE INTO Pelicula_Categoria (id_pelicula, id_categoria) VALUES (1443260, 7);
-- Fin película: Rob1n --
INSERT OR IGNORE INTO Actor (id_actor, nombre, foto_path) VALUES (1893251, 'Vishwak Sen', 'https://image.tmdb.org/t/p/original/ffWsFHwde7M3W2IiIfn01htpALX.jpg');
INSERT OR IGNORE INTO Actor (id_actor, nombre, foto_path) VALUES (2578168, 'Kayadu Lohar', 'https://image.tmdb.org/t/p/original/pHaMPnrfnWvTPZA4IOmZk8BHY0U.jpg');
INSERT OR IGNORE INTO Actor (id_actor, nombre, foto_path) VALUES (736815, 'Naresh', 'https://image.tmdb.org/t/p/original/yT9Sgp7y8h3xhlmgzafUwlIXy1H.jpg');
INSERT OR IGNORE INTO Actor (id_actor, nombre, foto_path) VALUES (1275608, 'ఈశ్వరీ రావు', 'https://image.tmdb.org/t/p/original/fjyvQ45YZcovy2Egj2eux8UiuHU.jpg');
INSERT OR IGNORE INTO Actor (id_actor, nombre, foto_path) VALUES (1999839, 'Muralidhar Goud', 'https://image.tmdb.org/t/p/original/3KldPSnn08WhuwoUR9GhZ9OnsI2.jpg');
INSERT OR REPLACE INTO Pelicula (id_pelicula, titulo, descripcion, poster_path, backdrop_path, trailer, anio_estreno, duracion) VALUES (1403737, 'ఫంకీ', '', 'https://image.tmdb.org/t/p/original/iICU2CBNat7q9tm88SzrUFwR1hA.jpg', 'https://image.tmdb.org/t/p/original/hv1K6dYUg3ddlAQuuyfCIxZnG2K.jpg', '', 2026, 0);
INSERT OR REPLACE INTO Pelicula_Actor (id_pelicula, id_actor, personaje) VALUES (1403737, 1893251, 'Komal');
INSERT OR REPLACE INTO Pelicula_Actor (id_pelicula, id_actor, personaje) VALUES (1403737, 2578168, '');
INSERT OR REPLACE INTO Pelicula_Actor (id_pelicula, id_actor, personaje) VALUES (1403737, 736815, '');
INSERT OR REPLACE INTO Pelicula_Actor (id_pelicula, id_actor, personaje) VALUES (1403737, 1275608, '');
INSERT OR REPLACE INTO Pelicula_Actor (id_pelicula, id_actor, personaje) VALUES (1403737, 1999839, '');
INSERT OR IGNORE INTO Pelicula_Categoria (id_pelicula, id_categoria) VALUES (1403737, 12);
INSERT OR IGNORE INTO Pelicula_Categoria (id_pelicula, id_categoria) VALUES (1403737, 10);
INSERT OR IGNORE INTO Pelicula_Categoria (id_pelicula, id_categoria) VALUES (1403737, 7);
-- Fin película: ఫంకీ --
INSERT OR IGNORE INTO Actor (id_actor, nombre, foto_path) VALUES (5207291, 'Leonie Buysse', 'https://image.tmdb.org/t/p/original/saOpefzgBuuNDh3w5SugzYqZDeS.jpg');
INSERT OR IGNORE INTO Actor (id_actor, nombre, foto_path) VALUES (4061789, 'Gorges Ocloo', 'https://image.tmdb.org/t/p/original/vSkDCmaC20Fva62JaAt455gXHAt.jpg');
INSERT OR IGNORE INTO Actor (id_actor, nombre, foto_path) VALUES (1333330, 'Yoann Blanc', 'https://image.tmdb.org/t/p/original/mBed4TQcWd3xhugRUk1yaVNJNP5.jpg');
INSERT OR IGNORE INTO Actor (id_actor, nombre, foto_path) VALUES (233933, 'Karlijn Sileghem', 'https://image.tmdb.org/t/p/original/mJK0Ee9osiOz1mBBWe2vPxhwO3L.jpg');
INSERT OR IGNORE INTO Actor (id_actor, nombre, foto_path) VALUES (3786166, 'Oscar Louis Högström', 'https://image.tmdb.org/t/p/original/xMTTr1ldKvZ0O5MyjRmPDCxvdV5.jpg');
INSERT OR REPLACE INTO Pelicula (id_pelicula, titulo, descripcion, poster_path, backdrop_path, trailer, anio_estreno, duracion) VALUES (1251517, 'Real Faces', 'Julia es una ambiciosa agente de casting que lucha por construir una nueva vida. Enmascara sus inseguridades tras una fachada de éxito. Entonces conoce al microbiólogo Eliott y forja una auténtica amistad que la inspira a liberarse.', 'https://image.tmdb.org/t/p/original/gg11cZdse6dZdAIrug9WZQCtQs2.jpg', 'https://image.tmdb.org/t/p/original/dNuyaOVO6DYjVlc0Dr06Us5ny07.jpg', '', 2026, 92);
INSERT OR REPLACE INTO Pelicula_Actor (id_pelicula, id_actor, personaje) VALUES (1251517, 5207291, 'Julia');
INSERT OR REPLACE INTO Pelicula_Actor (id_pelicula, id_actor, personaje) VALUES (1251517, 4061789, 'Eliott');
INSERT OR REPLACE INTO Pelicula_Actor (id_pelicula, id_actor, personaje) VALUES (1251517, 1333330, '');
INSERT OR REPLACE INTO Pelicula_Actor (id_pelicula, id_actor, personaje) VALUES (1251517, 233933, '');
INSERT OR REPLACE INTO Pelicula_Actor (id_pelicula, id_actor, personaje) VALUES (1251517, 3786166, '');
INSERT OR IGNORE INTO Pelicula_Categoria (id_pelicula, id_categoria) VALUES (1251517, 7);
-- Fin película: Real Faces --
INSERT OR IGNORE INTO Actor (id_actor, nombre, foto_path) VALUES (4582206, 'Angeline Aril', 'https://image.tmdb.org/t/p/original/o4MCnB8mdXXTYn6AWPKsik29lxs.jpg');
INSERT OR IGNORE INTO Actor (id_actor, nombre, foto_path) VALUES (3937164, 'Audrey Avila', 'https://image.tmdb.org/t/p/original/9xPDiznkS7MZ3KeGt8NIWbFRbWn.jpg');
INSERT OR IGNORE INTO Actor (id_actor, nombre, foto_path) VALUES (5630018, 'Cheena Dizon', 'https://image.tmdb.org/t/p/original/aNZHynNSy2JBvBxsSEys9cXzALV.jpg');
INSERT OR IGNORE INTO Actor (id_actor, nombre, foto_path) VALUES (2876771, 'VR Relosa', 'https://image.tmdb.org/t/p/original/mbsIqmnrrBsAUb0y4ZHfV7zTfMm.jpg');
INSERT OR IGNORE INTO Actor (id_actor, nombre, foto_path) VALUES (3362447, 'Van Allen Ong', 'https://image.tmdb.org/t/p/original/jfR0mocS2oMV3UqDyKwuIVJrwQc.jpg');
INSERT OR REPLACE INTO Pelicula (id_pelicula, titulo, descripcion, poster_path, backdrop_path, trailer, anio_estreno, duracion) VALUES (1549519, 'Sex Trip', '', 'https://image.tmdb.org/t/p/original/sr4sLilBbPx4TfPnX2zzUxlySgu.jpg', 'https://image.tmdb.org/t/p/original/q2UhJtqp4ONeARofhpIHx4S0ElU.jpg', '', 2026, 0);
INSERT OR REPLACE INTO Pelicula_Actor (id_pelicula, id_actor, personaje) VALUES (1549519, 4582206, '');
INSERT OR REPLACE INTO Pelicula_Actor (id_pelicula, id_actor, personaje) VALUES (1549519, 3937164, '');
INSERT OR REPLACE INTO Pelicula_Actor (id_pelicula, id_actor, personaje) VALUES (1549519, 5630018, '');
INSERT OR REPLACE INTO Pelicula_Actor (id_pelicula, id_actor, personaje) VALUES (1549519, 2876771, '');
INSERT OR REPLACE INTO Pelicula_Actor (id_pelicula, id_actor, personaje) VALUES (1549519, 3362447, '');
INSERT OR IGNORE INTO Pelicula_Categoria (id_pelicula, id_categoria) VALUES (1549519, 7);
-- Fin película: Sex Trip --
INSERT OR IGNORE INTO Actor (id_actor, nombre, foto_path) VALUES (38500, 'Bernard-Pierre Donnadieu', 'https://image.tmdb.org/t/p/original/xv53OlQslGjWRJUQck3kNLUrclI.jpg');
INSERT OR IGNORE INTO Actor (id_actor, nombre, foto_path) VALUES (1913732, 'Gene Bervoets', 'https://image.tmdb.org/t/p/original/pPoPK9914Pf3GHyV9Gc9c2RGDPw.jpg');
INSERT OR IGNORE INTO Actor (id_actor, nombre, foto_path) VALUES (55851, 'Johanna ter Steege', 'https://image.tmdb.org/t/p/original/ufMX0nu3F0N25qclKF6UJuDGMGy.jpg');
INSERT OR IGNORE INTO Actor (id_actor, nombre, foto_path) VALUES (55852, 'Gwen Eckhaus', '');
INSERT OR IGNORE INTO Actor (id_actor, nombre, foto_path) VALUES (51948, 'Pierre Forget', 'https://image.tmdb.org/t/p/original/pxUCVqZ9ELoklYIZyhZdlX2l6N9.jpg');
INSERT OR REPLACE INTO Pelicula (id_pelicula, titulo, descripcion, poster_path, backdrop_path, trailer, anio_estreno, duracion) VALUES (8740, 'Desaparecida', 'Rex y Saskia son una pareja de holandeses de vacaciones en Francia. En una gasolinera, Saskia desaparece sin dejar rastro. Rex dedica tres años de su vida a intentar encontrar a su novia sin éxito. Un día empieza a recibir postales de alguien que promete revelarle qué le pasó a Saskia. El supuesto secuestrador, un tipo llamado Raymond Lemorne, es un personaje escalofriante a quien Rex sigue la corriente en su obsesión de conocer la verdad sobre la desaparición de su amada. Y la verdad, quizá, sea más siniestra de lo que él nunca se atrevió a imaginar...', 'https://image.tmdb.org/t/p/original/6pBloz1mwz8S0gYjUao6iUoyCng.jpg', 'https://image.tmdb.org/t/p/original/gcXbxHjkUwLV4HrE2oJcbP7UGTA.jpg', '', 1988, 101);
INSERT OR REPLACE INTO Pelicula_Actor (id_pelicula, id_actor, personaje) VALUES (8740, 38500, 'Raymond Lemorne');
INSERT OR REPLACE INTO Pelicula_Actor (id_pelicula, id_actor, personaje) VALUES (8740, 1913732, 'Rex Hofman');
INSERT OR REPLACE INTO Pelicula_Actor (id_pelicula, id_actor, personaje) VALUES (8740, 55851, 'Saskia Wagter');
INSERT OR REPLACE INTO Pelicula_Actor (id_pelicula, id_actor, personaje) VALUES (8740, 55852, 'Lieneke');
INSERT OR REPLACE INTO Pelicula_Actor (id_pelicula, id_actor, personaje) VALUES (8740, 51948, 'Farmer Laurent');
INSERT OR IGNORE INTO Pelicula_Categoria (id_pelicula, id_categoria) VALUES (8740, 6);
INSERT OR IGNORE INTO Pelicula_Categoria (id_pelicula, id_categoria) VALUES (8740, 1);
-- Fin película: Desaparecida --
INSERT OR IGNORE INTO Actor (id_actor, nombre, foto_path) VALUES (5403423, 'Banin Ahmad Nayef', 'https://image.tmdb.org/t/p/original/pKxHaeLZwekATKr5AnxyTn4UEnJ.jpg');
INSERT OR IGNORE INTO Actor (id_actor, nombre, foto_path) VALUES (5403424, 'Sajad Mohamad Qasem', '');
INSERT OR IGNORE INTO Actor (id_actor, nombre, foto_path) VALUES (5403425, 'Waheed Thabet Khreibat', '');
INSERT OR IGNORE INTO Actor (id_actor, nombre, foto_path) VALUES (5403427, 'Rahim AlHaj', '');
INSERT OR IGNORE INTO Actor (id_actor, nombre, foto_path) VALUES (5689670, 'Muthanna Malaghi', '');
INSERT OR REPLACE INTO Pelicula (id_pelicula, titulo, descripcion, poster_path, backdrop_path, trailer, anio_estreno, duracion) VALUES (1464883, 'La Tarta del Presidente', 'Mientras la gente lucha a diario por sobrevivir bajo las sanciones en el Iraq de Sadam, Lamia, una niña de nueve años, debe usar su ingenio para reunir los ingredientes de la tarta obligatoria para celebrar el cumpleaños del presidente Sadam Husein o atenerse a las consecuencias: la cárcel o la muerte.', 'https://image.tmdb.org/t/p/original/9zfQ8eanWwkFA6S3YhZWle7jp75.jpg', 'https://image.tmdb.org/t/p/original/1WkCbHamijDjv8hiBZztSLE2ujL.jpg', '', 2025, 105);
INSERT OR REPLACE INTO Pelicula_Actor (id_pelicula, id_actor, personaje) VALUES (1464883, 5403423, 'Lamia');
INSERT OR REPLACE INTO Pelicula_Actor (id_pelicula, id_actor, personaje) VALUES (1464883, 5403424, 'Saeed');
INSERT OR REPLACE INTO Pelicula_Actor (id_pelicula, id_actor, personaje) VALUES (1464883, 5403425, 'Bibi');
INSERT OR REPLACE INTO Pelicula_Actor (id_pelicula, id_actor, personaje) VALUES (1464883, 5403427, 'Jasim');
INSERT OR REPLACE INTO Pelicula_Actor (id_pelicula, id_actor, personaje) VALUES (1464883, 5689670, 'Muthanna');
INSERT OR IGNORE INTO Pelicula_Categoria (id_pelicula, id_categoria) VALUES (1464883, 7);
-- Fin película: La Tarta del Presidente --
INSERT OR IGNORE INTO Actor (id_actor, nombre, foto_path) VALUES (2140619, 'Elizabeth Cullen', 'https://image.tmdb.org/t/p/original/1Piix4T41OIpmQzkHONTBx8QWlO.jpg');
INSERT OR IGNORE INTO Actor (id_actor, nombre, foto_path) VALUES (1382755, 'John Harlan Kim', 'https://image.tmdb.org/t/p/original/syCWEzV2zFYdYV6Kk4ebTgjGWFK.jpg');
INSERT OR IGNORE INTO Actor (id_actor, nombre, foto_path) VALUES (2188977, 'Mia Challis', 'https://image.tmdb.org/t/p/original/acNz3DvXxI7VRizZd4m8NAwYEby.jpg');
INSERT OR IGNORE INTO Actor (id_actor, nombre, foto_path) VALUES (217991, 'Genevieve Mooy', 'https://image.tmdb.org/t/p/original/dXfEibGGn3nat4Slue2q5KR3x8e.jpg');
INSERT OR IGNORE INTO Actor (id_actor, nombre, foto_path) VALUES (1734102, 'Robin Goldsworthy', 'https://image.tmdb.org/t/p/original/ntlj2zjfU6WILqihArCQw27fB2L.jpg');
INSERT OR REPLACE INTO Pelicula (id_pelicula, titulo, descripcion, poster_path, backdrop_path, trailer, anio_estreno, duracion) VALUES (1375831, 'Diabolic', '', 'https://image.tmdb.org/t/p/original/4Ep7jV6IlLfCnWe6LCBs7n0n3Q9.jpg', 'https://image.tmdb.org/t/p/original/omSopalzrF7ro6VbWcOE5jqrvfm.jpg', '', 2025, 95);
INSERT OR REPLACE INTO Pelicula_Actor (id_pelicula, id_actor, personaje) VALUES (1375831, 2140619, 'Elise');
INSERT OR REPLACE INTO Pelicula_Actor (id_pelicula, id_actor, personaje) VALUES (1375831, 1382755, 'Adam');
INSERT OR REPLACE INTO Pelicula_Actor (id_pelicula, id_actor, personaje) VALUES (1375831, 2188977, 'Gwen');
INSERT OR REPLACE INTO Pelicula_Actor (id_pelicula, id_actor, personaje) VALUES (1375831, 217991, 'Alma');
INSERT OR REPLACE INTO Pelicula_Actor (id_pelicula, id_actor, personaje) VALUES (1375831, 1734102, 'Hyrum');
INSERT OR IGNORE INTO Pelicula_Categoria (id_pelicula, id_categoria) VALUES (1375831, 4);
-- Fin película: Diabolic --
INSERT OR IGNORE INTO Actor (id_actor, nombre, foto_path) VALUES (11701, 'Angelina Jolie', 'https://image.tmdb.org/t/p/original/nXA9vMvskmIDB5NqHCkTQPmemep.jpg');
INSERT OR IGNORE INTO Actor (id_actor, nombre, foto_path) VALUES (1438688, 'Ella Rumpf', 'https://image.tmdb.org/t/p/original/4igT9ZxHs26m6ttyMcZH50NrWgd.jpg');
INSERT OR IGNORE INTO Actor (id_actor, nombre, foto_path) VALUES (5074766, 'Anyier Anei', 'https://image.tmdb.org/t/p/original/3jjM2S7X13ONA4s45nr2o4HkDZE.jpg');
INSERT OR IGNORE INTO Actor (id_actor, nombre, foto_path) VALUES (16269, 'Louis Garrel', 'https://image.tmdb.org/t/p/original/vSRX8QMTrFZ9tSDKpZ9UO4yooqK.jpg');
INSERT OR IGNORE INTO Actor (id_actor, nombre, foto_path) VALUES (1144473, 'Garance Marillier', 'https://image.tmdb.org/t/p/original/gPIOhXZDUYE8wDbL5s12H7i6uzK.jpg');
INSERT OR REPLACE INTO Pelicula (id_pelicula, titulo, descripcion, poster_path, backdrop_path, trailer, anio_estreno, duracion) VALUES (1390382, 'Coutures', '', 'https://image.tmdb.org/t/p/original/zN2hnZzj3DjJH2CzB76kDo1zYFu.jpg', 'https://image.tmdb.org/t/p/original/7MtfQcyAYD8xUtnr2kei9phnt8M.jpg', '', 2026, 106);
INSERT OR REPLACE INTO Pelicula_Actor (id_pelicula, id_actor, personaje) VALUES (1390382, 11701, 'Maxine Walker');
INSERT OR REPLACE INTO Pelicula_Actor (id_pelicula, id_actor, personaje) VALUES (1390382, 1438688, 'Angèle');
INSERT OR REPLACE INTO Pelicula_Actor (id_pelicula, id_actor, personaje) VALUES (1390382, 5074766, 'Ada');
INSERT OR REPLACE INTO Pelicula_Actor (id_pelicula, id_actor, personaje) VALUES (1390382, 16269, '');
INSERT OR REPLACE INTO Pelicula_Actor (id_pelicula, id_actor, personaje) VALUES (1390382, 1144473, '');
INSERT OR IGNORE INTO Pelicula_Categoria (id_pelicula, id_categoria) VALUES (1390382, 7);
-- Fin película: Coutures --
INSERT OR IGNORE INTO Actor (id_actor, nombre, foto_path) VALUES (35515, 'June Squibb', 'https://image.tmdb.org/t/p/original/a7vkoLhc8JGkdvDbHvpgKKHUPHH.jpg');
INSERT OR IGNORE INTO Actor (id_actor, nombre, foto_path) VALUES (1672504, 'Erin Kellyman', 'https://image.tmdb.org/t/p/original/f7XXomAaSRxE3h5NT0sAlcQTjPL.jpg');
INSERT OR IGNORE INTO Actor (id_actor, nombre, foto_path) VALUES (5294, 'Chiwetel Ejiofor', 'https://image.tmdb.org/t/p/original/kq5DDnqqofoRI0t6ddtRlsJnNPT.jpg');
INSERT OR IGNORE INTO Actor (id_actor, nombre, foto_path) VALUES (14984, 'Jessica Hecht', 'https://image.tmdb.org/t/p/original/5JVd1ZLnhdZVFInDy8Zut9M1M5C.jpg');
INSERT OR IGNORE INTO Actor (id_actor, nombre, foto_path) VALUES (41741, 'Rita Zohar', 'https://image.tmdb.org/t/p/original/7lLXJOJqQUi2czY5nsf7YmR2XpX.jpg');
INSERT OR REPLACE INTO Pelicula (id_pelicula, titulo, descripcion, poster_path, backdrop_path, trailer, anio_estreno, duracion) VALUES (1212271, 'Eleanor the Great', 'Eleanor Morgenstein, una mujer de 90 años que ha vivido en Florida durante décadas, intentará reconstruir su vida después del fallecimiento de su amiga, lo que la llevará de vuelta a Nueva York. Deseosa de relacionarse, se hace amiga de una estudiante de 19 años.', 'https://image.tmdb.org/t/p/original/9XTM42IJST6lwPxtK2iUwNaFvCT.jpg', 'https://image.tmdb.org/t/p/original/Adg0gp8kGKXUSe8emJByRbvweGk.jpg', '', 2025, 98);
INSERT OR REPLACE INTO Pelicula_Actor (id_pelicula, id_actor, personaje) VALUES (1212271, 35515, 'Eleanor Morgenstein');
INSERT OR REPLACE INTO Pelicula_Actor (id_pelicula, id_actor, personaje) VALUES (1212271, 1672504, 'Nina');
INSERT OR REPLACE INTO Pelicula_Actor (id_pelicula, id_actor, personaje) VALUES (1212271, 5294, 'Roger');
INSERT OR REPLACE INTO Pelicula_Actor (id_pelicula, id_actor, personaje) VALUES (1212271, 14984, 'Lisa');
INSERT OR REPLACE INTO Pelicula_Actor (id_pelicula, id_actor, personaje) VALUES (1212271, 41741, 'Bessie');
INSERT OR IGNORE INTO Pelicula_Categoria (id_pelicula, id_categoria) VALUES (1212271, 7);
-- Fin película: Eleanor the Great --
INSERT OR REPLACE INTO Pelicula (id_pelicula, titulo, descripcion, poster_path, backdrop_path, trailer, anio_estreno, duracion) VALUES (1438390, 'Martin', '', '', '', '', 2026, 56);
-- Fin película: Martin --
